,model,score,task,category,question_id
0,gemma-3-12b-it,100.0,AMPS_Hard,math,0036922c19213c53a71203a1c4f9b42892eaf0a545e85899771a98142732d7bc
1,gemma-3-1b-it,0.0,AMPS_Hard,math,0036922c19213c53a71203a1c4f9b42892eaf0a545e85899771a98142732d7bc
2,gemma-3-4b-it,100.0,AMPS_Hard,math,0036922c19213c53a71203a1c4f9b42892eaf0a545e85899771a98142732d7bc
3,llama-3.1-70b-instruct,0.0,AMPS_Hard,math,0036922c19213c53a71203a1c4f9b42892eaf0a545e85899771a98142732d7bc
4,llama-3.1-8b-instruct,0.0,AMPS_Hard,math,0036922c19213c53a71203a1c4f9b42892eaf0a545e85899771a98142732d7bc
5,llama-3.2-1b-instruct,0.0,AMPS_Hard,math,0036922c19213c53a71203a1c4f9b42892eaf0a545e85899771a98142732d7bc
6,llama-3.2-3b-instruct,0.0,AMPS_Hard,math,0036922c19213c53a71203a1c4f9b42892eaf0a545e85899771a98142732d7bc
7,mistral-24b,0.0,AMPS_Hard,math,0036922c19213c53a71203a1c4f9b42892eaf0a545e85899771a98142732d7bc
8,mistral-7b,0.0,AMPS_Hard,math,0036922c19213c53a71203a1c4f9b42892eaf0a545e85899771a98142732d7bc
9,qwen-2.5-3b-instruct,0.0,AMPS_Hard,math,0036922c19213c53a71203a1c4f9b42892eaf0a545e85899771a98142732d7bc
10,qwen-32b,100.0,AMPS_Hard,math,0036922c19213c53a71203a1c4f9b42892eaf0a545e85899771a98142732d7bc
11,gemma-3-12b-it,0.0,AMPS_Hard,math,059c609b46f7c681782c32d9a97514b357d3f468ab9cdffab45631e18aac9059
12,gemma-3-1b-it,0.0,AMPS_Hard,math,059c609b46f7c681782c32d9a97514b357d3f468ab9cdffab45631e18aac9059
13,gemma-3-4b-it,0.0,AMPS_Hard,math,059c609b46f7c681782c32d9a97514b357d3f468ab9cdffab45631e18aac9059
14,llama-3.1-70b-instruct,0.0,AMPS_Hard,math,059c609b46f7c681782c32d9a97514b357d3f468ab9cdffab45631e18aac9059
15,llama-3.1-8b-instruct,0.0,AMPS_Hard,math,059c609b46f7c681782c32d9a97514b357d3f468ab9cdffab45631e18aac9059
16,llama-3.2-1b-instruct,0.0,AMPS_Hard,math,059c609b46f7c681782c32d9a97514b357d3f468ab9cdffab45631e18aac9059
17,llama-3.2-3b-instruct,0.0,AMPS_Hard,math,059c609b46f7c681782c32d9a97514b357d3f468ab9cdffab45631e18aac9059
18,mistral-24b,0.0,AMPS_Hard,math,059c609b46f7c681782c32d9a97514b357d3f468ab9cdffab45631e18aac9059
19,mistral-7b,0.0,AMPS_Hard,math,059c609b46f7c681782c32d9a97514b357d3f468ab9cdffab45631e18aac9059
20,qwen-2.5-3b-instruct,0.0,AMPS_Hard,math,059c609b46f7c681782c32d9a97514b357d3f468ab9cdffab45631e18aac9059
21,qwen-32b,0.0,AMPS_Hard,math,059c609b46f7c681782c32d9a97514b357d3f468ab9cdffab45631e18aac9059
22,gemma-3-12b-it,100.0,AMPS_Hard,math,05db4067b068c41f0b33744b96818a21b35eacdbd3ea11d3bbc77fa36aa93b6f
23,gemma-3-1b-it,0.0,AMPS_Hard,math,05db4067b068c41f0b33744b96818a21b35eacdbd3ea11d3bbc77fa36aa93b6f
24,gemma-3-4b-it,0.0,AMPS_Hard,math,05db4067b068c41f0b33744b96818a21b35eacdbd3ea11d3bbc77fa36aa93b6f
25,llama-3.1-70b-instruct,0.0,AMPS_Hard,math,05db4067b068c41f0b33744b96818a21b35eacdbd3ea11d3bbc77fa36aa93b6f
26,llama-3.1-8b-instruct,0.0,AMPS_Hard,math,05db4067b068c41f0b33744b96818a21b35eacdbd3ea11d3bbc77fa36aa93b6f
27,llama-3.2-1b-instruct,0.0,AMPS_Hard,math,05db4067b068c41f0b33744b96818a21b35eacdbd3ea11d3bbc77fa36aa93b6f
28,llama-3.2-3b-instruct,0.0,AMPS_Hard,math,05db4067b068c41f0b33744b96818a21b35eacdbd3ea11d3bbc77fa36aa93b6f
29,mistral-24b,0.0,AMPS_Hard,math,05db4067b068c41f0b33744b96818a21b35eacdbd3ea11d3bbc77fa36aa93b6f
30,mistral-7b,0.0,AMPS_Hard,math,05db4067b068c41f0b33744b96818a21b35eacdbd3ea11d3bbc77fa36aa93b6f
31,qwen-2.5-3b-instruct,0.0,AMPS_Hard,math,05db4067b068c41f0b33744b96818a21b35eacdbd3ea11d3bbc77fa36aa93b6f
32,qwen-32b,100.0,AMPS_Hard,math,05db4067b068c41f0b33744b96818a21b35eacdbd3ea11d3bbc77fa36aa93b6f
33,gemma-3-12b-it,100.0,AMPS_Hard,math,080b4d03294a1de52d81d69ceeb61a54cb510da3eab70a73721faf32e0406ff3
34,gemma-3-1b-it,0.0,AMPS_Hard,math,080b4d03294a1de52d81d69ceeb61a54cb510da3eab70a73721faf32e0406ff3
35,gemma-3-4b-it,0.0,AMPS_Hard,math,080b4d03294a1de52d81d69ceeb61a54cb510da3eab70a73721faf32e0406ff3
36,llama-3.1-70b-instruct,0.0,AMPS_Hard,math,080b4d03294a1de52d81d69ceeb61a54cb510da3eab70a73721faf32e0406ff3
37,llama-3.1-8b-instruct,0.0,AMPS_Hard,math,080b4d03294a1de52d81d69ceeb61a54cb510da3eab70a73721faf32e0406ff3
38,llama-3.2-1b-instruct,0.0,AMPS_Hard,math,080b4d03294a1de52d81d69ceeb61a54cb510da3eab70a73721faf32e0406ff3
39,llama-3.2-3b-instruct,0.0,AMPS_Hard,math,080b4d03294a1de52d81d69ceeb61a54cb510da3eab70a73721faf32e0406ff3
40,mistral-24b,0.0,AMPS_Hard,math,080b4d03294a1de52d81d69ceeb61a54cb510da3eab70a73721faf32e0406ff3
41,mistral-7b,0.0,AMPS_Hard,math,080b4d03294a1de52d81d69ceeb61a54cb510da3eab70a73721faf32e0406ff3
42,qwen-2.5-3b-instruct,0.0,AMPS_Hard,math,080b4d03294a1de52d81d69ceeb61a54cb510da3eab70a73721faf32e0406ff3
43,qwen-32b,0.0,AMPS_Hard,math,080b4d03294a1de52d81d69ceeb61a54cb510da3eab70a73721faf32e0406ff3
44,gemma-3-12b-it,0.0,AMPS_Hard,math,0850642fb0e65819176317438122e4ae23fee2ed44f3758ce653cdb944b947c3
45,gemma-3-1b-it,0.0,AMPS_Hard,math,0850642fb0e65819176317438122e4ae23fee2ed44f3758ce653cdb944b947c3
46,gemma-3-4b-it,0.0,AMPS_Hard,math,0850642fb0e65819176317438122e4ae23fee2ed44f3758ce653cdb944b947c3
47,llama-3.1-70b-instruct,0.0,AMPS_Hard,math,0850642fb0e65819176317438122e4ae23fee2ed44f3758ce653cdb944b947c3
48,llama-3.1-8b-instruct,0.0,AMPS_Hard,math,0850642fb0e65819176317438122e4ae23fee2ed44f3758ce653cdb944b947c3
49,llama-3.2-1b-instruct,0.0,AMPS_Hard,math,0850642fb0e65819176317438122e4ae23fee2ed44f3758ce653cdb944b947c3
50,llama-3.2-3b-instruct,0.0,AMPS_Hard,math,0850642fb0e65819176317438122e4ae23fee2ed44f3758ce653cdb944b947c3
51,mistral-24b,0.0,AMPS_Hard,math,0850642fb0e65819176317438122e4ae23fee2ed44f3758ce653cdb944b947c3
52,mistral-7b,0.0,AMPS_Hard,math,0850642fb0e65819176317438122e4ae23fee2ed44f3758ce653cdb944b947c3
53,qwen-2.5-3b-instruct,0.0,AMPS_Hard,math,0850642fb0e65819176317438122e4ae23fee2ed44f3758ce653cdb944b947c3
54,qwen-32b,0.0,AMPS_Hard,math,0850642fb0e65819176317438122e4ae23fee2ed44f3758ce653cdb944b947c3
55,gemma-3-12b-it,100.0,AMPS_Hard,math,08c98c31097ac2d060c40d72045738c275e9feaab86974666e87557c1b86fb30
56,gemma-3-1b-it,0.0,AMPS_Hard,math,08c98c31097ac2d060c40d72045738c275e9feaab86974666e87557c1b86fb30
57,gemma-3-4b-it,0.0,AMPS_Hard,math,08c98c31097ac2d060c40d72045738c275e9feaab86974666e87557c1b86fb30
58,llama-3.1-70b-instruct,0.0,AMPS_Hard,math,08c98c31097ac2d060c40d72045738c275e9feaab86974666e87557c1b86fb30
59,llama-3.1-8b-instruct,0.0,AMPS_Hard,math,08c98c31097ac2d060c40d72045738c275e9feaab86974666e87557c1b86fb30
60,llama-3.2-1b-instruct,0.0,AMPS_Hard,math,08c98c31097ac2d060c40d72045738c275e9feaab86974666e87557c1b86fb30
61,llama-3.2-3b-instruct,0.0,AMPS_Hard,math,08c98c31097ac2d060c40d72045738c275e9feaab86974666e87557c1b86fb30
62,mistral-24b,0.0,AMPS_Hard,math,08c98c31097ac2d060c40d72045738c275e9feaab86974666e87557c1b86fb30
63,mistral-7b,0.0,AMPS_Hard,math,08c98c31097ac2d060c40d72045738c275e9feaab86974666e87557c1b86fb30
64,qwen-2.5-3b-instruct,0.0,AMPS_Hard,math,08c98c31097ac2d060c40d72045738c275e9feaab86974666e87557c1b86fb30
65,qwen-32b,0.0,AMPS_Hard,math,08c98c31097ac2d060c40d72045738c275e9feaab86974666e87557c1b86fb30
66,gemma-3-12b-it,100.0,AMPS_Hard,math,09dc173d887e37c39cef2242d0da8491e0c566db012ff8af6ec5443924a03f8e
67,gemma-3-1b-it,0.0,AMPS_Hard,math,09dc173d887e37c39cef2242d0da8491e0c566db012ff8af6ec5443924a03f8e
68,gemma-3-4b-it,100.0,AMPS_Hard,math,09dc173d887e37c39cef2242d0da8491e0c566db012ff8af6ec5443924a03f8e
69,llama-3.1-70b-instruct,0.0,AMPS_Hard,math,09dc173d887e37c39cef2242d0da8491e0c566db012ff8af6ec5443924a03f8e
70,llama-3.1-8b-instruct,0.0,AMPS_Hard,math,09dc173d887e37c39cef2242d0da8491e0c566db012ff8af6ec5443924a03f8e
71,llama-3.2-1b-instruct,0.0,AMPS_Hard,math,09dc173d887e37c39cef2242d0da8491e0c566db012ff8af6ec5443924a03f8e
72,llama-3.2-3b-instruct,0.0,AMPS_Hard,math,09dc173d887e37c39cef2242d0da8491e0c566db012ff8af6ec5443924a03f8e
73,mistral-24b,0.0,AMPS_Hard,math,09dc173d887e37c39cef2242d0da8491e0c566db012ff8af6ec5443924a03f8e
74,mistral-7b,0.0,AMPS_Hard,math,09dc173d887e37c39cef2242d0da8491e0c566db012ff8af6ec5443924a03f8e
75,qwen-2.5-3b-instruct,0.0,AMPS_Hard,math,09dc173d887e37c39cef2242d0da8491e0c566db012ff8af6ec5443924a03f8e
76,qwen-32b,100.0,AMPS_Hard,math,09dc173d887e37c39cef2242d0da8491e0c566db012ff8af6ec5443924a03f8e
77,gemma-3-12b-it,0.0,AMPS_Hard,math,0a3e062e9ac1b71fa3e72e0ebbcbbe15ba5a998827697b2ac9663753ae931aac
78,gemma-3-1b-it,0.0,AMPS_Hard,math,0a3e062e9ac1b71fa3e72e0ebbcbbe15ba5a998827697b2ac9663753ae931aac
79,gemma-3-4b-it,100.0,AMPS_Hard,math,0a3e062e9ac1b71fa3e72e0ebbcbbe15ba5a998827697b2ac9663753ae931aac
80,llama-3.1-70b-instruct,0.0,AMPS_Hard,math,0a3e062e9ac1b71fa3e72e0ebbcbbe15ba5a998827697b2ac9663753ae931aac
81,llama-3.1-8b-instruct,0.0,AMPS_Hard,math,0a3e062e9ac1b71fa3e72e0ebbcbbe15ba5a998827697b2ac9663753ae931aac
82,llama-3.2-1b-instruct,0.0,AMPS_Hard,math,0a3e062e9ac1b71fa3e72e0ebbcbbe15ba5a998827697b2ac9663753ae931aac
83,llama-3.2-3b-instruct,0.0,AMPS_Hard,math,0a3e062e9ac1b71fa3e72e0ebbcbbe15ba5a998827697b2ac9663753ae931aac
84,mistral-24b,0.0,AMPS_Hard,math,0a3e062e9ac1b71fa3e72e0ebbcbbe15ba5a998827697b2ac9663753ae931aac
85,mistral-7b,0.0,AMPS_Hard,math,0a3e062e9ac1b71fa3e72e0ebbcbbe15ba5a998827697b2ac9663753ae931aac
86,qwen-2.5-3b-instruct,100.0,AMPS_Hard,math,0a3e062e9ac1b71fa3e72e0ebbcbbe15ba5a998827697b2ac9663753ae931aac
87,qwen-32b,100.0,AMPS_Hard,math,0a3e062e9ac1b71fa3e72e0ebbcbbe15ba5a998827697b2ac9663753ae931aac
88,gemma-3-12b-it,100.0,AMPS_Hard,math,0eda6ea2c51124fa08ba73dd0ca455efc1cd3be03e7a374d0a5f03982ef6c47b
89,gemma-3-1b-it,0.0,AMPS_Hard,math,0eda6ea2c51124fa08ba73dd0ca455efc1cd3be03e7a374d0a5f03982ef6c47b
90,gemma-3-4b-it,100.0,AMPS_Hard,math,0eda6ea2c51124fa08ba73dd0ca455efc1cd3be03e7a374d0a5f03982ef6c47b
91,llama-3.1-70b-instruct,100.0,AMPS_Hard,math,0eda6ea2c51124fa08ba73dd0ca455efc1cd3be03e7a374d0a5f03982ef6c47b
92,llama-3.1-8b-instruct,100.0,AMPS_Hard,math,0eda6ea2c51124fa08ba73dd0ca455efc1cd3be03e7a374d0a5f03982ef6c47b
93,llama-3.2-1b-instruct,100.0,AMPS_Hard,math,0eda6ea2c51124fa08ba73dd0ca455efc1cd3be03e7a374d0a5f03982ef6c47b
94,llama-3.2-3b-instruct,0.0,AMPS_Hard,math,0eda6ea2c51124fa08ba73dd0ca455efc1cd3be03e7a374d0a5f03982ef6c47b
95,mistral-24b,100.0,AMPS_Hard,math,0eda6ea2c51124fa08ba73dd0ca455efc1cd3be03e7a374d0a5f03982ef6c47b
96,mistral-7b,100.0,AMPS_Hard,math,0eda6ea2c51124fa08ba73dd0ca455efc1cd3be03e7a374d0a5f03982ef6c47b
97,qwen-2.5-3b-instruct,100.0,AMPS_Hard,math,0eda6ea2c51124fa08ba73dd0ca455efc1cd3be03e7a374d0a5f03982ef6c47b
98,qwen-32b,100.0,AMPS_Hard,math,0eda6ea2c51124fa08ba73dd0ca455efc1cd3be03e7a374d0a5f03982ef6c47b
99,gemma-3-12b-it,0.0,AMPS_Hard,math,141446ec0e41f16e627c8e9ec237758d981866c0c39f89cbe41903d9dd1aadac
100,gemma-3-1b-it,0.0,AMPS_Hard,math,141446ec0e41f16e627c8e9ec237758d981866c0c39f89cbe41903d9dd1aadac
101,gemma-3-4b-it,0.0,AMPS_Hard,math,141446ec0e41f16e627c8e9ec237758d981866c0c39f89cbe41903d9dd1aadac
102,llama-3.1-70b-instruct,0.0,AMPS_Hard,math,141446ec0e41f16e627c8e9ec237758d981866c0c39f89cbe41903d9dd1aadac
103,llama-3.1-8b-instruct,0.0,AMPS_Hard,math,141446ec0e41f16e627c8e9ec237758d981866c0c39f89cbe41903d9dd1aadac
104,llama-3.2-1b-instruct,0.0,AMPS_Hard,math,141446ec0e41f16e627c8e9ec237758d981866c0c39f89cbe41903d9dd1aadac
105,llama-3.2-3b-instruct,0.0,AMPS_Hard,math,141446ec0e41f16e627c8e9ec237758d981866c0c39f89cbe41903d9dd1aadac
106,mistral-24b,0.0,AMPS_Hard,math,141446ec0e41f16e627c8e9ec237758d981866c0c39f89cbe41903d9dd1aadac
107,mistral-7b,0.0,AMPS_Hard,math,141446ec0e41f16e627c8e9ec237758d981866c0c39f89cbe41903d9dd1aadac
108,qwen-2.5-3b-instruct,0.0,AMPS_Hard,math,141446ec0e41f16e627c8e9ec237758d981866c0c39f89cbe41903d9dd1aadac
109,qwen-32b,0.0,AMPS_Hard,math,141446ec0e41f16e627c8e9ec237758d981866c0c39f89cbe41903d9dd1aadac
110,gemma-3-12b-it,0.0,AMPS_Hard,math,16e7a9bacba52188ecc9251cfe08ada7754088e00d8b9c099626ed84e41b3cda
111,gemma-3-1b-it,0.0,AMPS_Hard,math,16e7a9bacba52188ecc9251cfe08ada7754088e00d8b9c099626ed84e41b3cda
112,gemma-3-4b-it,0.0,AMPS_Hard,math,16e7a9bacba52188ecc9251cfe08ada7754088e00d8b9c099626ed84e41b3cda
113,llama-3.1-70b-instruct,0.0,AMPS_Hard,math,16e7a9bacba52188ecc9251cfe08ada7754088e00d8b9c099626ed84e41b3cda
114,llama-3.1-8b-instruct,0.0,AMPS_Hard,math,16e7a9bacba52188ecc9251cfe08ada7754088e00d8b9c099626ed84e41b3cda
115,llama-3.2-1b-instruct,0.0,AMPS_Hard,math,16e7a9bacba52188ecc9251cfe08ada7754088e00d8b9c099626ed84e41b3cda
116,llama-3.2-3b-instruct,0.0,AMPS_Hard,math,16e7a9bacba52188ecc9251cfe08ada7754088e00d8b9c099626ed84e41b3cda
117,mistral-24b,0.0,AMPS_Hard,math,16e7a9bacba52188ecc9251cfe08ada7754088e00d8b9c099626ed84e41b3cda
118,mistral-7b,0.0,AMPS_Hard,math,16e7a9bacba52188ecc9251cfe08ada7754088e00d8b9c099626ed84e41b3cda
119,qwen-2.5-3b-instruct,0.0,AMPS_Hard,math,16e7a9bacba52188ecc9251cfe08ada7754088e00d8b9c099626ed84e41b3cda
120,qwen-32b,0.0,AMPS_Hard,math,16e7a9bacba52188ecc9251cfe08ada7754088e00d8b9c099626ed84e41b3cda
121,gemma-3-12b-it,100.0,AMPS_Hard,math,16fc1a491a2f9711a014f639c65a78c4cb5c7a568da179d4ccbccfb1fcfc2d24
122,gemma-3-1b-it,100.0,AMPS_Hard,math,16fc1a491a2f9711a014f639c65a78c4cb5c7a568da179d4ccbccfb1fcfc2d24
123,gemma-3-4b-it,100.0,AMPS_Hard,math,16fc1a491a2f9711a014f639c65a78c4cb5c7a568da179d4ccbccfb1fcfc2d24
124,llama-3.1-70b-instruct,100.0,AMPS_Hard,math,16fc1a491a2f9711a014f639c65a78c4cb5c7a568da179d4ccbccfb1fcfc2d24
125,llama-3.1-8b-instruct,100.0,AMPS_Hard,math,16fc1a491a2f9711a014f639c65a78c4cb5c7a568da179d4ccbccfb1fcfc2d24
126,llama-3.2-1b-instruct,0.0,AMPS_Hard,math,16fc1a491a2f9711a014f639c65a78c4cb5c7a568da179d4ccbccfb1fcfc2d24
127,llama-3.2-3b-instruct,100.0,AMPS_Hard,math,16fc1a491a2f9711a014f639c65a78c4cb5c7a568da179d4ccbccfb1fcfc2d24
128,mistral-24b,100.0,AMPS_Hard,math,16fc1a491a2f9711a014f639c65a78c4cb5c7a568da179d4ccbccfb1fcfc2d24
129,mistral-7b,100.0,AMPS_Hard,math,16fc1a491a2f9711a014f639c65a78c4cb5c7a568da179d4ccbccfb1fcfc2d24
130,qwen-2.5-3b-instruct,100.0,AMPS_Hard,math,16fc1a491a2f9711a014f639c65a78c4cb5c7a568da179d4ccbccfb1fcfc2d24
131,qwen-32b,100.0,AMPS_Hard,math,16fc1a491a2f9711a014f639c65a78c4cb5c7a568da179d4ccbccfb1fcfc2d24
132,gemma-3-12b-it,0.0,AMPS_Hard,math,172a3ebc82eb26ef5ab3602c34d632265b608c43ae971768486b66f2c79cbf13
133,gemma-3-1b-it,0.0,AMPS_Hard,math,172a3ebc82eb26ef5ab3602c34d632265b608c43ae971768486b66f2c79cbf13
134,gemma-3-4b-it,0.0,AMPS_Hard,math,172a3ebc82eb26ef5ab3602c34d632265b608c43ae971768486b66f2c79cbf13
135,llama-3.1-70b-instruct,0.0,AMPS_Hard,math,172a3ebc82eb26ef5ab3602c34d632265b608c43ae971768486b66f2c79cbf13
136,llama-3.1-8b-instruct,0.0,AMPS_Hard,math,172a3ebc82eb26ef5ab3602c34d632265b608c43ae971768486b66f2c79cbf13
137,llama-3.2-1b-instruct,0.0,AMPS_Hard,math,172a3ebc82eb26ef5ab3602c34d632265b608c43ae971768486b66f2c79cbf13
138,llama-3.2-3b-instruct,0.0,AMPS_Hard,math,172a3ebc82eb26ef5ab3602c34d632265b608c43ae971768486b66f2c79cbf13
139,mistral-24b,0.0,AMPS_Hard,math,172a3ebc82eb26ef5ab3602c34d632265b608c43ae971768486b66f2c79cbf13
140,mistral-7b,0.0,AMPS_Hard,math,172a3ebc82eb26ef5ab3602c34d632265b608c43ae971768486b66f2c79cbf13
141,qwen-2.5-3b-instruct,0.0,AMPS_Hard,math,172a3ebc82eb26ef5ab3602c34d632265b608c43ae971768486b66f2c79cbf13
142,qwen-32b,0.0,AMPS_Hard,math,172a3ebc82eb26ef5ab3602c34d632265b608c43ae971768486b66f2c79cbf13
143,gemma-3-12b-it,0.0,AMPS_Hard,math,1ce71e5cf0fa5fd2055d0a786be91fc4a6edccb4f9114ea29ff90563a35dd2dc
144,gemma-3-1b-it,0.0,AMPS_Hard,math,1ce71e5cf0fa5fd2055d0a786be91fc4a6edccb4f9114ea29ff90563a35dd2dc
145,gemma-3-4b-it,0.0,AMPS_Hard,math,1ce71e5cf0fa5fd2055d0a786be91fc4a6edccb4f9114ea29ff90563a35dd2dc
146,llama-3.1-70b-instruct,0.0,AMPS_Hard,math,1ce71e5cf0fa5fd2055d0a786be91fc4a6edccb4f9114ea29ff90563a35dd2dc
147,llama-3.1-8b-instruct,0.0,AMPS_Hard,math,1ce71e5cf0fa5fd2055d0a786be91fc4a6edccb4f9114ea29ff90563a35dd2dc
148,llama-3.2-1b-instruct,0.0,AMPS_Hard,math,1ce71e5cf0fa5fd2055d0a786be91fc4a6edccb4f9114ea29ff90563a35dd2dc
149,llama-3.2-3b-instruct,0.0,AMPS_Hard,math,1ce71e5cf0fa5fd2055d0a786be91fc4a6edccb4f9114ea29ff90563a35dd2dc
150,mistral-24b,0.0,AMPS_Hard,math,1ce71e5cf0fa5fd2055d0a786be91fc4a6edccb4f9114ea29ff90563a35dd2dc
151,mistral-7b,0.0,AMPS_Hard,math,1ce71e5cf0fa5fd2055d0a786be91fc4a6edccb4f9114ea29ff90563a35dd2dc
152,qwen-2.5-3b-instruct,0.0,AMPS_Hard,math,1ce71e5cf0fa5fd2055d0a786be91fc4a6edccb4f9114ea29ff90563a35dd2dc
153,qwen-32b,0.0,AMPS_Hard,math,1ce71e5cf0fa5fd2055d0a786be91fc4a6edccb4f9114ea29ff90563a35dd2dc
154,gemma-3-12b-it,100.0,AMPS_Hard,math,1f7c4e8e641d24e76abfa03615726236aada72f878a08014c9fa4f4cc3142cd9
155,gemma-3-1b-it,0.0,AMPS_Hard,math,1f7c4e8e641d24e76abfa03615726236aada72f878a08014c9fa4f4cc3142cd9
156,gemma-3-4b-it,100.0,AMPS_Hard,math,1f7c4e8e641d24e76abfa03615726236aada72f878a08014c9fa4f4cc3142cd9
157,llama-3.1-70b-instruct,100.0,AMPS_Hard,math,1f7c4e8e641d24e76abfa03615726236aada72f878a08014c9fa4f4cc3142cd9
158,llama-3.1-8b-instruct,0.0,AMPS_Hard,math,1f7c4e8e641d24e76abfa03615726236aada72f878a08014c9fa4f4cc3142cd9
159,llama-3.2-1b-instruct,0.0,AMPS_Hard,math,1f7c4e8e641d24e76abfa03615726236aada72f878a08014c9fa4f4cc3142cd9
160,llama-3.2-3b-instruct,0.0,AMPS_Hard,math,1f7c4e8e641d24e76abfa03615726236aada72f878a08014c9fa4f4cc3142cd9
161,mistral-24b,0.0,AMPS_Hard,math,1f7c4e8e641d24e76abfa03615726236aada72f878a08014c9fa4f4cc3142cd9
162,mistral-7b,0.0,AMPS_Hard,math,1f7c4e8e641d24e76abfa03615726236aada72f878a08014c9fa4f4cc3142cd9
163,qwen-2.5-3b-instruct,0.0,AMPS_Hard,math,1f7c4e8e641d24e76abfa03615726236aada72f878a08014c9fa4f4cc3142cd9
164,qwen-32b,0.0,AMPS_Hard,math,1f7c4e8e641d24e76abfa03615726236aada72f878a08014c9fa4f4cc3142cd9
165,gemma-3-12b-it,0.0,AMPS_Hard,math,22a38bfb413b5947af60a90709f4612bd09fc3701d4051e0fcc8fb004efa642d
166,gemma-3-1b-it,0.0,AMPS_Hard,math,22a38bfb413b5947af60a90709f4612bd09fc3701d4051e0fcc8fb004efa642d
167,gemma-3-4b-it,0.0,AMPS_Hard,math,22a38bfb413b5947af60a90709f4612bd09fc3701d4051e0fcc8fb004efa642d
168,llama-3.1-70b-instruct,0.0,AMPS_Hard,math,22a38bfb413b5947af60a90709f4612bd09fc3701d4051e0fcc8fb004efa642d
169,llama-3.1-8b-instruct,0.0,AMPS_Hard,math,22a38bfb413b5947af60a90709f4612bd09fc3701d4051e0fcc8fb004efa642d
170,llama-3.2-1b-instruct,0.0,AMPS_Hard,math,22a38bfb413b5947af60a90709f4612bd09fc3701d4051e0fcc8fb004efa642d
171,llama-3.2-3b-instruct,0.0,AMPS_Hard,math,22a38bfb413b5947af60a90709f4612bd09fc3701d4051e0fcc8fb004efa642d
172,mistral-24b,0.0,AMPS_Hard,math,22a38bfb413b5947af60a90709f4612bd09fc3701d4051e0fcc8fb004efa642d
173,mistral-7b,0.0,AMPS_Hard,math,22a38bfb413b5947af60a90709f4612bd09fc3701d4051e0fcc8fb004efa642d
174,qwen-2.5-3b-instruct,0.0,AMPS_Hard,math,22a38bfb413b5947af60a90709f4612bd09fc3701d4051e0fcc8fb004efa642d
175,qwen-32b,0.0,AMPS_Hard,math,22a38bfb413b5947af60a90709f4612bd09fc3701d4051e0fcc8fb004efa642d
176,gemma-3-12b-it,0.0,AMPS_Hard,math,237421810b6e6cbfebd1d5fa853413e0e881261cd64991667eddb01996caea7a
177,gemma-3-1b-it,0.0,AMPS_Hard,math,237421810b6e6cbfebd1d5fa853413e0e881261cd64991667eddb01996caea7a
178,gemma-3-4b-it,0.0,AMPS_Hard,math,237421810b6e6cbfebd1d5fa853413e0e881261cd64991667eddb01996caea7a
179,llama-3.1-70b-instruct,0.0,AMPS_Hard,math,237421810b6e6cbfebd1d5fa853413e0e881261cd64991667eddb01996caea7a
180,llama-3.1-8b-instruct,0.0,AMPS_Hard,math,237421810b6e6cbfebd1d5fa853413e0e881261cd64991667eddb01996caea7a
181,llama-3.2-1b-instruct,0.0,AMPS_Hard,math,237421810b6e6cbfebd1d5fa853413e0e881261cd64991667eddb01996caea7a
182,llama-3.2-3b-instruct,0.0,AMPS_Hard,math,237421810b6e6cbfebd1d5fa853413e0e881261cd64991667eddb01996caea7a
183,mistral-24b,0.0,AMPS_Hard,math,237421810b6e6cbfebd1d5fa853413e0e881261cd64991667eddb01996caea7a
184,mistral-7b,0.0,AMPS_Hard,math,237421810b6e6cbfebd1d5fa853413e0e881261cd64991667eddb01996caea7a
185,qwen-2.5-3b-instruct,0.0,AMPS_Hard,math,237421810b6e6cbfebd1d5fa853413e0e881261cd64991667eddb01996caea7a
186,qwen-32b,0.0,AMPS_Hard,math,237421810b6e6cbfebd1d5fa853413e0e881261cd64991667eddb01996caea7a
187,gemma-3-12b-it,100.0,AMPS_Hard,math,237893b70dd8ba741a256b14f5e8557e23f38643a12c3ffd29e9e9af3136f737
188,gemma-3-1b-it,0.0,AMPS_Hard,math,237893b70dd8ba741a256b14f5e8557e23f38643a12c3ffd29e9e9af3136f737
189,gemma-3-4b-it,100.0,AMPS_Hard,math,237893b70dd8ba741a256b14f5e8557e23f38643a12c3ffd29e9e9af3136f737
190,llama-3.1-70b-instruct,100.0,AMPS_Hard,math,237893b70dd8ba741a256b14f5e8557e23f38643a12c3ffd29e9e9af3136f737
191,llama-3.1-8b-instruct,100.0,AMPS_Hard,math,237893b70dd8ba741a256b14f5e8557e23f38643a12c3ffd29e9e9af3136f737
192,llama-3.2-1b-instruct,100.0,AMPS_Hard,math,237893b70dd8ba741a256b14f5e8557e23f38643a12c3ffd29e9e9af3136f737
193,llama-3.2-3b-instruct,100.0,AMPS_Hard,math,237893b70dd8ba741a256b14f5e8557e23f38643a12c3ffd29e9e9af3136f737
194,mistral-24b,100.0,AMPS_Hard,math,237893b70dd8ba741a256b14f5e8557e23f38643a12c3ffd29e9e9af3136f737
195,mistral-7b,100.0,AMPS_Hard,math,237893b70dd8ba741a256b14f5e8557e23f38643a12c3ffd29e9e9af3136f737
196,qwen-2.5-3b-instruct,100.0,AMPS_Hard,math,237893b70dd8ba741a256b14f5e8557e23f38643a12c3ffd29e9e9af3136f737
197,qwen-32b,100.0,AMPS_Hard,math,237893b70dd8ba741a256b14f5e8557e23f38643a12c3ffd29e9e9af3136f737
198,gemma-3-12b-it,0.0,AMPS_Hard,math,253a180a13ca7208af286f9fbc80295acf290ce1606af1b4e19a5e304467c967
199,gemma-3-1b-it,0.0,AMPS_Hard,math,253a180a13ca7208af286f9fbc80295acf290ce1606af1b4e19a5e304467c967
200,gemma-3-4b-it,0.0,AMPS_Hard,math,253a180a13ca7208af286f9fbc80295acf290ce1606af1b4e19a5e304467c967
201,llama-3.1-70b-instruct,100.0,AMPS_Hard,math,253a180a13ca7208af286f9fbc80295acf290ce1606af1b4e19a5e304467c967
202,llama-3.1-8b-instruct,0.0,AMPS_Hard,math,253a180a13ca7208af286f9fbc80295acf290ce1606af1b4e19a5e304467c967
203,llama-3.2-1b-instruct,0.0,AMPS_Hard,math,253a180a13ca7208af286f9fbc80295acf290ce1606af1b4e19a5e304467c967
204,llama-3.2-3b-instruct,0.0,AMPS_Hard,math,253a180a13ca7208af286f9fbc80295acf290ce1606af1b4e19a5e304467c967
205,mistral-24b,0.0,AMPS_Hard,math,253a180a13ca7208af286f9fbc80295acf290ce1606af1b4e19a5e304467c967
206,mistral-7b,0.0,AMPS_Hard,math,253a180a13ca7208af286f9fbc80295acf290ce1606af1b4e19a5e304467c967
207,qwen-2.5-3b-instruct,0.0,AMPS_Hard,math,253a180a13ca7208af286f9fbc80295acf290ce1606af1b4e19a5e304467c967
208,qwen-32b,0.0,AMPS_Hard,math,253a180a13ca7208af286f9fbc80295acf290ce1606af1b4e19a5e304467c967
209,gemma-3-12b-it,100.0,AMPS_Hard,math,2753cfaab5930d988ddbd7846c8d52031dd16dbd0fea15986bca800b2166711f
210,gemma-3-1b-it,0.0,AMPS_Hard,math,2753cfaab5930d988ddbd7846c8d52031dd16dbd0fea15986bca800b2166711f
211,gemma-3-4b-it,0.0,AMPS_Hard,math,2753cfaab5930d988ddbd7846c8d52031dd16dbd0fea15986bca800b2166711f
212,llama-3.1-70b-instruct,0.0,AMPS_Hard,math,2753cfaab5930d988ddbd7846c8d52031dd16dbd0fea15986bca800b2166711f
213,llama-3.1-8b-instruct,0.0,AMPS_Hard,math,2753cfaab5930d988ddbd7846c8d52031dd16dbd0fea15986bca800b2166711f
214,llama-3.2-1b-instruct,0.0,AMPS_Hard,math,2753cfaab5930d988ddbd7846c8d52031dd16dbd0fea15986bca800b2166711f
215,llama-3.2-3b-instruct,0.0,AMPS_Hard,math,2753cfaab5930d988ddbd7846c8d52031dd16dbd0fea15986bca800b2166711f
216,mistral-24b,0.0,AMPS_Hard,math,2753cfaab5930d988ddbd7846c8d52031dd16dbd0fea15986bca800b2166711f
217,mistral-7b,0.0,AMPS_Hard,math,2753cfaab5930d988ddbd7846c8d52031dd16dbd0fea15986bca800b2166711f
218,qwen-2.5-3b-instruct,100.0,AMPS_Hard,math,2753cfaab5930d988ddbd7846c8d52031dd16dbd0fea15986bca800b2166711f
219,qwen-32b,100.0,AMPS_Hard,math,2753cfaab5930d988ddbd7846c8d52031dd16dbd0fea15986bca800b2166711f
220,gemma-3-12b-it,100.0,AMPS_Hard,math,27a247790a1521877d1745861da74cb99a7d8e430be4a237b95140453b9c2eeb
221,gemma-3-1b-it,100.0,AMPS_Hard,math,27a247790a1521877d1745861da74cb99a7d8e430be4a237b95140453b9c2eeb
222,gemma-3-4b-it,100.0,AMPS_Hard,math,27a247790a1521877d1745861da74cb99a7d8e430be4a237b95140453b9c2eeb
223,llama-3.1-70b-instruct,100.0,AMPS_Hard,math,27a247790a1521877d1745861da74cb99a7d8e430be4a237b95140453b9c2eeb
224,llama-3.1-8b-instruct,0.0,AMPS_Hard,math,27a247790a1521877d1745861da74cb99a7d8e430be4a237b95140453b9c2eeb
225,llama-3.2-1b-instruct,100.0,AMPS_Hard,math,27a247790a1521877d1745861da74cb99a7d8e430be4a237b95140453b9c2eeb
226,llama-3.2-3b-instruct,0.0,AMPS_Hard,math,27a247790a1521877d1745861da74cb99a7d8e430be4a237b95140453b9c2eeb
227,mistral-24b,100.0,AMPS_Hard,math,27a247790a1521877d1745861da74cb99a7d8e430be4a237b95140453b9c2eeb
228,mistral-7b,0.0,AMPS_Hard,math,27a247790a1521877d1745861da74cb99a7d8e430be4a237b95140453b9c2eeb
229,qwen-2.5-3b-instruct,100.0,AMPS_Hard,math,27a247790a1521877d1745861da74cb99a7d8e430be4a237b95140453b9c2eeb
230,qwen-32b,100.0,AMPS_Hard,math,27a247790a1521877d1745861da74cb99a7d8e430be4a237b95140453b9c2eeb
231,gemma-3-12b-it,100.0,AMPS_Hard,math,27f1402e1642836d12b3b5ed58678f9874dca9d71ceca421302bd5e1d940658f
232,gemma-3-1b-it,0.0,AMPS_Hard,math,27f1402e1642836d12b3b5ed58678f9874dca9d71ceca421302bd5e1d940658f
233,gemma-3-4b-it,0.0,AMPS_Hard,math,27f1402e1642836d12b3b5ed58678f9874dca9d71ceca421302bd5e1d940658f
234,llama-3.1-70b-instruct,0.0,AMPS_Hard,math,27f1402e1642836d12b3b5ed58678f9874dca9d71ceca421302bd5e1d940658f
235,llama-3.1-8b-instruct,0.0,AMPS_Hard,math,27f1402e1642836d12b3b5ed58678f9874dca9d71ceca421302bd5e1d940658f
236,llama-3.2-1b-instruct,0.0,AMPS_Hard,math,27f1402e1642836d12b3b5ed58678f9874dca9d71ceca421302bd5e1d940658f
237,llama-3.2-3b-instruct,0.0,AMPS_Hard,math,27f1402e1642836d12b3b5ed58678f9874dca9d71ceca421302bd5e1d940658f
238,mistral-24b,0.0,AMPS_Hard,math,27f1402e1642836d12b3b5ed58678f9874dca9d71ceca421302bd5e1d940658f
239,mistral-7b,0.0,AMPS_Hard,math,27f1402e1642836d12b3b5ed58678f9874dca9d71ceca421302bd5e1d940658f
240,qwen-2.5-3b-instruct,0.0,AMPS_Hard,math,27f1402e1642836d12b3b5ed58678f9874dca9d71ceca421302bd5e1d940658f
241,qwen-32b,0.0,AMPS_Hard,math,27f1402e1642836d12b3b5ed58678f9874dca9d71ceca421302bd5e1d940658f
242,gemma-3-12b-it,0.0,AMPS_Hard,math,28614eb08dedcefd241feeccc171f294b886d1a1fe4253e0b047d5b5e3214dda
243,gemma-3-1b-it,0.0,AMPS_Hard,math,28614eb08dedcefd241feeccc171f294b886d1a1fe4253e0b047d5b5e3214dda
244,gemma-3-4b-it,0.0,AMPS_Hard,math,28614eb08dedcefd241feeccc171f294b886d1a1fe4253e0b047d5b5e3214dda
245,llama-3.1-70b-instruct,100.0,AMPS_Hard,math,28614eb08dedcefd241feeccc171f294b886d1a1fe4253e0b047d5b5e3214dda
246,llama-3.1-8b-instruct,0.0,AMPS_Hard,math,28614eb08dedcefd241feeccc171f294b886d1a1fe4253e0b047d5b5e3214dda
247,llama-3.2-1b-instruct,0.0,AMPS_Hard,math,28614eb08dedcefd241feeccc171f294b886d1a1fe4253e0b047d5b5e3214dda
248,llama-3.2-3b-instruct,0.0,AMPS_Hard,math,28614eb08dedcefd241feeccc171f294b886d1a1fe4253e0b047d5b5e3214dda
249,mistral-24b,0.0,AMPS_Hard,math,28614eb08dedcefd241feeccc171f294b886d1a1fe4253e0b047d5b5e3214dda
250,mistral-7b,0.0,AMPS_Hard,math,28614eb08dedcefd241feeccc171f294b886d1a1fe4253e0b047d5b5e3214dda
251,qwen-2.5-3b-instruct,0.0,AMPS_Hard,math,28614eb08dedcefd241feeccc171f294b886d1a1fe4253e0b047d5b5e3214dda
252,qwen-32b,0.0,AMPS_Hard,math,28614eb08dedcefd241feeccc171f294b886d1a1fe4253e0b047d5b5e3214dda
253,gemma-3-12b-it,100.0,AMPS_Hard,math,2bf39d2a017c631acb9635c4dcf9666dd4ae647119d877deab34a5b3ff94b869
254,gemma-3-1b-it,0.0,AMPS_Hard,math,2bf39d2a017c631acb9635c4dcf9666dd4ae647119d877deab34a5b3ff94b869
255,gemma-3-4b-it,100.0,AMPS_Hard,math,2bf39d2a017c631acb9635c4dcf9666dd4ae647119d877deab34a5b3ff94b869
256,llama-3.1-70b-instruct,100.0,AMPS_Hard,math,2bf39d2a017c631acb9635c4dcf9666dd4ae647119d877deab34a5b3ff94b869
257,llama-3.1-8b-instruct,100.0,AMPS_Hard,math,2bf39d2a017c631acb9635c4dcf9666dd4ae647119d877deab34a5b3ff94b869
258,llama-3.2-1b-instruct,100.0,AMPS_Hard,math,2bf39d2a017c631acb9635c4dcf9666dd4ae647119d877deab34a5b3ff94b869
259,llama-3.2-3b-instruct,100.0,AMPS_Hard,math,2bf39d2a017c631acb9635c4dcf9666dd4ae647119d877deab34a5b3ff94b869
260,mistral-24b,0.0,AMPS_Hard,math,2bf39d2a017c631acb9635c4dcf9666dd4ae647119d877deab34a5b3ff94b869
261,mistral-7b,0.0,AMPS_Hard,math,2bf39d2a017c631acb9635c4dcf9666dd4ae647119d877deab34a5b3ff94b869
262,qwen-2.5-3b-instruct,100.0,AMPS_Hard,math,2bf39d2a017c631acb9635c4dcf9666dd4ae647119d877deab34a5b3ff94b869
263,qwen-32b,100.0,AMPS_Hard,math,2bf39d2a017c631acb9635c4dcf9666dd4ae647119d877deab34a5b3ff94b869
264,gemma-3-12b-it,0.0,AMPS_Hard,math,2c6778f2b9ecdbdab786f603148424b35498ae3096f7e8118d23a5327130416e
265,gemma-3-1b-it,0.0,AMPS_Hard,math,2c6778f2b9ecdbdab786f603148424b35498ae3096f7e8118d23a5327130416e
266,gemma-3-4b-it,0.0,AMPS_Hard,math,2c6778f2b9ecdbdab786f603148424b35498ae3096f7e8118d23a5327130416e
267,llama-3.1-70b-instruct,0.0,AMPS_Hard,math,2c6778f2b9ecdbdab786f603148424b35498ae3096f7e8118d23a5327130416e
268,llama-3.1-8b-instruct,0.0,AMPS_Hard,math,2c6778f2b9ecdbdab786f603148424b35498ae3096f7e8118d23a5327130416e
269,llama-3.2-1b-instruct,0.0,AMPS_Hard,math,2c6778f2b9ecdbdab786f603148424b35498ae3096f7e8118d23a5327130416e
270,llama-3.2-3b-instruct,0.0,AMPS_Hard,math,2c6778f2b9ecdbdab786f603148424b35498ae3096f7e8118d23a5327130416e
271,mistral-24b,0.0,AMPS_Hard,math,2c6778f2b9ecdbdab786f603148424b35498ae3096f7e8118d23a5327130416e
272,mistral-7b,0.0,AMPS_Hard,math,2c6778f2b9ecdbdab786f603148424b35498ae3096f7e8118d23a5327130416e
273,qwen-2.5-3b-instruct,0.0,AMPS_Hard,math,2c6778f2b9ecdbdab786f603148424b35498ae3096f7e8118d23a5327130416e
274,qwen-32b,0.0,AMPS_Hard,math,2c6778f2b9ecdbdab786f603148424b35498ae3096f7e8118d23a5327130416e
275,gemma-3-12b-it,100.0,AMPS_Hard,math,2c8d111408d8f116bcf5b2994c2ea2d810e9810363943c385594d1ab8668b78e
276,gemma-3-1b-it,0.0,AMPS_Hard,math,2c8d111408d8f116bcf5b2994c2ea2d810e9810363943c385594d1ab8668b78e
277,gemma-3-4b-it,100.0,AMPS_Hard,math,2c8d111408d8f116bcf5b2994c2ea2d810e9810363943c385594d1ab8668b78e
278,llama-3.1-70b-instruct,100.0,AMPS_Hard,math,2c8d111408d8f116bcf5b2994c2ea2d810e9810363943c385594d1ab8668b78e
279,llama-3.1-8b-instruct,0.0,AMPS_Hard,math,2c8d111408d8f116bcf5b2994c2ea2d810e9810363943c385594d1ab8668b78e
280,llama-3.2-1b-instruct,0.0,AMPS_Hard,math,2c8d111408d8f116bcf5b2994c2ea2d810e9810363943c385594d1ab8668b78e
281,llama-3.2-3b-instruct,0.0,AMPS_Hard,math,2c8d111408d8f116bcf5b2994c2ea2d810e9810363943c385594d1ab8668b78e
282,mistral-24b,0.0,AMPS_Hard,math,2c8d111408d8f116bcf5b2994c2ea2d810e9810363943c385594d1ab8668b78e
283,mistral-7b,0.0,AMPS_Hard,math,2c8d111408d8f116bcf5b2994c2ea2d810e9810363943c385594d1ab8668b78e
284,qwen-2.5-3b-instruct,0.0,AMPS_Hard,math,2c8d111408d8f116bcf5b2994c2ea2d810e9810363943c385594d1ab8668b78e
285,qwen-32b,100.0,AMPS_Hard,math,2c8d111408d8f116bcf5b2994c2ea2d810e9810363943c385594d1ab8668b78e
286,gemma-3-12b-it,100.0,AMPS_Hard,math,2cf0c39a1a6c55addb52232a77e7f714f0b1bac731c614f48baeb9cebde726c5
287,gemma-3-1b-it,0.0,AMPS_Hard,math,2cf0c39a1a6c55addb52232a77e7f714f0b1bac731c614f48baeb9cebde726c5
288,gemma-3-4b-it,100.0,AMPS_Hard,math,2cf0c39a1a6c55addb52232a77e7f714f0b1bac731c614f48baeb9cebde726c5
289,llama-3.1-70b-instruct,0.0,AMPS_Hard,math,2cf0c39a1a6c55addb52232a77e7f714f0b1bac731c614f48baeb9cebde726c5
290,llama-3.1-8b-instruct,0.0,AMPS_Hard,math,2cf0c39a1a6c55addb52232a77e7f714f0b1bac731c614f48baeb9cebde726c5
291,llama-3.2-1b-instruct,0.0,AMPS_Hard,math,2cf0c39a1a6c55addb52232a77e7f714f0b1bac731c614f48baeb9cebde726c5
292,llama-3.2-3b-instruct,0.0,AMPS_Hard,math,2cf0c39a1a6c55addb52232a77e7f714f0b1bac731c614f48baeb9cebde726c5
293,mistral-24b,0.0,AMPS_Hard,math,2cf0c39a1a6c55addb52232a77e7f714f0b1bac731c614f48baeb9cebde726c5
294,mistral-7b,0.0,AMPS_Hard,math,2cf0c39a1a6c55addb52232a77e7f714f0b1bac731c614f48baeb9cebde726c5
295,qwen-2.5-3b-instruct,0.0,AMPS_Hard,math,2cf0c39a1a6c55addb52232a77e7f714f0b1bac731c614f48baeb9cebde726c5
296,qwen-32b,0.0,AMPS_Hard,math,2cf0c39a1a6c55addb52232a77e7f714f0b1bac731c614f48baeb9cebde726c5
297,gemma-3-12b-it,100.0,AMPS_Hard,math,30c13a445ddafa6093c665706fd6ad713b94a2bc07bd580b9b2c97b259da2d4b
298,gemma-3-1b-it,100.0,AMPS_Hard,math,30c13a445ddafa6093c665706fd6ad713b94a2bc07bd580b9b2c97b259da2d4b
299,gemma-3-4b-it,100.0,AMPS_Hard,math,30c13a445ddafa6093c665706fd6ad713b94a2bc07bd580b9b2c97b259da2d4b
300,llama-3.1-70b-instruct,100.0,AMPS_Hard,math,30c13a445ddafa6093c665706fd6ad713b94a2bc07bd580b9b2c97b259da2d4b
301,llama-3.1-8b-instruct,0.0,AMPS_Hard,math,30c13a445ddafa6093c665706fd6ad713b94a2bc07bd580b9b2c97b259da2d4b
302,llama-3.2-1b-instruct,0.0,AMPS_Hard,math,30c13a445ddafa6093c665706fd6ad713b94a2bc07bd580b9b2c97b259da2d4b
303,llama-3.2-3b-instruct,0.0,AMPS_Hard,math,30c13a445ddafa6093c665706fd6ad713b94a2bc07bd580b9b2c97b259da2d4b
304,mistral-24b,0.0,AMPS_Hard,math,30c13a445ddafa6093c665706fd6ad713b94a2bc07bd580b9b2c97b259da2d4b
305,mistral-7b,0.0,AMPS_Hard,math,30c13a445ddafa6093c665706fd6ad713b94a2bc07bd580b9b2c97b259da2d4b
306,qwen-2.5-3b-instruct,100.0,AMPS_Hard,math,30c13a445ddafa6093c665706fd6ad713b94a2bc07bd580b9b2c97b259da2d4b
307,qwen-32b,100.0,AMPS_Hard,math,30c13a445ddafa6093c665706fd6ad713b94a2bc07bd580b9b2c97b259da2d4b
308,gemma-3-12b-it,100.0,AMPS_Hard,math,389abb8f40fc2e68f379348af87c9abfd506bfcf506bdcbc18f0c0ad3b238e85
309,gemma-3-1b-it,0.0,AMPS_Hard,math,389abb8f40fc2e68f379348af87c9abfd506bfcf506bdcbc18f0c0ad3b238e85
310,gemma-3-4b-it,0.0,AMPS_Hard,math,389abb8f40fc2e68f379348af87c9abfd506bfcf506bdcbc18f0c0ad3b238e85
311,llama-3.1-70b-instruct,0.0,AMPS_Hard,math,389abb8f40fc2e68f379348af87c9abfd506bfcf506bdcbc18f0c0ad3b238e85
312,llama-3.1-8b-instruct,0.0,AMPS_Hard,math,389abb8f40fc2e68f379348af87c9abfd506bfcf506bdcbc18f0c0ad3b238e85
313,llama-3.2-1b-instruct,0.0,AMPS_Hard,math,389abb8f40fc2e68f379348af87c9abfd506bfcf506bdcbc18f0c0ad3b238e85
314,llama-3.2-3b-instruct,0.0,AMPS_Hard,math,389abb8f40fc2e68f379348af87c9abfd506bfcf506bdcbc18f0c0ad3b238e85
315,mistral-24b,0.0,AMPS_Hard,math,389abb8f40fc2e68f379348af87c9abfd506bfcf506bdcbc18f0c0ad3b238e85
316,mistral-7b,0.0,AMPS_Hard,math,389abb8f40fc2e68f379348af87c9abfd506bfcf506bdcbc18f0c0ad3b238e85
317,qwen-2.5-3b-instruct,0.0,AMPS_Hard,math,389abb8f40fc2e68f379348af87c9abfd506bfcf506bdcbc18f0c0ad3b238e85
318,qwen-32b,0.0,AMPS_Hard,math,389abb8f40fc2e68f379348af87c9abfd506bfcf506bdcbc18f0c0ad3b238e85
319,gemma-3-12b-it,0.0,AMPS_Hard,math,390df766dea6530de723fbfa348d43441128d2e03e39d75591791c7d39186120
320,gemma-3-1b-it,0.0,AMPS_Hard,math,390df766dea6530de723fbfa348d43441128d2e03e39d75591791c7d39186120
321,gemma-3-4b-it,0.0,AMPS_Hard,math,390df766dea6530de723fbfa348d43441128d2e03e39d75591791c7d39186120
322,llama-3.1-70b-instruct,0.0,AMPS_Hard,math,390df766dea6530de723fbfa348d43441128d2e03e39d75591791c7d39186120
323,llama-3.1-8b-instruct,0.0,AMPS_Hard,math,390df766dea6530de723fbfa348d43441128d2e03e39d75591791c7d39186120
324,llama-3.2-1b-instruct,0.0,AMPS_Hard,math,390df766dea6530de723fbfa348d43441128d2e03e39d75591791c7d39186120
325,llama-3.2-3b-instruct,0.0,AMPS_Hard,math,390df766dea6530de723fbfa348d43441128d2e03e39d75591791c7d39186120
326,mistral-24b,0.0,AMPS_Hard,math,390df766dea6530de723fbfa348d43441128d2e03e39d75591791c7d39186120
327,mistral-7b,0.0,AMPS_Hard,math,390df766dea6530de723fbfa348d43441128d2e03e39d75591791c7d39186120
328,qwen-2.5-3b-instruct,0.0,AMPS_Hard,math,390df766dea6530de723fbfa348d43441128d2e03e39d75591791c7d39186120
329,qwen-32b,0.0,AMPS_Hard,math,390df766dea6530de723fbfa348d43441128d2e03e39d75591791c7d39186120
330,gemma-3-12b-it,100.0,AMPS_Hard,math,3c2d7a838127de586313c63d7867224a677249a9576b957152ce609124de23d4
331,gemma-3-1b-it,0.0,AMPS_Hard,math,3c2d7a838127de586313c63d7867224a677249a9576b957152ce609124de23d4
332,gemma-3-4b-it,100.0,AMPS_Hard,math,3c2d7a838127de586313c63d7867224a677249a9576b957152ce609124de23d4
333,llama-3.1-70b-instruct,100.0,AMPS_Hard,math,3c2d7a838127de586313c63d7867224a677249a9576b957152ce609124de23d4
334,llama-3.1-8b-instruct,100.0,AMPS_Hard,math,3c2d7a838127de586313c63d7867224a677249a9576b957152ce609124de23d4
335,llama-3.2-1b-instruct,0.0,AMPS_Hard,math,3c2d7a838127de586313c63d7867224a677249a9576b957152ce609124de23d4
336,llama-3.2-3b-instruct,100.0,AMPS_Hard,math,3c2d7a838127de586313c63d7867224a677249a9576b957152ce609124de23d4
337,mistral-24b,100.0,AMPS_Hard,math,3c2d7a838127de586313c63d7867224a677249a9576b957152ce609124de23d4
338,mistral-7b,100.0,AMPS_Hard,math,3c2d7a838127de586313c63d7867224a677249a9576b957152ce609124de23d4
339,qwen-2.5-3b-instruct,100.0,AMPS_Hard,math,3c2d7a838127de586313c63d7867224a677249a9576b957152ce609124de23d4
340,qwen-32b,100.0,AMPS_Hard,math,3c2d7a838127de586313c63d7867224a677249a9576b957152ce609124de23d4
341,gemma-3-12b-it,0.0,AMPS_Hard,math,3cdee33a05b94777870a69289db8a289e4ac5e7da79c4b6c915f0eed46e5ab59
342,gemma-3-1b-it,0.0,AMPS_Hard,math,3cdee33a05b94777870a69289db8a289e4ac5e7da79c4b6c915f0eed46e5ab59
343,gemma-3-4b-it,0.0,AMPS_Hard,math,3cdee33a05b94777870a69289db8a289e4ac5e7da79c4b6c915f0eed46e5ab59
344,llama-3.1-70b-instruct,0.0,AMPS_Hard,math,3cdee33a05b94777870a69289db8a289e4ac5e7da79c4b6c915f0eed46e5ab59
345,llama-3.1-8b-instruct,0.0,AMPS_Hard,math,3cdee33a05b94777870a69289db8a289e4ac5e7da79c4b6c915f0eed46e5ab59
346,llama-3.2-1b-instruct,0.0,AMPS_Hard,math,3cdee33a05b94777870a69289db8a289e4ac5e7da79c4b6c915f0eed46e5ab59
347,llama-3.2-3b-instruct,0.0,AMPS_Hard,math,3cdee33a05b94777870a69289db8a289e4ac5e7da79c4b6c915f0eed46e5ab59
348,mistral-24b,0.0,AMPS_Hard,math,3cdee33a05b94777870a69289db8a289e4ac5e7da79c4b6c915f0eed46e5ab59
349,mistral-7b,100.0,AMPS_Hard,math,3cdee33a05b94777870a69289db8a289e4ac5e7da79c4b6c915f0eed46e5ab59
350,qwen-2.5-3b-instruct,0.0,AMPS_Hard,math,3cdee33a05b94777870a69289db8a289e4ac5e7da79c4b6c915f0eed46e5ab59
351,qwen-32b,0.0,AMPS_Hard,math,3cdee33a05b94777870a69289db8a289e4ac5e7da79c4b6c915f0eed46e5ab59
352,gemma-3-12b-it,100.0,AMPS_Hard,math,3e852f69528aa2be018ee0d76461a3afcdfe5dcab74b9f2abf93bd1342c6f52d
353,gemma-3-1b-it,0.0,AMPS_Hard,math,3e852f69528aa2be018ee0d76461a3afcdfe5dcab74b9f2abf93bd1342c6f52d
354,gemma-3-4b-it,100.0,AMPS_Hard,math,3e852f69528aa2be018ee0d76461a3afcdfe5dcab74b9f2abf93bd1342c6f52d
355,llama-3.1-70b-instruct,100.0,AMPS_Hard,math,3e852f69528aa2be018ee0d76461a3afcdfe5dcab74b9f2abf93bd1342c6f52d
356,llama-3.1-8b-instruct,0.0,AMPS_Hard,math,3e852f69528aa2be018ee0d76461a3afcdfe5dcab74b9f2abf93bd1342c6f52d
357,llama-3.2-1b-instruct,100.0,AMPS_Hard,math,3e852f69528aa2be018ee0d76461a3afcdfe5dcab74b9f2abf93bd1342c6f52d
358,llama-3.2-3b-instruct,100.0,AMPS_Hard,math,3e852f69528aa2be018ee0d76461a3afcdfe5dcab74b9f2abf93bd1342c6f52d
359,mistral-24b,100.0,AMPS_Hard,math,3e852f69528aa2be018ee0d76461a3afcdfe5dcab74b9f2abf93bd1342c6f52d
360,mistral-7b,100.0,AMPS_Hard,math,3e852f69528aa2be018ee0d76461a3afcdfe5dcab74b9f2abf93bd1342c6f52d
361,qwen-2.5-3b-instruct,0.0,AMPS_Hard,math,3e852f69528aa2be018ee0d76461a3afcdfe5dcab74b9f2abf93bd1342c6f52d
362,qwen-32b,100.0,AMPS_Hard,math,3e852f69528aa2be018ee0d76461a3afcdfe5dcab74b9f2abf93bd1342c6f52d
363,gemma-3-12b-it,100.0,AMPS_Hard,math,402e56855bea7ba7f63c4dfd700c95432efeb626c6d303e4e51d5d4c9557db6a
364,gemma-3-1b-it,0.0,AMPS_Hard,math,402e56855bea7ba7f63c4dfd700c95432efeb626c6d303e4e51d5d4c9557db6a
365,gemma-3-4b-it,100.0,AMPS_Hard,math,402e56855bea7ba7f63c4dfd700c95432efeb626c6d303e4e51d5d4c9557db6a
366,llama-3.1-70b-instruct,100.0,AMPS_Hard,math,402e56855bea7ba7f63c4dfd700c95432efeb626c6d303e4e51d5d4c9557db6a
367,llama-3.1-8b-instruct,100.0,AMPS_Hard,math,402e56855bea7ba7f63c4dfd700c95432efeb626c6d303e4e51d5d4c9557db6a
368,llama-3.2-1b-instruct,0.0,AMPS_Hard,math,402e56855bea7ba7f63c4dfd700c95432efeb626c6d303e4e51d5d4c9557db6a
369,llama-3.2-3b-instruct,0.0,AMPS_Hard,math,402e56855bea7ba7f63c4dfd700c95432efeb626c6d303e4e51d5d4c9557db6a
370,mistral-24b,0.0,AMPS_Hard,math,402e56855bea7ba7f63c4dfd700c95432efeb626c6d303e4e51d5d4c9557db6a
371,mistral-7b,0.0,AMPS_Hard,math,402e56855bea7ba7f63c4dfd700c95432efeb626c6d303e4e51d5d4c9557db6a
372,qwen-2.5-3b-instruct,100.0,AMPS_Hard,math,402e56855bea7ba7f63c4dfd700c95432efeb626c6d303e4e51d5d4c9557db6a
373,qwen-32b,100.0,AMPS_Hard,math,402e56855bea7ba7f63c4dfd700c95432efeb626c6d303e4e51d5d4c9557db6a
374,gemma-3-12b-it,100.0,AMPS_Hard,math,40c680dba7c76b7fc953156dc915d0a9d82582dd66bb8ba5f68f42d1ddd4e486
375,gemma-3-1b-it,0.0,AMPS_Hard,math,40c680dba7c76b7fc953156dc915d0a9d82582dd66bb8ba5f68f42d1ddd4e486
376,gemma-3-4b-it,100.0,AMPS_Hard,math,40c680dba7c76b7fc953156dc915d0a9d82582dd66bb8ba5f68f42d1ddd4e486
377,llama-3.1-70b-instruct,0.0,AMPS_Hard,math,40c680dba7c76b7fc953156dc915d0a9d82582dd66bb8ba5f68f42d1ddd4e486
378,llama-3.1-8b-instruct,0.0,AMPS_Hard,math,40c680dba7c76b7fc953156dc915d0a9d82582dd66bb8ba5f68f42d1ddd4e486
379,llama-3.2-1b-instruct,0.0,AMPS_Hard,math,40c680dba7c76b7fc953156dc915d0a9d82582dd66bb8ba5f68f42d1ddd4e486
380,llama-3.2-3b-instruct,0.0,AMPS_Hard,math,40c680dba7c76b7fc953156dc915d0a9d82582dd66bb8ba5f68f42d1ddd4e486
381,mistral-24b,0.0,AMPS_Hard,math,40c680dba7c76b7fc953156dc915d0a9d82582dd66bb8ba5f68f42d1ddd4e486
382,mistral-7b,0.0,AMPS_Hard,math,40c680dba7c76b7fc953156dc915d0a9d82582dd66bb8ba5f68f42d1ddd4e486
383,qwen-2.5-3b-instruct,0.0,AMPS_Hard,math,40c680dba7c76b7fc953156dc915d0a9d82582dd66bb8ba5f68f42d1ddd4e486
384,qwen-32b,100.0,AMPS_Hard,math,40c680dba7c76b7fc953156dc915d0a9d82582dd66bb8ba5f68f42d1ddd4e486
385,gemma-3-12b-it,0.0,AMPS_Hard,math,4342367db683238b220484295aef67f84b6b4f0eb4df000be5c0519cac77698b
386,gemma-3-1b-it,0.0,AMPS_Hard,math,4342367db683238b220484295aef67f84b6b4f0eb4df000be5c0519cac77698b
387,gemma-3-4b-it,0.0,AMPS_Hard,math,4342367db683238b220484295aef67f84b6b4f0eb4df000be5c0519cac77698b
388,llama-3.1-70b-instruct,0.0,AMPS_Hard,math,4342367db683238b220484295aef67f84b6b4f0eb4df000be5c0519cac77698b
389,llama-3.1-8b-instruct,0.0,AMPS_Hard,math,4342367db683238b220484295aef67f84b6b4f0eb4df000be5c0519cac77698b
390,llama-3.2-1b-instruct,0.0,AMPS_Hard,math,4342367db683238b220484295aef67f84b6b4f0eb4df000be5c0519cac77698b
391,llama-3.2-3b-instruct,0.0,AMPS_Hard,math,4342367db683238b220484295aef67f84b6b4f0eb4df000be5c0519cac77698b
392,mistral-24b,0.0,AMPS_Hard,math,4342367db683238b220484295aef67f84b6b4f0eb4df000be5c0519cac77698b
393,mistral-7b,0.0,AMPS_Hard,math,4342367db683238b220484295aef67f84b6b4f0eb4df000be5c0519cac77698b
394,qwen-2.5-3b-instruct,0.0,AMPS_Hard,math,4342367db683238b220484295aef67f84b6b4f0eb4df000be5c0519cac77698b
395,qwen-32b,0.0,AMPS_Hard,math,4342367db683238b220484295aef67f84b6b4f0eb4df000be5c0519cac77698b
396,gemma-3-12b-it,0.0,AMPS_Hard,math,457dc1ce3126f4707cd06e29114df0625a4fc69051c5c41c1dd2d2853198d078
397,gemma-3-1b-it,0.0,AMPS_Hard,math,457dc1ce3126f4707cd06e29114df0625a4fc69051c5c41c1dd2d2853198d078
398,gemma-3-4b-it,0.0,AMPS_Hard,math,457dc1ce3126f4707cd06e29114df0625a4fc69051c5c41c1dd2d2853198d078
399,llama-3.1-70b-instruct,0.0,AMPS_Hard,math,457dc1ce3126f4707cd06e29114df0625a4fc69051c5c41c1dd2d2853198d078
400,llama-3.1-8b-instruct,0.0,AMPS_Hard,math,457dc1ce3126f4707cd06e29114df0625a4fc69051c5c41c1dd2d2853198d078
401,llama-3.2-1b-instruct,0.0,AMPS_Hard,math,457dc1ce3126f4707cd06e29114df0625a4fc69051c5c41c1dd2d2853198d078
402,llama-3.2-3b-instruct,0.0,AMPS_Hard,math,457dc1ce3126f4707cd06e29114df0625a4fc69051c5c41c1dd2d2853198d078
403,mistral-24b,0.0,AMPS_Hard,math,457dc1ce3126f4707cd06e29114df0625a4fc69051c5c41c1dd2d2853198d078
404,mistral-7b,0.0,AMPS_Hard,math,457dc1ce3126f4707cd06e29114df0625a4fc69051c5c41c1dd2d2853198d078
405,qwen-2.5-3b-instruct,0.0,AMPS_Hard,math,457dc1ce3126f4707cd06e29114df0625a4fc69051c5c41c1dd2d2853198d078
406,qwen-32b,0.0,AMPS_Hard,math,457dc1ce3126f4707cd06e29114df0625a4fc69051c5c41c1dd2d2853198d078
407,gemma-3-12b-it,100.0,AMPS_Hard,math,4b65576e7570cec86d6abb988889fb71304f60a49ae08de443410b0aaa44f55b
408,gemma-3-1b-it,100.0,AMPS_Hard,math,4b65576e7570cec86d6abb988889fb71304f60a49ae08de443410b0aaa44f55b
409,gemma-3-4b-it,100.0,AMPS_Hard,math,4b65576e7570cec86d6abb988889fb71304f60a49ae08de443410b0aaa44f55b
410,llama-3.1-70b-instruct,100.0,AMPS_Hard,math,4b65576e7570cec86d6abb988889fb71304f60a49ae08de443410b0aaa44f55b
411,llama-3.1-8b-instruct,100.0,AMPS_Hard,math,4b65576e7570cec86d6abb988889fb71304f60a49ae08de443410b0aaa44f55b
412,llama-3.2-1b-instruct,100.0,AMPS_Hard,math,4b65576e7570cec86d6abb988889fb71304f60a49ae08de443410b0aaa44f55b
413,llama-3.2-3b-instruct,100.0,AMPS_Hard,math,4b65576e7570cec86d6abb988889fb71304f60a49ae08de443410b0aaa44f55b
414,mistral-24b,0.0,AMPS_Hard,math,4b65576e7570cec86d6abb988889fb71304f60a49ae08de443410b0aaa44f55b
415,mistral-7b,0.0,AMPS_Hard,math,4b65576e7570cec86d6abb988889fb71304f60a49ae08de443410b0aaa44f55b
416,qwen-2.5-3b-instruct,0.0,AMPS_Hard,math,4b65576e7570cec86d6abb988889fb71304f60a49ae08de443410b0aaa44f55b
417,qwen-32b,100.0,AMPS_Hard,math,4b65576e7570cec86d6abb988889fb71304f60a49ae08de443410b0aaa44f55b
418,gemma-3-12b-it,100.0,AMPS_Hard,math,4ea921ae2fc435b17335f485b3dac0f53555130d876c862cf52c560476418f3c
419,gemma-3-1b-it,100.0,AMPS_Hard,math,4ea921ae2fc435b17335f485b3dac0f53555130d876c862cf52c560476418f3c
420,gemma-3-4b-it,100.0,AMPS_Hard,math,4ea921ae2fc435b17335f485b3dac0f53555130d876c862cf52c560476418f3c
421,llama-3.1-70b-instruct,100.0,AMPS_Hard,math,4ea921ae2fc435b17335f485b3dac0f53555130d876c862cf52c560476418f3c
422,llama-3.1-8b-instruct,0.0,AMPS_Hard,math,4ea921ae2fc435b17335f485b3dac0f53555130d876c862cf52c560476418f3c
423,llama-3.2-1b-instruct,0.0,AMPS_Hard,math,4ea921ae2fc435b17335f485b3dac0f53555130d876c862cf52c560476418f3c
424,llama-3.2-3b-instruct,100.0,AMPS_Hard,math,4ea921ae2fc435b17335f485b3dac0f53555130d876c862cf52c560476418f3c
425,mistral-24b,100.0,AMPS_Hard,math,4ea921ae2fc435b17335f485b3dac0f53555130d876c862cf52c560476418f3c
426,mistral-7b,0.0,AMPS_Hard,math,4ea921ae2fc435b17335f485b3dac0f53555130d876c862cf52c560476418f3c
427,qwen-2.5-3b-instruct,100.0,AMPS_Hard,math,4ea921ae2fc435b17335f485b3dac0f53555130d876c862cf52c560476418f3c
428,qwen-32b,100.0,AMPS_Hard,math,4ea921ae2fc435b17335f485b3dac0f53555130d876c862cf52c560476418f3c
429,gemma-3-12b-it,0.0,AMPS_Hard,math,54bd80737f1e5f1e0c43af7101b66ad883ed48c79dd719d75f082791a64dadc5
430,gemma-3-1b-it,0.0,AMPS_Hard,math,54bd80737f1e5f1e0c43af7101b66ad883ed48c79dd719d75f082791a64dadc5
431,gemma-3-4b-it,0.0,AMPS_Hard,math,54bd80737f1e5f1e0c43af7101b66ad883ed48c79dd719d75f082791a64dadc5
432,llama-3.1-70b-instruct,0.0,AMPS_Hard,math,54bd80737f1e5f1e0c43af7101b66ad883ed48c79dd719d75f082791a64dadc5
433,llama-3.1-8b-instruct,0.0,AMPS_Hard,math,54bd80737f1e5f1e0c43af7101b66ad883ed48c79dd719d75f082791a64dadc5
434,llama-3.2-1b-instruct,0.0,AMPS_Hard,math,54bd80737f1e5f1e0c43af7101b66ad883ed48c79dd719d75f082791a64dadc5
435,llama-3.2-3b-instruct,0.0,AMPS_Hard,math,54bd80737f1e5f1e0c43af7101b66ad883ed48c79dd719d75f082791a64dadc5
436,mistral-24b,0.0,AMPS_Hard,math,54bd80737f1e5f1e0c43af7101b66ad883ed48c79dd719d75f082791a64dadc5
437,mistral-7b,0.0,AMPS_Hard,math,54bd80737f1e5f1e0c43af7101b66ad883ed48c79dd719d75f082791a64dadc5
438,qwen-2.5-3b-instruct,0.0,AMPS_Hard,math,54bd80737f1e5f1e0c43af7101b66ad883ed48c79dd719d75f082791a64dadc5
439,qwen-32b,0.0,AMPS_Hard,math,54bd80737f1e5f1e0c43af7101b66ad883ed48c79dd719d75f082791a64dadc5
440,gemma-3-12b-it,100.0,AMPS_Hard,math,557da318a2322b7ad3c40053ccd03ce2375e469c47a1b6e86ea3de5cee15e2be
441,gemma-3-1b-it,0.0,AMPS_Hard,math,557da318a2322b7ad3c40053ccd03ce2375e469c47a1b6e86ea3de5cee15e2be
442,gemma-3-4b-it,100.0,AMPS_Hard,math,557da318a2322b7ad3c40053ccd03ce2375e469c47a1b6e86ea3de5cee15e2be
443,llama-3.1-70b-instruct,100.0,AMPS_Hard,math,557da318a2322b7ad3c40053ccd03ce2375e469c47a1b6e86ea3de5cee15e2be
444,llama-3.1-8b-instruct,100.0,AMPS_Hard,math,557da318a2322b7ad3c40053ccd03ce2375e469c47a1b6e86ea3de5cee15e2be
445,llama-3.2-1b-instruct,0.0,AMPS_Hard,math,557da318a2322b7ad3c40053ccd03ce2375e469c47a1b6e86ea3de5cee15e2be
446,llama-3.2-3b-instruct,0.0,AMPS_Hard,math,557da318a2322b7ad3c40053ccd03ce2375e469c47a1b6e86ea3de5cee15e2be
447,mistral-24b,0.0,AMPS_Hard,math,557da318a2322b7ad3c40053ccd03ce2375e469c47a1b6e86ea3de5cee15e2be
448,mistral-7b,0.0,AMPS_Hard,math,557da318a2322b7ad3c40053ccd03ce2375e469c47a1b6e86ea3de5cee15e2be
449,qwen-2.5-3b-instruct,100.0,AMPS_Hard,math,557da318a2322b7ad3c40053ccd03ce2375e469c47a1b6e86ea3de5cee15e2be
450,qwen-32b,100.0,AMPS_Hard,math,557da318a2322b7ad3c40053ccd03ce2375e469c47a1b6e86ea3de5cee15e2be
451,gemma-3-12b-it,100.0,AMPS_Hard,math,57cffb227c0ea9275cbe8eb7a8287b2cf77c79591c79c4d67be5efae0fdeb480
452,gemma-3-1b-it,0.0,AMPS_Hard,math,57cffb227c0ea9275cbe8eb7a8287b2cf77c79591c79c4d67be5efae0fdeb480
453,gemma-3-4b-it,100.0,AMPS_Hard,math,57cffb227c0ea9275cbe8eb7a8287b2cf77c79591c79c4d67be5efae0fdeb480
454,llama-3.1-70b-instruct,100.0,AMPS_Hard,math,57cffb227c0ea9275cbe8eb7a8287b2cf77c79591c79c4d67be5efae0fdeb480
455,llama-3.1-8b-instruct,0.0,AMPS_Hard,math,57cffb227c0ea9275cbe8eb7a8287b2cf77c79591c79c4d67be5efae0fdeb480
456,llama-3.2-1b-instruct,0.0,AMPS_Hard,math,57cffb227c0ea9275cbe8eb7a8287b2cf77c79591c79c4d67be5efae0fdeb480
457,llama-3.2-3b-instruct,0.0,AMPS_Hard,math,57cffb227c0ea9275cbe8eb7a8287b2cf77c79591c79c4d67be5efae0fdeb480
458,mistral-24b,0.0,AMPS_Hard,math,57cffb227c0ea9275cbe8eb7a8287b2cf77c79591c79c4d67be5efae0fdeb480
459,mistral-7b,0.0,AMPS_Hard,math,57cffb227c0ea9275cbe8eb7a8287b2cf77c79591c79c4d67be5efae0fdeb480
460,qwen-2.5-3b-instruct,100.0,AMPS_Hard,math,57cffb227c0ea9275cbe8eb7a8287b2cf77c79591c79c4d67be5efae0fdeb480
461,qwen-32b,100.0,AMPS_Hard,math,57cffb227c0ea9275cbe8eb7a8287b2cf77c79591c79c4d67be5efae0fdeb480
462,gemma-3-12b-it,0.0,AMPS_Hard,math,5cd9dc2d52b79df23bf9cd005a95ab484acd67e31e9c38266bdc863278d64cc9
463,gemma-3-1b-it,0.0,AMPS_Hard,math,5cd9dc2d52b79df23bf9cd005a95ab484acd67e31e9c38266bdc863278d64cc9
464,gemma-3-4b-it,0.0,AMPS_Hard,math,5cd9dc2d52b79df23bf9cd005a95ab484acd67e31e9c38266bdc863278d64cc9
465,llama-3.1-70b-instruct,0.0,AMPS_Hard,math,5cd9dc2d52b79df23bf9cd005a95ab484acd67e31e9c38266bdc863278d64cc9
466,llama-3.1-8b-instruct,0.0,AMPS_Hard,math,5cd9dc2d52b79df23bf9cd005a95ab484acd67e31e9c38266bdc863278d64cc9
467,llama-3.2-1b-instruct,0.0,AMPS_Hard,math,5cd9dc2d52b79df23bf9cd005a95ab484acd67e31e9c38266bdc863278d64cc9
468,llama-3.2-3b-instruct,0.0,AMPS_Hard,math,5cd9dc2d52b79df23bf9cd005a95ab484acd67e31e9c38266bdc863278d64cc9
469,mistral-24b,0.0,AMPS_Hard,math,5cd9dc2d52b79df23bf9cd005a95ab484acd67e31e9c38266bdc863278d64cc9
470,mistral-7b,0.0,AMPS_Hard,math,5cd9dc2d52b79df23bf9cd005a95ab484acd67e31e9c38266bdc863278d64cc9
471,qwen-2.5-3b-instruct,100.0,AMPS_Hard,math,5cd9dc2d52b79df23bf9cd005a95ab484acd67e31e9c38266bdc863278d64cc9
472,qwen-32b,100.0,AMPS_Hard,math,5cd9dc2d52b79df23bf9cd005a95ab484acd67e31e9c38266bdc863278d64cc9
473,gemma-3-12b-it,100.0,AMPS_Hard,math,5d047d1a07c96163a9341d6be658de0183ceb8299d34818607da21323eab41d9
474,gemma-3-1b-it,0.0,AMPS_Hard,math,5d047d1a07c96163a9341d6be658de0183ceb8299d34818607da21323eab41d9
475,gemma-3-4b-it,100.0,AMPS_Hard,math,5d047d1a07c96163a9341d6be658de0183ceb8299d34818607da21323eab41d9
476,llama-3.1-70b-instruct,0.0,AMPS_Hard,math,5d047d1a07c96163a9341d6be658de0183ceb8299d34818607da21323eab41d9
477,llama-3.1-8b-instruct,0.0,AMPS_Hard,math,5d047d1a07c96163a9341d6be658de0183ceb8299d34818607da21323eab41d9
478,llama-3.2-1b-instruct,0.0,AMPS_Hard,math,5d047d1a07c96163a9341d6be658de0183ceb8299d34818607da21323eab41d9
479,llama-3.2-3b-instruct,0.0,AMPS_Hard,math,5d047d1a07c96163a9341d6be658de0183ceb8299d34818607da21323eab41d9
480,mistral-24b,0.0,AMPS_Hard,math,5d047d1a07c96163a9341d6be658de0183ceb8299d34818607da21323eab41d9
481,mistral-7b,0.0,AMPS_Hard,math,5d047d1a07c96163a9341d6be658de0183ceb8299d34818607da21323eab41d9
482,qwen-2.5-3b-instruct,0.0,AMPS_Hard,math,5d047d1a07c96163a9341d6be658de0183ceb8299d34818607da21323eab41d9
483,qwen-32b,0.0,AMPS_Hard,math,5d047d1a07c96163a9341d6be658de0183ceb8299d34818607da21323eab41d9
484,gemma-3-12b-it,100.0,AMPS_Hard,math,613bcfa8be07fa28ab064d1b9a1ecf1940630e36ec1574868c1d44ea6901fb93
485,gemma-3-1b-it,100.0,AMPS_Hard,math,613bcfa8be07fa28ab064d1b9a1ecf1940630e36ec1574868c1d44ea6901fb93
486,gemma-3-4b-it,100.0,AMPS_Hard,math,613bcfa8be07fa28ab064d1b9a1ecf1940630e36ec1574868c1d44ea6901fb93
487,llama-3.1-70b-instruct,100.0,AMPS_Hard,math,613bcfa8be07fa28ab064d1b9a1ecf1940630e36ec1574868c1d44ea6901fb93
488,llama-3.1-8b-instruct,0.0,AMPS_Hard,math,613bcfa8be07fa28ab064d1b9a1ecf1940630e36ec1574868c1d44ea6901fb93
489,llama-3.2-1b-instruct,0.0,AMPS_Hard,math,613bcfa8be07fa28ab064d1b9a1ecf1940630e36ec1574868c1d44ea6901fb93
490,llama-3.2-3b-instruct,0.0,AMPS_Hard,math,613bcfa8be07fa28ab064d1b9a1ecf1940630e36ec1574868c1d44ea6901fb93
491,mistral-24b,100.0,AMPS_Hard,math,613bcfa8be07fa28ab064d1b9a1ecf1940630e36ec1574868c1d44ea6901fb93
492,mistral-7b,0.0,AMPS_Hard,math,613bcfa8be07fa28ab064d1b9a1ecf1940630e36ec1574868c1d44ea6901fb93
493,qwen-2.5-3b-instruct,0.0,AMPS_Hard,math,613bcfa8be07fa28ab064d1b9a1ecf1940630e36ec1574868c1d44ea6901fb93
494,qwen-32b,0.0,AMPS_Hard,math,613bcfa8be07fa28ab064d1b9a1ecf1940630e36ec1574868c1d44ea6901fb93
495,gemma-3-12b-it,100.0,AMPS_Hard,math,63608f487c9f22541c1f8778ae6771658425d60d1c0819e1713d9bd3b0ce9252
496,gemma-3-1b-it,100.0,AMPS_Hard,math,63608f487c9f22541c1f8778ae6771658425d60d1c0819e1713d9bd3b0ce9252
497,gemma-3-4b-it,100.0,AMPS_Hard,math,63608f487c9f22541c1f8778ae6771658425d60d1c0819e1713d9bd3b0ce9252
498,llama-3.1-70b-instruct,100.0,AMPS_Hard,math,63608f487c9f22541c1f8778ae6771658425d60d1c0819e1713d9bd3b0ce9252
499,llama-3.1-8b-instruct,100.0,AMPS_Hard,math,63608f487c9f22541c1f8778ae6771658425d60d1c0819e1713d9bd3b0ce9252
500,llama-3.2-1b-instruct,0.0,AMPS_Hard,math,63608f487c9f22541c1f8778ae6771658425d60d1c0819e1713d9bd3b0ce9252
501,llama-3.2-3b-instruct,100.0,AMPS_Hard,math,63608f487c9f22541c1f8778ae6771658425d60d1c0819e1713d9bd3b0ce9252
502,mistral-24b,100.0,AMPS_Hard,math,63608f487c9f22541c1f8778ae6771658425d60d1c0819e1713d9bd3b0ce9252
503,mistral-7b,100.0,AMPS_Hard,math,63608f487c9f22541c1f8778ae6771658425d60d1c0819e1713d9bd3b0ce9252
504,qwen-2.5-3b-instruct,100.0,AMPS_Hard,math,63608f487c9f22541c1f8778ae6771658425d60d1c0819e1713d9bd3b0ce9252
505,qwen-32b,100.0,AMPS_Hard,math,63608f487c9f22541c1f8778ae6771658425d60d1c0819e1713d9bd3b0ce9252
506,gemma-3-12b-it,0.0,AMPS_Hard,math,6b236c5d2b140ad4f5f89a7bab66558f544ca5dbc56712657c189ea0d3596c19
507,gemma-3-1b-it,0.0,AMPS_Hard,math,6b236c5d2b140ad4f5f89a7bab66558f544ca5dbc56712657c189ea0d3596c19
508,gemma-3-4b-it,100.0,AMPS_Hard,math,6b236c5d2b140ad4f5f89a7bab66558f544ca5dbc56712657c189ea0d3596c19
509,llama-3.1-70b-instruct,0.0,AMPS_Hard,math,6b236c5d2b140ad4f5f89a7bab66558f544ca5dbc56712657c189ea0d3596c19
510,llama-3.1-8b-instruct,0.0,AMPS_Hard,math,6b236c5d2b140ad4f5f89a7bab66558f544ca5dbc56712657c189ea0d3596c19
511,llama-3.2-1b-instruct,0.0,AMPS_Hard,math,6b236c5d2b140ad4f5f89a7bab66558f544ca5dbc56712657c189ea0d3596c19
512,llama-3.2-3b-instruct,0.0,AMPS_Hard,math,6b236c5d2b140ad4f5f89a7bab66558f544ca5dbc56712657c189ea0d3596c19
513,mistral-24b,0.0,AMPS_Hard,math,6b236c5d2b140ad4f5f89a7bab66558f544ca5dbc56712657c189ea0d3596c19
514,mistral-7b,0.0,AMPS_Hard,math,6b236c5d2b140ad4f5f89a7bab66558f544ca5dbc56712657c189ea0d3596c19
515,qwen-2.5-3b-instruct,0.0,AMPS_Hard,math,6b236c5d2b140ad4f5f89a7bab66558f544ca5dbc56712657c189ea0d3596c19
516,qwen-32b,0.0,AMPS_Hard,math,6b236c5d2b140ad4f5f89a7bab66558f544ca5dbc56712657c189ea0d3596c19
517,gemma-3-12b-it,0.0,AMPS_Hard,math,6dc64d3890685a662e59cf870fff36f265f15e46d189d3c4feafb0f76d2ba224
518,gemma-3-1b-it,0.0,AMPS_Hard,math,6dc64d3890685a662e59cf870fff36f265f15e46d189d3c4feafb0f76d2ba224
519,gemma-3-4b-it,0.0,AMPS_Hard,math,6dc64d3890685a662e59cf870fff36f265f15e46d189d3c4feafb0f76d2ba224
520,llama-3.1-70b-instruct,0.0,AMPS_Hard,math,6dc64d3890685a662e59cf870fff36f265f15e46d189d3c4feafb0f76d2ba224
521,llama-3.1-8b-instruct,0.0,AMPS_Hard,math,6dc64d3890685a662e59cf870fff36f265f15e46d189d3c4feafb0f76d2ba224
522,llama-3.2-1b-instruct,0.0,AMPS_Hard,math,6dc64d3890685a662e59cf870fff36f265f15e46d189d3c4feafb0f76d2ba224
523,llama-3.2-3b-instruct,0.0,AMPS_Hard,math,6dc64d3890685a662e59cf870fff36f265f15e46d189d3c4feafb0f76d2ba224
524,mistral-24b,0.0,AMPS_Hard,math,6dc64d3890685a662e59cf870fff36f265f15e46d189d3c4feafb0f76d2ba224
525,mistral-7b,0.0,AMPS_Hard,math,6dc64d3890685a662e59cf870fff36f265f15e46d189d3c4feafb0f76d2ba224
526,qwen-2.5-3b-instruct,0.0,AMPS_Hard,math,6dc64d3890685a662e59cf870fff36f265f15e46d189d3c4feafb0f76d2ba224
527,qwen-32b,0.0,AMPS_Hard,math,6dc64d3890685a662e59cf870fff36f265f15e46d189d3c4feafb0f76d2ba224
528,gemma-3-12b-it,100.0,AMPS_Hard,math,76513dc871c41174e02fa4e936b79b7f3293298423aca222ac96ed78db049e31
529,gemma-3-1b-it,0.0,AMPS_Hard,math,76513dc871c41174e02fa4e936b79b7f3293298423aca222ac96ed78db049e31
530,gemma-3-4b-it,100.0,AMPS_Hard,math,76513dc871c41174e02fa4e936b79b7f3293298423aca222ac96ed78db049e31
531,llama-3.1-70b-instruct,100.0,AMPS_Hard,math,76513dc871c41174e02fa4e936b79b7f3293298423aca222ac96ed78db049e31
532,llama-3.1-8b-instruct,0.0,AMPS_Hard,math,76513dc871c41174e02fa4e936b79b7f3293298423aca222ac96ed78db049e31
533,llama-3.2-1b-instruct,100.0,AMPS_Hard,math,76513dc871c41174e02fa4e936b79b7f3293298423aca222ac96ed78db049e31
534,llama-3.2-3b-instruct,100.0,AMPS_Hard,math,76513dc871c41174e02fa4e936b79b7f3293298423aca222ac96ed78db049e31
535,mistral-24b,100.0,AMPS_Hard,math,76513dc871c41174e02fa4e936b79b7f3293298423aca222ac96ed78db049e31
536,mistral-7b,0.0,AMPS_Hard,math,76513dc871c41174e02fa4e936b79b7f3293298423aca222ac96ed78db049e31
537,qwen-2.5-3b-instruct,100.0,AMPS_Hard,math,76513dc871c41174e02fa4e936b79b7f3293298423aca222ac96ed78db049e31
538,qwen-32b,100.0,AMPS_Hard,math,76513dc871c41174e02fa4e936b79b7f3293298423aca222ac96ed78db049e31
539,gemma-3-12b-it,100.0,AMPS_Hard,math,76a560baa3e4a778f321033854ff4e1c22333fce2942359c7534950ad6e38e38
540,gemma-3-1b-it,100.0,AMPS_Hard,math,76a560baa3e4a778f321033854ff4e1c22333fce2942359c7534950ad6e38e38
541,gemma-3-4b-it,100.0,AMPS_Hard,math,76a560baa3e4a778f321033854ff4e1c22333fce2942359c7534950ad6e38e38
542,llama-3.1-70b-instruct,100.0,AMPS_Hard,math,76a560baa3e4a778f321033854ff4e1c22333fce2942359c7534950ad6e38e38
543,llama-3.1-8b-instruct,100.0,AMPS_Hard,math,76a560baa3e4a778f321033854ff4e1c22333fce2942359c7534950ad6e38e38
544,llama-3.2-1b-instruct,100.0,AMPS_Hard,math,76a560baa3e4a778f321033854ff4e1c22333fce2942359c7534950ad6e38e38
545,llama-3.2-3b-instruct,100.0,AMPS_Hard,math,76a560baa3e4a778f321033854ff4e1c22333fce2942359c7534950ad6e38e38
546,mistral-24b,100.0,AMPS_Hard,math,76a560baa3e4a778f321033854ff4e1c22333fce2942359c7534950ad6e38e38
547,mistral-7b,100.0,AMPS_Hard,math,76a560baa3e4a778f321033854ff4e1c22333fce2942359c7534950ad6e38e38
548,qwen-2.5-3b-instruct,100.0,AMPS_Hard,math,76a560baa3e4a778f321033854ff4e1c22333fce2942359c7534950ad6e38e38
549,qwen-32b,100.0,AMPS_Hard,math,76a560baa3e4a778f321033854ff4e1c22333fce2942359c7534950ad6e38e38
550,gemma-3-12b-it,0.0,AMPS_Hard,math,7994355f8431622faebca90825423f38be418071bf1e859aaafd76f2a3dddaf2
551,gemma-3-1b-it,0.0,AMPS_Hard,math,7994355f8431622faebca90825423f38be418071bf1e859aaafd76f2a3dddaf2
552,gemma-3-4b-it,0.0,AMPS_Hard,math,7994355f8431622faebca90825423f38be418071bf1e859aaafd76f2a3dddaf2
553,llama-3.1-70b-instruct,0.0,AMPS_Hard,math,7994355f8431622faebca90825423f38be418071bf1e859aaafd76f2a3dddaf2
554,llama-3.1-8b-instruct,0.0,AMPS_Hard,math,7994355f8431622faebca90825423f38be418071bf1e859aaafd76f2a3dddaf2
555,llama-3.2-1b-instruct,0.0,AMPS_Hard,math,7994355f8431622faebca90825423f38be418071bf1e859aaafd76f2a3dddaf2
556,llama-3.2-3b-instruct,0.0,AMPS_Hard,math,7994355f8431622faebca90825423f38be418071bf1e859aaafd76f2a3dddaf2
557,mistral-24b,0.0,AMPS_Hard,math,7994355f8431622faebca90825423f38be418071bf1e859aaafd76f2a3dddaf2
558,mistral-7b,0.0,AMPS_Hard,math,7994355f8431622faebca90825423f38be418071bf1e859aaafd76f2a3dddaf2
559,qwen-2.5-3b-instruct,0.0,AMPS_Hard,math,7994355f8431622faebca90825423f38be418071bf1e859aaafd76f2a3dddaf2
560,qwen-32b,0.0,AMPS_Hard,math,7994355f8431622faebca90825423f38be418071bf1e859aaafd76f2a3dddaf2
561,gemma-3-12b-it,100.0,AMPS_Hard,math,799e4b2652eeb01424079c0e1e272609e0e564794c7a6af0ebd81ce075c3fc68
562,gemma-3-1b-it,100.0,AMPS_Hard,math,799e4b2652eeb01424079c0e1e272609e0e564794c7a6af0ebd81ce075c3fc68
563,gemma-3-4b-it,100.0,AMPS_Hard,math,799e4b2652eeb01424079c0e1e272609e0e564794c7a6af0ebd81ce075c3fc68
564,llama-3.1-70b-instruct,0.0,AMPS_Hard,math,799e4b2652eeb01424079c0e1e272609e0e564794c7a6af0ebd81ce075c3fc68
565,llama-3.1-8b-instruct,0.0,AMPS_Hard,math,799e4b2652eeb01424079c0e1e272609e0e564794c7a6af0ebd81ce075c3fc68
566,llama-3.2-1b-instruct,0.0,AMPS_Hard,math,799e4b2652eeb01424079c0e1e272609e0e564794c7a6af0ebd81ce075c3fc68
567,llama-3.2-3b-instruct,0.0,AMPS_Hard,math,799e4b2652eeb01424079c0e1e272609e0e564794c7a6af0ebd81ce075c3fc68
568,mistral-24b,0.0,AMPS_Hard,math,799e4b2652eeb01424079c0e1e272609e0e564794c7a6af0ebd81ce075c3fc68
569,mistral-7b,0.0,AMPS_Hard,math,799e4b2652eeb01424079c0e1e272609e0e564794c7a6af0ebd81ce075c3fc68
570,qwen-2.5-3b-instruct,100.0,AMPS_Hard,math,799e4b2652eeb01424079c0e1e272609e0e564794c7a6af0ebd81ce075c3fc68
571,qwen-32b,0.0,AMPS_Hard,math,799e4b2652eeb01424079c0e1e272609e0e564794c7a6af0ebd81ce075c3fc68
572,gemma-3-12b-it,100.0,AMPS_Hard,math,79fa8737d5b95f45c35b0c8a87b20c5a1eb73095eb32fee208e13de824d59d76
573,gemma-3-1b-it,0.0,AMPS_Hard,math,79fa8737d5b95f45c35b0c8a87b20c5a1eb73095eb32fee208e13de824d59d76
574,gemma-3-4b-it,100.0,AMPS_Hard,math,79fa8737d5b95f45c35b0c8a87b20c5a1eb73095eb32fee208e13de824d59d76
575,llama-3.1-70b-instruct,0.0,AMPS_Hard,math,79fa8737d5b95f45c35b0c8a87b20c5a1eb73095eb32fee208e13de824d59d76
576,llama-3.1-8b-instruct,0.0,AMPS_Hard,math,79fa8737d5b95f45c35b0c8a87b20c5a1eb73095eb32fee208e13de824d59d76
577,llama-3.2-1b-instruct,0.0,AMPS_Hard,math,79fa8737d5b95f45c35b0c8a87b20c5a1eb73095eb32fee208e13de824d59d76
578,llama-3.2-3b-instruct,0.0,AMPS_Hard,math,79fa8737d5b95f45c35b0c8a87b20c5a1eb73095eb32fee208e13de824d59d76
579,mistral-24b,0.0,AMPS_Hard,math,79fa8737d5b95f45c35b0c8a87b20c5a1eb73095eb32fee208e13de824d59d76
580,mistral-7b,0.0,AMPS_Hard,math,79fa8737d5b95f45c35b0c8a87b20c5a1eb73095eb32fee208e13de824d59d76
581,qwen-2.5-3b-instruct,100.0,AMPS_Hard,math,79fa8737d5b95f45c35b0c8a87b20c5a1eb73095eb32fee208e13de824d59d76
582,qwen-32b,100.0,AMPS_Hard,math,79fa8737d5b95f45c35b0c8a87b20c5a1eb73095eb32fee208e13de824d59d76
583,gemma-3-12b-it,0.0,AMPS_Hard,math,813a2590ad5565a94924a64f20b51eb7b718954a970f422929df7bed73238167
584,gemma-3-1b-it,0.0,AMPS_Hard,math,813a2590ad5565a94924a64f20b51eb7b718954a970f422929df7bed73238167
585,gemma-3-4b-it,100.0,AMPS_Hard,math,813a2590ad5565a94924a64f20b51eb7b718954a970f422929df7bed73238167
586,llama-3.1-70b-instruct,100.0,AMPS_Hard,math,813a2590ad5565a94924a64f20b51eb7b718954a970f422929df7bed73238167
587,llama-3.1-8b-instruct,0.0,AMPS_Hard,math,813a2590ad5565a94924a64f20b51eb7b718954a970f422929df7bed73238167
588,llama-3.2-1b-instruct,0.0,AMPS_Hard,math,813a2590ad5565a94924a64f20b51eb7b718954a970f422929df7bed73238167
589,llama-3.2-3b-instruct,0.0,AMPS_Hard,math,813a2590ad5565a94924a64f20b51eb7b718954a970f422929df7bed73238167
590,mistral-24b,0.0,AMPS_Hard,math,813a2590ad5565a94924a64f20b51eb7b718954a970f422929df7bed73238167
591,mistral-7b,0.0,AMPS_Hard,math,813a2590ad5565a94924a64f20b51eb7b718954a970f422929df7bed73238167
592,qwen-2.5-3b-instruct,0.0,AMPS_Hard,math,813a2590ad5565a94924a64f20b51eb7b718954a970f422929df7bed73238167
593,qwen-32b,100.0,AMPS_Hard,math,813a2590ad5565a94924a64f20b51eb7b718954a970f422929df7bed73238167
594,gemma-3-12b-it,0.0,AMPS_Hard,math,81f6df2fcbefbd9da4e06e0f7923194607cc834fd584b061f083af99342b8376
595,gemma-3-1b-it,0.0,AMPS_Hard,math,81f6df2fcbefbd9da4e06e0f7923194607cc834fd584b061f083af99342b8376
596,gemma-3-4b-it,0.0,AMPS_Hard,math,81f6df2fcbefbd9da4e06e0f7923194607cc834fd584b061f083af99342b8376
597,llama-3.1-70b-instruct,100.0,AMPS_Hard,math,81f6df2fcbefbd9da4e06e0f7923194607cc834fd584b061f083af99342b8376
598,llama-3.1-8b-instruct,0.0,AMPS_Hard,math,81f6df2fcbefbd9da4e06e0f7923194607cc834fd584b061f083af99342b8376
599,llama-3.2-1b-instruct,0.0,AMPS_Hard,math,81f6df2fcbefbd9da4e06e0f7923194607cc834fd584b061f083af99342b8376
600,llama-3.2-3b-instruct,0.0,AMPS_Hard,math,81f6df2fcbefbd9da4e06e0f7923194607cc834fd584b061f083af99342b8376
601,mistral-24b,0.0,AMPS_Hard,math,81f6df2fcbefbd9da4e06e0f7923194607cc834fd584b061f083af99342b8376
602,mistral-7b,0.0,AMPS_Hard,math,81f6df2fcbefbd9da4e06e0f7923194607cc834fd584b061f083af99342b8376
603,qwen-2.5-3b-instruct,0.0,AMPS_Hard,math,81f6df2fcbefbd9da4e06e0f7923194607cc834fd584b061f083af99342b8376
604,qwen-32b,100.0,AMPS_Hard,math,81f6df2fcbefbd9da4e06e0f7923194607cc834fd584b061f083af99342b8376
605,gemma-3-12b-it,100.0,AMPS_Hard,math,94364865e2a3f0a22e639bc212a0241386415cc60e5fd2106d029ca23f997bf4
606,gemma-3-1b-it,0.0,AMPS_Hard,math,94364865e2a3f0a22e639bc212a0241386415cc60e5fd2106d029ca23f997bf4
607,gemma-3-4b-it,100.0,AMPS_Hard,math,94364865e2a3f0a22e639bc212a0241386415cc60e5fd2106d029ca23f997bf4
608,llama-3.1-70b-instruct,100.0,AMPS_Hard,math,94364865e2a3f0a22e639bc212a0241386415cc60e5fd2106d029ca23f997bf4
609,llama-3.1-8b-instruct,100.0,AMPS_Hard,math,94364865e2a3f0a22e639bc212a0241386415cc60e5fd2106d029ca23f997bf4
610,llama-3.2-1b-instruct,0.0,AMPS_Hard,math,94364865e2a3f0a22e639bc212a0241386415cc60e5fd2106d029ca23f997bf4
611,llama-3.2-3b-instruct,100.0,AMPS_Hard,math,94364865e2a3f0a22e639bc212a0241386415cc60e5fd2106d029ca23f997bf4
612,mistral-24b,0.0,AMPS_Hard,math,94364865e2a3f0a22e639bc212a0241386415cc60e5fd2106d029ca23f997bf4
613,mistral-7b,0.0,AMPS_Hard,math,94364865e2a3f0a22e639bc212a0241386415cc60e5fd2106d029ca23f997bf4
614,qwen-2.5-3b-instruct,100.0,AMPS_Hard,math,94364865e2a3f0a22e639bc212a0241386415cc60e5fd2106d029ca23f997bf4
615,qwen-32b,100.0,AMPS_Hard,math,94364865e2a3f0a22e639bc212a0241386415cc60e5fd2106d029ca23f997bf4
616,gemma-3-12b-it,0.0,AMPS_Hard,math,9aba49ea3701ec6cfe753dc8071b5e487d575b5f04e236e6cba9aecedf271f11
617,gemma-3-1b-it,0.0,AMPS_Hard,math,9aba49ea3701ec6cfe753dc8071b5e487d575b5f04e236e6cba9aecedf271f11
618,gemma-3-4b-it,0.0,AMPS_Hard,math,9aba49ea3701ec6cfe753dc8071b5e487d575b5f04e236e6cba9aecedf271f11
619,llama-3.1-70b-instruct,0.0,AMPS_Hard,math,9aba49ea3701ec6cfe753dc8071b5e487d575b5f04e236e6cba9aecedf271f11
620,llama-3.1-8b-instruct,0.0,AMPS_Hard,math,9aba49ea3701ec6cfe753dc8071b5e487d575b5f04e236e6cba9aecedf271f11
621,llama-3.2-1b-instruct,0.0,AMPS_Hard,math,9aba49ea3701ec6cfe753dc8071b5e487d575b5f04e236e6cba9aecedf271f11
622,llama-3.2-3b-instruct,0.0,AMPS_Hard,math,9aba49ea3701ec6cfe753dc8071b5e487d575b5f04e236e6cba9aecedf271f11
623,mistral-24b,0.0,AMPS_Hard,math,9aba49ea3701ec6cfe753dc8071b5e487d575b5f04e236e6cba9aecedf271f11
624,mistral-7b,0.0,AMPS_Hard,math,9aba49ea3701ec6cfe753dc8071b5e487d575b5f04e236e6cba9aecedf271f11
625,qwen-2.5-3b-instruct,0.0,AMPS_Hard,math,9aba49ea3701ec6cfe753dc8071b5e487d575b5f04e236e6cba9aecedf271f11
626,qwen-32b,0.0,AMPS_Hard,math,9aba49ea3701ec6cfe753dc8071b5e487d575b5f04e236e6cba9aecedf271f11
627,gemma-3-12b-it,100.0,AMPS_Hard,math,9de987b7e2739f333b5225cee7b799461bc4697f2db715601a5f4cf5bd9af7cc
628,gemma-3-1b-it,100.0,AMPS_Hard,math,9de987b7e2739f333b5225cee7b799461bc4697f2db715601a5f4cf5bd9af7cc
629,gemma-3-4b-it,100.0,AMPS_Hard,math,9de987b7e2739f333b5225cee7b799461bc4697f2db715601a5f4cf5bd9af7cc
630,llama-3.1-70b-instruct,0.0,AMPS_Hard,math,9de987b7e2739f333b5225cee7b799461bc4697f2db715601a5f4cf5bd9af7cc
631,llama-3.1-8b-instruct,0.0,AMPS_Hard,math,9de987b7e2739f333b5225cee7b799461bc4697f2db715601a5f4cf5bd9af7cc
632,llama-3.2-1b-instruct,0.0,AMPS_Hard,math,9de987b7e2739f333b5225cee7b799461bc4697f2db715601a5f4cf5bd9af7cc
633,llama-3.2-3b-instruct,0.0,AMPS_Hard,math,9de987b7e2739f333b5225cee7b799461bc4697f2db715601a5f4cf5bd9af7cc
634,mistral-24b,0.0,AMPS_Hard,math,9de987b7e2739f333b5225cee7b799461bc4697f2db715601a5f4cf5bd9af7cc
635,mistral-7b,0.0,AMPS_Hard,math,9de987b7e2739f333b5225cee7b799461bc4697f2db715601a5f4cf5bd9af7cc
636,qwen-2.5-3b-instruct,100.0,AMPS_Hard,math,9de987b7e2739f333b5225cee7b799461bc4697f2db715601a5f4cf5bd9af7cc
637,qwen-32b,100.0,AMPS_Hard,math,9de987b7e2739f333b5225cee7b799461bc4697f2db715601a5f4cf5bd9af7cc
638,gemma-3-12b-it,0.0,AMPS_Hard,math,9e69bcbbbfdd17229a4b0897e20d66f4f4f22452efc9dcca75ba21c03b90ec09
639,gemma-3-1b-it,0.0,AMPS_Hard,math,9e69bcbbbfdd17229a4b0897e20d66f4f4f22452efc9dcca75ba21c03b90ec09
640,gemma-3-4b-it,0.0,AMPS_Hard,math,9e69bcbbbfdd17229a4b0897e20d66f4f4f22452efc9dcca75ba21c03b90ec09
641,llama-3.1-70b-instruct,0.0,AMPS_Hard,math,9e69bcbbbfdd17229a4b0897e20d66f4f4f22452efc9dcca75ba21c03b90ec09
642,llama-3.1-8b-instruct,0.0,AMPS_Hard,math,9e69bcbbbfdd17229a4b0897e20d66f4f4f22452efc9dcca75ba21c03b90ec09
643,llama-3.2-1b-instruct,0.0,AMPS_Hard,math,9e69bcbbbfdd17229a4b0897e20d66f4f4f22452efc9dcca75ba21c03b90ec09
644,llama-3.2-3b-instruct,0.0,AMPS_Hard,math,9e69bcbbbfdd17229a4b0897e20d66f4f4f22452efc9dcca75ba21c03b90ec09
645,mistral-24b,0.0,AMPS_Hard,math,9e69bcbbbfdd17229a4b0897e20d66f4f4f22452efc9dcca75ba21c03b90ec09
646,mistral-7b,0.0,AMPS_Hard,math,9e69bcbbbfdd17229a4b0897e20d66f4f4f22452efc9dcca75ba21c03b90ec09
647,qwen-2.5-3b-instruct,0.0,AMPS_Hard,math,9e69bcbbbfdd17229a4b0897e20d66f4f4f22452efc9dcca75ba21c03b90ec09
648,qwen-32b,0.0,AMPS_Hard,math,9e69bcbbbfdd17229a4b0897e20d66f4f4f22452efc9dcca75ba21c03b90ec09
649,gemma-3-12b-it,100.0,AMPS_Hard,math,9f1e08e09cb153db9c348cb9b42b199b076f70ab6725140389ab1947e2134c16
650,gemma-3-1b-it,100.0,AMPS_Hard,math,9f1e08e09cb153db9c348cb9b42b199b076f70ab6725140389ab1947e2134c16
651,gemma-3-4b-it,100.0,AMPS_Hard,math,9f1e08e09cb153db9c348cb9b42b199b076f70ab6725140389ab1947e2134c16
652,llama-3.1-70b-instruct,100.0,AMPS_Hard,math,9f1e08e09cb153db9c348cb9b42b199b076f70ab6725140389ab1947e2134c16
653,llama-3.1-8b-instruct,0.0,AMPS_Hard,math,9f1e08e09cb153db9c348cb9b42b199b076f70ab6725140389ab1947e2134c16
654,llama-3.2-1b-instruct,0.0,AMPS_Hard,math,9f1e08e09cb153db9c348cb9b42b199b076f70ab6725140389ab1947e2134c16
655,llama-3.2-3b-instruct,0.0,AMPS_Hard,math,9f1e08e09cb153db9c348cb9b42b199b076f70ab6725140389ab1947e2134c16
656,mistral-24b,100.0,AMPS_Hard,math,9f1e08e09cb153db9c348cb9b42b199b076f70ab6725140389ab1947e2134c16
657,mistral-7b,0.0,AMPS_Hard,math,9f1e08e09cb153db9c348cb9b42b199b076f70ab6725140389ab1947e2134c16
658,qwen-2.5-3b-instruct,100.0,AMPS_Hard,math,9f1e08e09cb153db9c348cb9b42b199b076f70ab6725140389ab1947e2134c16
659,qwen-32b,100.0,AMPS_Hard,math,9f1e08e09cb153db9c348cb9b42b199b076f70ab6725140389ab1947e2134c16
660,gemma-3-12b-it,100.0,AMPS_Hard,math,a1cccb6363eb69b14be1666c10b4e6f3626d7f7f39d101222b9d1c50a8fe50ed
661,gemma-3-1b-it,0.0,AMPS_Hard,math,a1cccb6363eb69b14be1666c10b4e6f3626d7f7f39d101222b9d1c50a8fe50ed
662,gemma-3-4b-it,0.0,AMPS_Hard,math,a1cccb6363eb69b14be1666c10b4e6f3626d7f7f39d101222b9d1c50a8fe50ed
663,llama-3.1-70b-instruct,0.0,AMPS_Hard,math,a1cccb6363eb69b14be1666c10b4e6f3626d7f7f39d101222b9d1c50a8fe50ed
664,llama-3.1-8b-instruct,0.0,AMPS_Hard,math,a1cccb6363eb69b14be1666c10b4e6f3626d7f7f39d101222b9d1c50a8fe50ed
665,llama-3.2-1b-instruct,0.0,AMPS_Hard,math,a1cccb6363eb69b14be1666c10b4e6f3626d7f7f39d101222b9d1c50a8fe50ed
666,llama-3.2-3b-instruct,0.0,AMPS_Hard,math,a1cccb6363eb69b14be1666c10b4e6f3626d7f7f39d101222b9d1c50a8fe50ed
667,mistral-24b,0.0,AMPS_Hard,math,a1cccb6363eb69b14be1666c10b4e6f3626d7f7f39d101222b9d1c50a8fe50ed
668,mistral-7b,0.0,AMPS_Hard,math,a1cccb6363eb69b14be1666c10b4e6f3626d7f7f39d101222b9d1c50a8fe50ed
669,qwen-2.5-3b-instruct,0.0,AMPS_Hard,math,a1cccb6363eb69b14be1666c10b4e6f3626d7f7f39d101222b9d1c50a8fe50ed
670,qwen-32b,0.0,AMPS_Hard,math,a1cccb6363eb69b14be1666c10b4e6f3626d7f7f39d101222b9d1c50a8fe50ed
671,gemma-3-12b-it,100.0,AMPS_Hard,math,a357d96731893796391aec9a4daafc89c857d94e72f7217eaeb820e2a9bd6a47
672,gemma-3-1b-it,0.0,AMPS_Hard,math,a357d96731893796391aec9a4daafc89c857d94e72f7217eaeb820e2a9bd6a47
673,gemma-3-4b-it,100.0,AMPS_Hard,math,a357d96731893796391aec9a4daafc89c857d94e72f7217eaeb820e2a9bd6a47
674,llama-3.1-70b-instruct,0.0,AMPS_Hard,math,a357d96731893796391aec9a4daafc89c857d94e72f7217eaeb820e2a9bd6a47
675,llama-3.1-8b-instruct,0.0,AMPS_Hard,math,a357d96731893796391aec9a4daafc89c857d94e72f7217eaeb820e2a9bd6a47
676,llama-3.2-1b-instruct,0.0,AMPS_Hard,math,a357d96731893796391aec9a4daafc89c857d94e72f7217eaeb820e2a9bd6a47
677,llama-3.2-3b-instruct,0.0,AMPS_Hard,math,a357d96731893796391aec9a4daafc89c857d94e72f7217eaeb820e2a9bd6a47
678,mistral-24b,100.0,AMPS_Hard,math,a357d96731893796391aec9a4daafc89c857d94e72f7217eaeb820e2a9bd6a47
679,mistral-7b,0.0,AMPS_Hard,math,a357d96731893796391aec9a4daafc89c857d94e72f7217eaeb820e2a9bd6a47
680,qwen-2.5-3b-instruct,100.0,AMPS_Hard,math,a357d96731893796391aec9a4daafc89c857d94e72f7217eaeb820e2a9bd6a47
681,qwen-32b,100.0,AMPS_Hard,math,a357d96731893796391aec9a4daafc89c857d94e72f7217eaeb820e2a9bd6a47
682,gemma-3-12b-it,100.0,AMPS_Hard,math,a430c98bb36dc61f96279cb541bc7a20fe3843f9d057c53e2291ea80e19ebd23
683,gemma-3-1b-it,0.0,AMPS_Hard,math,a430c98bb36dc61f96279cb541bc7a20fe3843f9d057c53e2291ea80e19ebd23
684,gemma-3-4b-it,100.0,AMPS_Hard,math,a430c98bb36dc61f96279cb541bc7a20fe3843f9d057c53e2291ea80e19ebd23
685,llama-3.1-70b-instruct,100.0,AMPS_Hard,math,a430c98bb36dc61f96279cb541bc7a20fe3843f9d057c53e2291ea80e19ebd23
686,llama-3.1-8b-instruct,100.0,AMPS_Hard,math,a430c98bb36dc61f96279cb541bc7a20fe3843f9d057c53e2291ea80e19ebd23
687,llama-3.2-1b-instruct,100.0,AMPS_Hard,math,a430c98bb36dc61f96279cb541bc7a20fe3843f9d057c53e2291ea80e19ebd23
688,llama-3.2-3b-instruct,0.0,AMPS_Hard,math,a430c98bb36dc61f96279cb541bc7a20fe3843f9d057c53e2291ea80e19ebd23
689,mistral-24b,100.0,AMPS_Hard,math,a430c98bb36dc61f96279cb541bc7a20fe3843f9d057c53e2291ea80e19ebd23
690,mistral-7b,0.0,AMPS_Hard,math,a430c98bb36dc61f96279cb541bc7a20fe3843f9d057c53e2291ea80e19ebd23
691,qwen-2.5-3b-instruct,100.0,AMPS_Hard,math,a430c98bb36dc61f96279cb541bc7a20fe3843f9d057c53e2291ea80e19ebd23
692,qwen-32b,100.0,AMPS_Hard,math,a430c98bb36dc61f96279cb541bc7a20fe3843f9d057c53e2291ea80e19ebd23
693,gemma-3-12b-it,100.0,AMPS_Hard,math,a7076c4f5c58e9e81f7ef76e3fbf6ec7dd28f5fd9d644500f0d007cca4fd3367
694,gemma-3-1b-it,0.0,AMPS_Hard,math,a7076c4f5c58e9e81f7ef76e3fbf6ec7dd28f5fd9d644500f0d007cca4fd3367
695,gemma-3-4b-it,100.0,AMPS_Hard,math,a7076c4f5c58e9e81f7ef76e3fbf6ec7dd28f5fd9d644500f0d007cca4fd3367
696,llama-3.1-70b-instruct,0.0,AMPS_Hard,math,a7076c4f5c58e9e81f7ef76e3fbf6ec7dd28f5fd9d644500f0d007cca4fd3367
697,llama-3.1-8b-instruct,0.0,AMPS_Hard,math,a7076c4f5c58e9e81f7ef76e3fbf6ec7dd28f5fd9d644500f0d007cca4fd3367
698,llama-3.2-1b-instruct,0.0,AMPS_Hard,math,a7076c4f5c58e9e81f7ef76e3fbf6ec7dd28f5fd9d644500f0d007cca4fd3367
699,llama-3.2-3b-instruct,0.0,AMPS_Hard,math,a7076c4f5c58e9e81f7ef76e3fbf6ec7dd28f5fd9d644500f0d007cca4fd3367
700,mistral-24b,0.0,AMPS_Hard,math,a7076c4f5c58e9e81f7ef76e3fbf6ec7dd28f5fd9d644500f0d007cca4fd3367
701,mistral-7b,0.0,AMPS_Hard,math,a7076c4f5c58e9e81f7ef76e3fbf6ec7dd28f5fd9d644500f0d007cca4fd3367
702,qwen-2.5-3b-instruct,0.0,AMPS_Hard,math,a7076c4f5c58e9e81f7ef76e3fbf6ec7dd28f5fd9d644500f0d007cca4fd3367
703,qwen-32b,0.0,AMPS_Hard,math,a7076c4f5c58e9e81f7ef76e3fbf6ec7dd28f5fd9d644500f0d007cca4fd3367
704,gemma-3-12b-it,100.0,AMPS_Hard,math,a9822a81de53b287b11ccab159be018e1085c75e8cf61640d5384e471451ee0f
705,gemma-3-1b-it,0.0,AMPS_Hard,math,a9822a81de53b287b11ccab159be018e1085c75e8cf61640d5384e471451ee0f
706,gemma-3-4b-it,0.0,AMPS_Hard,math,a9822a81de53b287b11ccab159be018e1085c75e8cf61640d5384e471451ee0f
707,llama-3.1-70b-instruct,0.0,AMPS_Hard,math,a9822a81de53b287b11ccab159be018e1085c75e8cf61640d5384e471451ee0f
708,llama-3.1-8b-instruct,0.0,AMPS_Hard,math,a9822a81de53b287b11ccab159be018e1085c75e8cf61640d5384e471451ee0f
709,llama-3.2-1b-instruct,0.0,AMPS_Hard,math,a9822a81de53b287b11ccab159be018e1085c75e8cf61640d5384e471451ee0f
710,llama-3.2-3b-instruct,0.0,AMPS_Hard,math,a9822a81de53b287b11ccab159be018e1085c75e8cf61640d5384e471451ee0f
711,mistral-24b,0.0,AMPS_Hard,math,a9822a81de53b287b11ccab159be018e1085c75e8cf61640d5384e471451ee0f
712,mistral-7b,0.0,AMPS_Hard,math,a9822a81de53b287b11ccab159be018e1085c75e8cf61640d5384e471451ee0f
713,qwen-2.5-3b-instruct,0.0,AMPS_Hard,math,a9822a81de53b287b11ccab159be018e1085c75e8cf61640d5384e471451ee0f
714,qwen-32b,100.0,AMPS_Hard,math,a9822a81de53b287b11ccab159be018e1085c75e8cf61640d5384e471451ee0f
715,gemma-3-12b-it,100.0,AMPS_Hard,math,a9e574313b614eec19bcc03d6c3f8e44deaf5b866cee7080bb239e415a189d15
716,gemma-3-1b-it,100.0,AMPS_Hard,math,a9e574313b614eec19bcc03d6c3f8e44deaf5b866cee7080bb239e415a189d15
717,gemma-3-4b-it,100.0,AMPS_Hard,math,a9e574313b614eec19bcc03d6c3f8e44deaf5b866cee7080bb239e415a189d15
718,llama-3.1-70b-instruct,100.0,AMPS_Hard,math,a9e574313b614eec19bcc03d6c3f8e44deaf5b866cee7080bb239e415a189d15
719,llama-3.1-8b-instruct,0.0,AMPS_Hard,math,a9e574313b614eec19bcc03d6c3f8e44deaf5b866cee7080bb239e415a189d15
720,llama-3.2-1b-instruct,0.0,AMPS_Hard,math,a9e574313b614eec19bcc03d6c3f8e44deaf5b866cee7080bb239e415a189d15
721,llama-3.2-3b-instruct,0.0,AMPS_Hard,math,a9e574313b614eec19bcc03d6c3f8e44deaf5b866cee7080bb239e415a189d15
722,mistral-24b,100.0,AMPS_Hard,math,a9e574313b614eec19bcc03d6c3f8e44deaf5b866cee7080bb239e415a189d15
723,mistral-7b,0.0,AMPS_Hard,math,a9e574313b614eec19bcc03d6c3f8e44deaf5b866cee7080bb239e415a189d15
724,qwen-2.5-3b-instruct,100.0,AMPS_Hard,math,a9e574313b614eec19bcc03d6c3f8e44deaf5b866cee7080bb239e415a189d15
725,qwen-32b,100.0,AMPS_Hard,math,a9e574313b614eec19bcc03d6c3f8e44deaf5b866cee7080bb239e415a189d15
726,gemma-3-12b-it,0.0,AMPS_Hard,math,aa2a15208cad319abd3738bee4e9f7ceaffbf4d56dd7eeff090c442a584ee1f4
727,gemma-3-1b-it,0.0,AMPS_Hard,math,aa2a15208cad319abd3738bee4e9f7ceaffbf4d56dd7eeff090c442a584ee1f4
728,gemma-3-4b-it,0.0,AMPS_Hard,math,aa2a15208cad319abd3738bee4e9f7ceaffbf4d56dd7eeff090c442a584ee1f4
729,llama-3.1-70b-instruct,0.0,AMPS_Hard,math,aa2a15208cad319abd3738bee4e9f7ceaffbf4d56dd7eeff090c442a584ee1f4
730,llama-3.1-8b-instruct,0.0,AMPS_Hard,math,aa2a15208cad319abd3738bee4e9f7ceaffbf4d56dd7eeff090c442a584ee1f4
731,llama-3.2-1b-instruct,0.0,AMPS_Hard,math,aa2a15208cad319abd3738bee4e9f7ceaffbf4d56dd7eeff090c442a584ee1f4
732,llama-3.2-3b-instruct,0.0,AMPS_Hard,math,aa2a15208cad319abd3738bee4e9f7ceaffbf4d56dd7eeff090c442a584ee1f4
733,mistral-24b,0.0,AMPS_Hard,math,aa2a15208cad319abd3738bee4e9f7ceaffbf4d56dd7eeff090c442a584ee1f4
734,mistral-7b,0.0,AMPS_Hard,math,aa2a15208cad319abd3738bee4e9f7ceaffbf4d56dd7eeff090c442a584ee1f4
735,qwen-2.5-3b-instruct,0.0,AMPS_Hard,math,aa2a15208cad319abd3738bee4e9f7ceaffbf4d56dd7eeff090c442a584ee1f4
736,qwen-32b,0.0,AMPS_Hard,math,aa2a15208cad319abd3738bee4e9f7ceaffbf4d56dd7eeff090c442a584ee1f4
737,gemma-3-12b-it,0.0,AMPS_Hard,math,b790b0092a39d1144336e52e36c156e7b6c2c08f41facad3cc5cbfc63c509422
738,gemma-3-1b-it,0.0,AMPS_Hard,math,b790b0092a39d1144336e52e36c156e7b6c2c08f41facad3cc5cbfc63c509422
739,gemma-3-4b-it,0.0,AMPS_Hard,math,b790b0092a39d1144336e52e36c156e7b6c2c08f41facad3cc5cbfc63c509422
740,llama-3.1-70b-instruct,0.0,AMPS_Hard,math,b790b0092a39d1144336e52e36c156e7b6c2c08f41facad3cc5cbfc63c509422
741,llama-3.1-8b-instruct,0.0,AMPS_Hard,math,b790b0092a39d1144336e52e36c156e7b6c2c08f41facad3cc5cbfc63c509422
742,llama-3.2-1b-instruct,0.0,AMPS_Hard,math,b790b0092a39d1144336e52e36c156e7b6c2c08f41facad3cc5cbfc63c509422
743,llama-3.2-3b-instruct,0.0,AMPS_Hard,math,b790b0092a39d1144336e52e36c156e7b6c2c08f41facad3cc5cbfc63c509422
744,mistral-24b,0.0,AMPS_Hard,math,b790b0092a39d1144336e52e36c156e7b6c2c08f41facad3cc5cbfc63c509422
745,mistral-7b,0.0,AMPS_Hard,math,b790b0092a39d1144336e52e36c156e7b6c2c08f41facad3cc5cbfc63c509422
746,qwen-2.5-3b-instruct,0.0,AMPS_Hard,math,b790b0092a39d1144336e52e36c156e7b6c2c08f41facad3cc5cbfc63c509422
747,qwen-32b,0.0,AMPS_Hard,math,b790b0092a39d1144336e52e36c156e7b6c2c08f41facad3cc5cbfc63c509422
748,gemma-3-12b-it,100.0,AMPS_Hard,math,b90d2cf2c33dcc9405168eeeebc3107d721faa3140dbd890aab6d1f2afd2cef8
749,gemma-3-1b-it,100.0,AMPS_Hard,math,b90d2cf2c33dcc9405168eeeebc3107d721faa3140dbd890aab6d1f2afd2cef8
750,gemma-3-4b-it,100.0,AMPS_Hard,math,b90d2cf2c33dcc9405168eeeebc3107d721faa3140dbd890aab6d1f2afd2cef8
751,llama-3.1-70b-instruct,0.0,AMPS_Hard,math,b90d2cf2c33dcc9405168eeeebc3107d721faa3140dbd890aab6d1f2afd2cef8
752,llama-3.1-8b-instruct,0.0,AMPS_Hard,math,b90d2cf2c33dcc9405168eeeebc3107d721faa3140dbd890aab6d1f2afd2cef8
753,llama-3.2-1b-instruct,0.0,AMPS_Hard,math,b90d2cf2c33dcc9405168eeeebc3107d721faa3140dbd890aab6d1f2afd2cef8
754,llama-3.2-3b-instruct,0.0,AMPS_Hard,math,b90d2cf2c33dcc9405168eeeebc3107d721faa3140dbd890aab6d1f2afd2cef8
755,mistral-24b,0.0,AMPS_Hard,math,b90d2cf2c33dcc9405168eeeebc3107d721faa3140dbd890aab6d1f2afd2cef8
756,mistral-7b,0.0,AMPS_Hard,math,b90d2cf2c33dcc9405168eeeebc3107d721faa3140dbd890aab6d1f2afd2cef8
757,qwen-2.5-3b-instruct,100.0,AMPS_Hard,math,b90d2cf2c33dcc9405168eeeebc3107d721faa3140dbd890aab6d1f2afd2cef8
758,qwen-32b,100.0,AMPS_Hard,math,b90d2cf2c33dcc9405168eeeebc3107d721faa3140dbd890aab6d1f2afd2cef8
759,gemma-3-12b-it,100.0,AMPS_Hard,math,ba4e9d1ab1f79dee69a26796cf701e83a97433ad08814b30191bbd4600860edc
760,gemma-3-1b-it,100.0,AMPS_Hard,math,ba4e9d1ab1f79dee69a26796cf701e83a97433ad08814b30191bbd4600860edc
761,gemma-3-4b-it,100.0,AMPS_Hard,math,ba4e9d1ab1f79dee69a26796cf701e83a97433ad08814b30191bbd4600860edc
762,llama-3.1-70b-instruct,0.0,AMPS_Hard,math,ba4e9d1ab1f79dee69a26796cf701e83a97433ad08814b30191bbd4600860edc
763,llama-3.1-8b-instruct,0.0,AMPS_Hard,math,ba4e9d1ab1f79dee69a26796cf701e83a97433ad08814b30191bbd4600860edc
764,llama-3.2-1b-instruct,0.0,AMPS_Hard,math,ba4e9d1ab1f79dee69a26796cf701e83a97433ad08814b30191bbd4600860edc
765,llama-3.2-3b-instruct,0.0,AMPS_Hard,math,ba4e9d1ab1f79dee69a26796cf701e83a97433ad08814b30191bbd4600860edc
766,mistral-24b,0.0,AMPS_Hard,math,ba4e9d1ab1f79dee69a26796cf701e83a97433ad08814b30191bbd4600860edc
767,mistral-7b,0.0,AMPS_Hard,math,ba4e9d1ab1f79dee69a26796cf701e83a97433ad08814b30191bbd4600860edc
768,qwen-2.5-3b-instruct,100.0,AMPS_Hard,math,ba4e9d1ab1f79dee69a26796cf701e83a97433ad08814b30191bbd4600860edc
769,qwen-32b,100.0,AMPS_Hard,math,ba4e9d1ab1f79dee69a26796cf701e83a97433ad08814b30191bbd4600860edc
770,gemma-3-12b-it,100.0,AMPS_Hard,math,bca7b428abb8631a21dfc630b7582b7b048e87391ba46463726340fc91198561
771,gemma-3-1b-it,100.0,AMPS_Hard,math,bca7b428abb8631a21dfc630b7582b7b048e87391ba46463726340fc91198561
772,gemma-3-4b-it,100.0,AMPS_Hard,math,bca7b428abb8631a21dfc630b7582b7b048e87391ba46463726340fc91198561
773,llama-3.1-70b-instruct,100.0,AMPS_Hard,math,bca7b428abb8631a21dfc630b7582b7b048e87391ba46463726340fc91198561
774,llama-3.1-8b-instruct,0.0,AMPS_Hard,math,bca7b428abb8631a21dfc630b7582b7b048e87391ba46463726340fc91198561
775,llama-3.2-1b-instruct,0.0,AMPS_Hard,math,bca7b428abb8631a21dfc630b7582b7b048e87391ba46463726340fc91198561
776,llama-3.2-3b-instruct,0.0,AMPS_Hard,math,bca7b428abb8631a21dfc630b7582b7b048e87391ba46463726340fc91198561
777,mistral-24b,0.0,AMPS_Hard,math,bca7b428abb8631a21dfc630b7582b7b048e87391ba46463726340fc91198561
778,mistral-7b,0.0,AMPS_Hard,math,bca7b428abb8631a21dfc630b7582b7b048e87391ba46463726340fc91198561
779,qwen-2.5-3b-instruct,100.0,AMPS_Hard,math,bca7b428abb8631a21dfc630b7582b7b048e87391ba46463726340fc91198561
780,qwen-32b,100.0,AMPS_Hard,math,bca7b428abb8631a21dfc630b7582b7b048e87391ba46463726340fc91198561
781,gemma-3-12b-it,100.0,AMPS_Hard,math,bf83a69a4bcec53ac5c3e39bcb45141b6f26f076429dfab05b222abf86f17ed1
782,gemma-3-1b-it,100.0,AMPS_Hard,math,bf83a69a4bcec53ac5c3e39bcb45141b6f26f076429dfab05b222abf86f17ed1
783,gemma-3-4b-it,100.0,AMPS_Hard,math,bf83a69a4bcec53ac5c3e39bcb45141b6f26f076429dfab05b222abf86f17ed1
784,llama-3.1-70b-instruct,100.0,AMPS_Hard,math,bf83a69a4bcec53ac5c3e39bcb45141b6f26f076429dfab05b222abf86f17ed1
785,llama-3.1-8b-instruct,0.0,AMPS_Hard,math,bf83a69a4bcec53ac5c3e39bcb45141b6f26f076429dfab05b222abf86f17ed1
786,llama-3.2-1b-instruct,0.0,AMPS_Hard,math,bf83a69a4bcec53ac5c3e39bcb45141b6f26f076429dfab05b222abf86f17ed1
787,llama-3.2-3b-instruct,0.0,AMPS_Hard,math,bf83a69a4bcec53ac5c3e39bcb45141b6f26f076429dfab05b222abf86f17ed1
788,mistral-24b,100.0,AMPS_Hard,math,bf83a69a4bcec53ac5c3e39bcb45141b6f26f076429dfab05b222abf86f17ed1
789,mistral-7b,0.0,AMPS_Hard,math,bf83a69a4bcec53ac5c3e39bcb45141b6f26f076429dfab05b222abf86f17ed1
790,qwen-2.5-3b-instruct,100.0,AMPS_Hard,math,bf83a69a4bcec53ac5c3e39bcb45141b6f26f076429dfab05b222abf86f17ed1
791,qwen-32b,100.0,AMPS_Hard,math,bf83a69a4bcec53ac5c3e39bcb45141b6f26f076429dfab05b222abf86f17ed1
792,gemma-3-12b-it,100.0,AMPS_Hard,math,c22aba3cd3d168560febcd042f56de61f6d02d593d74c77b5beecb89791f1268
793,gemma-3-1b-it,0.0,AMPS_Hard,math,c22aba3cd3d168560febcd042f56de61f6d02d593d74c77b5beecb89791f1268
794,gemma-3-4b-it,100.0,AMPS_Hard,math,c22aba3cd3d168560febcd042f56de61f6d02d593d74c77b5beecb89791f1268
795,llama-3.1-70b-instruct,0.0,AMPS_Hard,math,c22aba3cd3d168560febcd042f56de61f6d02d593d74c77b5beecb89791f1268
796,llama-3.1-8b-instruct,0.0,AMPS_Hard,math,c22aba3cd3d168560febcd042f56de61f6d02d593d74c77b5beecb89791f1268
797,llama-3.2-1b-instruct,0.0,AMPS_Hard,math,c22aba3cd3d168560febcd042f56de61f6d02d593d74c77b5beecb89791f1268
798,llama-3.2-3b-instruct,0.0,AMPS_Hard,math,c22aba3cd3d168560febcd042f56de61f6d02d593d74c77b5beecb89791f1268
799,mistral-24b,0.0,AMPS_Hard,math,c22aba3cd3d168560febcd042f56de61f6d02d593d74c77b5beecb89791f1268
800,mistral-7b,0.0,AMPS_Hard,math,c22aba3cd3d168560febcd042f56de61f6d02d593d74c77b5beecb89791f1268
801,qwen-2.5-3b-instruct,0.0,AMPS_Hard,math,c22aba3cd3d168560febcd042f56de61f6d02d593d74c77b5beecb89791f1268
802,qwen-32b,100.0,AMPS_Hard,math,c22aba3cd3d168560febcd042f56de61f6d02d593d74c77b5beecb89791f1268
803,gemma-3-12b-it,0.0,AMPS_Hard,math,c3043e58df607cf3448404c3f21bcf3540afc3283eb31bf9903b9b4dadef2921
804,gemma-3-1b-it,0.0,AMPS_Hard,math,c3043e58df607cf3448404c3f21bcf3540afc3283eb31bf9903b9b4dadef2921
805,gemma-3-4b-it,0.0,AMPS_Hard,math,c3043e58df607cf3448404c3f21bcf3540afc3283eb31bf9903b9b4dadef2921
806,llama-3.1-70b-instruct,0.0,AMPS_Hard,math,c3043e58df607cf3448404c3f21bcf3540afc3283eb31bf9903b9b4dadef2921
807,llama-3.1-8b-instruct,0.0,AMPS_Hard,math,c3043e58df607cf3448404c3f21bcf3540afc3283eb31bf9903b9b4dadef2921
808,llama-3.2-1b-instruct,0.0,AMPS_Hard,math,c3043e58df607cf3448404c3f21bcf3540afc3283eb31bf9903b9b4dadef2921
809,llama-3.2-3b-instruct,0.0,AMPS_Hard,math,c3043e58df607cf3448404c3f21bcf3540afc3283eb31bf9903b9b4dadef2921
810,mistral-24b,0.0,AMPS_Hard,math,c3043e58df607cf3448404c3f21bcf3540afc3283eb31bf9903b9b4dadef2921
811,mistral-7b,0.0,AMPS_Hard,math,c3043e58df607cf3448404c3f21bcf3540afc3283eb31bf9903b9b4dadef2921
812,qwen-2.5-3b-instruct,0.0,AMPS_Hard,math,c3043e58df607cf3448404c3f21bcf3540afc3283eb31bf9903b9b4dadef2921
813,qwen-32b,0.0,AMPS_Hard,math,c3043e58df607cf3448404c3f21bcf3540afc3283eb31bf9903b9b4dadef2921
814,gemma-3-12b-it,0.0,AMPS_Hard,math,c3f6b7718cc440106b768588cd530da88a34d226ee584cc356d1d9e9cd769e3a
815,gemma-3-1b-it,0.0,AMPS_Hard,math,c3f6b7718cc440106b768588cd530da88a34d226ee584cc356d1d9e9cd769e3a
816,gemma-3-4b-it,0.0,AMPS_Hard,math,c3f6b7718cc440106b768588cd530da88a34d226ee584cc356d1d9e9cd769e3a
817,llama-3.1-70b-instruct,0.0,AMPS_Hard,math,c3f6b7718cc440106b768588cd530da88a34d226ee584cc356d1d9e9cd769e3a
818,llama-3.1-8b-instruct,0.0,AMPS_Hard,math,c3f6b7718cc440106b768588cd530da88a34d226ee584cc356d1d9e9cd769e3a
819,llama-3.2-1b-instruct,0.0,AMPS_Hard,math,c3f6b7718cc440106b768588cd530da88a34d226ee584cc356d1d9e9cd769e3a
820,llama-3.2-3b-instruct,0.0,AMPS_Hard,math,c3f6b7718cc440106b768588cd530da88a34d226ee584cc356d1d9e9cd769e3a
821,mistral-24b,0.0,AMPS_Hard,math,c3f6b7718cc440106b768588cd530da88a34d226ee584cc356d1d9e9cd769e3a
822,mistral-7b,0.0,AMPS_Hard,math,c3f6b7718cc440106b768588cd530da88a34d226ee584cc356d1d9e9cd769e3a
823,qwen-2.5-3b-instruct,0.0,AMPS_Hard,math,c3f6b7718cc440106b768588cd530da88a34d226ee584cc356d1d9e9cd769e3a
824,qwen-32b,0.0,AMPS_Hard,math,c3f6b7718cc440106b768588cd530da88a34d226ee584cc356d1d9e9cd769e3a
825,gemma-3-12b-it,0.0,AMPS_Hard,math,c43fa2cd286b9fde666f0805ea1ad8fcc46667e629c88af962357ffb6b35de50
826,gemma-3-1b-it,0.0,AMPS_Hard,math,c43fa2cd286b9fde666f0805ea1ad8fcc46667e629c88af962357ffb6b35de50
827,gemma-3-4b-it,0.0,AMPS_Hard,math,c43fa2cd286b9fde666f0805ea1ad8fcc46667e629c88af962357ffb6b35de50
828,llama-3.1-70b-instruct,0.0,AMPS_Hard,math,c43fa2cd286b9fde666f0805ea1ad8fcc46667e629c88af962357ffb6b35de50
829,llama-3.1-8b-instruct,0.0,AMPS_Hard,math,c43fa2cd286b9fde666f0805ea1ad8fcc46667e629c88af962357ffb6b35de50
830,llama-3.2-1b-instruct,0.0,AMPS_Hard,math,c43fa2cd286b9fde666f0805ea1ad8fcc46667e629c88af962357ffb6b35de50
831,llama-3.2-3b-instruct,0.0,AMPS_Hard,math,c43fa2cd286b9fde666f0805ea1ad8fcc46667e629c88af962357ffb6b35de50
832,mistral-24b,0.0,AMPS_Hard,math,c43fa2cd286b9fde666f0805ea1ad8fcc46667e629c88af962357ffb6b35de50
833,mistral-7b,0.0,AMPS_Hard,math,c43fa2cd286b9fde666f0805ea1ad8fcc46667e629c88af962357ffb6b35de50
834,qwen-2.5-3b-instruct,0.0,AMPS_Hard,math,c43fa2cd286b9fde666f0805ea1ad8fcc46667e629c88af962357ffb6b35de50
835,qwen-32b,0.0,AMPS_Hard,math,c43fa2cd286b9fde666f0805ea1ad8fcc46667e629c88af962357ffb6b35de50
836,gemma-3-12b-it,0.0,AMPS_Hard,math,c604405c61a4af20f0b0fd128848d4a0aef09d9678fa7da71c576c5dfe66a6bb
837,gemma-3-1b-it,0.0,AMPS_Hard,math,c604405c61a4af20f0b0fd128848d4a0aef09d9678fa7da71c576c5dfe66a6bb
838,gemma-3-4b-it,0.0,AMPS_Hard,math,c604405c61a4af20f0b0fd128848d4a0aef09d9678fa7da71c576c5dfe66a6bb
839,llama-3.1-70b-instruct,0.0,AMPS_Hard,math,c604405c61a4af20f0b0fd128848d4a0aef09d9678fa7da71c576c5dfe66a6bb
840,llama-3.1-8b-instruct,0.0,AMPS_Hard,math,c604405c61a4af20f0b0fd128848d4a0aef09d9678fa7da71c576c5dfe66a6bb
841,llama-3.2-1b-instruct,0.0,AMPS_Hard,math,c604405c61a4af20f0b0fd128848d4a0aef09d9678fa7da71c576c5dfe66a6bb
842,llama-3.2-3b-instruct,0.0,AMPS_Hard,math,c604405c61a4af20f0b0fd128848d4a0aef09d9678fa7da71c576c5dfe66a6bb
843,mistral-24b,0.0,AMPS_Hard,math,c604405c61a4af20f0b0fd128848d4a0aef09d9678fa7da71c576c5dfe66a6bb
844,mistral-7b,0.0,AMPS_Hard,math,c604405c61a4af20f0b0fd128848d4a0aef09d9678fa7da71c576c5dfe66a6bb
845,qwen-2.5-3b-instruct,0.0,AMPS_Hard,math,c604405c61a4af20f0b0fd128848d4a0aef09d9678fa7da71c576c5dfe66a6bb
846,qwen-32b,0.0,AMPS_Hard,math,c604405c61a4af20f0b0fd128848d4a0aef09d9678fa7da71c576c5dfe66a6bb
847,gemma-3-12b-it,100.0,AMPS_Hard,math,c71563a982aa8ce77ac79c1dfe087c1d70c2dea295bd70d5f80e56ca033ddf64
848,gemma-3-1b-it,100.0,AMPS_Hard,math,c71563a982aa8ce77ac79c1dfe087c1d70c2dea295bd70d5f80e56ca033ddf64
849,gemma-3-4b-it,100.0,AMPS_Hard,math,c71563a982aa8ce77ac79c1dfe087c1d70c2dea295bd70d5f80e56ca033ddf64
850,llama-3.1-70b-instruct,100.0,AMPS_Hard,math,c71563a982aa8ce77ac79c1dfe087c1d70c2dea295bd70d5f80e56ca033ddf64
851,llama-3.1-8b-instruct,100.0,AMPS_Hard,math,c71563a982aa8ce77ac79c1dfe087c1d70c2dea295bd70d5f80e56ca033ddf64
852,llama-3.2-1b-instruct,0.0,AMPS_Hard,math,c71563a982aa8ce77ac79c1dfe087c1d70c2dea295bd70d5f80e56ca033ddf64
853,llama-3.2-3b-instruct,100.0,AMPS_Hard,math,c71563a982aa8ce77ac79c1dfe087c1d70c2dea295bd70d5f80e56ca033ddf64
854,mistral-24b,100.0,AMPS_Hard,math,c71563a982aa8ce77ac79c1dfe087c1d70c2dea295bd70d5f80e56ca033ddf64
855,mistral-7b,100.0,AMPS_Hard,math,c71563a982aa8ce77ac79c1dfe087c1d70c2dea295bd70d5f80e56ca033ddf64
856,qwen-2.5-3b-instruct,100.0,AMPS_Hard,math,c71563a982aa8ce77ac79c1dfe087c1d70c2dea295bd70d5f80e56ca033ddf64
857,qwen-32b,100.0,AMPS_Hard,math,c71563a982aa8ce77ac79c1dfe087c1d70c2dea295bd70d5f80e56ca033ddf64
858,gemma-3-12b-it,100.0,AMPS_Hard,math,c743a39ae96d6e3df5c219804d77c75c4d04e58acd9e2db4c26e9952ebdab48d
859,gemma-3-1b-it,100.0,AMPS_Hard,math,c743a39ae96d6e3df5c219804d77c75c4d04e58acd9e2db4c26e9952ebdab48d
860,gemma-3-4b-it,100.0,AMPS_Hard,math,c743a39ae96d6e3df5c219804d77c75c4d04e58acd9e2db4c26e9952ebdab48d
861,llama-3.1-70b-instruct,100.0,AMPS_Hard,math,c743a39ae96d6e3df5c219804d77c75c4d04e58acd9e2db4c26e9952ebdab48d
862,llama-3.1-8b-instruct,100.0,AMPS_Hard,math,c743a39ae96d6e3df5c219804d77c75c4d04e58acd9e2db4c26e9952ebdab48d
863,llama-3.2-1b-instruct,0.0,AMPS_Hard,math,c743a39ae96d6e3df5c219804d77c75c4d04e58acd9e2db4c26e9952ebdab48d
864,llama-3.2-3b-instruct,100.0,AMPS_Hard,math,c743a39ae96d6e3df5c219804d77c75c4d04e58acd9e2db4c26e9952ebdab48d
865,mistral-24b,100.0,AMPS_Hard,math,c743a39ae96d6e3df5c219804d77c75c4d04e58acd9e2db4c26e9952ebdab48d
866,mistral-7b,100.0,AMPS_Hard,math,c743a39ae96d6e3df5c219804d77c75c4d04e58acd9e2db4c26e9952ebdab48d
867,qwen-2.5-3b-instruct,100.0,AMPS_Hard,math,c743a39ae96d6e3df5c219804d77c75c4d04e58acd9e2db4c26e9952ebdab48d
868,qwen-32b,100.0,AMPS_Hard,math,c743a39ae96d6e3df5c219804d77c75c4d04e58acd9e2db4c26e9952ebdab48d
869,gemma-3-12b-it,0.0,AMPS_Hard,math,c976648d528b54097ea84178f265a6efb5ba941f1b8cd00008235675f1e9bcf2
870,gemma-3-1b-it,0.0,AMPS_Hard,math,c976648d528b54097ea84178f265a6efb5ba941f1b8cd00008235675f1e9bcf2
871,gemma-3-4b-it,0.0,AMPS_Hard,math,c976648d528b54097ea84178f265a6efb5ba941f1b8cd00008235675f1e9bcf2
872,llama-3.1-70b-instruct,0.0,AMPS_Hard,math,c976648d528b54097ea84178f265a6efb5ba941f1b8cd00008235675f1e9bcf2
873,llama-3.1-8b-instruct,0.0,AMPS_Hard,math,c976648d528b54097ea84178f265a6efb5ba941f1b8cd00008235675f1e9bcf2
874,llama-3.2-1b-instruct,0.0,AMPS_Hard,math,c976648d528b54097ea84178f265a6efb5ba941f1b8cd00008235675f1e9bcf2
875,llama-3.2-3b-instruct,0.0,AMPS_Hard,math,c976648d528b54097ea84178f265a6efb5ba941f1b8cd00008235675f1e9bcf2
876,mistral-24b,0.0,AMPS_Hard,math,c976648d528b54097ea84178f265a6efb5ba941f1b8cd00008235675f1e9bcf2
877,mistral-7b,0.0,AMPS_Hard,math,c976648d528b54097ea84178f265a6efb5ba941f1b8cd00008235675f1e9bcf2
878,qwen-2.5-3b-instruct,0.0,AMPS_Hard,math,c976648d528b54097ea84178f265a6efb5ba941f1b8cd00008235675f1e9bcf2
879,qwen-32b,0.0,AMPS_Hard,math,c976648d528b54097ea84178f265a6efb5ba941f1b8cd00008235675f1e9bcf2
880,gemma-3-12b-it,0.0,AMPS_Hard,math,cda8b1de7e358a20f72671af0b08098086afb6e3392ea273350d9bae22bbd87c
881,gemma-3-1b-it,0.0,AMPS_Hard,math,cda8b1de7e358a20f72671af0b08098086afb6e3392ea273350d9bae22bbd87c
882,gemma-3-4b-it,0.0,AMPS_Hard,math,cda8b1de7e358a20f72671af0b08098086afb6e3392ea273350d9bae22bbd87c
883,llama-3.1-70b-instruct,0.0,AMPS_Hard,math,cda8b1de7e358a20f72671af0b08098086afb6e3392ea273350d9bae22bbd87c
884,llama-3.1-8b-instruct,0.0,AMPS_Hard,math,cda8b1de7e358a20f72671af0b08098086afb6e3392ea273350d9bae22bbd87c
885,llama-3.2-1b-instruct,0.0,AMPS_Hard,math,cda8b1de7e358a20f72671af0b08098086afb6e3392ea273350d9bae22bbd87c
886,llama-3.2-3b-instruct,0.0,AMPS_Hard,math,cda8b1de7e358a20f72671af0b08098086afb6e3392ea273350d9bae22bbd87c
887,mistral-24b,0.0,AMPS_Hard,math,cda8b1de7e358a20f72671af0b08098086afb6e3392ea273350d9bae22bbd87c
888,mistral-7b,0.0,AMPS_Hard,math,cda8b1de7e358a20f72671af0b08098086afb6e3392ea273350d9bae22bbd87c
889,qwen-2.5-3b-instruct,0.0,AMPS_Hard,math,cda8b1de7e358a20f72671af0b08098086afb6e3392ea273350d9bae22bbd87c
890,qwen-32b,0.0,AMPS_Hard,math,cda8b1de7e358a20f72671af0b08098086afb6e3392ea273350d9bae22bbd87c
891,gemma-3-12b-it,100.0,AMPS_Hard,math,cebece7f5ebd4d85c947382382416dc710ded67276de6f96ab9b4d5d242c9dc4
892,gemma-3-1b-it,0.0,AMPS_Hard,math,cebece7f5ebd4d85c947382382416dc710ded67276de6f96ab9b4d5d242c9dc4
893,gemma-3-4b-it,100.0,AMPS_Hard,math,cebece7f5ebd4d85c947382382416dc710ded67276de6f96ab9b4d5d242c9dc4
894,llama-3.1-70b-instruct,0.0,AMPS_Hard,math,cebece7f5ebd4d85c947382382416dc710ded67276de6f96ab9b4d5d242c9dc4
895,llama-3.1-8b-instruct,0.0,AMPS_Hard,math,cebece7f5ebd4d85c947382382416dc710ded67276de6f96ab9b4d5d242c9dc4
896,llama-3.2-1b-instruct,0.0,AMPS_Hard,math,cebece7f5ebd4d85c947382382416dc710ded67276de6f96ab9b4d5d242c9dc4
897,llama-3.2-3b-instruct,0.0,AMPS_Hard,math,cebece7f5ebd4d85c947382382416dc710ded67276de6f96ab9b4d5d242c9dc4
898,mistral-24b,0.0,AMPS_Hard,math,cebece7f5ebd4d85c947382382416dc710ded67276de6f96ab9b4d5d242c9dc4
899,mistral-7b,0.0,AMPS_Hard,math,cebece7f5ebd4d85c947382382416dc710ded67276de6f96ab9b4d5d242c9dc4
900,qwen-2.5-3b-instruct,0.0,AMPS_Hard,math,cebece7f5ebd4d85c947382382416dc710ded67276de6f96ab9b4d5d242c9dc4
901,qwen-32b,0.0,AMPS_Hard,math,cebece7f5ebd4d85c947382382416dc710ded67276de6f96ab9b4d5d242c9dc4
902,gemma-3-12b-it,0.0,AMPS_Hard,math,cee97a8a3330c9c407b3cbf8ee4b3bab06d4294e08a7e6b9a7d64d7f07ed97ca
903,gemma-3-1b-it,0.0,AMPS_Hard,math,cee97a8a3330c9c407b3cbf8ee4b3bab06d4294e08a7e6b9a7d64d7f07ed97ca
904,gemma-3-4b-it,100.0,AMPS_Hard,math,cee97a8a3330c9c407b3cbf8ee4b3bab06d4294e08a7e6b9a7d64d7f07ed97ca
905,llama-3.1-70b-instruct,0.0,AMPS_Hard,math,cee97a8a3330c9c407b3cbf8ee4b3bab06d4294e08a7e6b9a7d64d7f07ed97ca
906,llama-3.1-8b-instruct,0.0,AMPS_Hard,math,cee97a8a3330c9c407b3cbf8ee4b3bab06d4294e08a7e6b9a7d64d7f07ed97ca
907,llama-3.2-1b-instruct,0.0,AMPS_Hard,math,cee97a8a3330c9c407b3cbf8ee4b3bab06d4294e08a7e6b9a7d64d7f07ed97ca
908,llama-3.2-3b-instruct,0.0,AMPS_Hard,math,cee97a8a3330c9c407b3cbf8ee4b3bab06d4294e08a7e6b9a7d64d7f07ed97ca
909,mistral-24b,0.0,AMPS_Hard,math,cee97a8a3330c9c407b3cbf8ee4b3bab06d4294e08a7e6b9a7d64d7f07ed97ca
910,mistral-7b,0.0,AMPS_Hard,math,cee97a8a3330c9c407b3cbf8ee4b3bab06d4294e08a7e6b9a7d64d7f07ed97ca
911,qwen-2.5-3b-instruct,0.0,AMPS_Hard,math,cee97a8a3330c9c407b3cbf8ee4b3bab06d4294e08a7e6b9a7d64d7f07ed97ca
912,qwen-32b,0.0,AMPS_Hard,math,cee97a8a3330c9c407b3cbf8ee4b3bab06d4294e08a7e6b9a7d64d7f07ed97ca
913,gemma-3-12b-it,100.0,AMPS_Hard,math,d4ce3d47e23c8133ed3b42d683e0f6a2c60c574b408e6747431c9a0b199ff733
914,gemma-3-1b-it,0.0,AMPS_Hard,math,d4ce3d47e23c8133ed3b42d683e0f6a2c60c574b408e6747431c9a0b199ff733
915,gemma-3-4b-it,100.0,AMPS_Hard,math,d4ce3d47e23c8133ed3b42d683e0f6a2c60c574b408e6747431c9a0b199ff733
916,llama-3.1-70b-instruct,100.0,AMPS_Hard,math,d4ce3d47e23c8133ed3b42d683e0f6a2c60c574b408e6747431c9a0b199ff733
917,llama-3.1-8b-instruct,0.0,AMPS_Hard,math,d4ce3d47e23c8133ed3b42d683e0f6a2c60c574b408e6747431c9a0b199ff733
918,llama-3.2-1b-instruct,0.0,AMPS_Hard,math,d4ce3d47e23c8133ed3b42d683e0f6a2c60c574b408e6747431c9a0b199ff733
919,llama-3.2-3b-instruct,0.0,AMPS_Hard,math,d4ce3d47e23c8133ed3b42d683e0f6a2c60c574b408e6747431c9a0b199ff733
920,mistral-24b,100.0,AMPS_Hard,math,d4ce3d47e23c8133ed3b42d683e0f6a2c60c574b408e6747431c9a0b199ff733
921,mistral-7b,0.0,AMPS_Hard,math,d4ce3d47e23c8133ed3b42d683e0f6a2c60c574b408e6747431c9a0b199ff733
922,qwen-2.5-3b-instruct,100.0,AMPS_Hard,math,d4ce3d47e23c8133ed3b42d683e0f6a2c60c574b408e6747431c9a0b199ff733
923,qwen-32b,100.0,AMPS_Hard,math,d4ce3d47e23c8133ed3b42d683e0f6a2c60c574b408e6747431c9a0b199ff733
924,gemma-3-12b-it,100.0,AMPS_Hard,math,d7eadc915dae28172fffa71b7504b7ffa2409b09783cc8cf6b7fd3e1d829af3f
925,gemma-3-1b-it,0.0,AMPS_Hard,math,d7eadc915dae28172fffa71b7504b7ffa2409b09783cc8cf6b7fd3e1d829af3f
926,gemma-3-4b-it,0.0,AMPS_Hard,math,d7eadc915dae28172fffa71b7504b7ffa2409b09783cc8cf6b7fd3e1d829af3f
927,llama-3.1-70b-instruct,0.0,AMPS_Hard,math,d7eadc915dae28172fffa71b7504b7ffa2409b09783cc8cf6b7fd3e1d829af3f
928,llama-3.1-8b-instruct,0.0,AMPS_Hard,math,d7eadc915dae28172fffa71b7504b7ffa2409b09783cc8cf6b7fd3e1d829af3f
929,llama-3.2-1b-instruct,0.0,AMPS_Hard,math,d7eadc915dae28172fffa71b7504b7ffa2409b09783cc8cf6b7fd3e1d829af3f
930,llama-3.2-3b-instruct,0.0,AMPS_Hard,math,d7eadc915dae28172fffa71b7504b7ffa2409b09783cc8cf6b7fd3e1d829af3f
931,mistral-24b,0.0,AMPS_Hard,math,d7eadc915dae28172fffa71b7504b7ffa2409b09783cc8cf6b7fd3e1d829af3f
932,mistral-7b,0.0,AMPS_Hard,math,d7eadc915dae28172fffa71b7504b7ffa2409b09783cc8cf6b7fd3e1d829af3f
933,qwen-2.5-3b-instruct,100.0,AMPS_Hard,math,d7eadc915dae28172fffa71b7504b7ffa2409b09783cc8cf6b7fd3e1d829af3f
934,qwen-32b,100.0,AMPS_Hard,math,d7eadc915dae28172fffa71b7504b7ffa2409b09783cc8cf6b7fd3e1d829af3f
935,gemma-3-12b-it,100.0,AMPS_Hard,math,da81a32c7c15ff1ee6bef20eb354066a9a873277131c5ec065cb5082e03c71bc
936,gemma-3-1b-it,0.0,AMPS_Hard,math,da81a32c7c15ff1ee6bef20eb354066a9a873277131c5ec065cb5082e03c71bc
937,gemma-3-4b-it,100.0,AMPS_Hard,math,da81a32c7c15ff1ee6bef20eb354066a9a873277131c5ec065cb5082e03c71bc
938,llama-3.1-70b-instruct,0.0,AMPS_Hard,math,da81a32c7c15ff1ee6bef20eb354066a9a873277131c5ec065cb5082e03c71bc
939,llama-3.1-8b-instruct,0.0,AMPS_Hard,math,da81a32c7c15ff1ee6bef20eb354066a9a873277131c5ec065cb5082e03c71bc
940,llama-3.2-1b-instruct,0.0,AMPS_Hard,math,da81a32c7c15ff1ee6bef20eb354066a9a873277131c5ec065cb5082e03c71bc
941,llama-3.2-3b-instruct,0.0,AMPS_Hard,math,da81a32c7c15ff1ee6bef20eb354066a9a873277131c5ec065cb5082e03c71bc
942,mistral-24b,0.0,AMPS_Hard,math,da81a32c7c15ff1ee6bef20eb354066a9a873277131c5ec065cb5082e03c71bc
943,mistral-7b,0.0,AMPS_Hard,math,da81a32c7c15ff1ee6bef20eb354066a9a873277131c5ec065cb5082e03c71bc
944,qwen-2.5-3b-instruct,0.0,AMPS_Hard,math,da81a32c7c15ff1ee6bef20eb354066a9a873277131c5ec065cb5082e03c71bc
945,qwen-32b,0.0,AMPS_Hard,math,da81a32c7c15ff1ee6bef20eb354066a9a873277131c5ec065cb5082e03c71bc
946,gemma-3-12b-it,100.0,AMPS_Hard,math,e2c09b2eba4ab690712f893f5f85ae6b4fe4848bfed07119b4280ccab1e36068
947,gemma-3-1b-it,0.0,AMPS_Hard,math,e2c09b2eba4ab690712f893f5f85ae6b4fe4848bfed07119b4280ccab1e36068
948,gemma-3-4b-it,0.0,AMPS_Hard,math,e2c09b2eba4ab690712f893f5f85ae6b4fe4848bfed07119b4280ccab1e36068
949,llama-3.1-70b-instruct,0.0,AMPS_Hard,math,e2c09b2eba4ab690712f893f5f85ae6b4fe4848bfed07119b4280ccab1e36068
950,llama-3.1-8b-instruct,0.0,AMPS_Hard,math,e2c09b2eba4ab690712f893f5f85ae6b4fe4848bfed07119b4280ccab1e36068
951,llama-3.2-1b-instruct,0.0,AMPS_Hard,math,e2c09b2eba4ab690712f893f5f85ae6b4fe4848bfed07119b4280ccab1e36068
952,llama-3.2-3b-instruct,0.0,AMPS_Hard,math,e2c09b2eba4ab690712f893f5f85ae6b4fe4848bfed07119b4280ccab1e36068
953,mistral-24b,0.0,AMPS_Hard,math,e2c09b2eba4ab690712f893f5f85ae6b4fe4848bfed07119b4280ccab1e36068
954,mistral-7b,0.0,AMPS_Hard,math,e2c09b2eba4ab690712f893f5f85ae6b4fe4848bfed07119b4280ccab1e36068
955,qwen-2.5-3b-instruct,0.0,AMPS_Hard,math,e2c09b2eba4ab690712f893f5f85ae6b4fe4848bfed07119b4280ccab1e36068
956,qwen-32b,0.0,AMPS_Hard,math,e2c09b2eba4ab690712f893f5f85ae6b4fe4848bfed07119b4280ccab1e36068
957,gemma-3-12b-it,100.0,AMPS_Hard,math,e7fe73646b2d1c6d260553e1a717cc32785e3167f8cc4ab68a3607e5cb643514
958,gemma-3-1b-it,0.0,AMPS_Hard,math,e7fe73646b2d1c6d260553e1a717cc32785e3167f8cc4ab68a3607e5cb643514
959,gemma-3-4b-it,100.0,AMPS_Hard,math,e7fe73646b2d1c6d260553e1a717cc32785e3167f8cc4ab68a3607e5cb643514
960,llama-3.1-70b-instruct,100.0,AMPS_Hard,math,e7fe73646b2d1c6d260553e1a717cc32785e3167f8cc4ab68a3607e5cb643514
961,llama-3.1-8b-instruct,100.0,AMPS_Hard,math,e7fe73646b2d1c6d260553e1a717cc32785e3167f8cc4ab68a3607e5cb643514
962,llama-3.2-1b-instruct,0.0,AMPS_Hard,math,e7fe73646b2d1c6d260553e1a717cc32785e3167f8cc4ab68a3607e5cb643514
963,llama-3.2-3b-instruct,0.0,AMPS_Hard,math,e7fe73646b2d1c6d260553e1a717cc32785e3167f8cc4ab68a3607e5cb643514
964,mistral-24b,100.0,AMPS_Hard,math,e7fe73646b2d1c6d260553e1a717cc32785e3167f8cc4ab68a3607e5cb643514
965,mistral-7b,0.0,AMPS_Hard,math,e7fe73646b2d1c6d260553e1a717cc32785e3167f8cc4ab68a3607e5cb643514
966,qwen-2.5-3b-instruct,100.0,AMPS_Hard,math,e7fe73646b2d1c6d260553e1a717cc32785e3167f8cc4ab68a3607e5cb643514
967,qwen-32b,100.0,AMPS_Hard,math,e7fe73646b2d1c6d260553e1a717cc32785e3167f8cc4ab68a3607e5cb643514
968,gemma-3-12b-it,0.0,AMPS_Hard,math,ed177c35997892fd28292df42bfa69dcdb449cc62a89e42c45db24495a39283a
969,gemma-3-1b-it,100.0,AMPS_Hard,math,ed177c35997892fd28292df42bfa69dcdb449cc62a89e42c45db24495a39283a
970,gemma-3-4b-it,0.0,AMPS_Hard,math,ed177c35997892fd28292df42bfa69dcdb449cc62a89e42c45db24495a39283a
971,llama-3.1-70b-instruct,0.0,AMPS_Hard,math,ed177c35997892fd28292df42bfa69dcdb449cc62a89e42c45db24495a39283a
972,llama-3.1-8b-instruct,0.0,AMPS_Hard,math,ed177c35997892fd28292df42bfa69dcdb449cc62a89e42c45db24495a39283a
973,llama-3.2-1b-instruct,0.0,AMPS_Hard,math,ed177c35997892fd28292df42bfa69dcdb449cc62a89e42c45db24495a39283a
974,llama-3.2-3b-instruct,100.0,AMPS_Hard,math,ed177c35997892fd28292df42bfa69dcdb449cc62a89e42c45db24495a39283a
975,mistral-24b,0.0,AMPS_Hard,math,ed177c35997892fd28292df42bfa69dcdb449cc62a89e42c45db24495a39283a
976,mistral-7b,0.0,AMPS_Hard,math,ed177c35997892fd28292df42bfa69dcdb449cc62a89e42c45db24495a39283a
977,qwen-2.5-3b-instruct,0.0,AMPS_Hard,math,ed177c35997892fd28292df42bfa69dcdb449cc62a89e42c45db24495a39283a
978,qwen-32b,0.0,AMPS_Hard,math,ed177c35997892fd28292df42bfa69dcdb449cc62a89e42c45db24495a39283a
979,gemma-3-12b-it,100.0,AMPS_Hard,math,ef02cc70ee34067fc52e0f36c57b5509ac4ea3c659fd2463f08f1e101f252ea6
980,gemma-3-1b-it,100.0,AMPS_Hard,math,ef02cc70ee34067fc52e0f36c57b5509ac4ea3c659fd2463f08f1e101f252ea6
981,gemma-3-4b-it,100.0,AMPS_Hard,math,ef02cc70ee34067fc52e0f36c57b5509ac4ea3c659fd2463f08f1e101f252ea6
982,llama-3.1-70b-instruct,100.0,AMPS_Hard,math,ef02cc70ee34067fc52e0f36c57b5509ac4ea3c659fd2463f08f1e101f252ea6
983,llama-3.1-8b-instruct,0.0,AMPS_Hard,math,ef02cc70ee34067fc52e0f36c57b5509ac4ea3c659fd2463f08f1e101f252ea6
984,llama-3.2-1b-instruct,0.0,AMPS_Hard,math,ef02cc70ee34067fc52e0f36c57b5509ac4ea3c659fd2463f08f1e101f252ea6
985,llama-3.2-3b-instruct,100.0,AMPS_Hard,math,ef02cc70ee34067fc52e0f36c57b5509ac4ea3c659fd2463f08f1e101f252ea6
986,mistral-24b,0.0,AMPS_Hard,math,ef02cc70ee34067fc52e0f36c57b5509ac4ea3c659fd2463f08f1e101f252ea6
987,mistral-7b,0.0,AMPS_Hard,math,ef02cc70ee34067fc52e0f36c57b5509ac4ea3c659fd2463f08f1e101f252ea6
988,qwen-2.5-3b-instruct,100.0,AMPS_Hard,math,ef02cc70ee34067fc52e0f36c57b5509ac4ea3c659fd2463f08f1e101f252ea6
989,qwen-32b,100.0,AMPS_Hard,math,ef02cc70ee34067fc52e0f36c57b5509ac4ea3c659fd2463f08f1e101f252ea6
990,gemma-3-12b-it,100.0,AMPS_Hard,math,ef48e542b5544e5ad49c167983055b8eebd48b77d94dd19a8c408c3fb894bc10
991,gemma-3-1b-it,100.0,AMPS_Hard,math,ef48e542b5544e5ad49c167983055b8eebd48b77d94dd19a8c408c3fb894bc10
992,gemma-3-4b-it,100.0,AMPS_Hard,math,ef48e542b5544e5ad49c167983055b8eebd48b77d94dd19a8c408c3fb894bc10
993,llama-3.1-70b-instruct,0.0,AMPS_Hard,math,ef48e542b5544e5ad49c167983055b8eebd48b77d94dd19a8c408c3fb894bc10
994,llama-3.1-8b-instruct,0.0,AMPS_Hard,math,ef48e542b5544e5ad49c167983055b8eebd48b77d94dd19a8c408c3fb894bc10
995,llama-3.2-1b-instruct,0.0,AMPS_Hard,math,ef48e542b5544e5ad49c167983055b8eebd48b77d94dd19a8c408c3fb894bc10
996,llama-3.2-3b-instruct,0.0,AMPS_Hard,math,ef48e542b5544e5ad49c167983055b8eebd48b77d94dd19a8c408c3fb894bc10
997,mistral-24b,0.0,AMPS_Hard,math,ef48e542b5544e5ad49c167983055b8eebd48b77d94dd19a8c408c3fb894bc10
998,mistral-7b,0.0,AMPS_Hard,math,ef48e542b5544e5ad49c167983055b8eebd48b77d94dd19a8c408c3fb894bc10
999,qwen-2.5-3b-instruct,100.0,AMPS_Hard,math,ef48e542b5544e5ad49c167983055b8eebd48b77d94dd19a8c408c3fb894bc10
1000,qwen-32b,100.0,AMPS_Hard,math,ef48e542b5544e5ad49c167983055b8eebd48b77d94dd19a8c408c3fb894bc10
1001,gemma-3-12b-it,0.0,AMPS_Hard,math,f0fe71ed7935e959c2478d1790e02cd8dfd981f12506795f4b33ef44ec1b40ff
1002,gemma-3-1b-it,0.0,AMPS_Hard,math,f0fe71ed7935e959c2478d1790e02cd8dfd981f12506795f4b33ef44ec1b40ff
1003,gemma-3-4b-it,0.0,AMPS_Hard,math,f0fe71ed7935e959c2478d1790e02cd8dfd981f12506795f4b33ef44ec1b40ff
1004,llama-3.1-70b-instruct,0.0,AMPS_Hard,math,f0fe71ed7935e959c2478d1790e02cd8dfd981f12506795f4b33ef44ec1b40ff
1005,llama-3.1-8b-instruct,0.0,AMPS_Hard,math,f0fe71ed7935e959c2478d1790e02cd8dfd981f12506795f4b33ef44ec1b40ff
1006,llama-3.2-1b-instruct,0.0,AMPS_Hard,math,f0fe71ed7935e959c2478d1790e02cd8dfd981f12506795f4b33ef44ec1b40ff
1007,llama-3.2-3b-instruct,0.0,AMPS_Hard,math,f0fe71ed7935e959c2478d1790e02cd8dfd981f12506795f4b33ef44ec1b40ff
1008,mistral-24b,0.0,AMPS_Hard,math,f0fe71ed7935e959c2478d1790e02cd8dfd981f12506795f4b33ef44ec1b40ff
1009,mistral-7b,0.0,AMPS_Hard,math,f0fe71ed7935e959c2478d1790e02cd8dfd981f12506795f4b33ef44ec1b40ff
1010,qwen-2.5-3b-instruct,0.0,AMPS_Hard,math,f0fe71ed7935e959c2478d1790e02cd8dfd981f12506795f4b33ef44ec1b40ff
1011,qwen-32b,100.0,AMPS_Hard,math,f0fe71ed7935e959c2478d1790e02cd8dfd981f12506795f4b33ef44ec1b40ff
1012,gemma-3-12b-it,100.0,AMPS_Hard,math,f1c378262aa31437185bd52189bc9793ba5ea6774789a34c9e658e85ee4ebf6a
1013,gemma-3-1b-it,0.0,AMPS_Hard,math,f1c378262aa31437185bd52189bc9793ba5ea6774789a34c9e658e85ee4ebf6a
1014,gemma-3-4b-it,0.0,AMPS_Hard,math,f1c378262aa31437185bd52189bc9793ba5ea6774789a34c9e658e85ee4ebf6a
1015,llama-3.1-70b-instruct,100.0,AMPS_Hard,math,f1c378262aa31437185bd52189bc9793ba5ea6774789a34c9e658e85ee4ebf6a
1016,llama-3.1-8b-instruct,0.0,AMPS_Hard,math,f1c378262aa31437185bd52189bc9793ba5ea6774789a34c9e658e85ee4ebf6a
1017,llama-3.2-1b-instruct,0.0,AMPS_Hard,math,f1c378262aa31437185bd52189bc9793ba5ea6774789a34c9e658e85ee4ebf6a
1018,llama-3.2-3b-instruct,0.0,AMPS_Hard,math,f1c378262aa31437185bd52189bc9793ba5ea6774789a34c9e658e85ee4ebf6a
1019,mistral-24b,0.0,AMPS_Hard,math,f1c378262aa31437185bd52189bc9793ba5ea6774789a34c9e658e85ee4ebf6a
1020,mistral-7b,0.0,AMPS_Hard,math,f1c378262aa31437185bd52189bc9793ba5ea6774789a34c9e658e85ee4ebf6a
1021,qwen-2.5-3b-instruct,100.0,AMPS_Hard,math,f1c378262aa31437185bd52189bc9793ba5ea6774789a34c9e658e85ee4ebf6a
1022,qwen-32b,100.0,AMPS_Hard,math,f1c378262aa31437185bd52189bc9793ba5ea6774789a34c9e658e85ee4ebf6a
1023,gemma-3-12b-it,100.0,AMPS_Hard,math,f45d8f033ea698bc50ee73e2dd0358b58d81cbd8ecf3011299dc88254dc8ae21
1024,gemma-3-1b-it,0.0,AMPS_Hard,math,f45d8f033ea698bc50ee73e2dd0358b58d81cbd8ecf3011299dc88254dc8ae21
1025,gemma-3-4b-it,0.0,AMPS_Hard,math,f45d8f033ea698bc50ee73e2dd0358b58d81cbd8ecf3011299dc88254dc8ae21
1026,llama-3.1-70b-instruct,100.0,AMPS_Hard,math,f45d8f033ea698bc50ee73e2dd0358b58d81cbd8ecf3011299dc88254dc8ae21
1027,llama-3.1-8b-instruct,0.0,AMPS_Hard,math,f45d8f033ea698bc50ee73e2dd0358b58d81cbd8ecf3011299dc88254dc8ae21
1028,llama-3.2-1b-instruct,0.0,AMPS_Hard,math,f45d8f033ea698bc50ee73e2dd0358b58d81cbd8ecf3011299dc88254dc8ae21
1029,llama-3.2-3b-instruct,0.0,AMPS_Hard,math,f45d8f033ea698bc50ee73e2dd0358b58d81cbd8ecf3011299dc88254dc8ae21
1030,mistral-24b,0.0,AMPS_Hard,math,f45d8f033ea698bc50ee73e2dd0358b58d81cbd8ecf3011299dc88254dc8ae21
1031,mistral-7b,0.0,AMPS_Hard,math,f45d8f033ea698bc50ee73e2dd0358b58d81cbd8ecf3011299dc88254dc8ae21
1032,qwen-2.5-3b-instruct,100.0,AMPS_Hard,math,f45d8f033ea698bc50ee73e2dd0358b58d81cbd8ecf3011299dc88254dc8ae21
1033,qwen-32b,100.0,AMPS_Hard,math,f45d8f033ea698bc50ee73e2dd0358b58d81cbd8ecf3011299dc88254dc8ae21
1034,gemma-3-12b-it,100.0,AMPS_Hard,math,f67b8e330359c94e96643623af08f9eed551375f8306b54d32104614c0906716
1035,gemma-3-1b-it,0.0,AMPS_Hard,math,f67b8e330359c94e96643623af08f9eed551375f8306b54d32104614c0906716
1036,gemma-3-4b-it,100.0,AMPS_Hard,math,f67b8e330359c94e96643623af08f9eed551375f8306b54d32104614c0906716
1037,llama-3.1-70b-instruct,0.0,AMPS_Hard,math,f67b8e330359c94e96643623af08f9eed551375f8306b54d32104614c0906716
1038,llama-3.1-8b-instruct,0.0,AMPS_Hard,math,f67b8e330359c94e96643623af08f9eed551375f8306b54d32104614c0906716
1039,llama-3.2-1b-instruct,0.0,AMPS_Hard,math,f67b8e330359c94e96643623af08f9eed551375f8306b54d32104614c0906716
1040,llama-3.2-3b-instruct,0.0,AMPS_Hard,math,f67b8e330359c94e96643623af08f9eed551375f8306b54d32104614c0906716
1041,mistral-24b,0.0,AMPS_Hard,math,f67b8e330359c94e96643623af08f9eed551375f8306b54d32104614c0906716
1042,mistral-7b,0.0,AMPS_Hard,math,f67b8e330359c94e96643623af08f9eed551375f8306b54d32104614c0906716
1043,qwen-2.5-3b-instruct,100.0,AMPS_Hard,math,f67b8e330359c94e96643623af08f9eed551375f8306b54d32104614c0906716
1044,qwen-32b,100.0,AMPS_Hard,math,f67b8e330359c94e96643623af08f9eed551375f8306b54d32104614c0906716
1045,gemma-3-12b-it,100.0,AMPS_Hard,math,f72373f17cf3de3624c8c102bf428e0bb9ea662b5dab86f19ddf03d92913c83f
1046,gemma-3-1b-it,0.0,AMPS_Hard,math,f72373f17cf3de3624c8c102bf428e0bb9ea662b5dab86f19ddf03d92913c83f
1047,gemma-3-4b-it,100.0,AMPS_Hard,math,f72373f17cf3de3624c8c102bf428e0bb9ea662b5dab86f19ddf03d92913c83f
1048,llama-3.1-70b-instruct,100.0,AMPS_Hard,math,f72373f17cf3de3624c8c102bf428e0bb9ea662b5dab86f19ddf03d92913c83f
1049,llama-3.1-8b-instruct,100.0,AMPS_Hard,math,f72373f17cf3de3624c8c102bf428e0bb9ea662b5dab86f19ddf03d92913c83f
1050,llama-3.2-1b-instruct,100.0,AMPS_Hard,math,f72373f17cf3de3624c8c102bf428e0bb9ea662b5dab86f19ddf03d92913c83f
1051,llama-3.2-3b-instruct,100.0,AMPS_Hard,math,f72373f17cf3de3624c8c102bf428e0bb9ea662b5dab86f19ddf03d92913c83f
1052,mistral-24b,100.0,AMPS_Hard,math,f72373f17cf3de3624c8c102bf428e0bb9ea662b5dab86f19ddf03d92913c83f
1053,mistral-7b,0.0,AMPS_Hard,math,f72373f17cf3de3624c8c102bf428e0bb9ea662b5dab86f19ddf03d92913c83f
1054,qwen-2.5-3b-instruct,100.0,AMPS_Hard,math,f72373f17cf3de3624c8c102bf428e0bb9ea662b5dab86f19ddf03d92913c83f
1055,qwen-32b,100.0,AMPS_Hard,math,f72373f17cf3de3624c8c102bf428e0bb9ea662b5dab86f19ddf03d92913c83f
1056,gemma-3-12b-it,100.0,AMPS_Hard,math,f86c7ae3888bbc4c3432d00f89c63dd74eb5764332a64cabe37184c0ca435965
1057,gemma-3-1b-it,0.0,AMPS_Hard,math,f86c7ae3888bbc4c3432d00f89c63dd74eb5764332a64cabe37184c0ca435965
1058,gemma-3-4b-it,0.0,AMPS_Hard,math,f86c7ae3888bbc4c3432d00f89c63dd74eb5764332a64cabe37184c0ca435965
1059,llama-3.1-70b-instruct,100.0,AMPS_Hard,math,f86c7ae3888bbc4c3432d00f89c63dd74eb5764332a64cabe37184c0ca435965
1060,llama-3.1-8b-instruct,0.0,AMPS_Hard,math,f86c7ae3888bbc4c3432d00f89c63dd74eb5764332a64cabe37184c0ca435965
1061,llama-3.2-1b-instruct,0.0,AMPS_Hard,math,f86c7ae3888bbc4c3432d00f89c63dd74eb5764332a64cabe37184c0ca435965
1062,llama-3.2-3b-instruct,0.0,AMPS_Hard,math,f86c7ae3888bbc4c3432d00f89c63dd74eb5764332a64cabe37184c0ca435965
1063,mistral-24b,0.0,AMPS_Hard,math,f86c7ae3888bbc4c3432d00f89c63dd74eb5764332a64cabe37184c0ca435965
1064,mistral-7b,0.0,AMPS_Hard,math,f86c7ae3888bbc4c3432d00f89c63dd74eb5764332a64cabe37184c0ca435965
1065,qwen-2.5-3b-instruct,0.0,AMPS_Hard,math,f86c7ae3888bbc4c3432d00f89c63dd74eb5764332a64cabe37184c0ca435965
1066,qwen-32b,0.0,AMPS_Hard,math,f86c7ae3888bbc4c3432d00f89c63dd74eb5764332a64cabe37184c0ca435965
1067,gemma-3-12b-it,0.0,AMPS_Hard,math,fa4ac43f853aecd189647b25fa4a1b9098d759579ed39202c46d0c835e96cf0b
1068,gemma-3-1b-it,0.0,AMPS_Hard,math,fa4ac43f853aecd189647b25fa4a1b9098d759579ed39202c46d0c835e96cf0b
1069,gemma-3-4b-it,0.0,AMPS_Hard,math,fa4ac43f853aecd189647b25fa4a1b9098d759579ed39202c46d0c835e96cf0b
1070,llama-3.1-70b-instruct,0.0,AMPS_Hard,math,fa4ac43f853aecd189647b25fa4a1b9098d759579ed39202c46d0c835e96cf0b
1071,llama-3.1-8b-instruct,0.0,AMPS_Hard,math,fa4ac43f853aecd189647b25fa4a1b9098d759579ed39202c46d0c835e96cf0b
1072,llama-3.2-1b-instruct,0.0,AMPS_Hard,math,fa4ac43f853aecd189647b25fa4a1b9098d759579ed39202c46d0c835e96cf0b
1073,llama-3.2-3b-instruct,0.0,AMPS_Hard,math,fa4ac43f853aecd189647b25fa4a1b9098d759579ed39202c46d0c835e96cf0b
1074,mistral-24b,0.0,AMPS_Hard,math,fa4ac43f853aecd189647b25fa4a1b9098d759579ed39202c46d0c835e96cf0b
1075,mistral-7b,0.0,AMPS_Hard,math,fa4ac43f853aecd189647b25fa4a1b9098d759579ed39202c46d0c835e96cf0b
1076,qwen-2.5-3b-instruct,0.0,AMPS_Hard,math,fa4ac43f853aecd189647b25fa4a1b9098d759579ed39202c46d0c835e96cf0b
1077,qwen-32b,0.0,AMPS_Hard,math,fa4ac43f853aecd189647b25fa4a1b9098d759579ed39202c46d0c835e96cf0b
1078,gemma-3-12b-it,0.0,AMPS_Hard,math,fabb6a2496aa51e1205bc454945ca80b2bc1e99ebb9e21d746c3f124db4e2e82
1079,gemma-3-1b-it,0.0,AMPS_Hard,math,fabb6a2496aa51e1205bc454945ca80b2bc1e99ebb9e21d746c3f124db4e2e82
1080,gemma-3-4b-it,0.0,AMPS_Hard,math,fabb6a2496aa51e1205bc454945ca80b2bc1e99ebb9e21d746c3f124db4e2e82
1081,llama-3.1-70b-instruct,0.0,AMPS_Hard,math,fabb6a2496aa51e1205bc454945ca80b2bc1e99ebb9e21d746c3f124db4e2e82
1082,llama-3.1-8b-instruct,0.0,AMPS_Hard,math,fabb6a2496aa51e1205bc454945ca80b2bc1e99ebb9e21d746c3f124db4e2e82
1083,llama-3.2-1b-instruct,0.0,AMPS_Hard,math,fabb6a2496aa51e1205bc454945ca80b2bc1e99ebb9e21d746c3f124db4e2e82
1084,llama-3.2-3b-instruct,0.0,AMPS_Hard,math,fabb6a2496aa51e1205bc454945ca80b2bc1e99ebb9e21d746c3f124db4e2e82
1085,mistral-24b,0.0,AMPS_Hard,math,fabb6a2496aa51e1205bc454945ca80b2bc1e99ebb9e21d746c3f124db4e2e82
1086,mistral-7b,0.0,AMPS_Hard,math,fabb6a2496aa51e1205bc454945ca80b2bc1e99ebb9e21d746c3f124db4e2e82
1087,qwen-2.5-3b-instruct,0.0,AMPS_Hard,math,fabb6a2496aa51e1205bc454945ca80b2bc1e99ebb9e21d746c3f124db4e2e82
1088,qwen-32b,0.0,AMPS_Hard,math,fabb6a2496aa51e1205bc454945ca80b2bc1e99ebb9e21d746c3f124db4e2e82
1089,gemma-3-12b-it,100.0,AMPS_Hard,math,fd34b7ecb0caa3bd511967093b5d7946b2d0206e1496d021ea7b1a4d908ad557
1090,gemma-3-1b-it,0.0,AMPS_Hard,math,fd34b7ecb0caa3bd511967093b5d7946b2d0206e1496d021ea7b1a4d908ad557
1091,gemma-3-4b-it,100.0,AMPS_Hard,math,fd34b7ecb0caa3bd511967093b5d7946b2d0206e1496d021ea7b1a4d908ad557
1092,llama-3.1-70b-instruct,100.0,AMPS_Hard,math,fd34b7ecb0caa3bd511967093b5d7946b2d0206e1496d021ea7b1a4d908ad557
1093,llama-3.1-8b-instruct,100.0,AMPS_Hard,math,fd34b7ecb0caa3bd511967093b5d7946b2d0206e1496d021ea7b1a4d908ad557
1094,llama-3.2-1b-instruct,0.0,AMPS_Hard,math,fd34b7ecb0caa3bd511967093b5d7946b2d0206e1496d021ea7b1a4d908ad557
1095,llama-3.2-3b-instruct,100.0,AMPS_Hard,math,fd34b7ecb0caa3bd511967093b5d7946b2d0206e1496d021ea7b1a4d908ad557
1096,mistral-24b,0.0,AMPS_Hard,math,fd34b7ecb0caa3bd511967093b5d7946b2d0206e1496d021ea7b1a4d908ad557
1097,mistral-7b,100.0,AMPS_Hard,math,fd34b7ecb0caa3bd511967093b5d7946b2d0206e1496d021ea7b1a4d908ad557
1098,qwen-2.5-3b-instruct,100.0,AMPS_Hard,math,fd34b7ecb0caa3bd511967093b5d7946b2d0206e1496d021ea7b1a4d908ad557
1099,qwen-32b,100.0,AMPS_Hard,math,fd34b7ecb0caa3bd511967093b5d7946b2d0206e1496d021ea7b1a4d908ad557
1100,gemma-3-12b-it,14.516129032258002,olympiad,math,0499deda2f068008d488551abf96b4b758c6ed6b79cd2ec6a204d1250b140421
1101,gemma-3-1b-it,1.6203703703703003,olympiad,math,0499deda2f068008d488551abf96b4b758c6ed6b79cd2ec6a204d1250b140421
1102,gemma-3-4b-it,1.6129032258064002,olympiad,math,0499deda2f068008d488551abf96b4b758c6ed6b79cd2ec6a204d1250b140421
1103,llama-3.1-70b-instruct,20.9677419354838,olympiad,math,0499deda2f068008d488551abf96b4b758c6ed6b79cd2ec6a204d1250b140421
1104,llama-3.1-8b-instruct,1.6129032258064002,olympiad,math,0499deda2f068008d488551abf96b4b758c6ed6b79cd2ec6a204d1250b140421
1105,llama-3.2-1b-instruct,1.6129032258064002,olympiad,math,0499deda2f068008d488551abf96b4b758c6ed6b79cd2ec6a204d1250b140421
1106,llama-3.2-3b-instruct,6.451612903225801,olympiad,math,0499deda2f068008d488551abf96b4b758c6ed6b79cd2ec6a204d1250b140421
1107,mistral-24b,14.516129032258002,olympiad,math,0499deda2f068008d488551abf96b4b758c6ed6b79cd2ec6a204d1250b140421
1108,mistral-7b,1.6129032258064002,olympiad,math,0499deda2f068008d488551abf96b4b758c6ed6b79cd2ec6a204d1250b140421
1109,qwen-2.5-3b-instruct,1.6129032258064002,olympiad,math,0499deda2f068008d488551abf96b4b758c6ed6b79cd2ec6a204d1250b140421
1110,qwen-32b,1.9607843137254004,olympiad,math,0499deda2f068008d488551abf96b4b758c6ed6b79cd2ec6a204d1250b140421
1111,gemma-3-12b-it,15.000000000000002,olympiad,math,0d3a48049dc5da31531654f59e7866832579f812b892610bd1b178fc4d010d0c
1112,gemma-3-1b-it,15.000000000000002,olympiad,math,0d3a48049dc5da31531654f59e7866832579f812b892610bd1b178fc4d010d0c
1113,gemma-3-4b-it,19.9999999999999,olympiad,math,0d3a48049dc5da31531654f59e7866832579f812b892610bd1b178fc4d010d0c
1114,llama-3.1-70b-instruct,40.0,olympiad,math,0d3a48049dc5da31531654f59e7866832579f812b892610bd1b178fc4d010d0c
1115,llama-3.1-8b-instruct,15.000000000000002,olympiad,math,0d3a48049dc5da31531654f59e7866832579f812b892610bd1b178fc4d010d0c
1116,llama-3.2-1b-instruct,5.0,olympiad,math,0d3a48049dc5da31531654f59e7866832579f812b892610bd1b178fc4d010d0c
1117,llama-3.2-3b-instruct,25.0,olympiad,math,0d3a48049dc5da31531654f59e7866832579f812b892610bd1b178fc4d010d0c
1118,mistral-24b,47.619047619047606,olympiad,math,0d3a48049dc5da31531654f59e7866832579f812b892610bd1b178fc4d010d0c
1119,mistral-7b,19.9999999999999,olympiad,math,0d3a48049dc5da31531654f59e7866832579f812b892610bd1b178fc4d010d0c
1120,qwen-2.5-3b-instruct,25.0,olympiad,math,0d3a48049dc5da31531654f59e7866832579f812b892610bd1b178fc4d010d0c
1121,qwen-32b,65.0,olympiad,math,0d3a48049dc5da31531654f59e7866832579f812b892610bd1b178fc4d010d0c
1122,gemma-3-12b-it,2.1276595744680002,olympiad,math,11f95734f602e7d1481f9887ca7fc8bed83258e22fd5c443449ac159a4732115
1123,gemma-3-1b-it,1.3888888888888002,olympiad,math,11f95734f602e7d1481f9887ca7fc8bed83258e22fd5c443449ac159a4732115
1124,gemma-3-4b-it,2.1276595744680002,olympiad,math,11f95734f602e7d1481f9887ca7fc8bed83258e22fd5c443449ac159a4732115
1125,llama-3.1-70b-instruct,2.1276595744680002,olympiad,math,11f95734f602e7d1481f9887ca7fc8bed83258e22fd5c443449ac159a4732115
1126,llama-3.1-8b-instruct,4.2553191489361,olympiad,math,11f95734f602e7d1481f9887ca7fc8bed83258e22fd5c443449ac159a4732115
1127,llama-3.2-1b-instruct,2.0833333333333,olympiad,math,11f95734f602e7d1481f9887ca7fc8bed83258e22fd5c443449ac159a4732115
1128,llama-3.2-3b-instruct,2.1276595744680002,olympiad,math,11f95734f602e7d1481f9887ca7fc8bed83258e22fd5c443449ac159a4732115
1129,mistral-24b,2.1276595744680002,olympiad,math,11f95734f602e7d1481f9887ca7fc8bed83258e22fd5c443449ac159a4732115
1130,mistral-7b,4.2553191489361,olympiad,math,11f95734f602e7d1481f9887ca7fc8bed83258e22fd5c443449ac159a4732115
1131,qwen-2.5-3b-instruct,2.1276595744680002,olympiad,math,11f95734f602e7d1481f9887ca7fc8bed83258e22fd5c443449ac159a4732115
1132,qwen-32b,2.1276595744680002,olympiad,math,11f95734f602e7d1481f9887ca7fc8bed83258e22fd5c443449ac159a4732115
1133,gemma-3-12b-it,0.0,olympiad,math,1f6132e867a52e5c7b084011484f7fcfec9195f407c9bfb06a3f13f5b709d333
1134,gemma-3-1b-it,0.6944444444444001,olympiad,math,1f6132e867a52e5c7b084011484f7fcfec9195f407c9bfb06a3f13f5b709d333
1135,gemma-3-4b-it,0.0,olympiad,math,1f6132e867a52e5c7b084011484f7fcfec9195f407c9bfb06a3f13f5b709d333
1136,llama-3.1-70b-instruct,10.3448275862068,olympiad,math,1f6132e867a52e5c7b084011484f7fcfec9195f407c9bfb06a3f13f5b709d333
1137,llama-3.1-8b-instruct,10.3448275862068,olympiad,math,1f6132e867a52e5c7b084011484f7fcfec9195f407c9bfb06a3f13f5b709d333
1138,llama-3.2-1b-instruct,0.0,olympiad,math,1f6132e867a52e5c7b084011484f7fcfec9195f407c9bfb06a3f13f5b709d333
1139,llama-3.2-3b-instruct,13.7931034482758,olympiad,math,1f6132e867a52e5c7b084011484f7fcfec9195f407c9bfb06a3f13f5b709d333
1140,mistral-24b,13.7931034482758,olympiad,math,1f6132e867a52e5c7b084011484f7fcfec9195f407c9bfb06a3f13f5b709d333
1141,mistral-7b,6.8965517241379,olympiad,math,1f6132e867a52e5c7b084011484f7fcfec9195f407c9bfb06a3f13f5b709d333
1142,qwen-2.5-3b-instruct,6.8965517241379,olympiad,math,1f6132e867a52e5c7b084011484f7fcfec9195f407c9bfb06a3f13f5b709d333
1143,qwen-32b,27.5862068965517,olympiad,math,1f6132e867a52e5c7b084011484f7fcfec9195f407c9bfb06a3f13f5b709d333
1144,gemma-3-12b-it,4.3478260869565,olympiad,math,2191e02b65ac78dd0d28bc13f41786d2596dbaa560ad9d0658a27ae2814faef3
1145,gemma-3-1b-it,4.3478260869565,olympiad,math,2191e02b65ac78dd0d28bc13f41786d2596dbaa560ad9d0658a27ae2814faef3
1146,gemma-3-4b-it,17.391304347826,olympiad,math,2191e02b65ac78dd0d28bc13f41786d2596dbaa560ad9d0658a27ae2814faef3
1147,llama-3.1-70b-instruct,8.695652173913,olympiad,math,2191e02b65ac78dd0d28bc13f41786d2596dbaa560ad9d0658a27ae2814faef3
1148,llama-3.1-8b-instruct,13.0434782608695,olympiad,math,2191e02b65ac78dd0d28bc13f41786d2596dbaa560ad9d0658a27ae2814faef3
1149,llama-3.2-1b-instruct,4.3478260869565,olympiad,math,2191e02b65ac78dd0d28bc13f41786d2596dbaa560ad9d0658a27ae2814faef3
1150,llama-3.2-3b-instruct,4.3478260869565,olympiad,math,2191e02b65ac78dd0d28bc13f41786d2596dbaa560ad9d0658a27ae2814faef3
1151,mistral-24b,21.739130434782602,olympiad,math,2191e02b65ac78dd0d28bc13f41786d2596dbaa560ad9d0658a27ae2814faef3
1152,mistral-7b,13.0434782608695,olympiad,math,2191e02b65ac78dd0d28bc13f41786d2596dbaa560ad9d0658a27ae2814faef3
1153,qwen-2.5-3b-instruct,4.3478260869565,olympiad,math,2191e02b65ac78dd0d28bc13f41786d2596dbaa560ad9d0658a27ae2814faef3
1154,qwen-32b,30.434782608695603,olympiad,math,2191e02b65ac78dd0d28bc13f41786d2596dbaa560ad9d0658a27ae2814faef3
1155,gemma-3-12b-it,1.6129032258064002,olympiad,math,2a82215ea19fcbded36fa95df35b6e7c5f6ed28b0b5f6c3460b4223f1904a536
1156,gemma-3-1b-it,1.6203703703703003,olympiad,math,2a82215ea19fcbded36fa95df35b6e7c5f6ed28b0b5f6c3460b4223f1904a536
1157,gemma-3-4b-it,3.2258064516129004,olympiad,math,2a82215ea19fcbded36fa95df35b6e7c5f6ed28b0b5f6c3460b4223f1904a536
1158,llama-3.1-70b-instruct,17.7419354838709,olympiad,math,2a82215ea19fcbded36fa95df35b6e7c5f6ed28b0b5f6c3460b4223f1904a536
1159,llama-3.1-8b-instruct,1.6129032258064002,olympiad,math,2a82215ea19fcbded36fa95df35b6e7c5f6ed28b0b5f6c3460b4223f1904a536
1160,llama-3.2-1b-instruct,1.6129032258064002,olympiad,math,2a82215ea19fcbded36fa95df35b6e7c5f6ed28b0b5f6c3460b4223f1904a536
1161,llama-3.2-3b-instruct,1.6129032258064002,olympiad,math,2a82215ea19fcbded36fa95df35b6e7c5f6ed28b0b5f6c3460b4223f1904a536
1162,mistral-24b,1.6129032258064002,olympiad,math,2a82215ea19fcbded36fa95df35b6e7c5f6ed28b0b5f6c3460b4223f1904a536
1163,mistral-7b,1.6129032258064002,olympiad,math,2a82215ea19fcbded36fa95df35b6e7c5f6ed28b0b5f6c3460b4223f1904a536
1164,qwen-2.5-3b-instruct,8.064516129032201,olympiad,math,2a82215ea19fcbded36fa95df35b6e7c5f6ed28b0b5f6c3460b4223f1904a536
1165,qwen-32b,9.677419354838701,olympiad,math,2a82215ea19fcbded36fa95df35b6e7c5f6ed28b0b5f6c3460b4223f1904a536
1166,gemma-3-12b-it,15.7894736842105,olympiad,math,2c17f46f8323e8e692a1827bb18c9a9a43fcff9860b72372cb9551b7cdd532f5
1167,gemma-3-1b-it,15.7894736842105,olympiad,math,2c17f46f8323e8e692a1827bb18c9a9a43fcff9860b72372cb9551b7cdd532f5
1168,gemma-3-4b-it,10.5263157894736,olympiad,math,2c17f46f8323e8e692a1827bb18c9a9a43fcff9860b72372cb9551b7cdd532f5
1169,llama-3.1-70b-instruct,52.63157894736841,olympiad,math,2c17f46f8323e8e692a1827bb18c9a9a43fcff9860b72372cb9551b7cdd532f5
1170,llama-3.1-8b-instruct,21.0526315789473,olympiad,math,2c17f46f8323e8e692a1827bb18c9a9a43fcff9860b72372cb9551b7cdd532f5
1171,llama-3.2-1b-instruct,5.2631578947368,olympiad,math,2c17f46f8323e8e692a1827bb18c9a9a43fcff9860b72372cb9551b7cdd532f5
1172,llama-3.2-3b-instruct,10.5263157894736,olympiad,math,2c17f46f8323e8e692a1827bb18c9a9a43fcff9860b72372cb9551b7cdd532f5
1173,mistral-24b,26.315789473684205,olympiad,math,2c17f46f8323e8e692a1827bb18c9a9a43fcff9860b72372cb9551b7cdd532f5
1174,mistral-7b,21.0526315789473,olympiad,math,2c17f46f8323e8e692a1827bb18c9a9a43fcff9860b72372cb9551b7cdd532f5
1175,qwen-2.5-3b-instruct,5.2631578947368,olympiad,math,2c17f46f8323e8e692a1827bb18c9a9a43fcff9860b72372cb9551b7cdd532f5
1176,qwen-32b,63.1578947368421,olympiad,math,2c17f46f8323e8e692a1827bb18c9a9a43fcff9860b72372cb9551b7cdd532f5
1177,gemma-3-12b-it,4.3478260869565,olympiad,math,2c5982946e20e2a85531ac00121697b263591e055ac19586db59a890fdaf98b1
1178,gemma-3-1b-it,0.9259259259259001,olympiad,math,2c5982946e20e2a85531ac00121697b263591e055ac19586db59a890fdaf98b1
1179,gemma-3-4b-it,4.3478260869565,olympiad,math,2c5982946e20e2a85531ac00121697b263591e055ac19586db59a890fdaf98b1
1180,llama-3.1-70b-instruct,26.0869565217391,olympiad,math,2c5982946e20e2a85531ac00121697b263591e055ac19586db59a890fdaf98b1
1181,llama-3.1-8b-instruct,0.0,olympiad,math,2c5982946e20e2a85531ac00121697b263591e055ac19586db59a890fdaf98b1
1182,llama-3.2-1b-instruct,4.3478260869565,olympiad,math,2c5982946e20e2a85531ac00121697b263591e055ac19586db59a890fdaf98b1
1183,llama-3.2-3b-instruct,17.391304347826,olympiad,math,2c5982946e20e2a85531ac00121697b263591e055ac19586db59a890fdaf98b1
1184,mistral-24b,30.434782608695603,olympiad,math,2c5982946e20e2a85531ac00121697b263591e055ac19586db59a890fdaf98b1
1185,mistral-7b,17.391304347826,olympiad,math,2c5982946e20e2a85531ac00121697b263591e055ac19586db59a890fdaf98b1
1186,qwen-2.5-3b-instruct,17.391304347826,olympiad,math,2c5982946e20e2a85531ac00121697b263591e055ac19586db59a890fdaf98b1
1187,qwen-32b,39.1304347826086,olympiad,math,2c5982946e20e2a85531ac00121697b263591e055ac19586db59a890fdaf98b1
1188,gemma-3-12b-it,12.5,olympiad,math,2dd75e080f3e276f3dcf304d970e6a03973ddf777537422c9aba59559ddc9594
1189,gemma-3-1b-it,12.5,olympiad,math,2dd75e080f3e276f3dcf304d970e6a03973ddf777537422c9aba59559ddc9594
1190,gemma-3-4b-it,8.3333333333333,olympiad,math,2dd75e080f3e276f3dcf304d970e6a03973ddf777537422c9aba59559ddc9594
1191,llama-3.1-70b-instruct,4.1666666666666,olympiad,math,2dd75e080f3e276f3dcf304d970e6a03973ddf777537422c9aba59559ddc9594
1192,llama-3.1-8b-instruct,8.3333333333333,olympiad,math,2dd75e080f3e276f3dcf304d970e6a03973ddf777537422c9aba59559ddc9594
1193,llama-3.2-1b-instruct,4.1666666666666,olympiad,math,2dd75e080f3e276f3dcf304d970e6a03973ddf777537422c9aba59559ddc9594
1194,llama-3.2-3b-instruct,8.3333333333333,olympiad,math,2dd75e080f3e276f3dcf304d970e6a03973ddf777537422c9aba59559ddc9594
1195,mistral-24b,8.3333333333333,olympiad,math,2dd75e080f3e276f3dcf304d970e6a03973ddf777537422c9aba59559ddc9594
1196,mistral-7b,0.0,olympiad,math,2dd75e080f3e276f3dcf304d970e6a03973ddf777537422c9aba59559ddc9594
1197,qwen-2.5-3b-instruct,4.1666666666666,olympiad,math,2dd75e080f3e276f3dcf304d970e6a03973ddf777537422c9aba59559ddc9594
1198,qwen-32b,45.8333333333333,olympiad,math,2dd75e080f3e276f3dcf304d970e6a03973ddf777537422c9aba59559ddc9594
1199,gemma-3-12b-it,10.5263157894736,olympiad,math,3649fb05ed87c2f3ed8a933e7c8f032b54a5d6f0d23504cdd578541dd60c0f08
1200,gemma-3-1b-it,5.2631578947368,olympiad,math,3649fb05ed87c2f3ed8a933e7c8f032b54a5d6f0d23504cdd578541dd60c0f08
1201,gemma-3-4b-it,10.5263157894736,olympiad,math,3649fb05ed87c2f3ed8a933e7c8f032b54a5d6f0d23504cdd578541dd60c0f08
1202,llama-3.1-70b-instruct,47.368421052631504,olympiad,math,3649fb05ed87c2f3ed8a933e7c8f032b54a5d6f0d23504cdd578541dd60c0f08
1203,llama-3.1-8b-instruct,21.0526315789473,olympiad,math,3649fb05ed87c2f3ed8a933e7c8f032b54a5d6f0d23504cdd578541dd60c0f08
1204,llama-3.2-1b-instruct,5.2631578947368,olympiad,math,3649fb05ed87c2f3ed8a933e7c8f032b54a5d6f0d23504cdd578541dd60c0f08
1205,llama-3.2-3b-instruct,10.5263157894736,olympiad,math,3649fb05ed87c2f3ed8a933e7c8f032b54a5d6f0d23504cdd578541dd60c0f08
1206,mistral-24b,21.0526315789473,olympiad,math,3649fb05ed87c2f3ed8a933e7c8f032b54a5d6f0d23504cdd578541dd60c0f08
1207,mistral-7b,0.7220216606498001,olympiad,math,3649fb05ed87c2f3ed8a933e7c8f032b54a5d6f0d23504cdd578541dd60c0f08
1208,qwen-2.5-3b-instruct,15.7894736842105,olympiad,math,3649fb05ed87c2f3ed8a933e7c8f032b54a5d6f0d23504cdd578541dd60c0f08
1209,qwen-32b,47.368421052631504,olympiad,math,3649fb05ed87c2f3ed8a933e7c8f032b54a5d6f0d23504cdd578541dd60c0f08
1210,gemma-3-12b-it,26.315789473684205,olympiad,math,3f55db366e970e1965bbba20e9958a4c0ea52e4224d11d875d390983485dd32b
1211,gemma-3-1b-it,0.0,olympiad,math,3f55db366e970e1965bbba20e9958a4c0ea52e4224d11d875d390983485dd32b
1212,gemma-3-4b-it,21.0526315789473,olympiad,math,3f55db366e970e1965bbba20e9958a4c0ea52e4224d11d875d390983485dd32b
1213,llama-3.1-70b-instruct,36.842105263157904,olympiad,math,3f55db366e970e1965bbba20e9958a4c0ea52e4224d11d875d390983485dd32b
1214,llama-3.1-8b-instruct,15.7894736842105,olympiad,math,3f55db366e970e1965bbba20e9958a4c0ea52e4224d11d875d390983485dd32b
1215,llama-3.2-1b-instruct,4.0,olympiad,math,3f55db366e970e1965bbba20e9958a4c0ea52e4224d11d875d390983485dd32b
1216,llama-3.2-3b-instruct,5.2631578947368,olympiad,math,3f55db366e970e1965bbba20e9958a4c0ea52e4224d11d875d390983485dd32b
1217,mistral-24b,21.0526315789473,olympiad,math,3f55db366e970e1965bbba20e9958a4c0ea52e4224d11d875d390983485dd32b
1218,mistral-7b,10.5263157894736,olympiad,math,3f55db366e970e1965bbba20e9958a4c0ea52e4224d11d875d390983485dd32b
1219,qwen-2.5-3b-instruct,5.2631578947368,olympiad,math,3f55db366e970e1965bbba20e9958a4c0ea52e4224d11d875d390983485dd32b
1220,qwen-32b,63.1578947368421,olympiad,math,3f55db366e970e1965bbba20e9958a4c0ea52e4224d11d875d390983485dd32b
1221,gemma-3-12b-it,0.0,olympiad,math,527d5f9f9cf27824b84109a495eeced7c7c097fb324b872212f6813a660e5ee4
1222,gemma-3-1b-it,0.9259259259259001,olympiad,math,527d5f9f9cf27824b84109a495eeced7c7c097fb324b872212f6813a660e5ee4
1223,gemma-3-4b-it,0.0,olympiad,math,527d5f9f9cf27824b84109a495eeced7c7c097fb324b872212f6813a660e5ee4
1224,llama-3.1-70b-instruct,8.3333333333333,olympiad,math,527d5f9f9cf27824b84109a495eeced7c7c097fb324b872212f6813a660e5ee4
1225,llama-3.1-8b-instruct,4.1666666666666,olympiad,math,527d5f9f9cf27824b84109a495eeced7c7c097fb324b872212f6813a660e5ee4
1226,llama-3.2-1b-instruct,0.0,olympiad,math,527d5f9f9cf27824b84109a495eeced7c7c097fb324b872212f6813a660e5ee4
1227,llama-3.2-3b-instruct,4.1666666666666,olympiad,math,527d5f9f9cf27824b84109a495eeced7c7c097fb324b872212f6813a660e5ee4
1228,mistral-24b,12.5,olympiad,math,527d5f9f9cf27824b84109a495eeced7c7c097fb324b872212f6813a660e5ee4
1229,mistral-7b,8.3333333333333,olympiad,math,527d5f9f9cf27824b84109a495eeced7c7c097fb324b872212f6813a660e5ee4
1230,qwen-2.5-3b-instruct,4.1666666666666,olympiad,math,527d5f9f9cf27824b84109a495eeced7c7c097fb324b872212f6813a660e5ee4
1231,qwen-32b,4.1666666666666,olympiad,math,527d5f9f9cf27824b84109a495eeced7c7c097fb324b872212f6813a660e5ee4
1232,gemma-3-12b-it,42.857142857142804,olympiad,math,558c3c463860fcaa2b08edd9d5f0f11071944bf7d9229574862a92e6d91f1a21
1233,gemma-3-1b-it,0.0,olympiad,math,558c3c463860fcaa2b08edd9d5f0f11071944bf7d9229574862a92e6d91f1a21
1234,gemma-3-4b-it,28.571428571428502,olympiad,math,558c3c463860fcaa2b08edd9d5f0f11071944bf7d9229574862a92e6d91f1a21
1235,llama-3.1-70b-instruct,42.857142857142804,olympiad,math,558c3c463860fcaa2b08edd9d5f0f11071944bf7d9229574862a92e6d91f1a21
1236,llama-3.1-8b-instruct,2.6315789473684,olympiad,math,558c3c463860fcaa2b08edd9d5f0f11071944bf7d9229574862a92e6d91f1a21
1237,llama-3.2-1b-instruct,42.857142857142804,olympiad,math,558c3c463860fcaa2b08edd9d5f0f11071944bf7d9229574862a92e6d91f1a21
1238,llama-3.2-3b-instruct,42.857142857142804,olympiad,math,558c3c463860fcaa2b08edd9d5f0f11071944bf7d9229574862a92e6d91f1a21
1239,mistral-24b,28.571428571428502,olympiad,math,558c3c463860fcaa2b08edd9d5f0f11071944bf7d9229574862a92e6d91f1a21
1240,mistral-7b,28.571428571428502,olympiad,math,558c3c463860fcaa2b08edd9d5f0f11071944bf7d9229574862a92e6d91f1a21
1241,qwen-2.5-3b-instruct,42.857142857142804,olympiad,math,558c3c463860fcaa2b08edd9d5f0f11071944bf7d9229574862a92e6d91f1a21
1242,qwen-32b,71.4285714285714,olympiad,math,558c3c463860fcaa2b08edd9d5f0f11071944bf7d9229574862a92e6d91f1a21
1243,gemma-3-12b-it,55.5555555555555,olympiad,math,56155e5b8c1dc430cc262691aea0a75d71f7dee78b6e15304607caf0b56ecfbd
1244,gemma-3-1b-it,0.0,olympiad,math,56155e5b8c1dc430cc262691aea0a75d71f7dee78b6e15304607caf0b56ecfbd
1245,gemma-3-4b-it,11.1111111111111,olympiad,math,56155e5b8c1dc430cc262691aea0a75d71f7dee78b6e15304607caf0b56ecfbd
1246,llama-3.1-70b-instruct,66.6666666666666,olympiad,math,56155e5b8c1dc430cc262691aea0a75d71f7dee78b6e15304607caf0b56ecfbd
1247,llama-3.1-8b-instruct,55.5555555555555,olympiad,math,56155e5b8c1dc430cc262691aea0a75d71f7dee78b6e15304607caf0b56ecfbd
1248,llama-3.2-1b-instruct,11.1111111111111,olympiad,math,56155e5b8c1dc430cc262691aea0a75d71f7dee78b6e15304607caf0b56ecfbd
1249,llama-3.2-3b-instruct,22.2222222222222,olympiad,math,56155e5b8c1dc430cc262691aea0a75d71f7dee78b6e15304607caf0b56ecfbd
1250,mistral-24b,66.6666666666666,olympiad,math,56155e5b8c1dc430cc262691aea0a75d71f7dee78b6e15304607caf0b56ecfbd
1251,mistral-7b,0.0,olympiad,math,56155e5b8c1dc430cc262691aea0a75d71f7dee78b6e15304607caf0b56ecfbd
1252,qwen-2.5-3b-instruct,0.0,olympiad,math,56155e5b8c1dc430cc262691aea0a75d71f7dee78b6e15304607caf0b56ecfbd
1253,qwen-32b,77.7777777777777,olympiad,math,56155e5b8c1dc430cc262691aea0a75d71f7dee78b6e15304607caf0b56ecfbd
1254,gemma-3-12b-it,6.25,olympiad,math,5b9c56e9392dd999162474f10addf1a3a72f1d8b1c8bafc999ccec6f22194c18
1255,gemma-3-1b-it,0.0,olympiad,math,5b9c56e9392dd999162474f10addf1a3a72f1d8b1c8bafc999ccec6f22194c18
1256,gemma-3-4b-it,9.375000000000002,olympiad,math,5b9c56e9392dd999162474f10addf1a3a72f1d8b1c8bafc999ccec6f22194c18
1257,llama-3.1-70b-instruct,3.125,olympiad,math,5b9c56e9392dd999162474f10addf1a3a72f1d8b1c8bafc999ccec6f22194c18
1258,llama-3.1-8b-instruct,3.125,olympiad,math,5b9c56e9392dd999162474f10addf1a3a72f1d8b1c8bafc999ccec6f22194c18
1259,llama-3.2-1b-instruct,4.1139240506329,olympiad,math,5b9c56e9392dd999162474f10addf1a3a72f1d8b1c8bafc999ccec6f22194c18
1260,llama-3.2-3b-instruct,6.25,olympiad,math,5b9c56e9392dd999162474f10addf1a3a72f1d8b1c8bafc999ccec6f22194c18
1261,mistral-24b,9.375000000000002,olympiad,math,5b9c56e9392dd999162474f10addf1a3a72f1d8b1c8bafc999ccec6f22194c18
1262,mistral-7b,0.0,olympiad,math,5b9c56e9392dd999162474f10addf1a3a72f1d8b1c8bafc999ccec6f22194c18
1263,qwen-2.5-3b-instruct,6.25,olympiad,math,5b9c56e9392dd999162474f10addf1a3a72f1d8b1c8bafc999ccec6f22194c18
1264,qwen-32b,15.625,olympiad,math,5b9c56e9392dd999162474f10addf1a3a72f1d8b1c8bafc999ccec6f22194c18
1265,gemma-3-12b-it,50.0,olympiad,math,698d9bd9ad134096358dad82317dae610d9f265255aeee52c644871b83eb7a85
1266,gemma-3-1b-it,50.0,olympiad,math,698d9bd9ad134096358dad82317dae610d9f265255aeee52c644871b83eb7a85
1267,gemma-3-4b-it,50.0,olympiad,math,698d9bd9ad134096358dad82317dae610d9f265255aeee52c644871b83eb7a85
1268,llama-3.1-70b-instruct,75.0,olympiad,math,698d9bd9ad134096358dad82317dae610d9f265255aeee52c644871b83eb7a85
1269,llama-3.1-8b-instruct,50.0,olympiad,math,698d9bd9ad134096358dad82317dae610d9f265255aeee52c644871b83eb7a85
1270,llama-3.2-1b-instruct,0.0,olympiad,math,698d9bd9ad134096358dad82317dae610d9f265255aeee52c644871b83eb7a85
1271,llama-3.2-3b-instruct,50.0,olympiad,math,698d9bd9ad134096358dad82317dae610d9f265255aeee52c644871b83eb7a85
1272,mistral-24b,50.0,olympiad,math,698d9bd9ad134096358dad82317dae610d9f265255aeee52c644871b83eb7a85
1273,mistral-7b,50.0,olympiad,math,698d9bd9ad134096358dad82317dae610d9f265255aeee52c644871b83eb7a85
1274,qwen-2.5-3b-instruct,50.0,olympiad,math,698d9bd9ad134096358dad82317dae610d9f265255aeee52c644871b83eb7a85
1275,qwen-32b,100.0,olympiad,math,698d9bd9ad134096358dad82317dae610d9f265255aeee52c644871b83eb7a85
1276,gemma-3-12b-it,3.4482758620689005,olympiad,math,6d9bd0806e27f34ff88209075cad638ca0ed6662f499c74bdd3a256d3511b9fe
1277,gemma-3-1b-it,1.1574074074074001,olympiad,math,6d9bd0806e27f34ff88209075cad638ca0ed6662f499c74bdd3a256d3511b9fe
1278,gemma-3-4b-it,10.3448275862068,olympiad,math,6d9bd0806e27f34ff88209075cad638ca0ed6662f499c74bdd3a256d3511b9fe
1279,llama-3.1-70b-instruct,3.4482758620689005,olympiad,math,6d9bd0806e27f34ff88209075cad638ca0ed6662f499c74bdd3a256d3511b9fe
1280,llama-3.1-8b-instruct,6.8965517241379,olympiad,math,6d9bd0806e27f34ff88209075cad638ca0ed6662f499c74bdd3a256d3511b9fe
1281,llama-3.2-1b-instruct,3.4482758620689005,olympiad,math,6d9bd0806e27f34ff88209075cad638ca0ed6662f499c74bdd3a256d3511b9fe
1282,llama-3.2-3b-instruct,3.4482758620689005,olympiad,math,6d9bd0806e27f34ff88209075cad638ca0ed6662f499c74bdd3a256d3511b9fe
1283,mistral-24b,6.8965517241379,olympiad,math,6d9bd0806e27f34ff88209075cad638ca0ed6662f499c74bdd3a256d3511b9fe
1284,mistral-7b,10.3448275862068,olympiad,math,6d9bd0806e27f34ff88209075cad638ca0ed6662f499c74bdd3a256d3511b9fe
1285,qwen-2.5-3b-instruct,10.3448275862068,olympiad,math,6d9bd0806e27f34ff88209075cad638ca0ed6662f499c74bdd3a256d3511b9fe
1286,qwen-32b,31.0344827586206,olympiad,math,6d9bd0806e27f34ff88209075cad638ca0ed6662f499c74bdd3a256d3511b9fe
1287,gemma-3-12b-it,0.0,olympiad,math,6df4693c156b7581ffb9a1267a84c055bc9edd8170681b9021bb837f1e9d1167
1288,gemma-3-1b-it,5.5555555555555,olympiad,math,6df4693c156b7581ffb9a1267a84c055bc9edd8170681b9021bb837f1e9d1167
1289,gemma-3-4b-it,0.0,olympiad,math,6df4693c156b7581ffb9a1267a84c055bc9edd8170681b9021bb837f1e9d1167
1290,llama-3.1-70b-instruct,33.3333333333333,olympiad,math,6df4693c156b7581ffb9a1267a84c055bc9edd8170681b9021bb837f1e9d1167
1291,llama-3.1-8b-instruct,5.5555555555555,olympiad,math,6df4693c156b7581ffb9a1267a84c055bc9edd8170681b9021bb837f1e9d1167
1292,llama-3.2-1b-instruct,0.0,olympiad,math,6df4693c156b7581ffb9a1267a84c055bc9edd8170681b9021bb837f1e9d1167
1293,llama-3.2-3b-instruct,0.0,olympiad,math,6df4693c156b7581ffb9a1267a84c055bc9edd8170681b9021bb837f1e9d1167
1294,mistral-24b,22.2222222222222,olympiad,math,6df4693c156b7581ffb9a1267a84c055bc9edd8170681b9021bb837f1e9d1167
1295,mistral-7b,11.1111111111111,olympiad,math,6df4693c156b7581ffb9a1267a84c055bc9edd8170681b9021bb837f1e9d1167
1296,qwen-2.5-3b-instruct,5.5555555555555,olympiad,math,6df4693c156b7581ffb9a1267a84c055bc9edd8170681b9021bb837f1e9d1167
1297,qwen-32b,44.4444444444444,olympiad,math,6df4693c156b7581ffb9a1267a84c055bc9edd8170681b9021bb837f1e9d1167
1298,gemma-3-12b-it,2.1276595744680002,olympiad,math,6dfb6aade6429e2cca0718a497a442299a57199dfd547813471f4cf30ed6c7c7
1299,gemma-3-1b-it,1.1574074074074001,olympiad,math,6dfb6aade6429e2cca0718a497a442299a57199dfd547813471f4cf30ed6c7c7
1300,gemma-3-4b-it,2.1276595744680002,olympiad,math,6dfb6aade6429e2cca0718a497a442299a57199dfd547813471f4cf30ed6c7c7
1301,llama-3.1-70b-instruct,2.1276595744680002,olympiad,math,6dfb6aade6429e2cca0718a497a442299a57199dfd547813471f4cf30ed6c7c7
1302,llama-3.1-8b-instruct,2.1276595744680002,olympiad,math,6dfb6aade6429e2cca0718a497a442299a57199dfd547813471f4cf30ed6c7c7
1303,llama-3.2-1b-instruct,2.1276595744680002,olympiad,math,6dfb6aade6429e2cca0718a497a442299a57199dfd547813471f4cf30ed6c7c7
1304,llama-3.2-3b-instruct,2.1276595744680002,olympiad,math,6dfb6aade6429e2cca0718a497a442299a57199dfd547813471f4cf30ed6c7c7
1305,mistral-24b,2.1276595744680002,olympiad,math,6dfb6aade6429e2cca0718a497a442299a57199dfd547813471f4cf30ed6c7c7
1306,mistral-7b,4.2553191489361,olympiad,math,6dfb6aade6429e2cca0718a497a442299a57199dfd547813471f4cf30ed6c7c7
1307,qwen-2.5-3b-instruct,2.1276595744680002,olympiad,math,6dfb6aade6429e2cca0718a497a442299a57199dfd547813471f4cf30ed6c7c7
1308,qwen-32b,2.1276595744680002,olympiad,math,6dfb6aade6429e2cca0718a497a442299a57199dfd547813471f4cf30ed6c7c7
1309,gemma-3-12b-it,0.0,olympiad,math,6e12ab2219a4051c396de5afc4228be52c2d8617c7f5621be8c364f50016c80d
1310,gemma-3-1b-it,0.0,olympiad,math,6e12ab2219a4051c396de5afc4228be52c2d8617c7f5621be8c364f50016c80d
1311,gemma-3-4b-it,0.0,olympiad,math,6e12ab2219a4051c396de5afc4228be52c2d8617c7f5621be8c364f50016c80d
1312,llama-3.1-70b-instruct,30.000000000000004,olympiad,math,6e12ab2219a4051c396de5afc4228be52c2d8617c7f5621be8c364f50016c80d
1313,llama-3.1-8b-instruct,0.0,olympiad,math,6e12ab2219a4051c396de5afc4228be52c2d8617c7f5621be8c364f50016c80d
1314,llama-3.2-1b-instruct,9.9999999999999,olympiad,math,6e12ab2219a4051c396de5afc4228be52c2d8617c7f5621be8c364f50016c80d
1315,llama-3.2-3b-instruct,19.9999999999999,olympiad,math,6e12ab2219a4051c396de5afc4228be52c2d8617c7f5621be8c364f50016c80d
1316,mistral-24b,9.9999999999999,olympiad,math,6e12ab2219a4051c396de5afc4228be52c2d8617c7f5621be8c364f50016c80d
1317,mistral-7b,0.0,olympiad,math,6e12ab2219a4051c396de5afc4228be52c2d8617c7f5621be8c364f50016c80d
1318,qwen-2.5-3b-instruct,0.0,olympiad,math,6e12ab2219a4051c396de5afc4228be52c2d8617c7f5621be8c364f50016c80d
1319,qwen-32b,50.0,olympiad,math,6e12ab2219a4051c396de5afc4228be52c2d8617c7f5621be8c364f50016c80d
1320,gemma-3-12b-it,33.3333333333333,olympiad,math,749116060528890530a40d111c5506f4cdec004a7c52a87ef0a4a01206c187ec
1321,gemma-3-1b-it,0.0,olympiad,math,749116060528890530a40d111c5506f4cdec004a7c52a87ef0a4a01206c187ec
1322,gemma-3-4b-it,5.5555555555555,olympiad,math,749116060528890530a40d111c5506f4cdec004a7c52a87ef0a4a01206c187ec
1323,llama-3.1-70b-instruct,44.4444444444444,olympiad,math,749116060528890530a40d111c5506f4cdec004a7c52a87ef0a4a01206c187ec
1324,llama-3.1-8b-instruct,16.6666666666666,olympiad,math,749116060528890530a40d111c5506f4cdec004a7c52a87ef0a4a01206c187ec
1325,llama-3.2-1b-instruct,11.1111111111111,olympiad,math,749116060528890530a40d111c5506f4cdec004a7c52a87ef0a4a01206c187ec
1326,llama-3.2-3b-instruct,0.0,olympiad,math,749116060528890530a40d111c5506f4cdec004a7c52a87ef0a4a01206c187ec
1327,mistral-24b,27.7777777777777,olympiad,math,749116060528890530a40d111c5506f4cdec004a7c52a87ef0a4a01206c187ec
1328,mistral-7b,5.5555555555555,olympiad,math,749116060528890530a40d111c5506f4cdec004a7c52a87ef0a4a01206c187ec
1329,qwen-2.5-3b-instruct,27.7777777777777,olympiad,math,749116060528890530a40d111c5506f4cdec004a7c52a87ef0a4a01206c187ec
1330,qwen-32b,44.4444444444444,olympiad,math,749116060528890530a40d111c5506f4cdec004a7c52a87ef0a4a01206c187ec
1331,gemma-3-12b-it,33.3333333333333,olympiad,math,95b0921a4de64f6e510ac36b5426ecea550c4d3a6033dfbd0d93dd2213fea714
1332,gemma-3-1b-it,4.761904761904701,olympiad,math,95b0921a4de64f6e510ac36b5426ecea550c4d3a6033dfbd0d93dd2213fea714
1333,gemma-3-4b-it,14.285714285714201,olympiad,math,95b0921a4de64f6e510ac36b5426ecea550c4d3a6033dfbd0d93dd2213fea714
1334,llama-3.1-70b-instruct,47.619047619047606,olympiad,math,95b0921a4de64f6e510ac36b5426ecea550c4d3a6033dfbd0d93dd2213fea714
1335,llama-3.1-8b-instruct,14.285714285714201,olympiad,math,95b0921a4de64f6e510ac36b5426ecea550c4d3a6033dfbd0d93dd2213fea714
1336,llama-3.2-1b-instruct,4.761904761904701,olympiad,math,95b0921a4de64f6e510ac36b5426ecea550c4d3a6033dfbd0d93dd2213fea714
1337,llama-3.2-3b-instruct,14.285714285714201,olympiad,math,95b0921a4de64f6e510ac36b5426ecea550c4d3a6033dfbd0d93dd2213fea714
1338,mistral-24b,42.857142857142804,olympiad,math,95b0921a4de64f6e510ac36b5426ecea550c4d3a6033dfbd0d93dd2213fea714
1339,mistral-7b,14.285714285714201,olympiad,math,95b0921a4de64f6e510ac36b5426ecea550c4d3a6033dfbd0d93dd2213fea714
1340,qwen-2.5-3b-instruct,14.285714285714201,olympiad,math,95b0921a4de64f6e510ac36b5426ecea550c4d3a6033dfbd0d93dd2213fea714
1341,qwen-32b,57.1428571428571,olympiad,math,95b0921a4de64f6e510ac36b5426ecea550c4d3a6033dfbd0d93dd2213fea714
1342,gemma-3-12b-it,11.764705882352901,olympiad,math,9a199388f2e2bd43deac789cd248363bdcb32611480ac27cf62420b4c351759e
1343,gemma-3-1b-it,0.0,olympiad,math,9a199388f2e2bd43deac789cd248363bdcb32611480ac27cf62420b4c351759e
1344,gemma-3-4b-it,11.764705882352901,olympiad,math,9a199388f2e2bd43deac789cd248363bdcb32611480ac27cf62420b4c351759e
1345,llama-3.1-70b-instruct,35.294117647058805,olympiad,math,9a199388f2e2bd43deac789cd248363bdcb32611480ac27cf62420b4c351759e
1346,llama-3.1-8b-instruct,11.764705882352901,olympiad,math,9a199388f2e2bd43deac789cd248363bdcb32611480ac27cf62420b4c351759e
1347,llama-3.2-1b-instruct,11.764705882352901,olympiad,math,9a199388f2e2bd43deac789cd248363bdcb32611480ac27cf62420b4c351759e
1348,llama-3.2-3b-instruct,11.764705882352901,olympiad,math,9a199388f2e2bd43deac789cd248363bdcb32611480ac27cf62420b4c351759e
1349,mistral-24b,23.529411764705802,olympiad,math,9a199388f2e2bd43deac789cd248363bdcb32611480ac27cf62420b4c351759e
1350,mistral-7b,11.764705882352901,olympiad,math,9a199388f2e2bd43deac789cd248363bdcb32611480ac27cf62420b4c351759e
1351,qwen-2.5-3b-instruct,35.294117647058805,olympiad,math,9a199388f2e2bd43deac789cd248363bdcb32611480ac27cf62420b4c351759e
1352,qwen-32b,52.9411764705882,olympiad,math,9a199388f2e2bd43deac789cd248363bdcb32611480ac27cf62420b4c351759e
1353,gemma-3-12b-it,13.0434782608695,olympiad,math,a908da1d873928f9f872dddd33c29620dfa0a54646b79bfde672bd15e6986ec9
1354,gemma-3-1b-it,0.9259259259259001,olympiad,math,a908da1d873928f9f872dddd33c29620dfa0a54646b79bfde672bd15e6986ec9
1355,gemma-3-4b-it,21.739130434782602,olympiad,math,a908da1d873928f9f872dddd33c29620dfa0a54646b79bfde672bd15e6986ec9
1356,llama-3.1-70b-instruct,39.1304347826086,olympiad,math,a908da1d873928f9f872dddd33c29620dfa0a54646b79bfde672bd15e6986ec9
1357,llama-3.1-8b-instruct,0.0,olympiad,math,a908da1d873928f9f872dddd33c29620dfa0a54646b79bfde672bd15e6986ec9
1358,llama-3.2-1b-instruct,4.3478260869565,olympiad,math,a908da1d873928f9f872dddd33c29620dfa0a54646b79bfde672bd15e6986ec9
1359,llama-3.2-3b-instruct,0.0,olympiad,math,a908da1d873928f9f872dddd33c29620dfa0a54646b79bfde672bd15e6986ec9
1360,mistral-24b,21.739130434782602,olympiad,math,a908da1d873928f9f872dddd33c29620dfa0a54646b79bfde672bd15e6986ec9
1361,mistral-7b,21.739130434782602,olympiad,math,a908da1d873928f9f872dddd33c29620dfa0a54646b79bfde672bd15e6986ec9
1362,qwen-2.5-3b-instruct,17.391304347826,olympiad,math,a908da1d873928f9f872dddd33c29620dfa0a54646b79bfde672bd15e6986ec9
1363,qwen-32b,34.7826086956521,olympiad,math,a908da1d873928f9f872dddd33c29620dfa0a54646b79bfde672bd15e6986ec9
1364,gemma-3-12b-it,14.285714285714201,olympiad,math,aba8388e52d25b4006e78d4010c26cf8848c3e3145b0c050b9d55c8aff211fe8
1365,gemma-3-1b-it,14.285714285714201,olympiad,math,aba8388e52d25b4006e78d4010c26cf8848c3e3145b0c050b9d55c8aff211fe8
1366,gemma-3-4b-it,28.571428571428502,olympiad,math,aba8388e52d25b4006e78d4010c26cf8848c3e3145b0c050b9d55c8aff211fe8
1367,llama-3.1-70b-instruct,14.285714285714201,olympiad,math,aba8388e52d25b4006e78d4010c26cf8848c3e3145b0c050b9d55c8aff211fe8
1368,llama-3.1-8b-instruct,42.857142857142804,olympiad,math,aba8388e52d25b4006e78d4010c26cf8848c3e3145b0c050b9d55c8aff211fe8
1369,llama-3.2-1b-instruct,28.571428571428502,olympiad,math,aba8388e52d25b4006e78d4010c26cf8848c3e3145b0c050b9d55c8aff211fe8
1370,llama-3.2-3b-instruct,14.285714285714201,olympiad,math,aba8388e52d25b4006e78d4010c26cf8848c3e3145b0c050b9d55c8aff211fe8
1371,mistral-24b,42.857142857142804,olympiad,math,aba8388e52d25b4006e78d4010c26cf8848c3e3145b0c050b9d55c8aff211fe8
1372,mistral-7b,28.571428571428502,olympiad,math,aba8388e52d25b4006e78d4010c26cf8848c3e3145b0c050b9d55c8aff211fe8
1373,qwen-2.5-3b-instruct,0.0,olympiad,math,aba8388e52d25b4006e78d4010c26cf8848c3e3145b0c050b9d55c8aff211fe8
1374,qwen-32b,14.285714285714201,olympiad,math,aba8388e52d25b4006e78d4010c26cf8848c3e3145b0c050b9d55c8aff211fe8
1375,gemma-3-12b-it,16.6666666666666,olympiad,math,bc3551b5f643d8920f428909104fe2640a50f6b8a17fff6196aa78f25df28bb6
1376,gemma-3-1b-it,1.1574074074074001,olympiad,math,bc3551b5f643d8920f428909104fe2640a50f6b8a17fff6196aa78f25df28bb6
1377,gemma-3-4b-it,16.6666666666666,olympiad,math,bc3551b5f643d8920f428909104fe2640a50f6b8a17fff6196aa78f25df28bb6
1378,llama-3.1-70b-instruct,40.0,olympiad,math,bc3551b5f643d8920f428909104fe2640a50f6b8a17fff6196aa78f25df28bb6
1379,llama-3.1-8b-instruct,16.6666666666666,olympiad,math,bc3551b5f643d8920f428909104fe2640a50f6b8a17fff6196aa78f25df28bb6
1380,llama-3.2-1b-instruct,9.9999999999999,olympiad,math,bc3551b5f643d8920f428909104fe2640a50f6b8a17fff6196aa78f25df28bb6
1381,llama-3.2-3b-instruct,19.9999999999999,olympiad,math,bc3551b5f643d8920f428909104fe2640a50f6b8a17fff6196aa78f25df28bb6
1382,mistral-24b,19.9999999999999,olympiad,math,bc3551b5f643d8920f428909104fe2640a50f6b8a17fff6196aa78f25df28bb6
1383,mistral-7b,6.6666666666666,olympiad,math,bc3551b5f643d8920f428909104fe2640a50f6b8a17fff6196aa78f25df28bb6
1384,qwen-2.5-3b-instruct,16.6666666666666,olympiad,math,bc3551b5f643d8920f428909104fe2640a50f6b8a17fff6196aa78f25df28bb6
1385,qwen-32b,50.0,olympiad,math,bc3551b5f643d8920f428909104fe2640a50f6b8a17fff6196aa78f25df28bb6
1386,gemma-3-12b-it,100.0,olympiad,math,c03217423ccb2181ef9e3106b4c116aaf1bcdbd45b3a97e04110665690177eca
1387,gemma-3-1b-it,22.2222222222222,olympiad,math,c03217423ccb2181ef9e3106b4c116aaf1bcdbd45b3a97e04110665690177eca
1388,gemma-3-4b-it,100.0,olympiad,math,c03217423ccb2181ef9e3106b4c116aaf1bcdbd45b3a97e04110665690177eca
1389,llama-3.1-70b-instruct,0.0,olympiad,math,c03217423ccb2181ef9e3106b4c116aaf1bcdbd45b3a97e04110665690177eca
1390,llama-3.1-8b-instruct,100.0,olympiad,math,c03217423ccb2181ef9e3106b4c116aaf1bcdbd45b3a97e04110665690177eca
1391,llama-3.2-1b-instruct,50.0,olympiad,math,c03217423ccb2181ef9e3106b4c116aaf1bcdbd45b3a97e04110665690177eca
1392,llama-3.2-3b-instruct,100.0,olympiad,math,c03217423ccb2181ef9e3106b4c116aaf1bcdbd45b3a97e04110665690177eca
1393,mistral-24b,0.0,olympiad,math,c03217423ccb2181ef9e3106b4c116aaf1bcdbd45b3a97e04110665690177eca
1394,mistral-7b,100.0,olympiad,math,c03217423ccb2181ef9e3106b4c116aaf1bcdbd45b3a97e04110665690177eca
1395,qwen-2.5-3b-instruct,0.0,olympiad,math,c03217423ccb2181ef9e3106b4c116aaf1bcdbd45b3a97e04110665690177eca
1396,qwen-32b,100.0,olympiad,math,c03217423ccb2181ef9e3106b4c116aaf1bcdbd45b3a97e04110665690177eca
1397,gemma-3-12b-it,5.882352941176401,olympiad,math,c6675bf6647188f84ee445590a494a8d516635bad77ace98ec61d28746839a8d
1398,gemma-3-1b-it,0.0,olympiad,math,c6675bf6647188f84ee445590a494a8d516635bad77ace98ec61d28746839a8d
1399,gemma-3-4b-it,11.764705882352901,olympiad,math,c6675bf6647188f84ee445590a494a8d516635bad77ace98ec61d28746839a8d
1400,llama-3.1-70b-instruct,35.294117647058805,olympiad,math,c6675bf6647188f84ee445590a494a8d516635bad77ace98ec61d28746839a8d
1401,llama-3.1-8b-instruct,5.882352941176401,olympiad,math,c6675bf6647188f84ee445590a494a8d516635bad77ace98ec61d28746839a8d
1402,llama-3.2-1b-instruct,11.764705882352901,olympiad,math,c6675bf6647188f84ee445590a494a8d516635bad77ace98ec61d28746839a8d
1403,llama-3.2-3b-instruct,11.764705882352901,olympiad,math,c6675bf6647188f84ee445590a494a8d516635bad77ace98ec61d28746839a8d
1404,mistral-24b,17.647058823529402,olympiad,math,c6675bf6647188f84ee445590a494a8d516635bad77ace98ec61d28746839a8d
1405,mistral-7b,17.647058823529402,olympiad,math,c6675bf6647188f84ee445590a494a8d516635bad77ace98ec61d28746839a8d
1406,qwen-2.5-3b-instruct,11.764705882352901,olympiad,math,c6675bf6647188f84ee445590a494a8d516635bad77ace98ec61d28746839a8d
1407,qwen-32b,23.529411764705802,olympiad,math,c6675bf6647188f84ee445590a494a8d516635bad77ace98ec61d28746839a8d
1408,gemma-3-12b-it,12.5,olympiad,math,d805a5c9f398cf5126ee84e6899cc9a3d34444a7e2337d15cdf9cc2a949649ba
1409,gemma-3-1b-it,0.0,olympiad,math,d805a5c9f398cf5126ee84e6899cc9a3d34444a7e2337d15cdf9cc2a949649ba
1410,gemma-3-4b-it,15.000000000000002,olympiad,math,d805a5c9f398cf5126ee84e6899cc9a3d34444a7e2337d15cdf9cc2a949649ba
1411,llama-3.1-70b-instruct,19.9999999999999,olympiad,math,d805a5c9f398cf5126ee84e6899cc9a3d34444a7e2337d15cdf9cc2a949649ba
1412,llama-3.1-8b-instruct,2.5,olympiad,math,d805a5c9f398cf5126ee84e6899cc9a3d34444a7e2337d15cdf9cc2a949649ba
1413,llama-3.2-1b-instruct,0.0,olympiad,math,d805a5c9f398cf5126ee84e6899cc9a3d34444a7e2337d15cdf9cc2a949649ba
1414,llama-3.2-3b-instruct,7.499999999999901,olympiad,math,d805a5c9f398cf5126ee84e6899cc9a3d34444a7e2337d15cdf9cc2a949649ba
1415,mistral-24b,17.5,olympiad,math,d805a5c9f398cf5126ee84e6899cc9a3d34444a7e2337d15cdf9cc2a949649ba
1416,mistral-7b,2.5,olympiad,math,d805a5c9f398cf5126ee84e6899cc9a3d34444a7e2337d15cdf9cc2a949649ba
1417,qwen-2.5-3b-instruct,2.5,olympiad,math,d805a5c9f398cf5126ee84e6899cc9a3d34444a7e2337d15cdf9cc2a949649ba
1418,qwen-32b,2.5,olympiad,math,d805a5c9f398cf5126ee84e6899cc9a3d34444a7e2337d15cdf9cc2a949649ba
1419,gemma-3-12b-it,30.769230769230703,olympiad,math,e56e4d8ed64cb6d0e43ce3c8edda0a77d769b4bda5230c1aba57442e27214694
1420,gemma-3-1b-it,0.0,olympiad,math,e56e4d8ed64cb6d0e43ce3c8edda0a77d769b4bda5230c1aba57442e27214694
1421,gemma-3-4b-it,15.384615384615302,olympiad,math,e56e4d8ed64cb6d0e43ce3c8edda0a77d769b4bda5230c1aba57442e27214694
1422,llama-3.1-70b-instruct,46.153846153846104,olympiad,math,e56e4d8ed64cb6d0e43ce3c8edda0a77d769b4bda5230c1aba57442e27214694
1423,llama-3.1-8b-instruct,30.769230769230703,olympiad,math,e56e4d8ed64cb6d0e43ce3c8edda0a77d769b4bda5230c1aba57442e27214694
1424,llama-3.2-1b-instruct,7.692307692307601,olympiad,math,e56e4d8ed64cb6d0e43ce3c8edda0a77d769b4bda5230c1aba57442e27214694
1425,llama-3.2-3b-instruct,7.692307692307601,olympiad,math,e56e4d8ed64cb6d0e43ce3c8edda0a77d769b4bda5230c1aba57442e27214694
1426,mistral-24b,23.076923076923002,olympiad,math,e56e4d8ed64cb6d0e43ce3c8edda0a77d769b4bda5230c1aba57442e27214694
1427,mistral-7b,15.384615384615302,olympiad,math,e56e4d8ed64cb6d0e43ce3c8edda0a77d769b4bda5230c1aba57442e27214694
1428,qwen-2.5-3b-instruct,7.692307692307601,olympiad,math,e56e4d8ed64cb6d0e43ce3c8edda0a77d769b4bda5230c1aba57442e27214694
1429,qwen-32b,38.4615384615384,olympiad,math,e56e4d8ed64cb6d0e43ce3c8edda0a77d769b4bda5230c1aba57442e27214694
1430,gemma-3-12b-it,2.5,olympiad,math,e5b72d9cdb39c6e5f8798a557f119fff35d98fd165f55659e71bf6ac38b5f178
1431,gemma-3-1b-it,5.0,olympiad,math,e5b72d9cdb39c6e5f8798a557f119fff35d98fd165f55659e71bf6ac38b5f178
1432,gemma-3-4b-it,2.5,olympiad,math,e5b72d9cdb39c6e5f8798a557f119fff35d98fd165f55659e71bf6ac38b5f178
1433,llama-3.1-70b-instruct,19.5121951219512,olympiad,math,e5b72d9cdb39c6e5f8798a557f119fff35d98fd165f55659e71bf6ac38b5f178
1434,llama-3.1-8b-instruct,5.0,olympiad,math,e5b72d9cdb39c6e5f8798a557f119fff35d98fd165f55659e71bf6ac38b5f178
1435,llama-3.2-1b-instruct,2.5,olympiad,math,e5b72d9cdb39c6e5f8798a557f119fff35d98fd165f55659e71bf6ac38b5f178
1436,llama-3.2-3b-instruct,2.5,olympiad,math,e5b72d9cdb39c6e5f8798a557f119fff35d98fd165f55659e71bf6ac38b5f178
1437,mistral-24b,7.499999999999901,olympiad,math,e5b72d9cdb39c6e5f8798a557f119fff35d98fd165f55659e71bf6ac38b5f178
1438,mistral-7b,0.0,olympiad,math,e5b72d9cdb39c6e5f8798a557f119fff35d98fd165f55659e71bf6ac38b5f178
1439,qwen-2.5-3b-instruct,2.5,olympiad,math,e5b72d9cdb39c6e5f8798a557f119fff35d98fd165f55659e71bf6ac38b5f178
1440,qwen-32b,30.000000000000004,olympiad,math,e5b72d9cdb39c6e5f8798a557f119fff35d98fd165f55659e71bf6ac38b5f178
1441,gemma-3-12b-it,19.047619047619,olympiad,math,e81b96eed50d6b9b43f041d6a36ad0d9a4d00038c42c47a16efd4465d79d08a4
1442,gemma-3-1b-it,4.761904761904701,olympiad,math,e81b96eed50d6b9b43f041d6a36ad0d9a4d00038c42c47a16efd4465d79d08a4
1443,gemma-3-4b-it,33.3333333333333,olympiad,math,e81b96eed50d6b9b43f041d6a36ad0d9a4d00038c42c47a16efd4465d79d08a4
1444,llama-3.1-70b-instruct,42.857142857142804,olympiad,math,e81b96eed50d6b9b43f041d6a36ad0d9a4d00038c42c47a16efd4465d79d08a4
1445,llama-3.1-8b-instruct,14.285714285714201,olympiad,math,e81b96eed50d6b9b43f041d6a36ad0d9a4d00038c42c47a16efd4465d79d08a4
1446,llama-3.2-1b-instruct,14.285714285714201,olympiad,math,e81b96eed50d6b9b43f041d6a36ad0d9a4d00038c42c47a16efd4465d79d08a4
1447,llama-3.2-3b-instruct,14.285714285714201,olympiad,math,e81b96eed50d6b9b43f041d6a36ad0d9a4d00038c42c47a16efd4465d79d08a4
1448,mistral-24b,9.5238095238095,olympiad,math,e81b96eed50d6b9b43f041d6a36ad0d9a4d00038c42c47a16efd4465d79d08a4
1449,mistral-7b,3.4482758620689005,olympiad,math,e81b96eed50d6b9b43f041d6a36ad0d9a4d00038c42c47a16efd4465d79d08a4
1450,qwen-2.5-3b-instruct,19.047619047619,olympiad,math,e81b96eed50d6b9b43f041d6a36ad0d9a4d00038c42c47a16efd4465d79d08a4
1451,qwen-32b,52.38095238095231,olympiad,math,e81b96eed50d6b9b43f041d6a36ad0d9a4d00038c42c47a16efd4465d79d08a4
1452,gemma-3-12b-it,42.857142857142804,olympiad,math,ef6c6830ebf0e71d74e7ceb45a242f2b87228933eebfe47db8d798d5738cdaeb
1453,gemma-3-1b-it,14.285714285714201,olympiad,math,ef6c6830ebf0e71d74e7ceb45a242f2b87228933eebfe47db8d798d5738cdaeb
1454,gemma-3-4b-it,42.857142857142804,olympiad,math,ef6c6830ebf0e71d74e7ceb45a242f2b87228933eebfe47db8d798d5738cdaeb
1455,llama-3.1-70b-instruct,14.285714285714201,olympiad,math,ef6c6830ebf0e71d74e7ceb45a242f2b87228933eebfe47db8d798d5738cdaeb
1456,llama-3.1-8b-instruct,42.857142857142804,olympiad,math,ef6c6830ebf0e71d74e7ceb45a242f2b87228933eebfe47db8d798d5738cdaeb
1457,llama-3.2-1b-instruct,0.0,olympiad,math,ef6c6830ebf0e71d74e7ceb45a242f2b87228933eebfe47db8d798d5738cdaeb
1458,llama-3.2-3b-instruct,42.857142857142804,olympiad,math,ef6c6830ebf0e71d74e7ceb45a242f2b87228933eebfe47db8d798d5738cdaeb
1459,mistral-24b,28.571428571428502,olympiad,math,ef6c6830ebf0e71d74e7ceb45a242f2b87228933eebfe47db8d798d5738cdaeb
1460,mistral-7b,42.857142857142804,olympiad,math,ef6c6830ebf0e71d74e7ceb45a242f2b87228933eebfe47db8d798d5738cdaeb
1461,qwen-2.5-3b-instruct,42.857142857142804,olympiad,math,ef6c6830ebf0e71d74e7ceb45a242f2b87228933eebfe47db8d798d5738cdaeb
1462,qwen-32b,100.0,olympiad,math,ef6c6830ebf0e71d74e7ceb45a242f2b87228933eebfe47db8d798d5738cdaeb
1463,gemma-3-12b-it,6.25,olympiad,math,f22ff1f6c067d0e085eb79fe5c2e35df01f9edb2bcc73e59e1e15eefd32b8f07
1464,gemma-3-1b-it,0.0,olympiad,math,f22ff1f6c067d0e085eb79fe5c2e35df01f9edb2bcc73e59e1e15eefd32b8f07
1465,gemma-3-4b-it,18.75,olympiad,math,f22ff1f6c067d0e085eb79fe5c2e35df01f9edb2bcc73e59e1e15eefd32b8f07
1466,llama-3.1-70b-instruct,3.125,olympiad,math,f22ff1f6c067d0e085eb79fe5c2e35df01f9edb2bcc73e59e1e15eefd32b8f07
1467,llama-3.1-8b-instruct,3.125,olympiad,math,f22ff1f6c067d0e085eb79fe5c2e35df01f9edb2bcc73e59e1e15eefd32b8f07
1468,llama-3.2-1b-instruct,3.125,olympiad,math,f22ff1f6c067d0e085eb79fe5c2e35df01f9edb2bcc73e59e1e15eefd32b8f07
1469,llama-3.2-3b-instruct,0.5102040816326,olympiad,math,f22ff1f6c067d0e085eb79fe5c2e35df01f9edb2bcc73e59e1e15eefd32b8f07
1470,mistral-24b,21.875000000000004,olympiad,math,f22ff1f6c067d0e085eb79fe5c2e35df01f9edb2bcc73e59e1e15eefd32b8f07
1471,mistral-7b,3.125,olympiad,math,f22ff1f6c067d0e085eb79fe5c2e35df01f9edb2bcc73e59e1e15eefd32b8f07
1472,qwen-2.5-3b-instruct,6.25,olympiad,math,f22ff1f6c067d0e085eb79fe5c2e35df01f9edb2bcc73e59e1e15eefd32b8f07
1473,qwen-32b,3.125,olympiad,math,f22ff1f6c067d0e085eb79fe5c2e35df01f9edb2bcc73e59e1e15eefd32b8f07
1474,gemma-3-12b-it,9.9999999999999,olympiad,math,f4fdca7e355eaf9362449ebf7df78a366e239091bdb4c4a34b9dfcf9882f23de
1475,gemma-3-1b-it,0.0,olympiad,math,f4fdca7e355eaf9362449ebf7df78a366e239091bdb4c4a34b9dfcf9882f23de
1476,gemma-3-4b-it,6.6666666666666,olympiad,math,f4fdca7e355eaf9362449ebf7df78a366e239091bdb4c4a34b9dfcf9882f23de
1477,llama-3.1-70b-instruct,23.333333333333304,olympiad,math,f4fdca7e355eaf9362449ebf7df78a366e239091bdb4c4a34b9dfcf9882f23de
1478,llama-3.1-8b-instruct,3.3333333333333,olympiad,math,f4fdca7e355eaf9362449ebf7df78a366e239091bdb4c4a34b9dfcf9882f23de
1479,llama-3.2-1b-instruct,0.0,olympiad,math,f4fdca7e355eaf9362449ebf7df78a366e239091bdb4c4a34b9dfcf9882f23de
1480,llama-3.2-3b-instruct,3.3333333333333,olympiad,math,f4fdca7e355eaf9362449ebf7df78a366e239091bdb4c4a34b9dfcf9882f23de
1481,mistral-24b,19.9999999999999,olympiad,math,f4fdca7e355eaf9362449ebf7df78a366e239091bdb4c4a34b9dfcf9882f23de
1482,mistral-7b,6.6666666666666,olympiad,math,f4fdca7e355eaf9362449ebf7df78a366e239091bdb4c4a34b9dfcf9882f23de
1483,qwen-2.5-3b-instruct,3.3333333333333,olympiad,math,f4fdca7e355eaf9362449ebf7df78a366e239091bdb4c4a34b9dfcf9882f23de
1484,qwen-32b,23.333333333333304,olympiad,math,f4fdca7e355eaf9362449ebf7df78a366e239091bdb4c4a34b9dfcf9882f23de
1485,gemma-3-12b-it,8.3333333333333,olympiad,math,fc903ff1f1f66a6096c9dea58c278b48f54c80a606b65f82af1730559d73755f
1486,gemma-3-1b-it,4.1666666666666,olympiad,math,fc903ff1f1f66a6096c9dea58c278b48f54c80a606b65f82af1730559d73755f
1487,gemma-3-4b-it,8.3333333333333,olympiad,math,fc903ff1f1f66a6096c9dea58c278b48f54c80a606b65f82af1730559d73755f
1488,llama-3.1-70b-instruct,12.5,olympiad,math,fc903ff1f1f66a6096c9dea58c278b48f54c80a606b65f82af1730559d73755f
1489,llama-3.1-8b-instruct,4.1666666666666,olympiad,math,fc903ff1f1f66a6096c9dea58c278b48f54c80a606b65f82af1730559d73755f
1490,llama-3.2-1b-instruct,8.3333333333333,olympiad,math,fc903ff1f1f66a6096c9dea58c278b48f54c80a606b65f82af1730559d73755f
1491,llama-3.2-3b-instruct,8.3333333333333,olympiad,math,fc903ff1f1f66a6096c9dea58c278b48f54c80a606b65f82af1730559d73755f
1492,mistral-24b,8.3333333333333,olympiad,math,fc903ff1f1f66a6096c9dea58c278b48f54c80a606b65f82af1730559d73755f
1493,mistral-7b,12.5,olympiad,math,fc903ff1f1f66a6096c9dea58c278b48f54c80a606b65f82af1730559d73755f
1494,qwen-2.5-3b-instruct,12.5,olympiad,math,fc903ff1f1f66a6096c9dea58c278b48f54c80a606b65f82af1730559d73755f
1495,qwen-32b,45.8333333333333,olympiad,math,fc903ff1f1f66a6096c9dea58c278b48f54c80a606b65f82af1730559d73755f
1496,gemma-3-12b-it,0.0,math_comp,math,01540b9b0b068942c8adeec17f825f0a9a3b9f52a1f61704bfebbb4c406064a7
1497,gemma-3-1b-it,100.0,math_comp,math,01540b9b0b068942c8adeec17f825f0a9a3b9f52a1f61704bfebbb4c406064a7
1498,gemma-3-4b-it,0.0,math_comp,math,01540b9b0b068942c8adeec17f825f0a9a3b9f52a1f61704bfebbb4c406064a7
1499,llama-3.1-70b-instruct,100.0,math_comp,math,01540b9b0b068942c8adeec17f825f0a9a3b9f52a1f61704bfebbb4c406064a7
1500,llama-3.1-8b-instruct,0.0,math_comp,math,01540b9b0b068942c8adeec17f825f0a9a3b9f52a1f61704bfebbb4c406064a7
1501,llama-3.2-1b-instruct,0.0,math_comp,math,01540b9b0b068942c8adeec17f825f0a9a3b9f52a1f61704bfebbb4c406064a7
1502,llama-3.2-3b-instruct,0.0,math_comp,math,01540b9b0b068942c8adeec17f825f0a9a3b9f52a1f61704bfebbb4c406064a7
1503,mistral-24b,0.0,math_comp,math,01540b9b0b068942c8adeec17f825f0a9a3b9f52a1f61704bfebbb4c406064a7
1504,mistral-7b,0.0,math_comp,math,01540b9b0b068942c8adeec17f825f0a9a3b9f52a1f61704bfebbb4c406064a7
1505,qwen-2.5-3b-instruct,100.0,math_comp,math,01540b9b0b068942c8adeec17f825f0a9a3b9f52a1f61704bfebbb4c406064a7
1506,qwen-32b,0.0,math_comp,math,01540b9b0b068942c8adeec17f825f0a9a3b9f52a1f61704bfebbb4c406064a7
1507,gemma-3-12b-it,0.0,math_comp,math,017a695f2234c3e36c6fc73d6764b0f713ec9bdedb07f021d63f59a5d2c07181
1508,gemma-3-1b-it,0.0,math_comp,math,017a695f2234c3e36c6fc73d6764b0f713ec9bdedb07f021d63f59a5d2c07181
1509,gemma-3-4b-it,0.0,math_comp,math,017a695f2234c3e36c6fc73d6764b0f713ec9bdedb07f021d63f59a5d2c07181
1510,llama-3.1-70b-instruct,100.0,math_comp,math,017a695f2234c3e36c6fc73d6764b0f713ec9bdedb07f021d63f59a5d2c07181
1511,llama-3.1-8b-instruct,0.0,math_comp,math,017a695f2234c3e36c6fc73d6764b0f713ec9bdedb07f021d63f59a5d2c07181
1512,llama-3.2-1b-instruct,0.0,math_comp,math,017a695f2234c3e36c6fc73d6764b0f713ec9bdedb07f021d63f59a5d2c07181
1513,llama-3.2-3b-instruct,0.0,math_comp,math,017a695f2234c3e36c6fc73d6764b0f713ec9bdedb07f021d63f59a5d2c07181
1514,mistral-24b,0.0,math_comp,math,017a695f2234c3e36c6fc73d6764b0f713ec9bdedb07f021d63f59a5d2c07181
1515,mistral-7b,0.0,math_comp,math,017a695f2234c3e36c6fc73d6764b0f713ec9bdedb07f021d63f59a5d2c07181
1516,qwen-2.5-3b-instruct,0.0,math_comp,math,017a695f2234c3e36c6fc73d6764b0f713ec9bdedb07f021d63f59a5d2c07181
1517,qwen-32b,100.0,math_comp,math,017a695f2234c3e36c6fc73d6764b0f713ec9bdedb07f021d63f59a5d2c07181
1518,gemma-3-12b-it,0.0,math_comp,math,071c68cbb1afef46565f2dcfad6df4a077cb7c54fb22322c8ff65057657d2017
1519,gemma-3-1b-it,0.0,math_comp,math,071c68cbb1afef46565f2dcfad6df4a077cb7c54fb22322c8ff65057657d2017
1520,gemma-3-4b-it,0.0,math_comp,math,071c68cbb1afef46565f2dcfad6df4a077cb7c54fb22322c8ff65057657d2017
1521,llama-3.1-70b-instruct,0.0,math_comp,math,071c68cbb1afef46565f2dcfad6df4a077cb7c54fb22322c8ff65057657d2017
1522,llama-3.1-8b-instruct,0.0,math_comp,math,071c68cbb1afef46565f2dcfad6df4a077cb7c54fb22322c8ff65057657d2017
1523,llama-3.2-1b-instruct,0.0,math_comp,math,071c68cbb1afef46565f2dcfad6df4a077cb7c54fb22322c8ff65057657d2017
1524,llama-3.2-3b-instruct,0.0,math_comp,math,071c68cbb1afef46565f2dcfad6df4a077cb7c54fb22322c8ff65057657d2017
1525,mistral-24b,0.0,math_comp,math,071c68cbb1afef46565f2dcfad6df4a077cb7c54fb22322c8ff65057657d2017
1526,mistral-7b,0.0,math_comp,math,071c68cbb1afef46565f2dcfad6df4a077cb7c54fb22322c8ff65057657d2017
1527,qwen-2.5-3b-instruct,0.0,math_comp,math,071c68cbb1afef46565f2dcfad6df4a077cb7c54fb22322c8ff65057657d2017
1528,qwen-32b,0.0,math_comp,math,071c68cbb1afef46565f2dcfad6df4a077cb7c54fb22322c8ff65057657d2017
1529,gemma-3-12b-it,100.0,math_comp,math,0ff747e5b47f102114bc785df90ad4fa752ee1b1bf74cbd17c7b580755cb56c1
1530,gemma-3-1b-it,0.0,math_comp,math,0ff747e5b47f102114bc785df90ad4fa752ee1b1bf74cbd17c7b580755cb56c1
1531,gemma-3-4b-it,0.0,math_comp,math,0ff747e5b47f102114bc785df90ad4fa752ee1b1bf74cbd17c7b580755cb56c1
1532,llama-3.1-70b-instruct,0.0,math_comp,math,0ff747e5b47f102114bc785df90ad4fa752ee1b1bf74cbd17c7b580755cb56c1
1533,llama-3.1-8b-instruct,0.0,math_comp,math,0ff747e5b47f102114bc785df90ad4fa752ee1b1bf74cbd17c7b580755cb56c1
1534,llama-3.2-1b-instruct,0.0,math_comp,math,0ff747e5b47f102114bc785df90ad4fa752ee1b1bf74cbd17c7b580755cb56c1
1535,llama-3.2-3b-instruct,0.0,math_comp,math,0ff747e5b47f102114bc785df90ad4fa752ee1b1bf74cbd17c7b580755cb56c1
1536,mistral-24b,0.0,math_comp,math,0ff747e5b47f102114bc785df90ad4fa752ee1b1bf74cbd17c7b580755cb56c1
1537,mistral-7b,0.0,math_comp,math,0ff747e5b47f102114bc785df90ad4fa752ee1b1bf74cbd17c7b580755cb56c1
1538,qwen-2.5-3b-instruct,0.0,math_comp,math,0ff747e5b47f102114bc785df90ad4fa752ee1b1bf74cbd17c7b580755cb56c1
1539,qwen-32b,100.0,math_comp,math,0ff747e5b47f102114bc785df90ad4fa752ee1b1bf74cbd17c7b580755cb56c1
1540,gemma-3-12b-it,0.0,math_comp,math,1876935a385c9070d25204e4cca86829fc15d6a5ab602b1dc48d4bd33988ac11
1541,gemma-3-1b-it,0.0,math_comp,math,1876935a385c9070d25204e4cca86829fc15d6a5ab602b1dc48d4bd33988ac11
1542,gemma-3-4b-it,0.0,math_comp,math,1876935a385c9070d25204e4cca86829fc15d6a5ab602b1dc48d4bd33988ac11
1543,llama-3.1-70b-instruct,0.0,math_comp,math,1876935a385c9070d25204e4cca86829fc15d6a5ab602b1dc48d4bd33988ac11
1544,llama-3.1-8b-instruct,0.0,math_comp,math,1876935a385c9070d25204e4cca86829fc15d6a5ab602b1dc48d4bd33988ac11
1545,llama-3.2-1b-instruct,0.0,math_comp,math,1876935a385c9070d25204e4cca86829fc15d6a5ab602b1dc48d4bd33988ac11
1546,llama-3.2-3b-instruct,0.0,math_comp,math,1876935a385c9070d25204e4cca86829fc15d6a5ab602b1dc48d4bd33988ac11
1547,mistral-24b,0.0,math_comp,math,1876935a385c9070d25204e4cca86829fc15d6a5ab602b1dc48d4bd33988ac11
1548,mistral-7b,0.0,math_comp,math,1876935a385c9070d25204e4cca86829fc15d6a5ab602b1dc48d4bd33988ac11
1549,qwen-2.5-3b-instruct,0.0,math_comp,math,1876935a385c9070d25204e4cca86829fc15d6a5ab602b1dc48d4bd33988ac11
1550,qwen-32b,0.0,math_comp,math,1876935a385c9070d25204e4cca86829fc15d6a5ab602b1dc48d4bd33988ac11
1551,gemma-3-12b-it,100.0,math_comp,math,19241950caa11abbd7605583764dae33694742389a8b602cb553bc8276c63e55
1552,gemma-3-1b-it,0.0,math_comp,math,19241950caa11abbd7605583764dae33694742389a8b602cb553bc8276c63e55
1553,gemma-3-4b-it,100.0,math_comp,math,19241950caa11abbd7605583764dae33694742389a8b602cb553bc8276c63e55
1554,llama-3.1-70b-instruct,100.0,math_comp,math,19241950caa11abbd7605583764dae33694742389a8b602cb553bc8276c63e55
1555,llama-3.1-8b-instruct,0.0,math_comp,math,19241950caa11abbd7605583764dae33694742389a8b602cb553bc8276c63e55
1556,llama-3.2-1b-instruct,0.0,math_comp,math,19241950caa11abbd7605583764dae33694742389a8b602cb553bc8276c63e55
1557,llama-3.2-3b-instruct,0.0,math_comp,math,19241950caa11abbd7605583764dae33694742389a8b602cb553bc8276c63e55
1558,mistral-24b,100.0,math_comp,math,19241950caa11abbd7605583764dae33694742389a8b602cb553bc8276c63e55
1559,mistral-7b,100.0,math_comp,math,19241950caa11abbd7605583764dae33694742389a8b602cb553bc8276c63e55
1560,qwen-2.5-3b-instruct,100.0,math_comp,math,19241950caa11abbd7605583764dae33694742389a8b602cb553bc8276c63e55
1561,qwen-32b,100.0,math_comp,math,19241950caa11abbd7605583764dae33694742389a8b602cb553bc8276c63e55
1562,gemma-3-12b-it,100.0,math_comp,math,268674b22729dc42a7408372d3f94c8a587ac01171fb9164f2a5ebd589a2b4b9
1563,gemma-3-1b-it,0.0,math_comp,math,268674b22729dc42a7408372d3f94c8a587ac01171fb9164f2a5ebd589a2b4b9
1564,gemma-3-4b-it,0.0,math_comp,math,268674b22729dc42a7408372d3f94c8a587ac01171fb9164f2a5ebd589a2b4b9
1565,llama-3.1-70b-instruct,0.0,math_comp,math,268674b22729dc42a7408372d3f94c8a587ac01171fb9164f2a5ebd589a2b4b9
1566,llama-3.1-8b-instruct,0.0,math_comp,math,268674b22729dc42a7408372d3f94c8a587ac01171fb9164f2a5ebd589a2b4b9
1567,llama-3.2-1b-instruct,0.0,math_comp,math,268674b22729dc42a7408372d3f94c8a587ac01171fb9164f2a5ebd589a2b4b9
1568,llama-3.2-3b-instruct,0.0,math_comp,math,268674b22729dc42a7408372d3f94c8a587ac01171fb9164f2a5ebd589a2b4b9
1569,mistral-24b,0.0,math_comp,math,268674b22729dc42a7408372d3f94c8a587ac01171fb9164f2a5ebd589a2b4b9
1570,mistral-7b,0.0,math_comp,math,268674b22729dc42a7408372d3f94c8a587ac01171fb9164f2a5ebd589a2b4b9
1571,qwen-2.5-3b-instruct,100.0,math_comp,math,268674b22729dc42a7408372d3f94c8a587ac01171fb9164f2a5ebd589a2b4b9
1572,qwen-32b,100.0,math_comp,math,268674b22729dc42a7408372d3f94c8a587ac01171fb9164f2a5ebd589a2b4b9
1573,gemma-3-12b-it,100.0,math_comp,math,356fa940d354284f3dcac45220910cdec99046131b8e3123de91f43ed2839bbf
1574,gemma-3-1b-it,0.0,math_comp,math,356fa940d354284f3dcac45220910cdec99046131b8e3123de91f43ed2839bbf
1575,gemma-3-4b-it,100.0,math_comp,math,356fa940d354284f3dcac45220910cdec99046131b8e3123de91f43ed2839bbf
1576,llama-3.1-70b-instruct,0.0,math_comp,math,356fa940d354284f3dcac45220910cdec99046131b8e3123de91f43ed2839bbf
1577,llama-3.1-8b-instruct,0.0,math_comp,math,356fa940d354284f3dcac45220910cdec99046131b8e3123de91f43ed2839bbf
1578,llama-3.2-1b-instruct,0.0,math_comp,math,356fa940d354284f3dcac45220910cdec99046131b8e3123de91f43ed2839bbf
1579,llama-3.2-3b-instruct,0.0,math_comp,math,356fa940d354284f3dcac45220910cdec99046131b8e3123de91f43ed2839bbf
1580,mistral-24b,0.0,math_comp,math,356fa940d354284f3dcac45220910cdec99046131b8e3123de91f43ed2839bbf
1581,mistral-7b,100.0,math_comp,math,356fa940d354284f3dcac45220910cdec99046131b8e3123de91f43ed2839bbf
1582,qwen-2.5-3b-instruct,0.0,math_comp,math,356fa940d354284f3dcac45220910cdec99046131b8e3123de91f43ed2839bbf
1583,qwen-32b,100.0,math_comp,math,356fa940d354284f3dcac45220910cdec99046131b8e3123de91f43ed2839bbf
1584,gemma-3-12b-it,0.0,math_comp,math,39d0bd6f9071f74e309c574b960c68c26f23da6b18baf7ae8715dff59903a061
1585,gemma-3-1b-it,0.0,math_comp,math,39d0bd6f9071f74e309c574b960c68c26f23da6b18baf7ae8715dff59903a061
1586,gemma-3-4b-it,0.0,math_comp,math,39d0bd6f9071f74e309c574b960c68c26f23da6b18baf7ae8715dff59903a061
1587,llama-3.1-70b-instruct,0.0,math_comp,math,39d0bd6f9071f74e309c574b960c68c26f23da6b18baf7ae8715dff59903a061
1588,llama-3.1-8b-instruct,0.0,math_comp,math,39d0bd6f9071f74e309c574b960c68c26f23da6b18baf7ae8715dff59903a061
1589,llama-3.2-1b-instruct,0.0,math_comp,math,39d0bd6f9071f74e309c574b960c68c26f23da6b18baf7ae8715dff59903a061
1590,llama-3.2-3b-instruct,0.0,math_comp,math,39d0bd6f9071f74e309c574b960c68c26f23da6b18baf7ae8715dff59903a061
1591,mistral-24b,0.0,math_comp,math,39d0bd6f9071f74e309c574b960c68c26f23da6b18baf7ae8715dff59903a061
1592,mistral-7b,0.0,math_comp,math,39d0bd6f9071f74e309c574b960c68c26f23da6b18baf7ae8715dff59903a061
1593,qwen-2.5-3b-instruct,0.0,math_comp,math,39d0bd6f9071f74e309c574b960c68c26f23da6b18baf7ae8715dff59903a061
1594,qwen-32b,0.0,math_comp,math,39d0bd6f9071f74e309c574b960c68c26f23da6b18baf7ae8715dff59903a061
1595,gemma-3-12b-it,0.0,math_comp,math,4dc5a69ba4f2038bd73182b69e13d3669a77bfdc5fdaf8e41e615fafc51eb359
1596,gemma-3-1b-it,0.0,math_comp,math,4dc5a69ba4f2038bd73182b69e13d3669a77bfdc5fdaf8e41e615fafc51eb359
1597,gemma-3-4b-it,0.0,math_comp,math,4dc5a69ba4f2038bd73182b69e13d3669a77bfdc5fdaf8e41e615fafc51eb359
1598,llama-3.1-70b-instruct,0.0,math_comp,math,4dc5a69ba4f2038bd73182b69e13d3669a77bfdc5fdaf8e41e615fafc51eb359
1599,llama-3.1-8b-instruct,0.0,math_comp,math,4dc5a69ba4f2038bd73182b69e13d3669a77bfdc5fdaf8e41e615fafc51eb359
1600,llama-3.2-1b-instruct,0.0,math_comp,math,4dc5a69ba4f2038bd73182b69e13d3669a77bfdc5fdaf8e41e615fafc51eb359
1601,llama-3.2-3b-instruct,0.0,math_comp,math,4dc5a69ba4f2038bd73182b69e13d3669a77bfdc5fdaf8e41e615fafc51eb359
1602,mistral-24b,0.0,math_comp,math,4dc5a69ba4f2038bd73182b69e13d3669a77bfdc5fdaf8e41e615fafc51eb359
1603,mistral-7b,0.0,math_comp,math,4dc5a69ba4f2038bd73182b69e13d3669a77bfdc5fdaf8e41e615fafc51eb359
1604,qwen-2.5-3b-instruct,0.0,math_comp,math,4dc5a69ba4f2038bd73182b69e13d3669a77bfdc5fdaf8e41e615fafc51eb359
1605,qwen-32b,0.0,math_comp,math,4dc5a69ba4f2038bd73182b69e13d3669a77bfdc5fdaf8e41e615fafc51eb359
1606,gemma-3-12b-it,0.0,math_comp,math,4eeb28570e1ce09b67dc97b80060ba084ed524eab3f6356911288cfd3833682b
1607,gemma-3-1b-it,0.0,math_comp,math,4eeb28570e1ce09b67dc97b80060ba084ed524eab3f6356911288cfd3833682b
1608,gemma-3-4b-it,0.0,math_comp,math,4eeb28570e1ce09b67dc97b80060ba084ed524eab3f6356911288cfd3833682b
1609,llama-3.1-70b-instruct,0.0,math_comp,math,4eeb28570e1ce09b67dc97b80060ba084ed524eab3f6356911288cfd3833682b
1610,llama-3.1-8b-instruct,0.0,math_comp,math,4eeb28570e1ce09b67dc97b80060ba084ed524eab3f6356911288cfd3833682b
1611,llama-3.2-1b-instruct,0.0,math_comp,math,4eeb28570e1ce09b67dc97b80060ba084ed524eab3f6356911288cfd3833682b
1612,llama-3.2-3b-instruct,0.0,math_comp,math,4eeb28570e1ce09b67dc97b80060ba084ed524eab3f6356911288cfd3833682b
1613,mistral-24b,0.0,math_comp,math,4eeb28570e1ce09b67dc97b80060ba084ed524eab3f6356911288cfd3833682b
1614,mistral-7b,0.0,math_comp,math,4eeb28570e1ce09b67dc97b80060ba084ed524eab3f6356911288cfd3833682b
1615,qwen-2.5-3b-instruct,0.0,math_comp,math,4eeb28570e1ce09b67dc97b80060ba084ed524eab3f6356911288cfd3833682b
1616,qwen-32b,0.0,math_comp,math,4eeb28570e1ce09b67dc97b80060ba084ed524eab3f6356911288cfd3833682b
1617,gemma-3-12b-it,0.0,math_comp,math,4ef450191d74d0e7622b24ba12392d8ed0846a502cef3d4db5992d19f8789eaf
1618,gemma-3-1b-it,0.0,math_comp,math,4ef450191d74d0e7622b24ba12392d8ed0846a502cef3d4db5992d19f8789eaf
1619,gemma-3-4b-it,0.0,math_comp,math,4ef450191d74d0e7622b24ba12392d8ed0846a502cef3d4db5992d19f8789eaf
1620,llama-3.1-70b-instruct,0.0,math_comp,math,4ef450191d74d0e7622b24ba12392d8ed0846a502cef3d4db5992d19f8789eaf
1621,llama-3.1-8b-instruct,0.0,math_comp,math,4ef450191d74d0e7622b24ba12392d8ed0846a502cef3d4db5992d19f8789eaf
1622,llama-3.2-1b-instruct,0.0,math_comp,math,4ef450191d74d0e7622b24ba12392d8ed0846a502cef3d4db5992d19f8789eaf
1623,llama-3.2-3b-instruct,0.0,math_comp,math,4ef450191d74d0e7622b24ba12392d8ed0846a502cef3d4db5992d19f8789eaf
1624,mistral-24b,0.0,math_comp,math,4ef450191d74d0e7622b24ba12392d8ed0846a502cef3d4db5992d19f8789eaf
1625,mistral-7b,0.0,math_comp,math,4ef450191d74d0e7622b24ba12392d8ed0846a502cef3d4db5992d19f8789eaf
1626,qwen-2.5-3b-instruct,0.0,math_comp,math,4ef450191d74d0e7622b24ba12392d8ed0846a502cef3d4db5992d19f8789eaf
1627,qwen-32b,0.0,math_comp,math,4ef450191d74d0e7622b24ba12392d8ed0846a502cef3d4db5992d19f8789eaf
1628,gemma-3-12b-it,0.0,math_comp,math,504e4f0317a2bb481c7878ee625c1686135211da8df19744d2b78c9598f13761
1629,gemma-3-1b-it,0.0,math_comp,math,504e4f0317a2bb481c7878ee625c1686135211da8df19744d2b78c9598f13761
1630,gemma-3-4b-it,0.0,math_comp,math,504e4f0317a2bb481c7878ee625c1686135211da8df19744d2b78c9598f13761
1631,llama-3.1-70b-instruct,0.0,math_comp,math,504e4f0317a2bb481c7878ee625c1686135211da8df19744d2b78c9598f13761
1632,llama-3.1-8b-instruct,0.0,math_comp,math,504e4f0317a2bb481c7878ee625c1686135211da8df19744d2b78c9598f13761
1633,llama-3.2-1b-instruct,0.0,math_comp,math,504e4f0317a2bb481c7878ee625c1686135211da8df19744d2b78c9598f13761
1634,llama-3.2-3b-instruct,0.0,math_comp,math,504e4f0317a2bb481c7878ee625c1686135211da8df19744d2b78c9598f13761
1635,mistral-24b,0.0,math_comp,math,504e4f0317a2bb481c7878ee625c1686135211da8df19744d2b78c9598f13761
1636,mistral-7b,0.0,math_comp,math,504e4f0317a2bb481c7878ee625c1686135211da8df19744d2b78c9598f13761
1637,qwen-2.5-3b-instruct,0.0,math_comp,math,504e4f0317a2bb481c7878ee625c1686135211da8df19744d2b78c9598f13761
1638,qwen-32b,0.0,math_comp,math,504e4f0317a2bb481c7878ee625c1686135211da8df19744d2b78c9598f13761
1639,gemma-3-12b-it,100.0,math_comp,math,5140fc51893cf05f9f03842e4b318fdafeb6e4636afb6a03bb79165bb153e100
1640,gemma-3-1b-it,0.0,math_comp,math,5140fc51893cf05f9f03842e4b318fdafeb6e4636afb6a03bb79165bb153e100
1641,gemma-3-4b-it,100.0,math_comp,math,5140fc51893cf05f9f03842e4b318fdafeb6e4636afb6a03bb79165bb153e100
1642,llama-3.1-70b-instruct,100.0,math_comp,math,5140fc51893cf05f9f03842e4b318fdafeb6e4636afb6a03bb79165bb153e100
1643,llama-3.1-8b-instruct,0.0,math_comp,math,5140fc51893cf05f9f03842e4b318fdafeb6e4636afb6a03bb79165bb153e100
1644,llama-3.2-1b-instruct,0.0,math_comp,math,5140fc51893cf05f9f03842e4b318fdafeb6e4636afb6a03bb79165bb153e100
1645,llama-3.2-3b-instruct,0.0,math_comp,math,5140fc51893cf05f9f03842e4b318fdafeb6e4636afb6a03bb79165bb153e100
1646,mistral-24b,0.0,math_comp,math,5140fc51893cf05f9f03842e4b318fdafeb6e4636afb6a03bb79165bb153e100
1647,mistral-7b,0.0,math_comp,math,5140fc51893cf05f9f03842e4b318fdafeb6e4636afb6a03bb79165bb153e100
1648,qwen-2.5-3b-instruct,0.0,math_comp,math,5140fc51893cf05f9f03842e4b318fdafeb6e4636afb6a03bb79165bb153e100
1649,qwen-32b,100.0,math_comp,math,5140fc51893cf05f9f03842e4b318fdafeb6e4636afb6a03bb79165bb153e100
1650,gemma-3-12b-it,100.0,math_comp,math,517cd7f7578a66ffb1db890e4e9eb82575bba1846237331117874aae1b144f1f
1651,gemma-3-1b-it,0.0,math_comp,math,517cd7f7578a66ffb1db890e4e9eb82575bba1846237331117874aae1b144f1f
1652,gemma-3-4b-it,0.0,math_comp,math,517cd7f7578a66ffb1db890e4e9eb82575bba1846237331117874aae1b144f1f
1653,llama-3.1-70b-instruct,0.0,math_comp,math,517cd7f7578a66ffb1db890e4e9eb82575bba1846237331117874aae1b144f1f
1654,llama-3.1-8b-instruct,0.0,math_comp,math,517cd7f7578a66ffb1db890e4e9eb82575bba1846237331117874aae1b144f1f
1655,llama-3.2-1b-instruct,0.0,math_comp,math,517cd7f7578a66ffb1db890e4e9eb82575bba1846237331117874aae1b144f1f
1656,llama-3.2-3b-instruct,0.0,math_comp,math,517cd7f7578a66ffb1db890e4e9eb82575bba1846237331117874aae1b144f1f
1657,mistral-24b,0.0,math_comp,math,517cd7f7578a66ffb1db890e4e9eb82575bba1846237331117874aae1b144f1f
1658,mistral-7b,0.0,math_comp,math,517cd7f7578a66ffb1db890e4e9eb82575bba1846237331117874aae1b144f1f
1659,qwen-2.5-3b-instruct,0.0,math_comp,math,517cd7f7578a66ffb1db890e4e9eb82575bba1846237331117874aae1b144f1f
1660,qwen-32b,0.0,math_comp,math,517cd7f7578a66ffb1db890e4e9eb82575bba1846237331117874aae1b144f1f
1661,gemma-3-12b-it,100.0,math_comp,math,58a7cb59a3183f7cf4223b926070e9a2e0059d16ec8d897348047ac743877c8f
1662,gemma-3-1b-it,100.0,math_comp,math,58a7cb59a3183f7cf4223b926070e9a2e0059d16ec8d897348047ac743877c8f
1663,gemma-3-4b-it,100.0,math_comp,math,58a7cb59a3183f7cf4223b926070e9a2e0059d16ec8d897348047ac743877c8f
1664,llama-3.1-70b-instruct,100.0,math_comp,math,58a7cb59a3183f7cf4223b926070e9a2e0059d16ec8d897348047ac743877c8f
1665,llama-3.1-8b-instruct,100.0,math_comp,math,58a7cb59a3183f7cf4223b926070e9a2e0059d16ec8d897348047ac743877c8f
1666,llama-3.2-1b-instruct,100.0,math_comp,math,58a7cb59a3183f7cf4223b926070e9a2e0059d16ec8d897348047ac743877c8f
1667,llama-3.2-3b-instruct,100.0,math_comp,math,58a7cb59a3183f7cf4223b926070e9a2e0059d16ec8d897348047ac743877c8f
1668,mistral-24b,100.0,math_comp,math,58a7cb59a3183f7cf4223b926070e9a2e0059d16ec8d897348047ac743877c8f
1669,mistral-7b,0.0,math_comp,math,58a7cb59a3183f7cf4223b926070e9a2e0059d16ec8d897348047ac743877c8f
1670,qwen-2.5-3b-instruct,0.0,math_comp,math,58a7cb59a3183f7cf4223b926070e9a2e0059d16ec8d897348047ac743877c8f
1671,qwen-32b,100.0,math_comp,math,58a7cb59a3183f7cf4223b926070e9a2e0059d16ec8d897348047ac743877c8f
1672,gemma-3-12b-it,0.0,math_comp,math,5f206ce247321fab33b6c1674a9ad5f9e1955b7dc6ae5104f40b56274e412593
1673,gemma-3-1b-it,0.0,math_comp,math,5f206ce247321fab33b6c1674a9ad5f9e1955b7dc6ae5104f40b56274e412593
1674,gemma-3-4b-it,0.0,math_comp,math,5f206ce247321fab33b6c1674a9ad5f9e1955b7dc6ae5104f40b56274e412593
1675,llama-3.1-70b-instruct,0.0,math_comp,math,5f206ce247321fab33b6c1674a9ad5f9e1955b7dc6ae5104f40b56274e412593
1676,llama-3.1-8b-instruct,0.0,math_comp,math,5f206ce247321fab33b6c1674a9ad5f9e1955b7dc6ae5104f40b56274e412593
1677,llama-3.2-1b-instruct,0.0,math_comp,math,5f206ce247321fab33b6c1674a9ad5f9e1955b7dc6ae5104f40b56274e412593
1678,llama-3.2-3b-instruct,0.0,math_comp,math,5f206ce247321fab33b6c1674a9ad5f9e1955b7dc6ae5104f40b56274e412593
1679,mistral-24b,0.0,math_comp,math,5f206ce247321fab33b6c1674a9ad5f9e1955b7dc6ae5104f40b56274e412593
1680,mistral-7b,0.0,math_comp,math,5f206ce247321fab33b6c1674a9ad5f9e1955b7dc6ae5104f40b56274e412593
1681,qwen-2.5-3b-instruct,0.0,math_comp,math,5f206ce247321fab33b6c1674a9ad5f9e1955b7dc6ae5104f40b56274e412593
1682,qwen-32b,0.0,math_comp,math,5f206ce247321fab33b6c1674a9ad5f9e1955b7dc6ae5104f40b56274e412593
1683,gemma-3-12b-it,100.0,math_comp,math,632d64289534539bfb811186505d301b98fb6d8ff9bbe03fa753c6e0b38a58ea
1684,gemma-3-1b-it,0.0,math_comp,math,632d64289534539bfb811186505d301b98fb6d8ff9bbe03fa753c6e0b38a58ea
1685,gemma-3-4b-it,100.0,math_comp,math,632d64289534539bfb811186505d301b98fb6d8ff9bbe03fa753c6e0b38a58ea
1686,llama-3.1-70b-instruct,100.0,math_comp,math,632d64289534539bfb811186505d301b98fb6d8ff9bbe03fa753c6e0b38a58ea
1687,llama-3.1-8b-instruct,100.0,math_comp,math,632d64289534539bfb811186505d301b98fb6d8ff9bbe03fa753c6e0b38a58ea
1688,llama-3.2-1b-instruct,0.0,math_comp,math,632d64289534539bfb811186505d301b98fb6d8ff9bbe03fa753c6e0b38a58ea
1689,llama-3.2-3b-instruct,0.0,math_comp,math,632d64289534539bfb811186505d301b98fb6d8ff9bbe03fa753c6e0b38a58ea
1690,mistral-24b,0.0,math_comp,math,632d64289534539bfb811186505d301b98fb6d8ff9bbe03fa753c6e0b38a58ea
1691,mistral-7b,0.0,math_comp,math,632d64289534539bfb811186505d301b98fb6d8ff9bbe03fa753c6e0b38a58ea
1692,qwen-2.5-3b-instruct,0.0,math_comp,math,632d64289534539bfb811186505d301b98fb6d8ff9bbe03fa753c6e0b38a58ea
1693,qwen-32b,100.0,math_comp,math,632d64289534539bfb811186505d301b98fb6d8ff9bbe03fa753c6e0b38a58ea
1694,gemma-3-12b-it,100.0,math_comp,math,646be9b27b686ec9bbe24c575292a653b8ed6dddde0ea5d79a462c314fe960c7
1695,gemma-3-1b-it,0.0,math_comp,math,646be9b27b686ec9bbe24c575292a653b8ed6dddde0ea5d79a462c314fe960c7
1696,gemma-3-4b-it,100.0,math_comp,math,646be9b27b686ec9bbe24c575292a653b8ed6dddde0ea5d79a462c314fe960c7
1697,llama-3.1-70b-instruct,0.0,math_comp,math,646be9b27b686ec9bbe24c575292a653b8ed6dddde0ea5d79a462c314fe960c7
1698,llama-3.1-8b-instruct,0.0,math_comp,math,646be9b27b686ec9bbe24c575292a653b8ed6dddde0ea5d79a462c314fe960c7
1699,llama-3.2-1b-instruct,100.0,math_comp,math,646be9b27b686ec9bbe24c575292a653b8ed6dddde0ea5d79a462c314fe960c7
1700,llama-3.2-3b-instruct,0.0,math_comp,math,646be9b27b686ec9bbe24c575292a653b8ed6dddde0ea5d79a462c314fe960c7
1701,mistral-24b,0.0,math_comp,math,646be9b27b686ec9bbe24c575292a653b8ed6dddde0ea5d79a462c314fe960c7
1702,mistral-7b,0.0,math_comp,math,646be9b27b686ec9bbe24c575292a653b8ed6dddde0ea5d79a462c314fe960c7
1703,qwen-2.5-3b-instruct,100.0,math_comp,math,646be9b27b686ec9bbe24c575292a653b8ed6dddde0ea5d79a462c314fe960c7
1704,qwen-32b,100.0,math_comp,math,646be9b27b686ec9bbe24c575292a653b8ed6dddde0ea5d79a462c314fe960c7
1705,gemma-3-12b-it,0.0,math_comp,math,75c1c68d2a38e7013b562fd74dd91a1d2b8d8e83303fdd6f7dc55686487101e6
1706,gemma-3-1b-it,0.0,math_comp,math,75c1c68d2a38e7013b562fd74dd91a1d2b8d8e83303fdd6f7dc55686487101e6
1707,gemma-3-4b-it,0.0,math_comp,math,75c1c68d2a38e7013b562fd74dd91a1d2b8d8e83303fdd6f7dc55686487101e6
1708,llama-3.1-70b-instruct,0.0,math_comp,math,75c1c68d2a38e7013b562fd74dd91a1d2b8d8e83303fdd6f7dc55686487101e6
1709,llama-3.1-8b-instruct,0.0,math_comp,math,75c1c68d2a38e7013b562fd74dd91a1d2b8d8e83303fdd6f7dc55686487101e6
1710,llama-3.2-1b-instruct,0.0,math_comp,math,75c1c68d2a38e7013b562fd74dd91a1d2b8d8e83303fdd6f7dc55686487101e6
1711,llama-3.2-3b-instruct,0.0,math_comp,math,75c1c68d2a38e7013b562fd74dd91a1d2b8d8e83303fdd6f7dc55686487101e6
1712,mistral-24b,0.0,math_comp,math,75c1c68d2a38e7013b562fd74dd91a1d2b8d8e83303fdd6f7dc55686487101e6
1713,mistral-7b,0.0,math_comp,math,75c1c68d2a38e7013b562fd74dd91a1d2b8d8e83303fdd6f7dc55686487101e6
1714,qwen-2.5-3b-instruct,0.0,math_comp,math,75c1c68d2a38e7013b562fd74dd91a1d2b8d8e83303fdd6f7dc55686487101e6
1715,qwen-32b,0.0,math_comp,math,75c1c68d2a38e7013b562fd74dd91a1d2b8d8e83303fdd6f7dc55686487101e6
1716,gemma-3-12b-it,100.0,math_comp,math,75ee28de242ec3fdb73c28ba2b23ada96c865764210fee43dc68a0667295effe
1717,gemma-3-1b-it,0.0,math_comp,math,75ee28de242ec3fdb73c28ba2b23ada96c865764210fee43dc68a0667295effe
1718,gemma-3-4b-it,0.0,math_comp,math,75ee28de242ec3fdb73c28ba2b23ada96c865764210fee43dc68a0667295effe
1719,llama-3.1-70b-instruct,0.0,math_comp,math,75ee28de242ec3fdb73c28ba2b23ada96c865764210fee43dc68a0667295effe
1720,llama-3.1-8b-instruct,0.0,math_comp,math,75ee28de242ec3fdb73c28ba2b23ada96c865764210fee43dc68a0667295effe
1721,llama-3.2-1b-instruct,0.0,math_comp,math,75ee28de242ec3fdb73c28ba2b23ada96c865764210fee43dc68a0667295effe
1722,llama-3.2-3b-instruct,0.0,math_comp,math,75ee28de242ec3fdb73c28ba2b23ada96c865764210fee43dc68a0667295effe
1723,mistral-24b,0.0,math_comp,math,75ee28de242ec3fdb73c28ba2b23ada96c865764210fee43dc68a0667295effe
1724,mistral-7b,0.0,math_comp,math,75ee28de242ec3fdb73c28ba2b23ada96c865764210fee43dc68a0667295effe
1725,qwen-2.5-3b-instruct,0.0,math_comp,math,75ee28de242ec3fdb73c28ba2b23ada96c865764210fee43dc68a0667295effe
1726,qwen-32b,0.0,math_comp,math,75ee28de242ec3fdb73c28ba2b23ada96c865764210fee43dc68a0667295effe
1727,gemma-3-12b-it,0.0,math_comp,math,88ea82c0cdb3a6657c995d2b096c55272cba856acd2951f7cb92ef8ea533d1cf
1728,gemma-3-1b-it,0.0,math_comp,math,88ea82c0cdb3a6657c995d2b096c55272cba856acd2951f7cb92ef8ea533d1cf
1729,gemma-3-4b-it,0.0,math_comp,math,88ea82c0cdb3a6657c995d2b096c55272cba856acd2951f7cb92ef8ea533d1cf
1730,llama-3.1-70b-instruct,0.0,math_comp,math,88ea82c0cdb3a6657c995d2b096c55272cba856acd2951f7cb92ef8ea533d1cf
1731,llama-3.1-8b-instruct,0.0,math_comp,math,88ea82c0cdb3a6657c995d2b096c55272cba856acd2951f7cb92ef8ea533d1cf
1732,llama-3.2-1b-instruct,0.0,math_comp,math,88ea82c0cdb3a6657c995d2b096c55272cba856acd2951f7cb92ef8ea533d1cf
1733,llama-3.2-3b-instruct,0.0,math_comp,math,88ea82c0cdb3a6657c995d2b096c55272cba856acd2951f7cb92ef8ea533d1cf
1734,mistral-24b,0.0,math_comp,math,88ea82c0cdb3a6657c995d2b096c55272cba856acd2951f7cb92ef8ea533d1cf
1735,mistral-7b,0.0,math_comp,math,88ea82c0cdb3a6657c995d2b096c55272cba856acd2951f7cb92ef8ea533d1cf
1736,qwen-2.5-3b-instruct,0.0,math_comp,math,88ea82c0cdb3a6657c995d2b096c55272cba856acd2951f7cb92ef8ea533d1cf
1737,qwen-32b,0.0,math_comp,math,88ea82c0cdb3a6657c995d2b096c55272cba856acd2951f7cb92ef8ea533d1cf
1738,gemma-3-12b-it,100.0,math_comp,math,8a2553a1a9daf028d7deb9f86f4d3b1542e8ab957bcc5de58b5b1c3ccefa4f7b
1739,gemma-3-1b-it,0.0,math_comp,math,8a2553a1a9daf028d7deb9f86f4d3b1542e8ab957bcc5de58b5b1c3ccefa4f7b
1740,gemma-3-4b-it,100.0,math_comp,math,8a2553a1a9daf028d7deb9f86f4d3b1542e8ab957bcc5de58b5b1c3ccefa4f7b
1741,llama-3.1-70b-instruct,100.0,math_comp,math,8a2553a1a9daf028d7deb9f86f4d3b1542e8ab957bcc5de58b5b1c3ccefa4f7b
1742,llama-3.1-8b-instruct,100.0,math_comp,math,8a2553a1a9daf028d7deb9f86f4d3b1542e8ab957bcc5de58b5b1c3ccefa4f7b
1743,llama-3.2-1b-instruct,0.0,math_comp,math,8a2553a1a9daf028d7deb9f86f4d3b1542e8ab957bcc5de58b5b1c3ccefa4f7b
1744,llama-3.2-3b-instruct,0.0,math_comp,math,8a2553a1a9daf028d7deb9f86f4d3b1542e8ab957bcc5de58b5b1c3ccefa4f7b
1745,mistral-24b,0.0,math_comp,math,8a2553a1a9daf028d7deb9f86f4d3b1542e8ab957bcc5de58b5b1c3ccefa4f7b
1746,mistral-7b,0.0,math_comp,math,8a2553a1a9daf028d7deb9f86f4d3b1542e8ab957bcc5de58b5b1c3ccefa4f7b
1747,qwen-2.5-3b-instruct,0.0,math_comp,math,8a2553a1a9daf028d7deb9f86f4d3b1542e8ab957bcc5de58b5b1c3ccefa4f7b
1748,qwen-32b,100.0,math_comp,math,8a2553a1a9daf028d7deb9f86f4d3b1542e8ab957bcc5de58b5b1c3ccefa4f7b
1749,gemma-3-12b-it,0.0,math_comp,math,8f3f8e01ff3c82ee28cf0f4b69df5b662d0bd40b4350c7faea3555096072ae19
1750,gemma-3-1b-it,0.0,math_comp,math,8f3f8e01ff3c82ee28cf0f4b69df5b662d0bd40b4350c7faea3555096072ae19
1751,gemma-3-4b-it,0.0,math_comp,math,8f3f8e01ff3c82ee28cf0f4b69df5b662d0bd40b4350c7faea3555096072ae19
1752,llama-3.1-70b-instruct,0.0,math_comp,math,8f3f8e01ff3c82ee28cf0f4b69df5b662d0bd40b4350c7faea3555096072ae19
1753,llama-3.1-8b-instruct,0.0,math_comp,math,8f3f8e01ff3c82ee28cf0f4b69df5b662d0bd40b4350c7faea3555096072ae19
1754,llama-3.2-1b-instruct,0.0,math_comp,math,8f3f8e01ff3c82ee28cf0f4b69df5b662d0bd40b4350c7faea3555096072ae19
1755,llama-3.2-3b-instruct,0.0,math_comp,math,8f3f8e01ff3c82ee28cf0f4b69df5b662d0bd40b4350c7faea3555096072ae19
1756,mistral-24b,0.0,math_comp,math,8f3f8e01ff3c82ee28cf0f4b69df5b662d0bd40b4350c7faea3555096072ae19
1757,mistral-7b,0.0,math_comp,math,8f3f8e01ff3c82ee28cf0f4b69df5b662d0bd40b4350c7faea3555096072ae19
1758,qwen-2.5-3b-instruct,0.0,math_comp,math,8f3f8e01ff3c82ee28cf0f4b69df5b662d0bd40b4350c7faea3555096072ae19
1759,qwen-32b,0.0,math_comp,math,8f3f8e01ff3c82ee28cf0f4b69df5b662d0bd40b4350c7faea3555096072ae19
1760,gemma-3-12b-it,100.0,math_comp,math,9c9e8d0f97ae449d799793e32347eb83ef6a743e2935bac5e4458b58d79d09f4
1761,gemma-3-1b-it,100.0,math_comp,math,9c9e8d0f97ae449d799793e32347eb83ef6a743e2935bac5e4458b58d79d09f4
1762,gemma-3-4b-it,100.0,math_comp,math,9c9e8d0f97ae449d799793e32347eb83ef6a743e2935bac5e4458b58d79d09f4
1763,llama-3.1-70b-instruct,100.0,math_comp,math,9c9e8d0f97ae449d799793e32347eb83ef6a743e2935bac5e4458b58d79d09f4
1764,llama-3.1-8b-instruct,0.0,math_comp,math,9c9e8d0f97ae449d799793e32347eb83ef6a743e2935bac5e4458b58d79d09f4
1765,llama-3.2-1b-instruct,0.0,math_comp,math,9c9e8d0f97ae449d799793e32347eb83ef6a743e2935bac5e4458b58d79d09f4
1766,llama-3.2-3b-instruct,0.0,math_comp,math,9c9e8d0f97ae449d799793e32347eb83ef6a743e2935bac5e4458b58d79d09f4
1767,mistral-24b,100.0,math_comp,math,9c9e8d0f97ae449d799793e32347eb83ef6a743e2935bac5e4458b58d79d09f4
1768,mistral-7b,0.0,math_comp,math,9c9e8d0f97ae449d799793e32347eb83ef6a743e2935bac5e4458b58d79d09f4
1769,qwen-2.5-3b-instruct,100.0,math_comp,math,9c9e8d0f97ae449d799793e32347eb83ef6a743e2935bac5e4458b58d79d09f4
1770,qwen-32b,100.0,math_comp,math,9c9e8d0f97ae449d799793e32347eb83ef6a743e2935bac5e4458b58d79d09f4
1771,gemma-3-12b-it,0.0,math_comp,math,9d3119b26b6fbbfe9e367826c2b397fbd42833e9c242e88f9ca06f4d5dbc3240
1772,gemma-3-1b-it,0.0,math_comp,math,9d3119b26b6fbbfe9e367826c2b397fbd42833e9c242e88f9ca06f4d5dbc3240
1773,gemma-3-4b-it,0.0,math_comp,math,9d3119b26b6fbbfe9e367826c2b397fbd42833e9c242e88f9ca06f4d5dbc3240
1774,llama-3.1-70b-instruct,0.0,math_comp,math,9d3119b26b6fbbfe9e367826c2b397fbd42833e9c242e88f9ca06f4d5dbc3240
1775,llama-3.1-8b-instruct,0.0,math_comp,math,9d3119b26b6fbbfe9e367826c2b397fbd42833e9c242e88f9ca06f4d5dbc3240
1776,llama-3.2-1b-instruct,0.0,math_comp,math,9d3119b26b6fbbfe9e367826c2b397fbd42833e9c242e88f9ca06f4d5dbc3240
1777,llama-3.2-3b-instruct,100.0,math_comp,math,9d3119b26b6fbbfe9e367826c2b397fbd42833e9c242e88f9ca06f4d5dbc3240
1778,mistral-24b,0.0,math_comp,math,9d3119b26b6fbbfe9e367826c2b397fbd42833e9c242e88f9ca06f4d5dbc3240
1779,mistral-7b,0.0,math_comp,math,9d3119b26b6fbbfe9e367826c2b397fbd42833e9c242e88f9ca06f4d5dbc3240
1780,qwen-2.5-3b-instruct,0.0,math_comp,math,9d3119b26b6fbbfe9e367826c2b397fbd42833e9c242e88f9ca06f4d5dbc3240
1781,qwen-32b,0.0,math_comp,math,9d3119b26b6fbbfe9e367826c2b397fbd42833e9c242e88f9ca06f4d5dbc3240
1782,gemma-3-12b-it,0.0,math_comp,math,a55a888455f193f6d48204519cb0568e01dbc30d23e76cb2f2392de6ff2d0a4a
1783,gemma-3-1b-it,0.0,math_comp,math,a55a888455f193f6d48204519cb0568e01dbc30d23e76cb2f2392de6ff2d0a4a
1784,gemma-3-4b-it,0.0,math_comp,math,a55a888455f193f6d48204519cb0568e01dbc30d23e76cb2f2392de6ff2d0a4a
1785,llama-3.1-70b-instruct,0.0,math_comp,math,a55a888455f193f6d48204519cb0568e01dbc30d23e76cb2f2392de6ff2d0a4a
1786,llama-3.1-8b-instruct,0.0,math_comp,math,a55a888455f193f6d48204519cb0568e01dbc30d23e76cb2f2392de6ff2d0a4a
1787,llama-3.2-1b-instruct,100.0,math_comp,math,a55a888455f193f6d48204519cb0568e01dbc30d23e76cb2f2392de6ff2d0a4a
1788,llama-3.2-3b-instruct,0.0,math_comp,math,a55a888455f193f6d48204519cb0568e01dbc30d23e76cb2f2392de6ff2d0a4a
1789,mistral-24b,0.0,math_comp,math,a55a888455f193f6d48204519cb0568e01dbc30d23e76cb2f2392de6ff2d0a4a
1790,mistral-7b,0.0,math_comp,math,a55a888455f193f6d48204519cb0568e01dbc30d23e76cb2f2392de6ff2d0a4a
1791,qwen-2.5-3b-instruct,0.0,math_comp,math,a55a888455f193f6d48204519cb0568e01dbc30d23e76cb2f2392de6ff2d0a4a
1792,qwen-32b,0.0,math_comp,math,a55a888455f193f6d48204519cb0568e01dbc30d23e76cb2f2392de6ff2d0a4a
1793,gemma-3-12b-it,100.0,math_comp,math,a622715b01d26810c6bcd92e4055d376024f1e4906e5809bb45b90eedbe483fa
1794,gemma-3-1b-it,100.0,math_comp,math,a622715b01d26810c6bcd92e4055d376024f1e4906e5809bb45b90eedbe483fa
1795,gemma-3-4b-it,100.0,math_comp,math,a622715b01d26810c6bcd92e4055d376024f1e4906e5809bb45b90eedbe483fa
1796,llama-3.1-70b-instruct,100.0,math_comp,math,a622715b01d26810c6bcd92e4055d376024f1e4906e5809bb45b90eedbe483fa
1797,llama-3.1-8b-instruct,100.0,math_comp,math,a622715b01d26810c6bcd92e4055d376024f1e4906e5809bb45b90eedbe483fa
1798,llama-3.2-1b-instruct,0.0,math_comp,math,a622715b01d26810c6bcd92e4055d376024f1e4906e5809bb45b90eedbe483fa
1799,llama-3.2-3b-instruct,0.0,math_comp,math,a622715b01d26810c6bcd92e4055d376024f1e4906e5809bb45b90eedbe483fa
1800,mistral-24b,0.0,math_comp,math,a622715b01d26810c6bcd92e4055d376024f1e4906e5809bb45b90eedbe483fa
1801,mistral-7b,100.0,math_comp,math,a622715b01d26810c6bcd92e4055d376024f1e4906e5809bb45b90eedbe483fa
1802,qwen-2.5-3b-instruct,100.0,math_comp,math,a622715b01d26810c6bcd92e4055d376024f1e4906e5809bb45b90eedbe483fa
1803,qwen-32b,100.0,math_comp,math,a622715b01d26810c6bcd92e4055d376024f1e4906e5809bb45b90eedbe483fa
1804,gemma-3-12b-it,0.0,math_comp,math,a84e6c888591b8182c32e6ed18291d6eaf9eee366fa818b014e9da41028f9576
1805,gemma-3-1b-it,0.0,math_comp,math,a84e6c888591b8182c32e6ed18291d6eaf9eee366fa818b014e9da41028f9576
1806,gemma-3-4b-it,0.0,math_comp,math,a84e6c888591b8182c32e6ed18291d6eaf9eee366fa818b014e9da41028f9576
1807,llama-3.1-70b-instruct,0.0,math_comp,math,a84e6c888591b8182c32e6ed18291d6eaf9eee366fa818b014e9da41028f9576
1808,llama-3.1-8b-instruct,0.0,math_comp,math,a84e6c888591b8182c32e6ed18291d6eaf9eee366fa818b014e9da41028f9576
1809,llama-3.2-1b-instruct,0.0,math_comp,math,a84e6c888591b8182c32e6ed18291d6eaf9eee366fa818b014e9da41028f9576
1810,llama-3.2-3b-instruct,0.0,math_comp,math,a84e6c888591b8182c32e6ed18291d6eaf9eee366fa818b014e9da41028f9576
1811,mistral-24b,0.0,math_comp,math,a84e6c888591b8182c32e6ed18291d6eaf9eee366fa818b014e9da41028f9576
1812,mistral-7b,100.0,math_comp,math,a84e6c888591b8182c32e6ed18291d6eaf9eee366fa818b014e9da41028f9576
1813,qwen-2.5-3b-instruct,0.0,math_comp,math,a84e6c888591b8182c32e6ed18291d6eaf9eee366fa818b014e9da41028f9576
1814,qwen-32b,0.0,math_comp,math,a84e6c888591b8182c32e6ed18291d6eaf9eee366fa818b014e9da41028f9576
1815,gemma-3-12b-it,0.0,math_comp,math,aa2010ecad86adbae918da3d5e90d8ad452b30dc2e32bde8dd6d0d4a6b02b667
1816,gemma-3-1b-it,0.0,math_comp,math,aa2010ecad86adbae918da3d5e90d8ad452b30dc2e32bde8dd6d0d4a6b02b667
1817,gemma-3-4b-it,0.0,math_comp,math,aa2010ecad86adbae918da3d5e90d8ad452b30dc2e32bde8dd6d0d4a6b02b667
1818,llama-3.1-70b-instruct,0.0,math_comp,math,aa2010ecad86adbae918da3d5e90d8ad452b30dc2e32bde8dd6d0d4a6b02b667
1819,llama-3.1-8b-instruct,0.0,math_comp,math,aa2010ecad86adbae918da3d5e90d8ad452b30dc2e32bde8dd6d0d4a6b02b667
1820,llama-3.2-1b-instruct,0.0,math_comp,math,aa2010ecad86adbae918da3d5e90d8ad452b30dc2e32bde8dd6d0d4a6b02b667
1821,llama-3.2-3b-instruct,0.0,math_comp,math,aa2010ecad86adbae918da3d5e90d8ad452b30dc2e32bde8dd6d0d4a6b02b667
1822,mistral-24b,0.0,math_comp,math,aa2010ecad86adbae918da3d5e90d8ad452b30dc2e32bde8dd6d0d4a6b02b667
1823,mistral-7b,0.0,math_comp,math,aa2010ecad86adbae918da3d5e90d8ad452b30dc2e32bde8dd6d0d4a6b02b667
1824,qwen-2.5-3b-instruct,0.0,math_comp,math,aa2010ecad86adbae918da3d5e90d8ad452b30dc2e32bde8dd6d0d4a6b02b667
1825,qwen-32b,0.0,math_comp,math,aa2010ecad86adbae918da3d5e90d8ad452b30dc2e32bde8dd6d0d4a6b02b667
1826,gemma-3-12b-it,0.0,math_comp,math,ab5fc6bd9234378b673d27db7059cdd7fc728ca444ea738812097763534bfe63
1827,gemma-3-1b-it,0.0,math_comp,math,ab5fc6bd9234378b673d27db7059cdd7fc728ca444ea738812097763534bfe63
1828,gemma-3-4b-it,0.0,math_comp,math,ab5fc6bd9234378b673d27db7059cdd7fc728ca444ea738812097763534bfe63
1829,llama-3.1-70b-instruct,0.0,math_comp,math,ab5fc6bd9234378b673d27db7059cdd7fc728ca444ea738812097763534bfe63
1830,llama-3.1-8b-instruct,0.0,math_comp,math,ab5fc6bd9234378b673d27db7059cdd7fc728ca444ea738812097763534bfe63
1831,llama-3.2-1b-instruct,0.0,math_comp,math,ab5fc6bd9234378b673d27db7059cdd7fc728ca444ea738812097763534bfe63
1832,llama-3.2-3b-instruct,0.0,math_comp,math,ab5fc6bd9234378b673d27db7059cdd7fc728ca444ea738812097763534bfe63
1833,mistral-24b,0.0,math_comp,math,ab5fc6bd9234378b673d27db7059cdd7fc728ca444ea738812097763534bfe63
1834,mistral-7b,0.0,math_comp,math,ab5fc6bd9234378b673d27db7059cdd7fc728ca444ea738812097763534bfe63
1835,qwen-2.5-3b-instruct,0.0,math_comp,math,ab5fc6bd9234378b673d27db7059cdd7fc728ca444ea738812097763534bfe63
1836,qwen-32b,0.0,math_comp,math,ab5fc6bd9234378b673d27db7059cdd7fc728ca444ea738812097763534bfe63
1837,gemma-3-12b-it,0.0,math_comp,math,b241aac6ed7f653107d3c9bb1e5cad42495fcaf7dc530316c4fff751471a4d65
1838,gemma-3-1b-it,0.0,math_comp,math,b241aac6ed7f653107d3c9bb1e5cad42495fcaf7dc530316c4fff751471a4d65
1839,gemma-3-4b-it,0.0,math_comp,math,b241aac6ed7f653107d3c9bb1e5cad42495fcaf7dc530316c4fff751471a4d65
1840,llama-3.1-70b-instruct,0.0,math_comp,math,b241aac6ed7f653107d3c9bb1e5cad42495fcaf7dc530316c4fff751471a4d65
1841,llama-3.1-8b-instruct,0.0,math_comp,math,b241aac6ed7f653107d3c9bb1e5cad42495fcaf7dc530316c4fff751471a4d65
1842,llama-3.2-1b-instruct,0.0,math_comp,math,b241aac6ed7f653107d3c9bb1e5cad42495fcaf7dc530316c4fff751471a4d65
1843,llama-3.2-3b-instruct,0.0,math_comp,math,b241aac6ed7f653107d3c9bb1e5cad42495fcaf7dc530316c4fff751471a4d65
1844,mistral-24b,0.0,math_comp,math,b241aac6ed7f653107d3c9bb1e5cad42495fcaf7dc530316c4fff751471a4d65
1845,mistral-7b,0.0,math_comp,math,b241aac6ed7f653107d3c9bb1e5cad42495fcaf7dc530316c4fff751471a4d65
1846,qwen-2.5-3b-instruct,0.0,math_comp,math,b241aac6ed7f653107d3c9bb1e5cad42495fcaf7dc530316c4fff751471a4d65
1847,qwen-32b,0.0,math_comp,math,b241aac6ed7f653107d3c9bb1e5cad42495fcaf7dc530316c4fff751471a4d65
1848,gemma-3-12b-it,0.0,math_comp,math,b33a5450070dc69e175a6f058b544e2428b76a649cccc819957796b5fe5ec1d2
1849,gemma-3-1b-it,0.0,math_comp,math,b33a5450070dc69e175a6f058b544e2428b76a649cccc819957796b5fe5ec1d2
1850,gemma-3-4b-it,0.0,math_comp,math,b33a5450070dc69e175a6f058b544e2428b76a649cccc819957796b5fe5ec1d2
1851,llama-3.1-70b-instruct,0.0,math_comp,math,b33a5450070dc69e175a6f058b544e2428b76a649cccc819957796b5fe5ec1d2
1852,llama-3.1-8b-instruct,0.0,math_comp,math,b33a5450070dc69e175a6f058b544e2428b76a649cccc819957796b5fe5ec1d2
1853,llama-3.2-1b-instruct,0.0,math_comp,math,b33a5450070dc69e175a6f058b544e2428b76a649cccc819957796b5fe5ec1d2
1854,llama-3.2-3b-instruct,0.0,math_comp,math,b33a5450070dc69e175a6f058b544e2428b76a649cccc819957796b5fe5ec1d2
1855,mistral-24b,0.0,math_comp,math,b33a5450070dc69e175a6f058b544e2428b76a649cccc819957796b5fe5ec1d2
1856,mistral-7b,0.0,math_comp,math,b33a5450070dc69e175a6f058b544e2428b76a649cccc819957796b5fe5ec1d2
1857,qwen-2.5-3b-instruct,0.0,math_comp,math,b33a5450070dc69e175a6f058b544e2428b76a649cccc819957796b5fe5ec1d2
1858,qwen-32b,0.0,math_comp,math,b33a5450070dc69e175a6f058b544e2428b76a649cccc819957796b5fe5ec1d2
1859,gemma-3-12b-it,100.0,math_comp,math,b40b266b5cc010ecdcc65fe95c3c708e3290e86e7380680ec31100af394c7065
1860,gemma-3-1b-it,0.0,math_comp,math,b40b266b5cc010ecdcc65fe95c3c708e3290e86e7380680ec31100af394c7065
1861,gemma-3-4b-it,100.0,math_comp,math,b40b266b5cc010ecdcc65fe95c3c708e3290e86e7380680ec31100af394c7065
1862,llama-3.1-70b-instruct,100.0,math_comp,math,b40b266b5cc010ecdcc65fe95c3c708e3290e86e7380680ec31100af394c7065
1863,llama-3.1-8b-instruct,100.0,math_comp,math,b40b266b5cc010ecdcc65fe95c3c708e3290e86e7380680ec31100af394c7065
1864,llama-3.2-1b-instruct,0.0,math_comp,math,b40b266b5cc010ecdcc65fe95c3c708e3290e86e7380680ec31100af394c7065
1865,llama-3.2-3b-instruct,0.0,math_comp,math,b40b266b5cc010ecdcc65fe95c3c708e3290e86e7380680ec31100af394c7065
1866,mistral-24b,100.0,math_comp,math,b40b266b5cc010ecdcc65fe95c3c708e3290e86e7380680ec31100af394c7065
1867,mistral-7b,0.0,math_comp,math,b40b266b5cc010ecdcc65fe95c3c708e3290e86e7380680ec31100af394c7065
1868,qwen-2.5-3b-instruct,100.0,math_comp,math,b40b266b5cc010ecdcc65fe95c3c708e3290e86e7380680ec31100af394c7065
1869,qwen-32b,100.0,math_comp,math,b40b266b5cc010ecdcc65fe95c3c708e3290e86e7380680ec31100af394c7065
1870,gemma-3-12b-it,0.0,math_comp,math,c2845f454270252a71d8fb42910485cbfb1ff5e3c53a077ed877736d8d231547
1871,gemma-3-1b-it,0.0,math_comp,math,c2845f454270252a71d8fb42910485cbfb1ff5e3c53a077ed877736d8d231547
1872,gemma-3-4b-it,0.0,math_comp,math,c2845f454270252a71d8fb42910485cbfb1ff5e3c53a077ed877736d8d231547
1873,llama-3.1-70b-instruct,0.0,math_comp,math,c2845f454270252a71d8fb42910485cbfb1ff5e3c53a077ed877736d8d231547
1874,llama-3.1-8b-instruct,0.0,math_comp,math,c2845f454270252a71d8fb42910485cbfb1ff5e3c53a077ed877736d8d231547
1875,llama-3.2-1b-instruct,0.0,math_comp,math,c2845f454270252a71d8fb42910485cbfb1ff5e3c53a077ed877736d8d231547
1876,llama-3.2-3b-instruct,0.0,math_comp,math,c2845f454270252a71d8fb42910485cbfb1ff5e3c53a077ed877736d8d231547
1877,mistral-24b,0.0,math_comp,math,c2845f454270252a71d8fb42910485cbfb1ff5e3c53a077ed877736d8d231547
1878,mistral-7b,0.0,math_comp,math,c2845f454270252a71d8fb42910485cbfb1ff5e3c53a077ed877736d8d231547
1879,qwen-2.5-3b-instruct,0.0,math_comp,math,c2845f454270252a71d8fb42910485cbfb1ff5e3c53a077ed877736d8d231547
1880,qwen-32b,100.0,math_comp,math,c2845f454270252a71d8fb42910485cbfb1ff5e3c53a077ed877736d8d231547
1881,gemma-3-12b-it,100.0,math_comp,math,c75db27aae25088504b3f787d14189b555110a78bad9f8cd5c988b2dedbeb13b
1882,gemma-3-1b-it,100.0,math_comp,math,c75db27aae25088504b3f787d14189b555110a78bad9f8cd5c988b2dedbeb13b
1883,gemma-3-4b-it,100.0,math_comp,math,c75db27aae25088504b3f787d14189b555110a78bad9f8cd5c988b2dedbeb13b
1884,llama-3.1-70b-instruct,100.0,math_comp,math,c75db27aae25088504b3f787d14189b555110a78bad9f8cd5c988b2dedbeb13b
1885,llama-3.1-8b-instruct,100.0,math_comp,math,c75db27aae25088504b3f787d14189b555110a78bad9f8cd5c988b2dedbeb13b
1886,llama-3.2-1b-instruct,0.0,math_comp,math,c75db27aae25088504b3f787d14189b555110a78bad9f8cd5c988b2dedbeb13b
1887,llama-3.2-3b-instruct,100.0,math_comp,math,c75db27aae25088504b3f787d14189b555110a78bad9f8cd5c988b2dedbeb13b
1888,mistral-24b,100.0,math_comp,math,c75db27aae25088504b3f787d14189b555110a78bad9f8cd5c988b2dedbeb13b
1889,mistral-7b,100.0,math_comp,math,c75db27aae25088504b3f787d14189b555110a78bad9f8cd5c988b2dedbeb13b
1890,qwen-2.5-3b-instruct,100.0,math_comp,math,c75db27aae25088504b3f787d14189b555110a78bad9f8cd5c988b2dedbeb13b
1891,qwen-32b,100.0,math_comp,math,c75db27aae25088504b3f787d14189b555110a78bad9f8cd5c988b2dedbeb13b
1892,gemma-3-12b-it,0.0,math_comp,math,ce3ea859fc950bc8fe9b762bcdffd4e6d56e92d22c8962f9e9d2fc69833d687d
1893,gemma-3-1b-it,0.0,math_comp,math,ce3ea859fc950bc8fe9b762bcdffd4e6d56e92d22c8962f9e9d2fc69833d687d
1894,gemma-3-4b-it,0.0,math_comp,math,ce3ea859fc950bc8fe9b762bcdffd4e6d56e92d22c8962f9e9d2fc69833d687d
1895,llama-3.1-70b-instruct,0.0,math_comp,math,ce3ea859fc950bc8fe9b762bcdffd4e6d56e92d22c8962f9e9d2fc69833d687d
1896,llama-3.1-8b-instruct,0.0,math_comp,math,ce3ea859fc950bc8fe9b762bcdffd4e6d56e92d22c8962f9e9d2fc69833d687d
1897,llama-3.2-1b-instruct,0.0,math_comp,math,ce3ea859fc950bc8fe9b762bcdffd4e6d56e92d22c8962f9e9d2fc69833d687d
1898,llama-3.2-3b-instruct,0.0,math_comp,math,ce3ea859fc950bc8fe9b762bcdffd4e6d56e92d22c8962f9e9d2fc69833d687d
1899,mistral-24b,0.0,math_comp,math,ce3ea859fc950bc8fe9b762bcdffd4e6d56e92d22c8962f9e9d2fc69833d687d
1900,mistral-7b,0.0,math_comp,math,ce3ea859fc950bc8fe9b762bcdffd4e6d56e92d22c8962f9e9d2fc69833d687d
1901,qwen-2.5-3b-instruct,0.0,math_comp,math,ce3ea859fc950bc8fe9b762bcdffd4e6d56e92d22c8962f9e9d2fc69833d687d
1902,qwen-32b,0.0,math_comp,math,ce3ea859fc950bc8fe9b762bcdffd4e6d56e92d22c8962f9e9d2fc69833d687d
1903,gemma-3-12b-it,100.0,math_comp,math,d0c980aebcd77906165ddd14c8257261266bdf444378f3e881f7d8ed76ad2a56
1904,gemma-3-1b-it,0.0,math_comp,math,d0c980aebcd77906165ddd14c8257261266bdf444378f3e881f7d8ed76ad2a56
1905,gemma-3-4b-it,100.0,math_comp,math,d0c980aebcd77906165ddd14c8257261266bdf444378f3e881f7d8ed76ad2a56
1906,llama-3.1-70b-instruct,0.0,math_comp,math,d0c980aebcd77906165ddd14c8257261266bdf444378f3e881f7d8ed76ad2a56
1907,llama-3.1-8b-instruct,0.0,math_comp,math,d0c980aebcd77906165ddd14c8257261266bdf444378f3e881f7d8ed76ad2a56
1908,llama-3.2-1b-instruct,100.0,math_comp,math,d0c980aebcd77906165ddd14c8257261266bdf444378f3e881f7d8ed76ad2a56
1909,llama-3.2-3b-instruct,100.0,math_comp,math,d0c980aebcd77906165ddd14c8257261266bdf444378f3e881f7d8ed76ad2a56
1910,mistral-24b,0.0,math_comp,math,d0c980aebcd77906165ddd14c8257261266bdf444378f3e881f7d8ed76ad2a56
1911,mistral-7b,100.0,math_comp,math,d0c980aebcd77906165ddd14c8257261266bdf444378f3e881f7d8ed76ad2a56
1912,qwen-2.5-3b-instruct,0.0,math_comp,math,d0c980aebcd77906165ddd14c8257261266bdf444378f3e881f7d8ed76ad2a56
1913,qwen-32b,100.0,math_comp,math,d0c980aebcd77906165ddd14c8257261266bdf444378f3e881f7d8ed76ad2a56
1914,gemma-3-12b-it,100.0,math_comp,math,d27740f4621f3330ab94b3070798bb5ef0b242a6c41f476ca8033806b979411d
1915,gemma-3-1b-it,0.0,math_comp,math,d27740f4621f3330ab94b3070798bb5ef0b242a6c41f476ca8033806b979411d
1916,gemma-3-4b-it,100.0,math_comp,math,d27740f4621f3330ab94b3070798bb5ef0b242a6c41f476ca8033806b979411d
1917,llama-3.1-70b-instruct,0.0,math_comp,math,d27740f4621f3330ab94b3070798bb5ef0b242a6c41f476ca8033806b979411d
1918,llama-3.1-8b-instruct,0.0,math_comp,math,d27740f4621f3330ab94b3070798bb5ef0b242a6c41f476ca8033806b979411d
1919,llama-3.2-1b-instruct,100.0,math_comp,math,d27740f4621f3330ab94b3070798bb5ef0b242a6c41f476ca8033806b979411d
1920,llama-3.2-3b-instruct,100.0,math_comp,math,d27740f4621f3330ab94b3070798bb5ef0b242a6c41f476ca8033806b979411d
1921,mistral-24b,100.0,math_comp,math,d27740f4621f3330ab94b3070798bb5ef0b242a6c41f476ca8033806b979411d
1922,mistral-7b,100.0,math_comp,math,d27740f4621f3330ab94b3070798bb5ef0b242a6c41f476ca8033806b979411d
1923,qwen-2.5-3b-instruct,0.0,math_comp,math,d27740f4621f3330ab94b3070798bb5ef0b242a6c41f476ca8033806b979411d
1924,qwen-32b,100.0,math_comp,math,d27740f4621f3330ab94b3070798bb5ef0b242a6c41f476ca8033806b979411d
1925,gemma-3-12b-it,0.0,math_comp,math,dc1e7754534de44adc73fb52a5bb8669fe2828e61e0069b834a8a6942ad952c5
1926,gemma-3-1b-it,0.0,math_comp,math,dc1e7754534de44adc73fb52a5bb8669fe2828e61e0069b834a8a6942ad952c5
1927,gemma-3-4b-it,0.0,math_comp,math,dc1e7754534de44adc73fb52a5bb8669fe2828e61e0069b834a8a6942ad952c5
1928,llama-3.1-70b-instruct,0.0,math_comp,math,dc1e7754534de44adc73fb52a5bb8669fe2828e61e0069b834a8a6942ad952c5
1929,llama-3.1-8b-instruct,0.0,math_comp,math,dc1e7754534de44adc73fb52a5bb8669fe2828e61e0069b834a8a6942ad952c5
1930,llama-3.2-1b-instruct,0.0,math_comp,math,dc1e7754534de44adc73fb52a5bb8669fe2828e61e0069b834a8a6942ad952c5
1931,llama-3.2-3b-instruct,0.0,math_comp,math,dc1e7754534de44adc73fb52a5bb8669fe2828e61e0069b834a8a6942ad952c5
1932,mistral-24b,0.0,math_comp,math,dc1e7754534de44adc73fb52a5bb8669fe2828e61e0069b834a8a6942ad952c5
1933,mistral-7b,0.0,math_comp,math,dc1e7754534de44adc73fb52a5bb8669fe2828e61e0069b834a8a6942ad952c5
1934,qwen-2.5-3b-instruct,0.0,math_comp,math,dc1e7754534de44adc73fb52a5bb8669fe2828e61e0069b834a8a6942ad952c5
1935,qwen-32b,0.0,math_comp,math,dc1e7754534de44adc73fb52a5bb8669fe2828e61e0069b834a8a6942ad952c5
1936,gemma-3-12b-it,0.0,math_comp,math,dc61514611f3e66224bed21b2c53594e61057805ea6a429bad3b0f903ea8aad0
1937,gemma-3-1b-it,0.0,math_comp,math,dc61514611f3e66224bed21b2c53594e61057805ea6a429bad3b0f903ea8aad0
1938,gemma-3-4b-it,0.0,math_comp,math,dc61514611f3e66224bed21b2c53594e61057805ea6a429bad3b0f903ea8aad0
1939,llama-3.1-70b-instruct,0.0,math_comp,math,dc61514611f3e66224bed21b2c53594e61057805ea6a429bad3b0f903ea8aad0
1940,llama-3.1-8b-instruct,0.0,math_comp,math,dc61514611f3e66224bed21b2c53594e61057805ea6a429bad3b0f903ea8aad0
1941,llama-3.2-1b-instruct,0.0,math_comp,math,dc61514611f3e66224bed21b2c53594e61057805ea6a429bad3b0f903ea8aad0
1942,llama-3.2-3b-instruct,0.0,math_comp,math,dc61514611f3e66224bed21b2c53594e61057805ea6a429bad3b0f903ea8aad0
1943,mistral-24b,0.0,math_comp,math,dc61514611f3e66224bed21b2c53594e61057805ea6a429bad3b0f903ea8aad0
1944,mistral-7b,0.0,math_comp,math,dc61514611f3e66224bed21b2c53594e61057805ea6a429bad3b0f903ea8aad0
1945,qwen-2.5-3b-instruct,0.0,math_comp,math,dc61514611f3e66224bed21b2c53594e61057805ea6a429bad3b0f903ea8aad0
1946,qwen-32b,0.0,math_comp,math,dc61514611f3e66224bed21b2c53594e61057805ea6a429bad3b0f903ea8aad0
1947,gemma-3-12b-it,0.0,math_comp,math,dcd453878def23546849af1ff2d3d6e538acf2d233f9106753e15f1ed3f4f4b6
1948,gemma-3-1b-it,0.0,math_comp,math,dcd453878def23546849af1ff2d3d6e538acf2d233f9106753e15f1ed3f4f4b6
1949,gemma-3-4b-it,0.0,math_comp,math,dcd453878def23546849af1ff2d3d6e538acf2d233f9106753e15f1ed3f4f4b6
1950,llama-3.1-70b-instruct,0.0,math_comp,math,dcd453878def23546849af1ff2d3d6e538acf2d233f9106753e15f1ed3f4f4b6
1951,llama-3.1-8b-instruct,0.0,math_comp,math,dcd453878def23546849af1ff2d3d6e538acf2d233f9106753e15f1ed3f4f4b6
1952,llama-3.2-1b-instruct,0.0,math_comp,math,dcd453878def23546849af1ff2d3d6e538acf2d233f9106753e15f1ed3f4f4b6
1953,llama-3.2-3b-instruct,0.0,math_comp,math,dcd453878def23546849af1ff2d3d6e538acf2d233f9106753e15f1ed3f4f4b6
1954,mistral-24b,0.0,math_comp,math,dcd453878def23546849af1ff2d3d6e538acf2d233f9106753e15f1ed3f4f4b6
1955,mistral-7b,0.0,math_comp,math,dcd453878def23546849af1ff2d3d6e538acf2d233f9106753e15f1ed3f4f4b6
1956,qwen-2.5-3b-instruct,0.0,math_comp,math,dcd453878def23546849af1ff2d3d6e538acf2d233f9106753e15f1ed3f4f4b6
1957,qwen-32b,0.0,math_comp,math,dcd453878def23546849af1ff2d3d6e538acf2d233f9106753e15f1ed3f4f4b6
1958,gemma-3-12b-it,0.0,math_comp,math,ed72fb1ead284e7f16d6ba2547f69a7ce33fff6e47ab8ce2e8b4236e4beced6f
1959,gemma-3-1b-it,0.0,math_comp,math,ed72fb1ead284e7f16d6ba2547f69a7ce33fff6e47ab8ce2e8b4236e4beced6f
1960,gemma-3-4b-it,0.0,math_comp,math,ed72fb1ead284e7f16d6ba2547f69a7ce33fff6e47ab8ce2e8b4236e4beced6f
1961,llama-3.1-70b-instruct,100.0,math_comp,math,ed72fb1ead284e7f16d6ba2547f69a7ce33fff6e47ab8ce2e8b4236e4beced6f
1962,llama-3.1-8b-instruct,0.0,math_comp,math,ed72fb1ead284e7f16d6ba2547f69a7ce33fff6e47ab8ce2e8b4236e4beced6f
1963,llama-3.2-1b-instruct,0.0,math_comp,math,ed72fb1ead284e7f16d6ba2547f69a7ce33fff6e47ab8ce2e8b4236e4beced6f
1964,llama-3.2-3b-instruct,100.0,math_comp,math,ed72fb1ead284e7f16d6ba2547f69a7ce33fff6e47ab8ce2e8b4236e4beced6f
1965,mistral-24b,0.0,math_comp,math,ed72fb1ead284e7f16d6ba2547f69a7ce33fff6e47ab8ce2e8b4236e4beced6f
1966,mistral-7b,0.0,math_comp,math,ed72fb1ead284e7f16d6ba2547f69a7ce33fff6e47ab8ce2e8b4236e4beced6f
1967,qwen-2.5-3b-instruct,0.0,math_comp,math,ed72fb1ead284e7f16d6ba2547f69a7ce33fff6e47ab8ce2e8b4236e4beced6f
1968,qwen-32b,0.0,math_comp,math,ed72fb1ead284e7f16d6ba2547f69a7ce33fff6e47ab8ce2e8b4236e4beced6f
1969,gemma-3-12b-it,100.0,math_comp,math,f4942a722c5d82b6a6c0cf8122d600af4c88105f3f7416e48c2c99ebdeecaed5
1970,gemma-3-1b-it,100.0,math_comp,math,f4942a722c5d82b6a6c0cf8122d600af4c88105f3f7416e48c2c99ebdeecaed5
1971,gemma-3-4b-it,100.0,math_comp,math,f4942a722c5d82b6a6c0cf8122d600af4c88105f3f7416e48c2c99ebdeecaed5
1972,llama-3.1-70b-instruct,100.0,math_comp,math,f4942a722c5d82b6a6c0cf8122d600af4c88105f3f7416e48c2c99ebdeecaed5
1973,llama-3.1-8b-instruct,100.0,math_comp,math,f4942a722c5d82b6a6c0cf8122d600af4c88105f3f7416e48c2c99ebdeecaed5
1974,llama-3.2-1b-instruct,0.0,math_comp,math,f4942a722c5d82b6a6c0cf8122d600af4c88105f3f7416e48c2c99ebdeecaed5
1975,llama-3.2-3b-instruct,100.0,math_comp,math,f4942a722c5d82b6a6c0cf8122d600af4c88105f3f7416e48c2c99ebdeecaed5
1976,mistral-24b,100.0,math_comp,math,f4942a722c5d82b6a6c0cf8122d600af4c88105f3f7416e48c2c99ebdeecaed5
1977,mistral-7b,0.0,math_comp,math,f4942a722c5d82b6a6c0cf8122d600af4c88105f3f7416e48c2c99ebdeecaed5
1978,qwen-2.5-3b-instruct,0.0,math_comp,math,f4942a722c5d82b6a6c0cf8122d600af4c88105f3f7416e48c2c99ebdeecaed5
1979,qwen-32b,100.0,math_comp,math,f4942a722c5d82b6a6c0cf8122d600af4c88105f3f7416e48c2c99ebdeecaed5
1980,gemma-3-12b-it,0.0,math_comp,math,fa4e47d5ff4bd1342911076839d96ba67b0f72552ec574f17b7574ec7ef28fed
1981,gemma-3-1b-it,0.0,math_comp,math,fa4e47d5ff4bd1342911076839d96ba67b0f72552ec574f17b7574ec7ef28fed
1982,gemma-3-4b-it,0.0,math_comp,math,fa4e47d5ff4bd1342911076839d96ba67b0f72552ec574f17b7574ec7ef28fed
1983,llama-3.1-70b-instruct,0.0,math_comp,math,fa4e47d5ff4bd1342911076839d96ba67b0f72552ec574f17b7574ec7ef28fed
1984,llama-3.1-8b-instruct,0.0,math_comp,math,fa4e47d5ff4bd1342911076839d96ba67b0f72552ec574f17b7574ec7ef28fed
1985,llama-3.2-1b-instruct,0.0,math_comp,math,fa4e47d5ff4bd1342911076839d96ba67b0f72552ec574f17b7574ec7ef28fed
1986,llama-3.2-3b-instruct,0.0,math_comp,math,fa4e47d5ff4bd1342911076839d96ba67b0f72552ec574f17b7574ec7ef28fed
1987,mistral-24b,0.0,math_comp,math,fa4e47d5ff4bd1342911076839d96ba67b0f72552ec574f17b7574ec7ef28fed
1988,mistral-7b,0.0,math_comp,math,fa4e47d5ff4bd1342911076839d96ba67b0f72552ec574f17b7574ec7ef28fed
1989,qwen-2.5-3b-instruct,0.0,math_comp,math,fa4e47d5ff4bd1342911076839d96ba67b0f72552ec574f17b7574ec7ef28fed
1990,qwen-32b,0.0,math_comp,math,fa4e47d5ff4bd1342911076839d96ba67b0f72552ec574f17b7574ec7ef28fed
1991,gemma-3-12b-it,0.0,math_comp,math,fb45eb5248b632b5e95637a9aa380d23f7d164472ade18daac4efa033cabd512
1992,gemma-3-1b-it,0.0,math_comp,math,fb45eb5248b632b5e95637a9aa380d23f7d164472ade18daac4efa033cabd512
1993,gemma-3-4b-it,0.0,math_comp,math,fb45eb5248b632b5e95637a9aa380d23f7d164472ade18daac4efa033cabd512
1994,llama-3.1-70b-instruct,0.0,math_comp,math,fb45eb5248b632b5e95637a9aa380d23f7d164472ade18daac4efa033cabd512
1995,llama-3.1-8b-instruct,0.0,math_comp,math,fb45eb5248b632b5e95637a9aa380d23f7d164472ade18daac4efa033cabd512
1996,llama-3.2-1b-instruct,0.0,math_comp,math,fb45eb5248b632b5e95637a9aa380d23f7d164472ade18daac4efa033cabd512
1997,llama-3.2-3b-instruct,0.0,math_comp,math,fb45eb5248b632b5e95637a9aa380d23f7d164472ade18daac4efa033cabd512
1998,mistral-24b,0.0,math_comp,math,fb45eb5248b632b5e95637a9aa380d23f7d164472ade18daac4efa033cabd512
1999,mistral-7b,0.0,math_comp,math,fb45eb5248b632b5e95637a9aa380d23f7d164472ade18daac4efa033cabd512
2000,qwen-2.5-3b-instruct,0.0,math_comp,math,fb45eb5248b632b5e95637a9aa380d23f7d164472ade18daac4efa033cabd512
2001,qwen-32b,0.0,math_comp,math,fb45eb5248b632b5e95637a9aa380d23f7d164472ade18daac4efa033cabd512
2002,gemma-3-12b-it,41.6666666666666,simplify,instruction_following,0503923535fbd8badfb2ccf38989b36a8ecaa2eda332a4b515bb13932421fecd
2003,gemma-3-1b-it,25.0,simplify,instruction_following,0503923535fbd8badfb2ccf38989b36a8ecaa2eda332a4b515bb13932421fecd
2004,gemma-3-4b-it,25.0,simplify,instruction_following,0503923535fbd8badfb2ccf38989b36a8ecaa2eda332a4b515bb13932421fecd
2005,llama-3.1-70b-instruct,25.0,simplify,instruction_following,0503923535fbd8badfb2ccf38989b36a8ecaa2eda332a4b515bb13932421fecd
2006,llama-3.1-8b-instruct,16.6666666666666,simplify,instruction_following,0503923535fbd8badfb2ccf38989b36a8ecaa2eda332a4b515bb13932421fecd
2007,llama-3.2-1b-instruct,16.6666666666666,simplify,instruction_following,0503923535fbd8badfb2ccf38989b36a8ecaa2eda332a4b515bb13932421fecd
2008,llama-3.2-3b-instruct,25.0,simplify,instruction_following,0503923535fbd8badfb2ccf38989b36a8ecaa2eda332a4b515bb13932421fecd
2009,mistral-24b,25.0,simplify,instruction_following,0503923535fbd8badfb2ccf38989b36a8ecaa2eda332a4b515bb13932421fecd
2010,mistral-7b,33.3333333333333,simplify,instruction_following,0503923535fbd8badfb2ccf38989b36a8ecaa2eda332a4b515bb13932421fecd
2011,qwen-2.5-3b-instruct,41.6666666666666,simplify,instruction_following,0503923535fbd8badfb2ccf38989b36a8ecaa2eda332a4b515bb13932421fecd
2012,qwen-32b,41.6666666666666,simplify,instruction_following,0503923535fbd8badfb2ccf38989b36a8ecaa2eda332a4b515bb13932421fecd
2013,gemma-3-12b-it,100.0,simplify,instruction_following,0996be1780ea1ac0e68d98e0bed513b23ec11b212c3461884e28c3a752a00efc
2014,gemma-3-1b-it,25.0,simplify,instruction_following,0996be1780ea1ac0e68d98e0bed513b23ec11b212c3461884e28c3a752a00efc
2015,gemma-3-4b-it,100.0,simplify,instruction_following,0996be1780ea1ac0e68d98e0bed513b23ec11b212c3461884e28c3a752a00efc
2016,llama-3.1-70b-instruct,100.0,simplify,instruction_following,0996be1780ea1ac0e68d98e0bed513b23ec11b212c3461884e28c3a752a00efc
2017,llama-3.1-8b-instruct,37.5,simplify,instruction_following,0996be1780ea1ac0e68d98e0bed513b23ec11b212c3461884e28c3a752a00efc
2018,llama-3.2-1b-instruct,25.0,simplify,instruction_following,0996be1780ea1ac0e68d98e0bed513b23ec11b212c3461884e28c3a752a00efc
2019,llama-3.2-3b-instruct,37.5,simplify,instruction_following,0996be1780ea1ac0e68d98e0bed513b23ec11b212c3461884e28c3a752a00efc
2020,mistral-24b,37.5,simplify,instruction_following,0996be1780ea1ac0e68d98e0bed513b23ec11b212c3461884e28c3a752a00efc
2021,mistral-7b,37.5,simplify,instruction_following,0996be1780ea1ac0e68d98e0bed513b23ec11b212c3461884e28c3a752a00efc
2022,qwen-2.5-3b-instruct,25.0,simplify,instruction_following,0996be1780ea1ac0e68d98e0bed513b23ec11b212c3461884e28c3a752a00efc
2023,qwen-32b,100.0,simplify,instruction_following,0996be1780ea1ac0e68d98e0bed513b23ec11b212c3461884e28c3a752a00efc
2024,gemma-3-12b-it,100.0,simplify,instruction_following,0e3720b5a1a1a2c62bbdf378ec61629fe6c93938afd69454e92e6b87ed9e9823
2025,gemma-3-1b-it,100.0,simplify,instruction_following,0e3720b5a1a1a2c62bbdf378ec61629fe6c93938afd69454e92e6b87ed9e9823
2026,gemma-3-4b-it,100.0,simplify,instruction_following,0e3720b5a1a1a2c62bbdf378ec61629fe6c93938afd69454e92e6b87ed9e9823
2027,llama-3.1-70b-instruct,100.0,simplify,instruction_following,0e3720b5a1a1a2c62bbdf378ec61629fe6c93938afd69454e92e6b87ed9e9823
2028,llama-3.1-8b-instruct,25.0,simplify,instruction_following,0e3720b5a1a1a2c62bbdf378ec61629fe6c93938afd69454e92e6b87ed9e9823
2029,llama-3.2-1b-instruct,25.0,simplify,instruction_following,0e3720b5a1a1a2c62bbdf378ec61629fe6c93938afd69454e92e6b87ed9e9823
2030,llama-3.2-3b-instruct,25.0,simplify,instruction_following,0e3720b5a1a1a2c62bbdf378ec61629fe6c93938afd69454e92e6b87ed9e9823
2031,mistral-24b,100.0,simplify,instruction_following,0e3720b5a1a1a2c62bbdf378ec61629fe6c93938afd69454e92e6b87ed9e9823
2032,mistral-7b,100.0,simplify,instruction_following,0e3720b5a1a1a2c62bbdf378ec61629fe6c93938afd69454e92e6b87ed9e9823
2033,qwen-2.5-3b-instruct,100.0,simplify,instruction_following,0e3720b5a1a1a2c62bbdf378ec61629fe6c93938afd69454e92e6b87ed9e9823
2034,qwen-32b,100.0,simplify,instruction_following,0e3720b5a1a1a2c62bbdf378ec61629fe6c93938afd69454e92e6b87ed9e9823
2035,gemma-3-12b-it,25.0,simplify,instruction_following,13387ce0db59d53e6fad49b8356fcb3cb58cb4582bd299efd90b5eedbadb0f04
2036,gemma-3-1b-it,25.0,simplify,instruction_following,13387ce0db59d53e6fad49b8356fcb3cb58cb4582bd299efd90b5eedbadb0f04
2037,gemma-3-4b-it,37.5,simplify,instruction_following,13387ce0db59d53e6fad49b8356fcb3cb58cb4582bd299efd90b5eedbadb0f04
2038,llama-3.1-70b-instruct,37.5,simplify,instruction_following,13387ce0db59d53e6fad49b8356fcb3cb58cb4582bd299efd90b5eedbadb0f04
2039,llama-3.1-8b-instruct,25.0,simplify,instruction_following,13387ce0db59d53e6fad49b8356fcb3cb58cb4582bd299efd90b5eedbadb0f04
2040,llama-3.2-1b-instruct,0.0,simplify,instruction_following,13387ce0db59d53e6fad49b8356fcb3cb58cb4582bd299efd90b5eedbadb0f04
2041,llama-3.2-3b-instruct,12.5,simplify,instruction_following,13387ce0db59d53e6fad49b8356fcb3cb58cb4582bd299efd90b5eedbadb0f04
2042,mistral-24b,37.5,simplify,instruction_following,13387ce0db59d53e6fad49b8356fcb3cb58cb4582bd299efd90b5eedbadb0f04
2043,mistral-7b,12.5,simplify,instruction_following,13387ce0db59d53e6fad49b8356fcb3cb58cb4582bd299efd90b5eedbadb0f04
2044,qwen-2.5-3b-instruct,0.0,simplify,instruction_following,13387ce0db59d53e6fad49b8356fcb3cb58cb4582bd299efd90b5eedbadb0f04
2045,qwen-32b,25.0,simplify,instruction_following,13387ce0db59d53e6fad49b8356fcb3cb58cb4582bd299efd90b5eedbadb0f04
2046,gemma-3-12b-it,100.0,simplify,instruction_following,1b5fe52ce32803fee6244bb9f3af341e20f4ba1d91f7563d4ae906ef6edd51ce
2047,gemma-3-1b-it,100.0,simplify,instruction_following,1b5fe52ce32803fee6244bb9f3af341e20f4ba1d91f7563d4ae906ef6edd51ce
2048,gemma-3-4b-it,100.0,simplify,instruction_following,1b5fe52ce32803fee6244bb9f3af341e20f4ba1d91f7563d4ae906ef6edd51ce
2049,llama-3.1-70b-instruct,100.0,simplify,instruction_following,1b5fe52ce32803fee6244bb9f3af341e20f4ba1d91f7563d4ae906ef6edd51ce
2050,llama-3.1-8b-instruct,100.0,simplify,instruction_following,1b5fe52ce32803fee6244bb9f3af341e20f4ba1d91f7563d4ae906ef6edd51ce
2051,llama-3.2-1b-instruct,25.0,simplify,instruction_following,1b5fe52ce32803fee6244bb9f3af341e20f4ba1d91f7563d4ae906ef6edd51ce
2052,llama-3.2-3b-instruct,100.0,simplify,instruction_following,1b5fe52ce32803fee6244bb9f3af341e20f4ba1d91f7563d4ae906ef6edd51ce
2053,mistral-24b,100.0,simplify,instruction_following,1b5fe52ce32803fee6244bb9f3af341e20f4ba1d91f7563d4ae906ef6edd51ce
2054,mistral-7b,100.0,simplify,instruction_following,1b5fe52ce32803fee6244bb9f3af341e20f4ba1d91f7563d4ae906ef6edd51ce
2055,qwen-2.5-3b-instruct,100.0,simplify,instruction_following,1b5fe52ce32803fee6244bb9f3af341e20f4ba1d91f7563d4ae906ef6edd51ce
2056,qwen-32b,100.0,simplify,instruction_following,1b5fe52ce32803fee6244bb9f3af341e20f4ba1d91f7563d4ae906ef6edd51ce
2057,gemma-3-12b-it,100.0,simplify,instruction_following,1d5e9498696d690af72db04177e8469a9fc8adb1b85228735878a9650abd8ae7
2058,gemma-3-1b-it,100.0,simplify,instruction_following,1d5e9498696d690af72db04177e8469a9fc8adb1b85228735878a9650abd8ae7
2059,gemma-3-4b-it,33.3333333333333,simplify,instruction_following,1d5e9498696d690af72db04177e8469a9fc8adb1b85228735878a9650abd8ae7
2060,llama-3.1-70b-instruct,33.3333333333333,simplify,instruction_following,1d5e9498696d690af72db04177e8469a9fc8adb1b85228735878a9650abd8ae7
2061,llama-3.1-8b-instruct,16.6666666666666,simplify,instruction_following,1d5e9498696d690af72db04177e8469a9fc8adb1b85228735878a9650abd8ae7
2062,llama-3.2-1b-instruct,16.6666666666666,simplify,instruction_following,1d5e9498696d690af72db04177e8469a9fc8adb1b85228735878a9650abd8ae7
2063,llama-3.2-3b-instruct,16.6666666666666,simplify,instruction_following,1d5e9498696d690af72db04177e8469a9fc8adb1b85228735878a9650abd8ae7
2064,mistral-24b,33.3333333333333,simplify,instruction_following,1d5e9498696d690af72db04177e8469a9fc8adb1b85228735878a9650abd8ae7
2065,mistral-7b,33.3333333333333,simplify,instruction_following,1d5e9498696d690af72db04177e8469a9fc8adb1b85228735878a9650abd8ae7
2066,qwen-2.5-3b-instruct,33.3333333333333,simplify,instruction_following,1d5e9498696d690af72db04177e8469a9fc8adb1b85228735878a9650abd8ae7
2067,qwen-32b,100.0,simplify,instruction_following,1d5e9498696d690af72db04177e8469a9fc8adb1b85228735878a9650abd8ae7
2068,gemma-3-12b-it,100.0,simplify,instruction_following,1e722a1c202524599d7ba345986b4709bf662b6f8d7f54f9c018e9d9086c1830
2069,gemma-3-1b-it,100.0,simplify,instruction_following,1e722a1c202524599d7ba345986b4709bf662b6f8d7f54f9c018e9d9086c1830
2070,gemma-3-4b-it,100.0,simplify,instruction_following,1e722a1c202524599d7ba345986b4709bf662b6f8d7f54f9c018e9d9086c1830
2071,llama-3.1-70b-instruct,100.0,simplify,instruction_following,1e722a1c202524599d7ba345986b4709bf662b6f8d7f54f9c018e9d9086c1830
2072,llama-3.1-8b-instruct,100.0,simplify,instruction_following,1e722a1c202524599d7ba345986b4709bf662b6f8d7f54f9c018e9d9086c1830
2073,llama-3.2-1b-instruct,100.0,simplify,instruction_following,1e722a1c202524599d7ba345986b4709bf662b6f8d7f54f9c018e9d9086c1830
2074,llama-3.2-3b-instruct,25.0,simplify,instruction_following,1e722a1c202524599d7ba345986b4709bf662b6f8d7f54f9c018e9d9086c1830
2075,mistral-24b,100.0,simplify,instruction_following,1e722a1c202524599d7ba345986b4709bf662b6f8d7f54f9c018e9d9086c1830
2076,mistral-7b,100.0,simplify,instruction_following,1e722a1c202524599d7ba345986b4709bf662b6f8d7f54f9c018e9d9086c1830
2077,qwen-2.5-3b-instruct,100.0,simplify,instruction_following,1e722a1c202524599d7ba345986b4709bf662b6f8d7f54f9c018e9d9086c1830
2078,qwen-32b,100.0,simplify,instruction_following,1e722a1c202524599d7ba345986b4709bf662b6f8d7f54f9c018e9d9086c1830
2079,gemma-3-12b-it,100.0,simplify,instruction_following,257f9f71d60e6b2cd95f6b59d14a0fb876b74ff85708c64a3d95fe6eb7b41eaf
2080,gemma-3-1b-it,25.0,simplify,instruction_following,257f9f71d60e6b2cd95f6b59d14a0fb876b74ff85708c64a3d95fe6eb7b41eaf
2081,gemma-3-4b-it,0.0,simplify,instruction_following,257f9f71d60e6b2cd95f6b59d14a0fb876b74ff85708c64a3d95fe6eb7b41eaf
2082,llama-3.1-70b-instruct,25.0,simplify,instruction_following,257f9f71d60e6b2cd95f6b59d14a0fb876b74ff85708c64a3d95fe6eb7b41eaf
2083,llama-3.1-8b-instruct,0.0,simplify,instruction_following,257f9f71d60e6b2cd95f6b59d14a0fb876b74ff85708c64a3d95fe6eb7b41eaf
2084,llama-3.2-1b-instruct,25.0,simplify,instruction_following,257f9f71d60e6b2cd95f6b59d14a0fb876b74ff85708c64a3d95fe6eb7b41eaf
2085,llama-3.2-3b-instruct,25.0,simplify,instruction_following,257f9f71d60e6b2cd95f6b59d14a0fb876b74ff85708c64a3d95fe6eb7b41eaf
2086,mistral-24b,0.0,simplify,instruction_following,257f9f71d60e6b2cd95f6b59d14a0fb876b74ff85708c64a3d95fe6eb7b41eaf
2087,mistral-7b,100.0,simplify,instruction_following,257f9f71d60e6b2cd95f6b59d14a0fb876b74ff85708c64a3d95fe6eb7b41eaf
2088,qwen-2.5-3b-instruct,25.0,simplify,instruction_following,257f9f71d60e6b2cd95f6b59d14a0fb876b74ff85708c64a3d95fe6eb7b41eaf
2089,qwen-32b,25.0,simplify,instruction_following,257f9f71d60e6b2cd95f6b59d14a0fb876b74ff85708c64a3d95fe6eb7b41eaf
2090,gemma-3-12b-it,37.5,simplify,instruction_following,32355cb46ac48786a2c6cf9a092531598565f62f7933e06f77b2bcd464cd2ba6
2091,gemma-3-1b-it,25.0,simplify,instruction_following,32355cb46ac48786a2c6cf9a092531598565f62f7933e06f77b2bcd464cd2ba6
2092,gemma-3-4b-it,37.5,simplify,instruction_following,32355cb46ac48786a2c6cf9a092531598565f62f7933e06f77b2bcd464cd2ba6
2093,llama-3.1-70b-instruct,37.5,simplify,instruction_following,32355cb46ac48786a2c6cf9a092531598565f62f7933e06f77b2bcd464cd2ba6
2094,llama-3.1-8b-instruct,25.0,simplify,instruction_following,32355cb46ac48786a2c6cf9a092531598565f62f7933e06f77b2bcd464cd2ba6
2095,llama-3.2-1b-instruct,12.5,simplify,instruction_following,32355cb46ac48786a2c6cf9a092531598565f62f7933e06f77b2bcd464cd2ba6
2096,llama-3.2-3b-instruct,25.0,simplify,instruction_following,32355cb46ac48786a2c6cf9a092531598565f62f7933e06f77b2bcd464cd2ba6
2097,mistral-24b,12.5,simplify,instruction_following,32355cb46ac48786a2c6cf9a092531598565f62f7933e06f77b2bcd464cd2ba6
2098,mistral-7b,12.5,simplify,instruction_following,32355cb46ac48786a2c6cf9a092531598565f62f7933e06f77b2bcd464cd2ba6
2099,qwen-2.5-3b-instruct,25.0,simplify,instruction_following,32355cb46ac48786a2c6cf9a092531598565f62f7933e06f77b2bcd464cd2ba6
2100,qwen-32b,37.5,simplify,instruction_following,32355cb46ac48786a2c6cf9a092531598565f62f7933e06f77b2bcd464cd2ba6
2101,gemma-3-12b-it,100.0,simplify,instruction_following,3738904100c2bdedbff71d56c62b8f08227983077affc498f848087138c6bfff
2102,gemma-3-1b-it,100.0,simplify,instruction_following,3738904100c2bdedbff71d56c62b8f08227983077affc498f848087138c6bfff
2103,gemma-3-4b-it,100.0,simplify,instruction_following,3738904100c2bdedbff71d56c62b8f08227983077affc498f848087138c6bfff
2104,llama-3.1-70b-instruct,100.0,simplify,instruction_following,3738904100c2bdedbff71d56c62b8f08227983077affc498f848087138c6bfff
2105,llama-3.1-8b-instruct,100.0,simplify,instruction_following,3738904100c2bdedbff71d56c62b8f08227983077affc498f848087138c6bfff
2106,llama-3.2-1b-instruct,37.5,simplify,instruction_following,3738904100c2bdedbff71d56c62b8f08227983077affc498f848087138c6bfff
2107,llama-3.2-3b-instruct,100.0,simplify,instruction_following,3738904100c2bdedbff71d56c62b8f08227983077affc498f848087138c6bfff
2108,mistral-24b,25.0,simplify,instruction_following,3738904100c2bdedbff71d56c62b8f08227983077affc498f848087138c6bfff
2109,mistral-7b,37.5,simplify,instruction_following,3738904100c2bdedbff71d56c62b8f08227983077affc498f848087138c6bfff
2110,qwen-2.5-3b-instruct,100.0,simplify,instruction_following,3738904100c2bdedbff71d56c62b8f08227983077affc498f848087138c6bfff
2111,qwen-32b,100.0,simplify,instruction_following,3738904100c2bdedbff71d56c62b8f08227983077affc498f848087138c6bfff
2112,gemma-3-12b-it,100.0,simplify,instruction_following,3cd2799b94d44aa465eaf78457ad34451b6e6d881809e6cf961ac6ba0ce41d70
2113,gemma-3-1b-it,100.0,simplify,instruction_following,3cd2799b94d44aa465eaf78457ad34451b6e6d881809e6cf961ac6ba0ce41d70
2114,gemma-3-4b-it,100.0,simplify,instruction_following,3cd2799b94d44aa465eaf78457ad34451b6e6d881809e6cf961ac6ba0ce41d70
2115,llama-3.1-70b-instruct,100.0,simplify,instruction_following,3cd2799b94d44aa465eaf78457ad34451b6e6d881809e6cf961ac6ba0ce41d70
2116,llama-3.1-8b-instruct,100.0,simplify,instruction_following,3cd2799b94d44aa465eaf78457ad34451b6e6d881809e6cf961ac6ba0ce41d70
2117,llama-3.2-1b-instruct,0.0,simplify,instruction_following,3cd2799b94d44aa465eaf78457ad34451b6e6d881809e6cf961ac6ba0ce41d70
2118,llama-3.2-3b-instruct,100.0,simplify,instruction_following,3cd2799b94d44aa465eaf78457ad34451b6e6d881809e6cf961ac6ba0ce41d70
2119,mistral-24b,0.0,simplify,instruction_following,3cd2799b94d44aa465eaf78457ad34451b6e6d881809e6cf961ac6ba0ce41d70
2120,mistral-7b,0.0,simplify,instruction_following,3cd2799b94d44aa465eaf78457ad34451b6e6d881809e6cf961ac6ba0ce41d70
2121,qwen-2.5-3b-instruct,100.0,simplify,instruction_following,3cd2799b94d44aa465eaf78457ad34451b6e6d881809e6cf961ac6ba0ce41d70
2122,qwen-32b,0.0,simplify,instruction_following,3cd2799b94d44aa465eaf78457ad34451b6e6d881809e6cf961ac6ba0ce41d70
2123,gemma-3-12b-it,100.0,simplify,instruction_following,3e0515a9b104bc3a165c1fd6eddb70f56449a08b3336eaea4d954674a24e448d
2124,gemma-3-1b-it,33.3333333333333,simplify,instruction_following,3e0515a9b104bc3a165c1fd6eddb70f56449a08b3336eaea4d954674a24e448d
2125,gemma-3-4b-it,100.0,simplify,instruction_following,3e0515a9b104bc3a165c1fd6eddb70f56449a08b3336eaea4d954674a24e448d
2126,llama-3.1-70b-instruct,100.0,simplify,instruction_following,3e0515a9b104bc3a165c1fd6eddb70f56449a08b3336eaea4d954674a24e448d
2127,llama-3.1-8b-instruct,33.3333333333333,simplify,instruction_following,3e0515a9b104bc3a165c1fd6eddb70f56449a08b3336eaea4d954674a24e448d
2128,llama-3.2-1b-instruct,16.6666666666666,simplify,instruction_following,3e0515a9b104bc3a165c1fd6eddb70f56449a08b3336eaea4d954674a24e448d
2129,llama-3.2-3b-instruct,33.3333333333333,simplify,instruction_following,3e0515a9b104bc3a165c1fd6eddb70f56449a08b3336eaea4d954674a24e448d
2130,mistral-24b,33.3333333333333,simplify,instruction_following,3e0515a9b104bc3a165c1fd6eddb70f56449a08b3336eaea4d954674a24e448d
2131,mistral-7b,33.3333333333333,simplify,instruction_following,3e0515a9b104bc3a165c1fd6eddb70f56449a08b3336eaea4d954674a24e448d
2132,qwen-2.5-3b-instruct,16.6666666666666,simplify,instruction_following,3e0515a9b104bc3a165c1fd6eddb70f56449a08b3336eaea4d954674a24e448d
2133,qwen-32b,100.0,simplify,instruction_following,3e0515a9b104bc3a165c1fd6eddb70f56449a08b3336eaea4d954674a24e448d
2134,gemma-3-12b-it,100.0,simplify,instruction_following,40040515aecaa05f9c4c3bc8c647d6c972bcfe8e364996bf9a2979e788bd129a
2135,gemma-3-1b-it,100.0,simplify,instruction_following,40040515aecaa05f9c4c3bc8c647d6c972bcfe8e364996bf9a2979e788bd129a
2136,gemma-3-4b-it,100.0,simplify,instruction_following,40040515aecaa05f9c4c3bc8c647d6c972bcfe8e364996bf9a2979e788bd129a
2137,llama-3.1-70b-instruct,100.0,simplify,instruction_following,40040515aecaa05f9c4c3bc8c647d6c972bcfe8e364996bf9a2979e788bd129a
2138,llama-3.1-8b-instruct,100.0,simplify,instruction_following,40040515aecaa05f9c4c3bc8c647d6c972bcfe8e364996bf9a2979e788bd129a
2139,llama-3.2-1b-instruct,100.0,simplify,instruction_following,40040515aecaa05f9c4c3bc8c647d6c972bcfe8e364996bf9a2979e788bd129a
2140,llama-3.2-3b-instruct,100.0,simplify,instruction_following,40040515aecaa05f9c4c3bc8c647d6c972bcfe8e364996bf9a2979e788bd129a
2141,mistral-24b,100.0,simplify,instruction_following,40040515aecaa05f9c4c3bc8c647d6c972bcfe8e364996bf9a2979e788bd129a
2142,mistral-7b,100.0,simplify,instruction_following,40040515aecaa05f9c4c3bc8c647d6c972bcfe8e364996bf9a2979e788bd129a
2143,qwen-2.5-3b-instruct,100.0,simplify,instruction_following,40040515aecaa05f9c4c3bc8c647d6c972bcfe8e364996bf9a2979e788bd129a
2144,qwen-32b,100.0,simplify,instruction_following,40040515aecaa05f9c4c3bc8c647d6c972bcfe8e364996bf9a2979e788bd129a
2145,gemma-3-12b-it,37.5,simplify,instruction_following,441c3b0f98847106a2fccc55234d20485223e87f95fe9887ea6e0e6b978b2d39
2146,gemma-3-1b-it,37.5,simplify,instruction_following,441c3b0f98847106a2fccc55234d20485223e87f95fe9887ea6e0e6b978b2d39
2147,gemma-3-4b-it,100.0,simplify,instruction_following,441c3b0f98847106a2fccc55234d20485223e87f95fe9887ea6e0e6b978b2d39
2148,llama-3.1-70b-instruct,100.0,simplify,instruction_following,441c3b0f98847106a2fccc55234d20485223e87f95fe9887ea6e0e6b978b2d39
2149,llama-3.1-8b-instruct,100.0,simplify,instruction_following,441c3b0f98847106a2fccc55234d20485223e87f95fe9887ea6e0e6b978b2d39
2150,llama-3.2-1b-instruct,37.5,simplify,instruction_following,441c3b0f98847106a2fccc55234d20485223e87f95fe9887ea6e0e6b978b2d39
2151,llama-3.2-3b-instruct,100.0,simplify,instruction_following,441c3b0f98847106a2fccc55234d20485223e87f95fe9887ea6e0e6b978b2d39
2152,mistral-24b,100.0,simplify,instruction_following,441c3b0f98847106a2fccc55234d20485223e87f95fe9887ea6e0e6b978b2d39
2153,mistral-7b,100.0,simplify,instruction_following,441c3b0f98847106a2fccc55234d20485223e87f95fe9887ea6e0e6b978b2d39
2154,qwen-2.5-3b-instruct,100.0,simplify,instruction_following,441c3b0f98847106a2fccc55234d20485223e87f95fe9887ea6e0e6b978b2d39
2155,qwen-32b,100.0,simplify,instruction_following,441c3b0f98847106a2fccc55234d20485223e87f95fe9887ea6e0e6b978b2d39
2156,gemma-3-12b-it,100.0,simplify,instruction_following,44cf13ee8de6e43308289a3df719f2b4dccb2060c4259597ba67c9c29623e41d
2157,gemma-3-1b-it,30.000000000000004,simplify,instruction_following,44cf13ee8de6e43308289a3df719f2b4dccb2060c4259597ba67c9c29623e41d
2158,gemma-3-4b-it,100.0,simplify,instruction_following,44cf13ee8de6e43308289a3df719f2b4dccb2060c4259597ba67c9c29623e41d
2159,llama-3.1-70b-instruct,40.0,simplify,instruction_following,44cf13ee8de6e43308289a3df719f2b4dccb2060c4259597ba67c9c29623e41d
2160,llama-3.1-8b-instruct,30.000000000000004,simplify,instruction_following,44cf13ee8de6e43308289a3df719f2b4dccb2060c4259597ba67c9c29623e41d
2161,llama-3.2-1b-instruct,20.0,simplify,instruction_following,44cf13ee8de6e43308289a3df719f2b4dccb2060c4259597ba67c9c29623e41d
2162,llama-3.2-3b-instruct,10.0,simplify,instruction_following,44cf13ee8de6e43308289a3df719f2b4dccb2060c4259597ba67c9c29623e41d
2163,mistral-24b,40.0,simplify,instruction_following,44cf13ee8de6e43308289a3df719f2b4dccb2060c4259597ba67c9c29623e41d
2164,mistral-7b,30.000000000000004,simplify,instruction_following,44cf13ee8de6e43308289a3df719f2b4dccb2060c4259597ba67c9c29623e41d
2165,qwen-2.5-3b-instruct,20.0,simplify,instruction_following,44cf13ee8de6e43308289a3df719f2b4dccb2060c4259597ba67c9c29623e41d
2166,qwen-32b,30.000000000000004,simplify,instruction_following,44cf13ee8de6e43308289a3df719f2b4dccb2060c4259597ba67c9c29623e41d
2167,gemma-3-12b-it,100.0,simplify,instruction_following,4b88c81df93686c39275ffe3bf73852240a06ec4c92f89b8a530f738a3830b87
2168,gemma-3-1b-it,100.0,simplify,instruction_following,4b88c81df93686c39275ffe3bf73852240a06ec4c92f89b8a530f738a3830b87
2169,gemma-3-4b-it,100.0,simplify,instruction_following,4b88c81df93686c39275ffe3bf73852240a06ec4c92f89b8a530f738a3830b87
2170,llama-3.1-70b-instruct,100.0,simplify,instruction_following,4b88c81df93686c39275ffe3bf73852240a06ec4c92f89b8a530f738a3830b87
2171,llama-3.1-8b-instruct,100.0,simplify,instruction_following,4b88c81df93686c39275ffe3bf73852240a06ec4c92f89b8a530f738a3830b87
2172,llama-3.2-1b-instruct,0.0,simplify,instruction_following,4b88c81df93686c39275ffe3bf73852240a06ec4c92f89b8a530f738a3830b87
2173,llama-3.2-3b-instruct,100.0,simplify,instruction_following,4b88c81df93686c39275ffe3bf73852240a06ec4c92f89b8a530f738a3830b87
2174,mistral-24b,100.0,simplify,instruction_following,4b88c81df93686c39275ffe3bf73852240a06ec4c92f89b8a530f738a3830b87
2175,mistral-7b,100.0,simplify,instruction_following,4b88c81df93686c39275ffe3bf73852240a06ec4c92f89b8a530f738a3830b87
2176,qwen-2.5-3b-instruct,0.0,simplify,instruction_following,4b88c81df93686c39275ffe3bf73852240a06ec4c92f89b8a530f738a3830b87
2177,qwen-32b,100.0,simplify,instruction_following,4b88c81df93686c39275ffe3bf73852240a06ec4c92f89b8a530f738a3830b87
2178,gemma-3-12b-it,37.5,simplify,instruction_following,5300030a849d07c65c205b019f44006fd005c433dd06ac2f00e4acf9284b56c2
2179,gemma-3-1b-it,37.5,simplify,instruction_following,5300030a849d07c65c205b019f44006fd005c433dd06ac2f00e4acf9284b56c2
2180,gemma-3-4b-it,100.0,simplify,instruction_following,5300030a849d07c65c205b019f44006fd005c433dd06ac2f00e4acf9284b56c2
2181,llama-3.1-70b-instruct,100.0,simplify,instruction_following,5300030a849d07c65c205b019f44006fd005c433dd06ac2f00e4acf9284b56c2
2182,llama-3.1-8b-instruct,100.0,simplify,instruction_following,5300030a849d07c65c205b019f44006fd005c433dd06ac2f00e4acf9284b56c2
2183,llama-3.2-1b-instruct,37.5,simplify,instruction_following,5300030a849d07c65c205b019f44006fd005c433dd06ac2f00e4acf9284b56c2
2184,llama-3.2-3b-instruct,37.5,simplify,instruction_following,5300030a849d07c65c205b019f44006fd005c433dd06ac2f00e4acf9284b56c2
2185,mistral-24b,37.5,simplify,instruction_following,5300030a849d07c65c205b019f44006fd005c433dd06ac2f00e4acf9284b56c2
2186,mistral-7b,37.5,simplify,instruction_following,5300030a849d07c65c205b019f44006fd005c433dd06ac2f00e4acf9284b56c2
2187,qwen-2.5-3b-instruct,25.0,simplify,instruction_following,5300030a849d07c65c205b019f44006fd005c433dd06ac2f00e4acf9284b56c2
2188,qwen-32b,37.5,simplify,instruction_following,5300030a849d07c65c205b019f44006fd005c433dd06ac2f00e4acf9284b56c2
2189,gemma-3-12b-it,100.0,simplify,instruction_following,55c905c1118b25e2f93a98d860be0c3c1735f467d8d2919c982553a564331bac
2190,gemma-3-1b-it,33.3333333333333,simplify,instruction_following,55c905c1118b25e2f93a98d860be0c3c1735f467d8d2919c982553a564331bac
2191,gemma-3-4b-it,33.3333333333333,simplify,instruction_following,55c905c1118b25e2f93a98d860be0c3c1735f467d8d2919c982553a564331bac
2192,llama-3.1-70b-instruct,100.0,simplify,instruction_following,55c905c1118b25e2f93a98d860be0c3c1735f467d8d2919c982553a564331bac
2193,llama-3.1-8b-instruct,100.0,simplify,instruction_following,55c905c1118b25e2f93a98d860be0c3c1735f467d8d2919c982553a564331bac
2194,llama-3.2-1b-instruct,16.6666666666666,simplify,instruction_following,55c905c1118b25e2f93a98d860be0c3c1735f467d8d2919c982553a564331bac
2195,llama-3.2-3b-instruct,100.0,simplify,instruction_following,55c905c1118b25e2f93a98d860be0c3c1735f467d8d2919c982553a564331bac
2196,mistral-24b,100.0,simplify,instruction_following,55c905c1118b25e2f93a98d860be0c3c1735f467d8d2919c982553a564331bac
2197,mistral-7b,100.0,simplify,instruction_following,55c905c1118b25e2f93a98d860be0c3c1735f467d8d2919c982553a564331bac
2198,qwen-2.5-3b-instruct,33.3333333333333,simplify,instruction_following,55c905c1118b25e2f93a98d860be0c3c1735f467d8d2919c982553a564331bac
2199,qwen-32b,100.0,simplify,instruction_following,55c905c1118b25e2f93a98d860be0c3c1735f467d8d2919c982553a564331bac
2200,gemma-3-12b-it,100.0,simplify,instruction_following,62db016c84cdff5830988079bd3618801e6d929f3eac7b99b73fbb250e17a0ce
2201,gemma-3-1b-it,12.5,simplify,instruction_following,62db016c84cdff5830988079bd3618801e6d929f3eac7b99b73fbb250e17a0ce
2202,gemma-3-4b-it,37.5,simplify,instruction_following,62db016c84cdff5830988079bd3618801e6d929f3eac7b99b73fbb250e17a0ce
2203,llama-3.1-70b-instruct,100.0,simplify,instruction_following,62db016c84cdff5830988079bd3618801e6d929f3eac7b99b73fbb250e17a0ce
2204,llama-3.1-8b-instruct,37.5,simplify,instruction_following,62db016c84cdff5830988079bd3618801e6d929f3eac7b99b73fbb250e17a0ce
2205,llama-3.2-1b-instruct,0.0,simplify,instruction_following,62db016c84cdff5830988079bd3618801e6d929f3eac7b99b73fbb250e17a0ce
2206,llama-3.2-3b-instruct,25.0,simplify,instruction_following,62db016c84cdff5830988079bd3618801e6d929f3eac7b99b73fbb250e17a0ce
2207,mistral-24b,37.5,simplify,instruction_following,62db016c84cdff5830988079bd3618801e6d929f3eac7b99b73fbb250e17a0ce
2208,mistral-7b,12.5,simplify,instruction_following,62db016c84cdff5830988079bd3618801e6d929f3eac7b99b73fbb250e17a0ce
2209,qwen-2.5-3b-instruct,12.5,simplify,instruction_following,62db016c84cdff5830988079bd3618801e6d929f3eac7b99b73fbb250e17a0ce
2210,qwen-32b,100.0,simplify,instruction_following,62db016c84cdff5830988079bd3618801e6d929f3eac7b99b73fbb250e17a0ce
2211,gemma-3-12b-it,40.0,simplify,instruction_following,640ff19c6b75d95b263deb3cc7654347e36a362fa8e2c21331bd82c7ea25306b
2212,gemma-3-1b-it,30.000000000000004,simplify,instruction_following,640ff19c6b75d95b263deb3cc7654347e36a362fa8e2c21331bd82c7ea25306b
2213,gemma-3-4b-it,40.0,simplify,instruction_following,640ff19c6b75d95b263deb3cc7654347e36a362fa8e2c21331bd82c7ea25306b
2214,llama-3.1-70b-instruct,100.0,simplify,instruction_following,640ff19c6b75d95b263deb3cc7654347e36a362fa8e2c21331bd82c7ea25306b
2215,llama-3.1-8b-instruct,30.000000000000004,simplify,instruction_following,640ff19c6b75d95b263deb3cc7654347e36a362fa8e2c21331bd82c7ea25306b
2216,llama-3.2-1b-instruct,20.0,simplify,instruction_following,640ff19c6b75d95b263deb3cc7654347e36a362fa8e2c21331bd82c7ea25306b
2217,llama-3.2-3b-instruct,20.0,simplify,instruction_following,640ff19c6b75d95b263deb3cc7654347e36a362fa8e2c21331bd82c7ea25306b
2218,mistral-24b,30.000000000000004,simplify,instruction_following,640ff19c6b75d95b263deb3cc7654347e36a362fa8e2c21331bd82c7ea25306b
2219,mistral-7b,40.0,simplify,instruction_following,640ff19c6b75d95b263deb3cc7654347e36a362fa8e2c21331bd82c7ea25306b
2220,qwen-2.5-3b-instruct,40.0,simplify,instruction_following,640ff19c6b75d95b263deb3cc7654347e36a362fa8e2c21331bd82c7ea25306b
2221,qwen-32b,100.0,simplify,instruction_following,640ff19c6b75d95b263deb3cc7654347e36a362fa8e2c21331bd82c7ea25306b
2222,gemma-3-12b-it,100.0,simplify,instruction_following,6a2e3c538be99a7326b31726d64718c23256a828a904999ee00974a9c95c5677
2223,gemma-3-1b-it,33.3333333333333,simplify,instruction_following,6a2e3c538be99a7326b31726d64718c23256a828a904999ee00974a9c95c5677
2224,gemma-3-4b-it,100.0,simplify,instruction_following,6a2e3c538be99a7326b31726d64718c23256a828a904999ee00974a9c95c5677
2225,llama-3.1-70b-instruct,100.0,simplify,instruction_following,6a2e3c538be99a7326b31726d64718c23256a828a904999ee00974a9c95c5677
2226,llama-3.1-8b-instruct,100.0,simplify,instruction_following,6a2e3c538be99a7326b31726d64718c23256a828a904999ee00974a9c95c5677
2227,llama-3.2-1b-instruct,33.3333333333333,simplify,instruction_following,6a2e3c538be99a7326b31726d64718c23256a828a904999ee00974a9c95c5677
2228,llama-3.2-3b-instruct,100.0,simplify,instruction_following,6a2e3c538be99a7326b31726d64718c23256a828a904999ee00974a9c95c5677
2229,mistral-24b,100.0,simplify,instruction_following,6a2e3c538be99a7326b31726d64718c23256a828a904999ee00974a9c95c5677
2230,mistral-7b,100.0,simplify,instruction_following,6a2e3c538be99a7326b31726d64718c23256a828a904999ee00974a9c95c5677
2231,qwen-2.5-3b-instruct,100.0,simplify,instruction_following,6a2e3c538be99a7326b31726d64718c23256a828a904999ee00974a9c95c5677
2232,qwen-32b,100.0,simplify,instruction_following,6a2e3c538be99a7326b31726d64718c23256a828a904999ee00974a9c95c5677
2233,gemma-3-12b-it,100.0,simplify,instruction_following,7061c2d96c6d115e38c8bfb9188b26288a1abfd7f445797f4787fb1520661541
2234,gemma-3-1b-it,25.0,simplify,instruction_following,7061c2d96c6d115e38c8bfb9188b26288a1abfd7f445797f4787fb1520661541
2235,gemma-3-4b-it,37.5,simplify,instruction_following,7061c2d96c6d115e38c8bfb9188b26288a1abfd7f445797f4787fb1520661541
2236,llama-3.1-70b-instruct,100.0,simplify,instruction_following,7061c2d96c6d115e38c8bfb9188b26288a1abfd7f445797f4787fb1520661541
2237,llama-3.1-8b-instruct,12.5,simplify,instruction_following,7061c2d96c6d115e38c8bfb9188b26288a1abfd7f445797f4787fb1520661541
2238,llama-3.2-1b-instruct,12.5,simplify,instruction_following,7061c2d96c6d115e38c8bfb9188b26288a1abfd7f445797f4787fb1520661541
2239,llama-3.2-3b-instruct,37.5,simplify,instruction_following,7061c2d96c6d115e38c8bfb9188b26288a1abfd7f445797f4787fb1520661541
2240,mistral-24b,37.5,simplify,instruction_following,7061c2d96c6d115e38c8bfb9188b26288a1abfd7f445797f4787fb1520661541
2241,mistral-7b,37.5,simplify,instruction_following,7061c2d96c6d115e38c8bfb9188b26288a1abfd7f445797f4787fb1520661541
2242,qwen-2.5-3b-instruct,25.0,simplify,instruction_following,7061c2d96c6d115e38c8bfb9188b26288a1abfd7f445797f4787fb1520661541
2243,qwen-32b,100.0,simplify,instruction_following,7061c2d96c6d115e38c8bfb9188b26288a1abfd7f445797f4787fb1520661541
2244,gemma-3-12b-it,100.0,simplify,instruction_following,7207f8bdfd39e9d5a0f4576eaed8a1c78752bf92c2d499cff300abf94a86955d
2245,gemma-3-1b-it,25.0,simplify,instruction_following,7207f8bdfd39e9d5a0f4576eaed8a1c78752bf92c2d499cff300abf94a86955d
2246,gemma-3-4b-it,100.0,simplify,instruction_following,7207f8bdfd39e9d5a0f4576eaed8a1c78752bf92c2d499cff300abf94a86955d
2247,llama-3.1-70b-instruct,37.5,simplify,instruction_following,7207f8bdfd39e9d5a0f4576eaed8a1c78752bf92c2d499cff300abf94a86955d
2248,llama-3.1-8b-instruct,25.0,simplify,instruction_following,7207f8bdfd39e9d5a0f4576eaed8a1c78752bf92c2d499cff300abf94a86955d
2249,llama-3.2-1b-instruct,25.0,simplify,instruction_following,7207f8bdfd39e9d5a0f4576eaed8a1c78752bf92c2d499cff300abf94a86955d
2250,llama-3.2-3b-instruct,37.5,simplify,instruction_following,7207f8bdfd39e9d5a0f4576eaed8a1c78752bf92c2d499cff300abf94a86955d
2251,mistral-24b,37.5,simplify,instruction_following,7207f8bdfd39e9d5a0f4576eaed8a1c78752bf92c2d499cff300abf94a86955d
2252,mistral-7b,25.0,simplify,instruction_following,7207f8bdfd39e9d5a0f4576eaed8a1c78752bf92c2d499cff300abf94a86955d
2253,qwen-2.5-3b-instruct,25.0,simplify,instruction_following,7207f8bdfd39e9d5a0f4576eaed8a1c78752bf92c2d499cff300abf94a86955d
2254,qwen-32b,100.0,simplify,instruction_following,7207f8bdfd39e9d5a0f4576eaed8a1c78752bf92c2d499cff300abf94a86955d
2255,gemma-3-12b-it,100.0,simplify,instruction_following,73a7f4da7e81307cbddd2abe3a518b95d422623abf64567430aee4c4113a4673
2256,gemma-3-1b-it,100.0,simplify,instruction_following,73a7f4da7e81307cbddd2abe3a518b95d422623abf64567430aee4c4113a4673
2257,gemma-3-4b-it,100.0,simplify,instruction_following,73a7f4da7e81307cbddd2abe3a518b95d422623abf64567430aee4c4113a4673
2258,llama-3.1-70b-instruct,100.0,simplify,instruction_following,73a7f4da7e81307cbddd2abe3a518b95d422623abf64567430aee4c4113a4673
2259,llama-3.1-8b-instruct,100.0,simplify,instruction_following,73a7f4da7e81307cbddd2abe3a518b95d422623abf64567430aee4c4113a4673
2260,llama-3.2-1b-instruct,100.0,simplify,instruction_following,73a7f4da7e81307cbddd2abe3a518b95d422623abf64567430aee4c4113a4673
2261,llama-3.2-3b-instruct,100.0,simplify,instruction_following,73a7f4da7e81307cbddd2abe3a518b95d422623abf64567430aee4c4113a4673
2262,mistral-24b,100.0,simplify,instruction_following,73a7f4da7e81307cbddd2abe3a518b95d422623abf64567430aee4c4113a4673
2263,mistral-7b,100.0,simplify,instruction_following,73a7f4da7e81307cbddd2abe3a518b95d422623abf64567430aee4c4113a4673
2264,qwen-2.5-3b-instruct,100.0,simplify,instruction_following,73a7f4da7e81307cbddd2abe3a518b95d422623abf64567430aee4c4113a4673
2265,qwen-32b,100.0,simplify,instruction_following,73a7f4da7e81307cbddd2abe3a518b95d422623abf64567430aee4c4113a4673
2266,gemma-3-12b-it,100.0,simplify,instruction_following,74a083fdb825626889f5c081409f89ff5a2ec2a7a3052650ab207ebd5721a072
2267,gemma-3-1b-it,100.0,simplify,instruction_following,74a083fdb825626889f5c081409f89ff5a2ec2a7a3052650ab207ebd5721a072
2268,gemma-3-4b-it,100.0,simplify,instruction_following,74a083fdb825626889f5c081409f89ff5a2ec2a7a3052650ab207ebd5721a072
2269,llama-3.1-70b-instruct,100.0,simplify,instruction_following,74a083fdb825626889f5c081409f89ff5a2ec2a7a3052650ab207ebd5721a072
2270,llama-3.1-8b-instruct,100.0,simplify,instruction_following,74a083fdb825626889f5c081409f89ff5a2ec2a7a3052650ab207ebd5721a072
2271,llama-3.2-1b-instruct,100.0,simplify,instruction_following,74a083fdb825626889f5c081409f89ff5a2ec2a7a3052650ab207ebd5721a072
2272,llama-3.2-3b-instruct,100.0,simplify,instruction_following,74a083fdb825626889f5c081409f89ff5a2ec2a7a3052650ab207ebd5721a072
2273,mistral-24b,100.0,simplify,instruction_following,74a083fdb825626889f5c081409f89ff5a2ec2a7a3052650ab207ebd5721a072
2274,mistral-7b,100.0,simplify,instruction_following,74a083fdb825626889f5c081409f89ff5a2ec2a7a3052650ab207ebd5721a072
2275,qwen-2.5-3b-instruct,100.0,simplify,instruction_following,74a083fdb825626889f5c081409f89ff5a2ec2a7a3052650ab207ebd5721a072
2276,qwen-32b,100.0,simplify,instruction_following,74a083fdb825626889f5c081409f89ff5a2ec2a7a3052650ab207ebd5721a072
2277,gemma-3-12b-it,40.0,simplify,instruction_following,763023d40a0647379be587c1027fcbcaf3197bbb03b2ce63b6e63abab0dd4ab3
2278,gemma-3-1b-it,30.000000000000004,simplify,instruction_following,763023d40a0647379be587c1027fcbcaf3197bbb03b2ce63b6e63abab0dd4ab3
2279,gemma-3-4b-it,20.0,simplify,instruction_following,763023d40a0647379be587c1027fcbcaf3197bbb03b2ce63b6e63abab0dd4ab3
2280,llama-3.1-70b-instruct,30.000000000000004,simplify,instruction_following,763023d40a0647379be587c1027fcbcaf3197bbb03b2ce63b6e63abab0dd4ab3
2281,llama-3.1-8b-instruct,30.000000000000004,simplify,instruction_following,763023d40a0647379be587c1027fcbcaf3197bbb03b2ce63b6e63abab0dd4ab3
2282,llama-3.2-1b-instruct,20.0,simplify,instruction_following,763023d40a0647379be587c1027fcbcaf3197bbb03b2ce63b6e63abab0dd4ab3
2283,llama-3.2-3b-instruct,20.0,simplify,instruction_following,763023d40a0647379be587c1027fcbcaf3197bbb03b2ce63b6e63abab0dd4ab3
2284,mistral-24b,30.000000000000004,simplify,instruction_following,763023d40a0647379be587c1027fcbcaf3197bbb03b2ce63b6e63abab0dd4ab3
2285,mistral-7b,40.0,simplify,instruction_following,763023d40a0647379be587c1027fcbcaf3197bbb03b2ce63b6e63abab0dd4ab3
2286,qwen-2.5-3b-instruct,30.000000000000004,simplify,instruction_following,763023d40a0647379be587c1027fcbcaf3197bbb03b2ce63b6e63abab0dd4ab3
2287,qwen-32b,100.0,simplify,instruction_following,763023d40a0647379be587c1027fcbcaf3197bbb03b2ce63b6e63abab0dd4ab3
2288,gemma-3-12b-it,20.0,simplify,instruction_following,77b0d92b8c174846eb6e247732cf556425226986a552b208ec107a5e8faeaba8
2289,gemma-3-1b-it,20.0,simplify,instruction_following,77b0d92b8c174846eb6e247732cf556425226986a552b208ec107a5e8faeaba8
2290,gemma-3-4b-it,30.000000000000004,simplify,instruction_following,77b0d92b8c174846eb6e247732cf556425226986a552b208ec107a5e8faeaba8
2291,llama-3.1-70b-instruct,20.0,simplify,instruction_following,77b0d92b8c174846eb6e247732cf556425226986a552b208ec107a5e8faeaba8
2292,llama-3.1-8b-instruct,20.0,simplify,instruction_following,77b0d92b8c174846eb6e247732cf556425226986a552b208ec107a5e8faeaba8
2293,llama-3.2-1b-instruct,10.0,simplify,instruction_following,77b0d92b8c174846eb6e247732cf556425226986a552b208ec107a5e8faeaba8
2294,llama-3.2-3b-instruct,20.0,simplify,instruction_following,77b0d92b8c174846eb6e247732cf556425226986a552b208ec107a5e8faeaba8
2295,mistral-24b,20.0,simplify,instruction_following,77b0d92b8c174846eb6e247732cf556425226986a552b208ec107a5e8faeaba8
2296,mistral-7b,40.0,simplify,instruction_following,77b0d92b8c174846eb6e247732cf556425226986a552b208ec107a5e8faeaba8
2297,qwen-2.5-3b-instruct,30.000000000000004,simplify,instruction_following,77b0d92b8c174846eb6e247732cf556425226986a552b208ec107a5e8faeaba8
2298,qwen-32b,30.000000000000004,simplify,instruction_following,77b0d92b8c174846eb6e247732cf556425226986a552b208ec107a5e8faeaba8
2299,gemma-3-12b-it,37.5,simplify,instruction_following,7816bff85a425b431910e7d25ecf58e84b16d7dc1f149480923b88a8932d2089
2300,gemma-3-1b-it,25.0,simplify,instruction_following,7816bff85a425b431910e7d25ecf58e84b16d7dc1f149480923b88a8932d2089
2301,gemma-3-4b-it,37.5,simplify,instruction_following,7816bff85a425b431910e7d25ecf58e84b16d7dc1f149480923b88a8932d2089
2302,llama-3.1-70b-instruct,37.5,simplify,instruction_following,7816bff85a425b431910e7d25ecf58e84b16d7dc1f149480923b88a8932d2089
2303,llama-3.1-8b-instruct,25.0,simplify,instruction_following,7816bff85a425b431910e7d25ecf58e84b16d7dc1f149480923b88a8932d2089
2304,llama-3.2-1b-instruct,25.0,simplify,instruction_following,7816bff85a425b431910e7d25ecf58e84b16d7dc1f149480923b88a8932d2089
2305,llama-3.2-3b-instruct,37.5,simplify,instruction_following,7816bff85a425b431910e7d25ecf58e84b16d7dc1f149480923b88a8932d2089
2306,mistral-24b,100.0,simplify,instruction_following,7816bff85a425b431910e7d25ecf58e84b16d7dc1f149480923b88a8932d2089
2307,mistral-7b,37.5,simplify,instruction_following,7816bff85a425b431910e7d25ecf58e84b16d7dc1f149480923b88a8932d2089
2308,qwen-2.5-3b-instruct,37.5,simplify,instruction_following,7816bff85a425b431910e7d25ecf58e84b16d7dc1f149480923b88a8932d2089
2309,qwen-32b,37.5,simplify,instruction_following,7816bff85a425b431910e7d25ecf58e84b16d7dc1f149480923b88a8932d2089
2310,gemma-3-12b-it,33.3333333333333,simplify,instruction_following,7bd166b01a70c8f1b498aaabd7bcf1e308d35a82ad44a405339784be520c9635
2311,gemma-3-1b-it,16.6666666666666,simplify,instruction_following,7bd166b01a70c8f1b498aaabd7bcf1e308d35a82ad44a405339784be520c9635
2312,gemma-3-4b-it,33.3333333333333,simplify,instruction_following,7bd166b01a70c8f1b498aaabd7bcf1e308d35a82ad44a405339784be520c9635
2313,llama-3.1-70b-instruct,33.3333333333333,simplify,instruction_following,7bd166b01a70c8f1b498aaabd7bcf1e308d35a82ad44a405339784be520c9635
2314,llama-3.1-8b-instruct,16.6666666666666,simplify,instruction_following,7bd166b01a70c8f1b498aaabd7bcf1e308d35a82ad44a405339784be520c9635
2315,llama-3.2-1b-instruct,16.6666666666666,simplify,instruction_following,7bd166b01a70c8f1b498aaabd7bcf1e308d35a82ad44a405339784be520c9635
2316,llama-3.2-3b-instruct,16.6666666666666,simplify,instruction_following,7bd166b01a70c8f1b498aaabd7bcf1e308d35a82ad44a405339784be520c9635
2317,mistral-24b,16.6666666666666,simplify,instruction_following,7bd166b01a70c8f1b498aaabd7bcf1e308d35a82ad44a405339784be520c9635
2318,mistral-7b,16.6666666666666,simplify,instruction_following,7bd166b01a70c8f1b498aaabd7bcf1e308d35a82ad44a405339784be520c9635
2319,qwen-2.5-3b-instruct,0.0,simplify,instruction_following,7bd166b01a70c8f1b498aaabd7bcf1e308d35a82ad44a405339784be520c9635
2320,qwen-32b,33.3333333333333,simplify,instruction_following,7bd166b01a70c8f1b498aaabd7bcf1e308d35a82ad44a405339784be520c9635
2321,gemma-3-12b-it,33.3333333333333,simplify,instruction_following,7f4a16efda30d81dc7a58992cfcc1bfb0054967387b3d7cbaf382bb4bda1e002
2322,gemma-3-1b-it,16.6666666666666,simplify,instruction_following,7f4a16efda30d81dc7a58992cfcc1bfb0054967387b3d7cbaf382bb4bda1e002
2323,gemma-3-4b-it,16.6666666666666,simplify,instruction_following,7f4a16efda30d81dc7a58992cfcc1bfb0054967387b3d7cbaf382bb4bda1e002
2324,llama-3.1-70b-instruct,33.3333333333333,simplify,instruction_following,7f4a16efda30d81dc7a58992cfcc1bfb0054967387b3d7cbaf382bb4bda1e002
2325,llama-3.1-8b-instruct,33.3333333333333,simplify,instruction_following,7f4a16efda30d81dc7a58992cfcc1bfb0054967387b3d7cbaf382bb4bda1e002
2326,llama-3.2-1b-instruct,16.6666666666666,simplify,instruction_following,7f4a16efda30d81dc7a58992cfcc1bfb0054967387b3d7cbaf382bb4bda1e002
2327,llama-3.2-3b-instruct,33.3333333333333,simplify,instruction_following,7f4a16efda30d81dc7a58992cfcc1bfb0054967387b3d7cbaf382bb4bda1e002
2328,mistral-24b,16.6666666666666,simplify,instruction_following,7f4a16efda30d81dc7a58992cfcc1bfb0054967387b3d7cbaf382bb4bda1e002
2329,mistral-7b,16.6666666666666,simplify,instruction_following,7f4a16efda30d81dc7a58992cfcc1bfb0054967387b3d7cbaf382bb4bda1e002
2330,qwen-2.5-3b-instruct,33.3333333333333,simplify,instruction_following,7f4a16efda30d81dc7a58992cfcc1bfb0054967387b3d7cbaf382bb4bda1e002
2331,qwen-32b,33.3333333333333,simplify,instruction_following,7f4a16efda30d81dc7a58992cfcc1bfb0054967387b3d7cbaf382bb4bda1e002
2332,gemma-3-12b-it,0.0,simplify,instruction_following,83abd879ba285c5f33f0d8d5eef70f098ab054a37c856c9d138026d7cb9ab403
2333,gemma-3-1b-it,0.0,simplify,instruction_following,83abd879ba285c5f33f0d8d5eef70f098ab054a37c856c9d138026d7cb9ab403
2334,gemma-3-4b-it,0.0,simplify,instruction_following,83abd879ba285c5f33f0d8d5eef70f098ab054a37c856c9d138026d7cb9ab403
2335,llama-3.1-70b-instruct,0.0,simplify,instruction_following,83abd879ba285c5f33f0d8d5eef70f098ab054a37c856c9d138026d7cb9ab403
2336,llama-3.1-8b-instruct,0.0,simplify,instruction_following,83abd879ba285c5f33f0d8d5eef70f098ab054a37c856c9d138026d7cb9ab403
2337,llama-3.2-1b-instruct,0.0,simplify,instruction_following,83abd879ba285c5f33f0d8d5eef70f098ab054a37c856c9d138026d7cb9ab403
2338,llama-3.2-3b-instruct,0.0,simplify,instruction_following,83abd879ba285c5f33f0d8d5eef70f098ab054a37c856c9d138026d7cb9ab403
2339,mistral-24b,0.0,simplify,instruction_following,83abd879ba285c5f33f0d8d5eef70f098ab054a37c856c9d138026d7cb9ab403
2340,mistral-7b,0.0,simplify,instruction_following,83abd879ba285c5f33f0d8d5eef70f098ab054a37c856c9d138026d7cb9ab403
2341,qwen-2.5-3b-instruct,0.0,simplify,instruction_following,83abd879ba285c5f33f0d8d5eef70f098ab054a37c856c9d138026d7cb9ab403
2342,qwen-32b,0.0,simplify,instruction_following,83abd879ba285c5f33f0d8d5eef70f098ab054a37c856c9d138026d7cb9ab403
2343,gemma-3-12b-it,100.0,simplify,instruction_following,89cceb226ce254c226614e2ef6d0416a2a90a43b8e37de1b98fe5dc55f0c4452
2344,gemma-3-1b-it,100.0,simplify,instruction_following,89cceb226ce254c226614e2ef6d0416a2a90a43b8e37de1b98fe5dc55f0c4452
2345,gemma-3-4b-it,100.0,simplify,instruction_following,89cceb226ce254c226614e2ef6d0416a2a90a43b8e37de1b98fe5dc55f0c4452
2346,llama-3.1-70b-instruct,100.0,simplify,instruction_following,89cceb226ce254c226614e2ef6d0416a2a90a43b8e37de1b98fe5dc55f0c4452
2347,llama-3.1-8b-instruct,0.0,simplify,instruction_following,89cceb226ce254c226614e2ef6d0416a2a90a43b8e37de1b98fe5dc55f0c4452
2348,llama-3.2-1b-instruct,0.0,simplify,instruction_following,89cceb226ce254c226614e2ef6d0416a2a90a43b8e37de1b98fe5dc55f0c4452
2349,llama-3.2-3b-instruct,0.0,simplify,instruction_following,89cceb226ce254c226614e2ef6d0416a2a90a43b8e37de1b98fe5dc55f0c4452
2350,mistral-24b,100.0,simplify,instruction_following,89cceb226ce254c226614e2ef6d0416a2a90a43b8e37de1b98fe5dc55f0c4452
2351,mistral-7b,100.0,simplify,instruction_following,89cceb226ce254c226614e2ef6d0416a2a90a43b8e37de1b98fe5dc55f0c4452
2352,qwen-2.5-3b-instruct,100.0,simplify,instruction_following,89cceb226ce254c226614e2ef6d0416a2a90a43b8e37de1b98fe5dc55f0c4452
2353,qwen-32b,100.0,simplify,instruction_following,89cceb226ce254c226614e2ef6d0416a2a90a43b8e37de1b98fe5dc55f0c4452
2354,gemma-3-12b-it,40.0,simplify,instruction_following,8d3db0e8713de5992e009f42809bfa864b4eb7cd6a8f6d4d86f4fa0f21024617
2355,gemma-3-1b-it,10.0,simplify,instruction_following,8d3db0e8713de5992e009f42809bfa864b4eb7cd6a8f6d4d86f4fa0f21024617
2356,gemma-3-4b-it,100.0,simplify,instruction_following,8d3db0e8713de5992e009f42809bfa864b4eb7cd6a8f6d4d86f4fa0f21024617
2357,llama-3.1-70b-instruct,40.0,simplify,instruction_following,8d3db0e8713de5992e009f42809bfa864b4eb7cd6a8f6d4d86f4fa0f21024617
2358,llama-3.1-8b-instruct,20.0,simplify,instruction_following,8d3db0e8713de5992e009f42809bfa864b4eb7cd6a8f6d4d86f4fa0f21024617
2359,llama-3.2-1b-instruct,10.0,simplify,instruction_following,8d3db0e8713de5992e009f42809bfa864b4eb7cd6a8f6d4d86f4fa0f21024617
2360,llama-3.2-3b-instruct,10.0,simplify,instruction_following,8d3db0e8713de5992e009f42809bfa864b4eb7cd6a8f6d4d86f4fa0f21024617
2361,mistral-24b,100.0,simplify,instruction_following,8d3db0e8713de5992e009f42809bfa864b4eb7cd6a8f6d4d86f4fa0f21024617
2362,mistral-7b,20.0,simplify,instruction_following,8d3db0e8713de5992e009f42809bfa864b4eb7cd6a8f6d4d86f4fa0f21024617
2363,qwen-2.5-3b-instruct,30.000000000000004,simplify,instruction_following,8d3db0e8713de5992e009f42809bfa864b4eb7cd6a8f6d4d86f4fa0f21024617
2364,qwen-32b,30.000000000000004,simplify,instruction_following,8d3db0e8713de5992e009f42809bfa864b4eb7cd6a8f6d4d86f4fa0f21024617
2365,gemma-3-12b-it,40.0,simplify,instruction_following,8df1306760bf9fefc9413a262714e95558af3d823bc7171331830db33ba10728
2366,gemma-3-1b-it,30.000000000000004,simplify,instruction_following,8df1306760bf9fefc9413a262714e95558af3d823bc7171331830db33ba10728
2367,gemma-3-4b-it,30.000000000000004,simplify,instruction_following,8df1306760bf9fefc9413a262714e95558af3d823bc7171331830db33ba10728
2368,llama-3.1-70b-instruct,30.000000000000004,simplify,instruction_following,8df1306760bf9fefc9413a262714e95558af3d823bc7171331830db33ba10728
2369,llama-3.1-8b-instruct,30.000000000000004,simplify,instruction_following,8df1306760bf9fefc9413a262714e95558af3d823bc7171331830db33ba10728
2370,llama-3.2-1b-instruct,20.0,simplify,instruction_following,8df1306760bf9fefc9413a262714e95558af3d823bc7171331830db33ba10728
2371,llama-3.2-3b-instruct,20.0,simplify,instruction_following,8df1306760bf9fefc9413a262714e95558af3d823bc7171331830db33ba10728
2372,mistral-24b,30.000000000000004,simplify,instruction_following,8df1306760bf9fefc9413a262714e95558af3d823bc7171331830db33ba10728
2373,mistral-7b,30.000000000000004,simplify,instruction_following,8df1306760bf9fefc9413a262714e95558af3d823bc7171331830db33ba10728
2374,qwen-2.5-3b-instruct,20.0,simplify,instruction_following,8df1306760bf9fefc9413a262714e95558af3d823bc7171331830db33ba10728
2375,qwen-32b,30.000000000000004,simplify,instruction_following,8df1306760bf9fefc9413a262714e95558af3d823bc7171331830db33ba10728
2376,gemma-3-12b-it,25.0,simplify,instruction_following,987dd3cb27ad2493e13a14329797817bf9d8843d3abcf8ff6ca2fe94983901ac
2377,gemma-3-1b-it,100.0,simplify,instruction_following,987dd3cb27ad2493e13a14329797817bf9d8843d3abcf8ff6ca2fe94983901ac
2378,gemma-3-4b-it,100.0,simplify,instruction_following,987dd3cb27ad2493e13a14329797817bf9d8843d3abcf8ff6ca2fe94983901ac
2379,llama-3.1-70b-instruct,100.0,simplify,instruction_following,987dd3cb27ad2493e13a14329797817bf9d8843d3abcf8ff6ca2fe94983901ac
2380,llama-3.1-8b-instruct,100.0,simplify,instruction_following,987dd3cb27ad2493e13a14329797817bf9d8843d3abcf8ff6ca2fe94983901ac
2381,llama-3.2-1b-instruct,0.0,simplify,instruction_following,987dd3cb27ad2493e13a14329797817bf9d8843d3abcf8ff6ca2fe94983901ac
2382,llama-3.2-3b-instruct,100.0,simplify,instruction_following,987dd3cb27ad2493e13a14329797817bf9d8843d3abcf8ff6ca2fe94983901ac
2383,mistral-24b,0.0,simplify,instruction_following,987dd3cb27ad2493e13a14329797817bf9d8843d3abcf8ff6ca2fe94983901ac
2384,mistral-7b,25.0,simplify,instruction_following,987dd3cb27ad2493e13a14329797817bf9d8843d3abcf8ff6ca2fe94983901ac
2385,qwen-2.5-3b-instruct,100.0,simplify,instruction_following,987dd3cb27ad2493e13a14329797817bf9d8843d3abcf8ff6ca2fe94983901ac
2386,qwen-32b,100.0,simplify,instruction_following,987dd3cb27ad2493e13a14329797817bf9d8843d3abcf8ff6ca2fe94983901ac
2387,gemma-3-12b-it,100.0,simplify,instruction_following,98d51917bb7b2376c67b86ff0178116684b878a254c72dab20d2382566ae4ab3
2388,gemma-3-1b-it,25.0,simplify,instruction_following,98d51917bb7b2376c67b86ff0178116684b878a254c72dab20d2382566ae4ab3
2389,gemma-3-4b-it,100.0,simplify,instruction_following,98d51917bb7b2376c67b86ff0178116684b878a254c72dab20d2382566ae4ab3
2390,llama-3.1-70b-instruct,100.0,simplify,instruction_following,98d51917bb7b2376c67b86ff0178116684b878a254c72dab20d2382566ae4ab3
2391,llama-3.1-8b-instruct,100.0,simplify,instruction_following,98d51917bb7b2376c67b86ff0178116684b878a254c72dab20d2382566ae4ab3
2392,llama-3.2-1b-instruct,25.0,simplify,instruction_following,98d51917bb7b2376c67b86ff0178116684b878a254c72dab20d2382566ae4ab3
2393,llama-3.2-3b-instruct,100.0,simplify,instruction_following,98d51917bb7b2376c67b86ff0178116684b878a254c72dab20d2382566ae4ab3
2394,mistral-24b,100.0,simplify,instruction_following,98d51917bb7b2376c67b86ff0178116684b878a254c72dab20d2382566ae4ab3
2395,mistral-7b,100.0,simplify,instruction_following,98d51917bb7b2376c67b86ff0178116684b878a254c72dab20d2382566ae4ab3
2396,qwen-2.5-3b-instruct,100.0,simplify,instruction_following,98d51917bb7b2376c67b86ff0178116684b878a254c72dab20d2382566ae4ab3
2397,qwen-32b,100.0,simplify,instruction_following,98d51917bb7b2376c67b86ff0178116684b878a254c72dab20d2382566ae4ab3
2398,gemma-3-12b-it,33.3333333333333,simplify,instruction_following,9c6d263815e379f0b48bfb113f67f3e2c0b2ab27485b76ae19e4e9f32cbf07ab
2399,gemma-3-1b-it,16.6666666666666,simplify,instruction_following,9c6d263815e379f0b48bfb113f67f3e2c0b2ab27485b76ae19e4e9f32cbf07ab
2400,gemma-3-4b-it,100.0,simplify,instruction_following,9c6d263815e379f0b48bfb113f67f3e2c0b2ab27485b76ae19e4e9f32cbf07ab
2401,llama-3.1-70b-instruct,100.0,simplify,instruction_following,9c6d263815e379f0b48bfb113f67f3e2c0b2ab27485b76ae19e4e9f32cbf07ab
2402,llama-3.1-8b-instruct,33.3333333333333,simplify,instruction_following,9c6d263815e379f0b48bfb113f67f3e2c0b2ab27485b76ae19e4e9f32cbf07ab
2403,llama-3.2-1b-instruct,16.6666666666666,simplify,instruction_following,9c6d263815e379f0b48bfb113f67f3e2c0b2ab27485b76ae19e4e9f32cbf07ab
2404,llama-3.2-3b-instruct,33.3333333333333,simplify,instruction_following,9c6d263815e379f0b48bfb113f67f3e2c0b2ab27485b76ae19e4e9f32cbf07ab
2405,mistral-24b,100.0,simplify,instruction_following,9c6d263815e379f0b48bfb113f67f3e2c0b2ab27485b76ae19e4e9f32cbf07ab
2406,mistral-7b,16.6666666666666,simplify,instruction_following,9c6d263815e379f0b48bfb113f67f3e2c0b2ab27485b76ae19e4e9f32cbf07ab
2407,qwen-2.5-3b-instruct,33.3333333333333,simplify,instruction_following,9c6d263815e379f0b48bfb113f67f3e2c0b2ab27485b76ae19e4e9f32cbf07ab
2408,qwen-32b,100.0,simplify,instruction_following,9c6d263815e379f0b48bfb113f67f3e2c0b2ab27485b76ae19e4e9f32cbf07ab
2409,gemma-3-12b-it,0.0,simplify,instruction_following,a8ff1f46c588f8dab171556261ff33a9785e49f73156ea77a387c53068511608
2410,gemma-3-1b-it,0.0,simplify,instruction_following,a8ff1f46c588f8dab171556261ff33a9785e49f73156ea77a387c53068511608
2411,gemma-3-4b-it,0.0,simplify,instruction_following,a8ff1f46c588f8dab171556261ff33a9785e49f73156ea77a387c53068511608
2412,llama-3.1-70b-instruct,0.0,simplify,instruction_following,a8ff1f46c588f8dab171556261ff33a9785e49f73156ea77a387c53068511608
2413,llama-3.1-8b-instruct,0.0,simplify,instruction_following,a8ff1f46c588f8dab171556261ff33a9785e49f73156ea77a387c53068511608
2414,llama-3.2-1b-instruct,0.0,simplify,instruction_following,a8ff1f46c588f8dab171556261ff33a9785e49f73156ea77a387c53068511608
2415,llama-3.2-3b-instruct,0.0,simplify,instruction_following,a8ff1f46c588f8dab171556261ff33a9785e49f73156ea77a387c53068511608
2416,mistral-24b,0.0,simplify,instruction_following,a8ff1f46c588f8dab171556261ff33a9785e49f73156ea77a387c53068511608
2417,mistral-7b,0.0,simplify,instruction_following,a8ff1f46c588f8dab171556261ff33a9785e49f73156ea77a387c53068511608
2418,qwen-2.5-3b-instruct,0.0,simplify,instruction_following,a8ff1f46c588f8dab171556261ff33a9785e49f73156ea77a387c53068511608
2419,qwen-32b,0.0,simplify,instruction_following,a8ff1f46c588f8dab171556261ff33a9785e49f73156ea77a387c53068511608
2420,gemma-3-12b-it,100.0,simplify,instruction_following,a97937243fae41814bc4eb5f8fdf69d00bf48880fa8fb1f9a7306332a8f7effb
2421,gemma-3-1b-it,37.5,simplify,instruction_following,a97937243fae41814bc4eb5f8fdf69d00bf48880fa8fb1f9a7306332a8f7effb
2422,gemma-3-4b-it,37.5,simplify,instruction_following,a97937243fae41814bc4eb5f8fdf69d00bf48880fa8fb1f9a7306332a8f7effb
2423,llama-3.1-70b-instruct,37.5,simplify,instruction_following,a97937243fae41814bc4eb5f8fdf69d00bf48880fa8fb1f9a7306332a8f7effb
2424,llama-3.1-8b-instruct,37.5,simplify,instruction_following,a97937243fae41814bc4eb5f8fdf69d00bf48880fa8fb1f9a7306332a8f7effb
2425,llama-3.2-1b-instruct,37.5,simplify,instruction_following,a97937243fae41814bc4eb5f8fdf69d00bf48880fa8fb1f9a7306332a8f7effb
2426,llama-3.2-3b-instruct,100.0,simplify,instruction_following,a97937243fae41814bc4eb5f8fdf69d00bf48880fa8fb1f9a7306332a8f7effb
2427,mistral-24b,100.0,simplify,instruction_following,a97937243fae41814bc4eb5f8fdf69d00bf48880fa8fb1f9a7306332a8f7effb
2428,mistral-7b,100.0,simplify,instruction_following,a97937243fae41814bc4eb5f8fdf69d00bf48880fa8fb1f9a7306332a8f7effb
2429,qwen-2.5-3b-instruct,37.5,simplify,instruction_following,a97937243fae41814bc4eb5f8fdf69d00bf48880fa8fb1f9a7306332a8f7effb
2430,qwen-32b,37.5,simplify,instruction_following,a97937243fae41814bc4eb5f8fdf69d00bf48880fa8fb1f9a7306332a8f7effb
2431,gemma-3-12b-it,100.0,simplify,instruction_following,a98ad49f679ca8bdc79c031eb582b25bb761814698c9538dffe01d0cf46efd98
2432,gemma-3-1b-it,33.3333333333333,simplify,instruction_following,a98ad49f679ca8bdc79c031eb582b25bb761814698c9538dffe01d0cf46efd98
2433,gemma-3-4b-it,100.0,simplify,instruction_following,a98ad49f679ca8bdc79c031eb582b25bb761814698c9538dffe01d0cf46efd98
2434,llama-3.1-70b-instruct,100.0,simplify,instruction_following,a98ad49f679ca8bdc79c031eb582b25bb761814698c9538dffe01d0cf46efd98
2435,llama-3.1-8b-instruct,33.3333333333333,simplify,instruction_following,a98ad49f679ca8bdc79c031eb582b25bb761814698c9538dffe01d0cf46efd98
2436,llama-3.2-1b-instruct,33.3333333333333,simplify,instruction_following,a98ad49f679ca8bdc79c031eb582b25bb761814698c9538dffe01d0cf46efd98
2437,llama-3.2-3b-instruct,33.3333333333333,simplify,instruction_following,a98ad49f679ca8bdc79c031eb582b25bb761814698c9538dffe01d0cf46efd98
2438,mistral-24b,16.6666666666666,simplify,instruction_following,a98ad49f679ca8bdc79c031eb582b25bb761814698c9538dffe01d0cf46efd98
2439,mistral-7b,33.3333333333333,simplify,instruction_following,a98ad49f679ca8bdc79c031eb582b25bb761814698c9538dffe01d0cf46efd98
2440,qwen-2.5-3b-instruct,16.6666666666666,simplify,instruction_following,a98ad49f679ca8bdc79c031eb582b25bb761814698c9538dffe01d0cf46efd98
2441,qwen-32b,33.3333333333333,simplify,instruction_following,a98ad49f679ca8bdc79c031eb582b25bb761814698c9538dffe01d0cf46efd98
2442,gemma-3-12b-it,100.0,simplify,instruction_following,ab93699af24f729ee26d853c8885b8abb2e4f3e5fec9727d46ffb27f67174b6c
2443,gemma-3-1b-it,100.0,simplify,instruction_following,ab93699af24f729ee26d853c8885b8abb2e4f3e5fec9727d46ffb27f67174b6c
2444,gemma-3-4b-it,100.0,simplify,instruction_following,ab93699af24f729ee26d853c8885b8abb2e4f3e5fec9727d46ffb27f67174b6c
2445,llama-3.1-70b-instruct,100.0,simplify,instruction_following,ab93699af24f729ee26d853c8885b8abb2e4f3e5fec9727d46ffb27f67174b6c
2446,llama-3.1-8b-instruct,100.0,simplify,instruction_following,ab93699af24f729ee26d853c8885b8abb2e4f3e5fec9727d46ffb27f67174b6c
2447,llama-3.2-1b-instruct,0.0,simplify,instruction_following,ab93699af24f729ee26d853c8885b8abb2e4f3e5fec9727d46ffb27f67174b6c
2448,llama-3.2-3b-instruct,100.0,simplify,instruction_following,ab93699af24f729ee26d853c8885b8abb2e4f3e5fec9727d46ffb27f67174b6c
2449,mistral-24b,0.0,simplify,instruction_following,ab93699af24f729ee26d853c8885b8abb2e4f3e5fec9727d46ffb27f67174b6c
2450,mistral-7b,0.0,simplify,instruction_following,ab93699af24f729ee26d853c8885b8abb2e4f3e5fec9727d46ffb27f67174b6c
2451,qwen-2.5-3b-instruct,0.0,simplify,instruction_following,ab93699af24f729ee26d853c8885b8abb2e4f3e5fec9727d46ffb27f67174b6c
2452,qwen-32b,100.0,simplify,instruction_following,ab93699af24f729ee26d853c8885b8abb2e4f3e5fec9727d46ffb27f67174b6c
2453,gemma-3-12b-it,40.0,simplify,instruction_following,ae0ffd84f8b9b97d2f8fdaf8c1f9c659a79e07d265f8be0af277fd3b557da7f5
2454,gemma-3-1b-it,10.0,simplify,instruction_following,ae0ffd84f8b9b97d2f8fdaf8c1f9c659a79e07d265f8be0af277fd3b557da7f5
2455,gemma-3-4b-it,40.0,simplify,instruction_following,ae0ffd84f8b9b97d2f8fdaf8c1f9c659a79e07d265f8be0af277fd3b557da7f5
2456,llama-3.1-70b-instruct,40.0,simplify,instruction_following,ae0ffd84f8b9b97d2f8fdaf8c1f9c659a79e07d265f8be0af277fd3b557da7f5
2457,llama-3.1-8b-instruct,20.0,simplify,instruction_following,ae0ffd84f8b9b97d2f8fdaf8c1f9c659a79e07d265f8be0af277fd3b557da7f5
2458,llama-3.2-1b-instruct,30.000000000000004,simplify,instruction_following,ae0ffd84f8b9b97d2f8fdaf8c1f9c659a79e07d265f8be0af277fd3b557da7f5
2459,llama-3.2-3b-instruct,20.0,simplify,instruction_following,ae0ffd84f8b9b97d2f8fdaf8c1f9c659a79e07d265f8be0af277fd3b557da7f5
2460,mistral-24b,30.000000000000004,simplify,instruction_following,ae0ffd84f8b9b97d2f8fdaf8c1f9c659a79e07d265f8be0af277fd3b557da7f5
2461,mistral-7b,20.0,simplify,instruction_following,ae0ffd84f8b9b97d2f8fdaf8c1f9c659a79e07d265f8be0af277fd3b557da7f5
2462,qwen-2.5-3b-instruct,20.0,simplify,instruction_following,ae0ffd84f8b9b97d2f8fdaf8c1f9c659a79e07d265f8be0af277fd3b557da7f5
2463,qwen-32b,40.0,simplify,instruction_following,ae0ffd84f8b9b97d2f8fdaf8c1f9c659a79e07d265f8be0af277fd3b557da7f5
2464,gemma-3-12b-it,25.0,simplify,instruction_following,b20533225ebe74930e1e91660add78af4196fcc13f2352ec713b60ab999800e7
2465,gemma-3-1b-it,0.0,simplify,instruction_following,b20533225ebe74930e1e91660add78af4196fcc13f2352ec713b60ab999800e7
2466,gemma-3-4b-it,25.0,simplify,instruction_following,b20533225ebe74930e1e91660add78af4196fcc13f2352ec713b60ab999800e7
2467,llama-3.1-70b-instruct,25.0,simplify,instruction_following,b20533225ebe74930e1e91660add78af4196fcc13f2352ec713b60ab999800e7
2468,llama-3.1-8b-instruct,25.0,simplify,instruction_following,b20533225ebe74930e1e91660add78af4196fcc13f2352ec713b60ab999800e7
2469,llama-3.2-1b-instruct,25.0,simplify,instruction_following,b20533225ebe74930e1e91660add78af4196fcc13f2352ec713b60ab999800e7
2470,llama-3.2-3b-instruct,25.0,simplify,instruction_following,b20533225ebe74930e1e91660add78af4196fcc13f2352ec713b60ab999800e7
2471,mistral-24b,25.0,simplify,instruction_following,b20533225ebe74930e1e91660add78af4196fcc13f2352ec713b60ab999800e7
2472,mistral-7b,25.0,simplify,instruction_following,b20533225ebe74930e1e91660add78af4196fcc13f2352ec713b60ab999800e7
2473,qwen-2.5-3b-instruct,25.0,simplify,instruction_following,b20533225ebe74930e1e91660add78af4196fcc13f2352ec713b60ab999800e7
2474,qwen-32b,25.0,simplify,instruction_following,b20533225ebe74930e1e91660add78af4196fcc13f2352ec713b60ab999800e7
2475,gemma-3-12b-it,25.0,simplify,instruction_following,c6835e10ecd1dbbb3fd81e29e389366511a23ad5f59d6d3a1c107e38c09aee63
2476,gemma-3-1b-it,25.0,simplify,instruction_following,c6835e10ecd1dbbb3fd81e29e389366511a23ad5f59d6d3a1c107e38c09aee63
2477,gemma-3-4b-it,25.0,simplify,instruction_following,c6835e10ecd1dbbb3fd81e29e389366511a23ad5f59d6d3a1c107e38c09aee63
2478,llama-3.1-70b-instruct,100.0,simplify,instruction_following,c6835e10ecd1dbbb3fd81e29e389366511a23ad5f59d6d3a1c107e38c09aee63
2479,llama-3.1-8b-instruct,100.0,simplify,instruction_following,c6835e10ecd1dbbb3fd81e29e389366511a23ad5f59d6d3a1c107e38c09aee63
2480,llama-3.2-1b-instruct,25.0,simplify,instruction_following,c6835e10ecd1dbbb3fd81e29e389366511a23ad5f59d6d3a1c107e38c09aee63
2481,llama-3.2-3b-instruct,100.0,simplify,instruction_following,c6835e10ecd1dbbb3fd81e29e389366511a23ad5f59d6d3a1c107e38c09aee63
2482,mistral-24b,100.0,simplify,instruction_following,c6835e10ecd1dbbb3fd81e29e389366511a23ad5f59d6d3a1c107e38c09aee63
2483,mistral-7b,25.0,simplify,instruction_following,c6835e10ecd1dbbb3fd81e29e389366511a23ad5f59d6d3a1c107e38c09aee63
2484,qwen-2.5-3b-instruct,25.0,simplify,instruction_following,c6835e10ecd1dbbb3fd81e29e389366511a23ad5f59d6d3a1c107e38c09aee63
2485,qwen-32b,100.0,simplify,instruction_following,c6835e10ecd1dbbb3fd81e29e389366511a23ad5f59d6d3a1c107e38c09aee63
2486,gemma-3-12b-it,100.0,simplify,instruction_following,d8c3162824625c25d1ec1f4d2d1a3e48e0e0a268d5fe4bf8786ac892e9365bdb
2487,gemma-3-1b-it,33.3333333333333,simplify,instruction_following,d8c3162824625c25d1ec1f4d2d1a3e48e0e0a268d5fe4bf8786ac892e9365bdb
2488,gemma-3-4b-it,33.3333333333333,simplify,instruction_following,d8c3162824625c25d1ec1f4d2d1a3e48e0e0a268d5fe4bf8786ac892e9365bdb
2489,llama-3.1-70b-instruct,16.6666666666666,simplify,instruction_following,d8c3162824625c25d1ec1f4d2d1a3e48e0e0a268d5fe4bf8786ac892e9365bdb
2490,llama-3.1-8b-instruct,16.6666666666666,simplify,instruction_following,d8c3162824625c25d1ec1f4d2d1a3e48e0e0a268d5fe4bf8786ac892e9365bdb
2491,llama-3.2-1b-instruct,33.3333333333333,simplify,instruction_following,d8c3162824625c25d1ec1f4d2d1a3e48e0e0a268d5fe4bf8786ac892e9365bdb
2492,llama-3.2-3b-instruct,33.3333333333333,simplify,instruction_following,d8c3162824625c25d1ec1f4d2d1a3e48e0e0a268d5fe4bf8786ac892e9365bdb
2493,mistral-24b,33.3333333333333,simplify,instruction_following,d8c3162824625c25d1ec1f4d2d1a3e48e0e0a268d5fe4bf8786ac892e9365bdb
2494,mistral-7b,33.3333333333333,simplify,instruction_following,d8c3162824625c25d1ec1f4d2d1a3e48e0e0a268d5fe4bf8786ac892e9365bdb
2495,qwen-2.5-3b-instruct,16.6666666666666,simplify,instruction_following,d8c3162824625c25d1ec1f4d2d1a3e48e0e0a268d5fe4bf8786ac892e9365bdb
2496,qwen-32b,16.6666666666666,simplify,instruction_following,d8c3162824625c25d1ec1f4d2d1a3e48e0e0a268d5fe4bf8786ac892e9365bdb
2497,gemma-3-12b-it,33.3333333333333,simplify,instruction_following,dcacfcb88597163556905d4a6aad0e337b4fcc88014b91ca8ee779389e2e5761
2498,gemma-3-1b-it,33.3333333333333,simplify,instruction_following,dcacfcb88597163556905d4a6aad0e337b4fcc88014b91ca8ee779389e2e5761
2499,gemma-3-4b-it,33.3333333333333,simplify,instruction_following,dcacfcb88597163556905d4a6aad0e337b4fcc88014b91ca8ee779389e2e5761
2500,llama-3.1-70b-instruct,33.3333333333333,simplify,instruction_following,dcacfcb88597163556905d4a6aad0e337b4fcc88014b91ca8ee779389e2e5761
2501,llama-3.1-8b-instruct,33.3333333333333,simplify,instruction_following,dcacfcb88597163556905d4a6aad0e337b4fcc88014b91ca8ee779389e2e5761
2502,llama-3.2-1b-instruct,16.6666666666666,simplify,instruction_following,dcacfcb88597163556905d4a6aad0e337b4fcc88014b91ca8ee779389e2e5761
2503,llama-3.2-3b-instruct,33.3333333333333,simplify,instruction_following,dcacfcb88597163556905d4a6aad0e337b4fcc88014b91ca8ee779389e2e5761
2504,mistral-24b,16.6666666666666,simplify,instruction_following,dcacfcb88597163556905d4a6aad0e337b4fcc88014b91ca8ee779389e2e5761
2505,mistral-7b,33.3333333333333,simplify,instruction_following,dcacfcb88597163556905d4a6aad0e337b4fcc88014b91ca8ee779389e2e5761
2506,qwen-2.5-3b-instruct,33.3333333333333,simplify,instruction_following,dcacfcb88597163556905d4a6aad0e337b4fcc88014b91ca8ee779389e2e5761
2507,qwen-32b,33.3333333333333,simplify,instruction_following,dcacfcb88597163556905d4a6aad0e337b4fcc88014b91ca8ee779389e2e5761
2508,gemma-3-12b-it,100.0,simplify,instruction_following,e065313a7cdd2a0bf8f5c970a24928aa7fb8d199a4747df99215aec0f4f51d58
2509,gemma-3-1b-it,33.3333333333333,simplify,instruction_following,e065313a7cdd2a0bf8f5c970a24928aa7fb8d199a4747df99215aec0f4f51d58
2510,gemma-3-4b-it,33.3333333333333,simplify,instruction_following,e065313a7cdd2a0bf8f5c970a24928aa7fb8d199a4747df99215aec0f4f51d58
2511,llama-3.1-70b-instruct,100.0,simplify,instruction_following,e065313a7cdd2a0bf8f5c970a24928aa7fb8d199a4747df99215aec0f4f51d58
2512,llama-3.1-8b-instruct,16.6666666666666,simplify,instruction_following,e065313a7cdd2a0bf8f5c970a24928aa7fb8d199a4747df99215aec0f4f51d58
2513,llama-3.2-1b-instruct,33.3333333333333,simplify,instruction_following,e065313a7cdd2a0bf8f5c970a24928aa7fb8d199a4747df99215aec0f4f51d58
2514,llama-3.2-3b-instruct,33.3333333333333,simplify,instruction_following,e065313a7cdd2a0bf8f5c970a24928aa7fb8d199a4747df99215aec0f4f51d58
2515,mistral-24b,33.3333333333333,simplify,instruction_following,e065313a7cdd2a0bf8f5c970a24928aa7fb8d199a4747df99215aec0f4f51d58
2516,mistral-7b,100.0,simplify,instruction_following,e065313a7cdd2a0bf8f5c970a24928aa7fb8d199a4747df99215aec0f4f51d58
2517,qwen-2.5-3b-instruct,33.3333333333333,simplify,instruction_following,e065313a7cdd2a0bf8f5c970a24928aa7fb8d199a4747df99215aec0f4f51d58
2518,qwen-32b,33.3333333333333,simplify,instruction_following,e065313a7cdd2a0bf8f5c970a24928aa7fb8d199a4747df99215aec0f4f51d58
2519,gemma-3-12b-it,100.0,simplify,instruction_following,e06b6e253b633911d84214cf18e27eeae06fb5f75e5508c243bb603e4be1ce8e
2520,gemma-3-1b-it,100.0,simplify,instruction_following,e06b6e253b633911d84214cf18e27eeae06fb5f75e5508c243bb603e4be1ce8e
2521,gemma-3-4b-it,100.0,simplify,instruction_following,e06b6e253b633911d84214cf18e27eeae06fb5f75e5508c243bb603e4be1ce8e
2522,llama-3.1-70b-instruct,100.0,simplify,instruction_following,e06b6e253b633911d84214cf18e27eeae06fb5f75e5508c243bb603e4be1ce8e
2523,llama-3.1-8b-instruct,100.0,simplify,instruction_following,e06b6e253b633911d84214cf18e27eeae06fb5f75e5508c243bb603e4be1ce8e
2524,llama-3.2-1b-instruct,25.0,simplify,instruction_following,e06b6e253b633911d84214cf18e27eeae06fb5f75e5508c243bb603e4be1ce8e
2525,llama-3.2-3b-instruct,100.0,simplify,instruction_following,e06b6e253b633911d84214cf18e27eeae06fb5f75e5508c243bb603e4be1ce8e
2526,mistral-24b,25.0,simplify,instruction_following,e06b6e253b633911d84214cf18e27eeae06fb5f75e5508c243bb603e4be1ce8e
2527,mistral-7b,25.0,simplify,instruction_following,e06b6e253b633911d84214cf18e27eeae06fb5f75e5508c243bb603e4be1ce8e
2528,qwen-2.5-3b-instruct,25.0,simplify,instruction_following,e06b6e253b633911d84214cf18e27eeae06fb5f75e5508c243bb603e4be1ce8e
2529,qwen-32b,25.0,simplify,instruction_following,e06b6e253b633911d84214cf18e27eeae06fb5f75e5508c243bb603e4be1ce8e
2530,gemma-3-12b-it,100.0,simplify,instruction_following,e1677c9b0ea080b3b209ddc602ce6df1c1cc6e44ced22c1dc17264e85a2b67b5
2531,gemma-3-1b-it,100.0,simplify,instruction_following,e1677c9b0ea080b3b209ddc602ce6df1c1cc6e44ced22c1dc17264e85a2b67b5
2532,gemma-3-4b-it,100.0,simplify,instruction_following,e1677c9b0ea080b3b209ddc602ce6df1c1cc6e44ced22c1dc17264e85a2b67b5
2533,llama-3.1-70b-instruct,100.0,simplify,instruction_following,e1677c9b0ea080b3b209ddc602ce6df1c1cc6e44ced22c1dc17264e85a2b67b5
2534,llama-3.1-8b-instruct,37.5,simplify,instruction_following,e1677c9b0ea080b3b209ddc602ce6df1c1cc6e44ced22c1dc17264e85a2b67b5
2535,llama-3.2-1b-instruct,37.5,simplify,instruction_following,e1677c9b0ea080b3b209ddc602ce6df1c1cc6e44ced22c1dc17264e85a2b67b5
2536,llama-3.2-3b-instruct,100.0,simplify,instruction_following,e1677c9b0ea080b3b209ddc602ce6df1c1cc6e44ced22c1dc17264e85a2b67b5
2537,mistral-24b,100.0,simplify,instruction_following,e1677c9b0ea080b3b209ddc602ce6df1c1cc6e44ced22c1dc17264e85a2b67b5
2538,mistral-7b,37.5,simplify,instruction_following,e1677c9b0ea080b3b209ddc602ce6df1c1cc6e44ced22c1dc17264e85a2b67b5
2539,qwen-2.5-3b-instruct,100.0,simplify,instruction_following,e1677c9b0ea080b3b209ddc602ce6df1c1cc6e44ced22c1dc17264e85a2b67b5
2540,qwen-32b,100.0,simplify,instruction_following,e1677c9b0ea080b3b209ddc602ce6df1c1cc6e44ced22c1dc17264e85a2b67b5
2541,gemma-3-12b-it,100.0,simplify,instruction_following,efc8c16d4a45788d0442b788832999dd0221714858f134de2039bd594e084af5
2542,gemma-3-1b-it,37.5,simplify,instruction_following,efc8c16d4a45788d0442b788832999dd0221714858f134de2039bd594e084af5
2543,gemma-3-4b-it,37.5,simplify,instruction_following,efc8c16d4a45788d0442b788832999dd0221714858f134de2039bd594e084af5
2544,llama-3.1-70b-instruct,100.0,simplify,instruction_following,efc8c16d4a45788d0442b788832999dd0221714858f134de2039bd594e084af5
2545,llama-3.1-8b-instruct,100.0,simplify,instruction_following,efc8c16d4a45788d0442b788832999dd0221714858f134de2039bd594e084af5
2546,llama-3.2-1b-instruct,37.5,simplify,instruction_following,efc8c16d4a45788d0442b788832999dd0221714858f134de2039bd594e084af5
2547,llama-3.2-3b-instruct,100.0,simplify,instruction_following,efc8c16d4a45788d0442b788832999dd0221714858f134de2039bd594e084af5
2548,mistral-24b,37.5,simplify,instruction_following,efc8c16d4a45788d0442b788832999dd0221714858f134de2039bd594e084af5
2549,mistral-7b,100.0,simplify,instruction_following,efc8c16d4a45788d0442b788832999dd0221714858f134de2039bd594e084af5
2550,qwen-2.5-3b-instruct,100.0,simplify,instruction_following,efc8c16d4a45788d0442b788832999dd0221714858f134de2039bd594e084af5
2551,qwen-32b,100.0,simplify,instruction_following,efc8c16d4a45788d0442b788832999dd0221714858f134de2039bd594e084af5
2552,gemma-3-12b-it,100.0,summarize,instruction_following,02b82146fcd90e18dad8f8ef85bd5566a2c7540429fc8e03c73b98dac3f58cf4
2553,gemma-3-1b-it,100.0,summarize,instruction_following,02b82146fcd90e18dad8f8ef85bd5566a2c7540429fc8e03c73b98dac3f58cf4
2554,gemma-3-4b-it,100.0,summarize,instruction_following,02b82146fcd90e18dad8f8ef85bd5566a2c7540429fc8e03c73b98dac3f58cf4
2555,llama-3.1-70b-instruct,100.0,summarize,instruction_following,02b82146fcd90e18dad8f8ef85bd5566a2c7540429fc8e03c73b98dac3f58cf4
2556,llama-3.1-8b-instruct,100.0,summarize,instruction_following,02b82146fcd90e18dad8f8ef85bd5566a2c7540429fc8e03c73b98dac3f58cf4
2557,llama-3.2-1b-instruct,100.0,summarize,instruction_following,02b82146fcd90e18dad8f8ef85bd5566a2c7540429fc8e03c73b98dac3f58cf4
2558,llama-3.2-3b-instruct,100.0,summarize,instruction_following,02b82146fcd90e18dad8f8ef85bd5566a2c7540429fc8e03c73b98dac3f58cf4
2559,mistral-24b,100.0,summarize,instruction_following,02b82146fcd90e18dad8f8ef85bd5566a2c7540429fc8e03c73b98dac3f58cf4
2560,mistral-7b,100.0,summarize,instruction_following,02b82146fcd90e18dad8f8ef85bd5566a2c7540429fc8e03c73b98dac3f58cf4
2561,qwen-2.5-3b-instruct,100.0,summarize,instruction_following,02b82146fcd90e18dad8f8ef85bd5566a2c7540429fc8e03c73b98dac3f58cf4
2562,qwen-32b,100.0,summarize,instruction_following,02b82146fcd90e18dad8f8ef85bd5566a2c7540429fc8e03c73b98dac3f58cf4
2563,gemma-3-12b-it,100.0,summarize,instruction_following,0b041d87e0bba1a5db140a69ef8fd4e844f1f0f0b86be7a6ceba5f9edf36d584
2564,gemma-3-1b-it,33.3333333333333,summarize,instruction_following,0b041d87e0bba1a5db140a69ef8fd4e844f1f0f0b86be7a6ceba5f9edf36d584
2565,gemma-3-4b-it,100.0,summarize,instruction_following,0b041d87e0bba1a5db140a69ef8fd4e844f1f0f0b86be7a6ceba5f9edf36d584
2566,llama-3.1-70b-instruct,33.3333333333333,summarize,instruction_following,0b041d87e0bba1a5db140a69ef8fd4e844f1f0f0b86be7a6ceba5f9edf36d584
2567,llama-3.1-8b-instruct,16.6666666666666,summarize,instruction_following,0b041d87e0bba1a5db140a69ef8fd4e844f1f0f0b86be7a6ceba5f9edf36d584
2568,llama-3.2-1b-instruct,16.6666666666666,summarize,instruction_following,0b041d87e0bba1a5db140a69ef8fd4e844f1f0f0b86be7a6ceba5f9edf36d584
2569,llama-3.2-3b-instruct,16.6666666666666,summarize,instruction_following,0b041d87e0bba1a5db140a69ef8fd4e844f1f0f0b86be7a6ceba5f9edf36d584
2570,mistral-24b,33.3333333333333,summarize,instruction_following,0b041d87e0bba1a5db140a69ef8fd4e844f1f0f0b86be7a6ceba5f9edf36d584
2571,mistral-7b,33.3333333333333,summarize,instruction_following,0b041d87e0bba1a5db140a69ef8fd4e844f1f0f0b86be7a6ceba5f9edf36d584
2572,qwen-2.5-3b-instruct,33.3333333333333,summarize,instruction_following,0b041d87e0bba1a5db140a69ef8fd4e844f1f0f0b86be7a6ceba5f9edf36d584
2573,qwen-32b,16.6666666666666,summarize,instruction_following,0b041d87e0bba1a5db140a69ef8fd4e844f1f0f0b86be7a6ceba5f9edf36d584
2574,gemma-3-12b-it,0.0,summarize,instruction_following,126dc38dc54c62e924d47a259e4236e596583c91d33ef6b22af272e9819c8201
2575,gemma-3-1b-it,0.0,summarize,instruction_following,126dc38dc54c62e924d47a259e4236e596583c91d33ef6b22af272e9819c8201
2576,gemma-3-4b-it,0.0,summarize,instruction_following,126dc38dc54c62e924d47a259e4236e596583c91d33ef6b22af272e9819c8201
2577,llama-3.1-70b-instruct,0.0,summarize,instruction_following,126dc38dc54c62e924d47a259e4236e596583c91d33ef6b22af272e9819c8201
2578,llama-3.1-8b-instruct,0.0,summarize,instruction_following,126dc38dc54c62e924d47a259e4236e596583c91d33ef6b22af272e9819c8201
2579,llama-3.2-1b-instruct,0.0,summarize,instruction_following,126dc38dc54c62e924d47a259e4236e596583c91d33ef6b22af272e9819c8201
2580,llama-3.2-3b-instruct,0.0,summarize,instruction_following,126dc38dc54c62e924d47a259e4236e596583c91d33ef6b22af272e9819c8201
2581,mistral-24b,0.0,summarize,instruction_following,126dc38dc54c62e924d47a259e4236e596583c91d33ef6b22af272e9819c8201
2582,mistral-7b,0.0,summarize,instruction_following,126dc38dc54c62e924d47a259e4236e596583c91d33ef6b22af272e9819c8201
2583,qwen-2.5-3b-instruct,0.0,summarize,instruction_following,126dc38dc54c62e924d47a259e4236e596583c91d33ef6b22af272e9819c8201
2584,qwen-32b,0.0,summarize,instruction_following,126dc38dc54c62e924d47a259e4236e596583c91d33ef6b22af272e9819c8201
2585,gemma-3-12b-it,100.0,summarize,instruction_following,1a06f223c7988766f6c876404f04df808915b4bb08d1fca784eadec17e502973
2586,gemma-3-1b-it,41.6666666666666,summarize,instruction_following,1a06f223c7988766f6c876404f04df808915b4bb08d1fca784eadec17e502973
2587,gemma-3-4b-it,41.6666666666666,summarize,instruction_following,1a06f223c7988766f6c876404f04df808915b4bb08d1fca784eadec17e502973
2588,llama-3.1-70b-instruct,41.6666666666666,summarize,instruction_following,1a06f223c7988766f6c876404f04df808915b4bb08d1fca784eadec17e502973
2589,llama-3.1-8b-instruct,33.3333333333333,summarize,instruction_following,1a06f223c7988766f6c876404f04df808915b4bb08d1fca784eadec17e502973
2590,llama-3.2-1b-instruct,25.0,summarize,instruction_following,1a06f223c7988766f6c876404f04df808915b4bb08d1fca784eadec17e502973
2591,llama-3.2-3b-instruct,33.3333333333333,summarize,instruction_following,1a06f223c7988766f6c876404f04df808915b4bb08d1fca784eadec17e502973
2592,mistral-24b,25.0,summarize,instruction_following,1a06f223c7988766f6c876404f04df808915b4bb08d1fca784eadec17e502973
2593,mistral-7b,25.0,summarize,instruction_following,1a06f223c7988766f6c876404f04df808915b4bb08d1fca784eadec17e502973
2594,qwen-2.5-3b-instruct,25.0,summarize,instruction_following,1a06f223c7988766f6c876404f04df808915b4bb08d1fca784eadec17e502973
2595,qwen-32b,33.3333333333333,summarize,instruction_following,1a06f223c7988766f6c876404f04df808915b4bb08d1fca784eadec17e502973
2596,gemma-3-12b-it,100.0,summarize,instruction_following,1f2f5fc2ab5a7a257d29e9cf4ddfee43ad6bc343122e11423f1f522912f940ff
2597,gemma-3-1b-it,100.0,summarize,instruction_following,1f2f5fc2ab5a7a257d29e9cf4ddfee43ad6bc343122e11423f1f522912f940ff
2598,gemma-3-4b-it,100.0,summarize,instruction_following,1f2f5fc2ab5a7a257d29e9cf4ddfee43ad6bc343122e11423f1f522912f940ff
2599,llama-3.1-70b-instruct,100.0,summarize,instruction_following,1f2f5fc2ab5a7a257d29e9cf4ddfee43ad6bc343122e11423f1f522912f940ff
2600,llama-3.1-8b-instruct,100.0,summarize,instruction_following,1f2f5fc2ab5a7a257d29e9cf4ddfee43ad6bc343122e11423f1f522912f940ff
2601,llama-3.2-1b-instruct,100.0,summarize,instruction_following,1f2f5fc2ab5a7a257d29e9cf4ddfee43ad6bc343122e11423f1f522912f940ff
2602,llama-3.2-3b-instruct,100.0,summarize,instruction_following,1f2f5fc2ab5a7a257d29e9cf4ddfee43ad6bc343122e11423f1f522912f940ff
2603,mistral-24b,100.0,summarize,instruction_following,1f2f5fc2ab5a7a257d29e9cf4ddfee43ad6bc343122e11423f1f522912f940ff
2604,mistral-7b,100.0,summarize,instruction_following,1f2f5fc2ab5a7a257d29e9cf4ddfee43ad6bc343122e11423f1f522912f940ff
2605,qwen-2.5-3b-instruct,100.0,summarize,instruction_following,1f2f5fc2ab5a7a257d29e9cf4ddfee43ad6bc343122e11423f1f522912f940ff
2606,qwen-32b,100.0,summarize,instruction_following,1f2f5fc2ab5a7a257d29e9cf4ddfee43ad6bc343122e11423f1f522912f940ff
2607,gemma-3-12b-it,100.0,summarize,instruction_following,1fb8a9d0877b746f95e08dc3e108563fc01d3248e8bb5000fabe88e1f6feaddd
2608,gemma-3-1b-it,100.0,summarize,instruction_following,1fb8a9d0877b746f95e08dc3e108563fc01d3248e8bb5000fabe88e1f6feaddd
2609,gemma-3-4b-it,100.0,summarize,instruction_following,1fb8a9d0877b746f95e08dc3e108563fc01d3248e8bb5000fabe88e1f6feaddd
2610,llama-3.1-70b-instruct,100.0,summarize,instruction_following,1fb8a9d0877b746f95e08dc3e108563fc01d3248e8bb5000fabe88e1f6feaddd
2611,llama-3.1-8b-instruct,100.0,summarize,instruction_following,1fb8a9d0877b746f95e08dc3e108563fc01d3248e8bb5000fabe88e1f6feaddd
2612,llama-3.2-1b-instruct,100.0,summarize,instruction_following,1fb8a9d0877b746f95e08dc3e108563fc01d3248e8bb5000fabe88e1f6feaddd
2613,llama-3.2-3b-instruct,100.0,summarize,instruction_following,1fb8a9d0877b746f95e08dc3e108563fc01d3248e8bb5000fabe88e1f6feaddd
2614,mistral-24b,100.0,summarize,instruction_following,1fb8a9d0877b746f95e08dc3e108563fc01d3248e8bb5000fabe88e1f6feaddd
2615,mistral-7b,100.0,summarize,instruction_following,1fb8a9d0877b746f95e08dc3e108563fc01d3248e8bb5000fabe88e1f6feaddd
2616,qwen-2.5-3b-instruct,100.0,summarize,instruction_following,1fb8a9d0877b746f95e08dc3e108563fc01d3248e8bb5000fabe88e1f6feaddd
2617,qwen-32b,100.0,summarize,instruction_following,1fb8a9d0877b746f95e08dc3e108563fc01d3248e8bb5000fabe88e1f6feaddd
2618,gemma-3-12b-it,100.0,summarize,instruction_following,2a31c6e6b5ec6b4327e64720d10df1cb390535a102652285ee32e2f07266835c
2619,gemma-3-1b-it,100.0,summarize,instruction_following,2a31c6e6b5ec6b4327e64720d10df1cb390535a102652285ee32e2f07266835c
2620,gemma-3-4b-it,100.0,summarize,instruction_following,2a31c6e6b5ec6b4327e64720d10df1cb390535a102652285ee32e2f07266835c
2621,llama-3.1-70b-instruct,100.0,summarize,instruction_following,2a31c6e6b5ec6b4327e64720d10df1cb390535a102652285ee32e2f07266835c
2622,llama-3.1-8b-instruct,100.0,summarize,instruction_following,2a31c6e6b5ec6b4327e64720d10df1cb390535a102652285ee32e2f07266835c
2623,llama-3.2-1b-instruct,0.0,summarize,instruction_following,2a31c6e6b5ec6b4327e64720d10df1cb390535a102652285ee32e2f07266835c
2624,llama-3.2-3b-instruct,100.0,summarize,instruction_following,2a31c6e6b5ec6b4327e64720d10df1cb390535a102652285ee32e2f07266835c
2625,mistral-24b,100.0,summarize,instruction_following,2a31c6e6b5ec6b4327e64720d10df1cb390535a102652285ee32e2f07266835c
2626,mistral-7b,100.0,summarize,instruction_following,2a31c6e6b5ec6b4327e64720d10df1cb390535a102652285ee32e2f07266835c
2627,qwen-2.5-3b-instruct,100.0,summarize,instruction_following,2a31c6e6b5ec6b4327e64720d10df1cb390535a102652285ee32e2f07266835c
2628,qwen-32b,100.0,summarize,instruction_following,2a31c6e6b5ec6b4327e64720d10df1cb390535a102652285ee32e2f07266835c
2629,gemma-3-12b-it,100.0,summarize,instruction_following,2c3f86f578e93981bec447960c57fc27daf35b6fd9eaeb6cbf1ca1611853b6e1
2630,gemma-3-1b-it,100.0,summarize,instruction_following,2c3f86f578e93981bec447960c57fc27daf35b6fd9eaeb6cbf1ca1611853b6e1
2631,gemma-3-4b-it,100.0,summarize,instruction_following,2c3f86f578e93981bec447960c57fc27daf35b6fd9eaeb6cbf1ca1611853b6e1
2632,llama-3.1-70b-instruct,37.5,summarize,instruction_following,2c3f86f578e93981bec447960c57fc27daf35b6fd9eaeb6cbf1ca1611853b6e1
2633,llama-3.1-8b-instruct,100.0,summarize,instruction_following,2c3f86f578e93981bec447960c57fc27daf35b6fd9eaeb6cbf1ca1611853b6e1
2634,llama-3.2-1b-instruct,25.0,summarize,instruction_following,2c3f86f578e93981bec447960c57fc27daf35b6fd9eaeb6cbf1ca1611853b6e1
2635,llama-3.2-3b-instruct,100.0,summarize,instruction_following,2c3f86f578e93981bec447960c57fc27daf35b6fd9eaeb6cbf1ca1611853b6e1
2636,mistral-24b,37.5,summarize,instruction_following,2c3f86f578e93981bec447960c57fc27daf35b6fd9eaeb6cbf1ca1611853b6e1
2637,mistral-7b,37.5,summarize,instruction_following,2c3f86f578e93981bec447960c57fc27daf35b6fd9eaeb6cbf1ca1611853b6e1
2638,qwen-2.5-3b-instruct,37.5,summarize,instruction_following,2c3f86f578e93981bec447960c57fc27daf35b6fd9eaeb6cbf1ca1611853b6e1
2639,qwen-32b,37.5,summarize,instruction_following,2c3f86f578e93981bec447960c57fc27daf35b6fd9eaeb6cbf1ca1611853b6e1
2640,gemma-3-12b-it,100.0,summarize,instruction_following,2f6354487148a4a2641e5ed1e0983603374a1f8c66f1d2eebe5892dd9735d1d6
2641,gemma-3-1b-it,25.0,summarize,instruction_following,2f6354487148a4a2641e5ed1e0983603374a1f8c66f1d2eebe5892dd9735d1d6
2642,gemma-3-4b-it,25.0,summarize,instruction_following,2f6354487148a4a2641e5ed1e0983603374a1f8c66f1d2eebe5892dd9735d1d6
2643,llama-3.1-70b-instruct,37.5,summarize,instruction_following,2f6354487148a4a2641e5ed1e0983603374a1f8c66f1d2eebe5892dd9735d1d6
2644,llama-3.1-8b-instruct,25.0,summarize,instruction_following,2f6354487148a4a2641e5ed1e0983603374a1f8c66f1d2eebe5892dd9735d1d6
2645,llama-3.2-1b-instruct,37.5,summarize,instruction_following,2f6354487148a4a2641e5ed1e0983603374a1f8c66f1d2eebe5892dd9735d1d6
2646,llama-3.2-3b-instruct,25.0,summarize,instruction_following,2f6354487148a4a2641e5ed1e0983603374a1f8c66f1d2eebe5892dd9735d1d6
2647,mistral-24b,100.0,summarize,instruction_following,2f6354487148a4a2641e5ed1e0983603374a1f8c66f1d2eebe5892dd9735d1d6
2648,mistral-7b,37.5,summarize,instruction_following,2f6354487148a4a2641e5ed1e0983603374a1f8c66f1d2eebe5892dd9735d1d6
2649,qwen-2.5-3b-instruct,37.5,summarize,instruction_following,2f6354487148a4a2641e5ed1e0983603374a1f8c66f1d2eebe5892dd9735d1d6
2650,qwen-32b,100.0,summarize,instruction_following,2f6354487148a4a2641e5ed1e0983603374a1f8c66f1d2eebe5892dd9735d1d6
2651,gemma-3-12b-it,16.6666666666666,summarize,instruction_following,329f04c43b93f6b787a2ef8a8e23519bc113196e6affc837dd6badb51cd17145
2652,gemma-3-1b-it,16.6666666666666,summarize,instruction_following,329f04c43b93f6b787a2ef8a8e23519bc113196e6affc837dd6badb51cd17145
2653,gemma-3-4b-it,16.6666666666666,summarize,instruction_following,329f04c43b93f6b787a2ef8a8e23519bc113196e6affc837dd6badb51cd17145
2654,llama-3.1-70b-instruct,16.6666666666666,summarize,instruction_following,329f04c43b93f6b787a2ef8a8e23519bc113196e6affc837dd6badb51cd17145
2655,llama-3.1-8b-instruct,16.6666666666666,summarize,instruction_following,329f04c43b93f6b787a2ef8a8e23519bc113196e6affc837dd6badb51cd17145
2656,llama-3.2-1b-instruct,16.6666666666666,summarize,instruction_following,329f04c43b93f6b787a2ef8a8e23519bc113196e6affc837dd6badb51cd17145
2657,llama-3.2-3b-instruct,16.6666666666666,summarize,instruction_following,329f04c43b93f6b787a2ef8a8e23519bc113196e6affc837dd6badb51cd17145
2658,mistral-24b,33.3333333333333,summarize,instruction_following,329f04c43b93f6b787a2ef8a8e23519bc113196e6affc837dd6badb51cd17145
2659,mistral-7b,33.3333333333333,summarize,instruction_following,329f04c43b93f6b787a2ef8a8e23519bc113196e6affc837dd6badb51cd17145
2660,qwen-2.5-3b-instruct,33.3333333333333,summarize,instruction_following,329f04c43b93f6b787a2ef8a8e23519bc113196e6affc837dd6badb51cd17145
2661,qwen-32b,16.6666666666666,summarize,instruction_following,329f04c43b93f6b787a2ef8a8e23519bc113196e6affc837dd6badb51cd17145
2662,gemma-3-12b-it,25.0,summarize,instruction_following,35f0f1ed2343d39d4b33f4da26d7c7a0eb846d974a59bcf275cbaf70a12536cd
2663,gemma-3-1b-it,25.0,summarize,instruction_following,35f0f1ed2343d39d4b33f4da26d7c7a0eb846d974a59bcf275cbaf70a12536cd
2664,gemma-3-4b-it,100.0,summarize,instruction_following,35f0f1ed2343d39d4b33f4da26d7c7a0eb846d974a59bcf275cbaf70a12536cd
2665,llama-3.1-70b-instruct,100.0,summarize,instruction_following,35f0f1ed2343d39d4b33f4da26d7c7a0eb846d974a59bcf275cbaf70a12536cd
2666,llama-3.1-8b-instruct,100.0,summarize,instruction_following,35f0f1ed2343d39d4b33f4da26d7c7a0eb846d974a59bcf275cbaf70a12536cd
2667,llama-3.2-1b-instruct,0.0,summarize,instruction_following,35f0f1ed2343d39d4b33f4da26d7c7a0eb846d974a59bcf275cbaf70a12536cd
2668,llama-3.2-3b-instruct,25.0,summarize,instruction_following,35f0f1ed2343d39d4b33f4da26d7c7a0eb846d974a59bcf275cbaf70a12536cd
2669,mistral-24b,25.0,summarize,instruction_following,35f0f1ed2343d39d4b33f4da26d7c7a0eb846d974a59bcf275cbaf70a12536cd
2670,mistral-7b,25.0,summarize,instruction_following,35f0f1ed2343d39d4b33f4da26d7c7a0eb846d974a59bcf275cbaf70a12536cd
2671,qwen-2.5-3b-instruct,25.0,summarize,instruction_following,35f0f1ed2343d39d4b33f4da26d7c7a0eb846d974a59bcf275cbaf70a12536cd
2672,qwen-32b,25.0,summarize,instruction_following,35f0f1ed2343d39d4b33f4da26d7c7a0eb846d974a59bcf275cbaf70a12536cd
2673,gemma-3-12b-it,37.5,summarize,instruction_following,39b9b97d7dc68b98be2609ea101b96cbd2743f69d1264ea5f36783a153a6e5f3
2674,gemma-3-1b-it,37.5,summarize,instruction_following,39b9b97d7dc68b98be2609ea101b96cbd2743f69d1264ea5f36783a153a6e5f3
2675,gemma-3-4b-it,25.0,summarize,instruction_following,39b9b97d7dc68b98be2609ea101b96cbd2743f69d1264ea5f36783a153a6e5f3
2676,llama-3.1-70b-instruct,37.5,summarize,instruction_following,39b9b97d7dc68b98be2609ea101b96cbd2743f69d1264ea5f36783a153a6e5f3
2677,llama-3.1-8b-instruct,37.5,summarize,instruction_following,39b9b97d7dc68b98be2609ea101b96cbd2743f69d1264ea5f36783a153a6e5f3
2678,llama-3.2-1b-instruct,25.0,summarize,instruction_following,39b9b97d7dc68b98be2609ea101b96cbd2743f69d1264ea5f36783a153a6e5f3
2679,llama-3.2-3b-instruct,25.0,summarize,instruction_following,39b9b97d7dc68b98be2609ea101b96cbd2743f69d1264ea5f36783a153a6e5f3
2680,mistral-24b,37.5,summarize,instruction_following,39b9b97d7dc68b98be2609ea101b96cbd2743f69d1264ea5f36783a153a6e5f3
2681,mistral-7b,37.5,summarize,instruction_following,39b9b97d7dc68b98be2609ea101b96cbd2743f69d1264ea5f36783a153a6e5f3
2682,qwen-2.5-3b-instruct,100.0,summarize,instruction_following,39b9b97d7dc68b98be2609ea101b96cbd2743f69d1264ea5f36783a153a6e5f3
2683,qwen-32b,37.5,summarize,instruction_following,39b9b97d7dc68b98be2609ea101b96cbd2743f69d1264ea5f36783a153a6e5f3
2684,gemma-3-12b-it,100.0,summarize,instruction_following,3bde3f0d0cc7481da49d15758f8c32dbfff6eb2184c2cbd3fbbd15665ec8102d
2685,gemma-3-1b-it,12.5,summarize,instruction_following,3bde3f0d0cc7481da49d15758f8c32dbfff6eb2184c2cbd3fbbd15665ec8102d
2686,gemma-3-4b-it,12.5,summarize,instruction_following,3bde3f0d0cc7481da49d15758f8c32dbfff6eb2184c2cbd3fbbd15665ec8102d
2687,llama-3.1-70b-instruct,37.5,summarize,instruction_following,3bde3f0d0cc7481da49d15758f8c32dbfff6eb2184c2cbd3fbbd15665ec8102d
2688,llama-3.1-8b-instruct,25.0,summarize,instruction_following,3bde3f0d0cc7481da49d15758f8c32dbfff6eb2184c2cbd3fbbd15665ec8102d
2689,llama-3.2-1b-instruct,25.0,summarize,instruction_following,3bde3f0d0cc7481da49d15758f8c32dbfff6eb2184c2cbd3fbbd15665ec8102d
2690,llama-3.2-3b-instruct,25.0,summarize,instruction_following,3bde3f0d0cc7481da49d15758f8c32dbfff6eb2184c2cbd3fbbd15665ec8102d
2691,mistral-24b,100.0,summarize,instruction_following,3bde3f0d0cc7481da49d15758f8c32dbfff6eb2184c2cbd3fbbd15665ec8102d
2692,mistral-7b,25.0,summarize,instruction_following,3bde3f0d0cc7481da49d15758f8c32dbfff6eb2184c2cbd3fbbd15665ec8102d
2693,qwen-2.5-3b-instruct,25.0,summarize,instruction_following,3bde3f0d0cc7481da49d15758f8c32dbfff6eb2184c2cbd3fbbd15665ec8102d
2694,qwen-32b,37.5,summarize,instruction_following,3bde3f0d0cc7481da49d15758f8c32dbfff6eb2184c2cbd3fbbd15665ec8102d
2695,gemma-3-12b-it,100.0,summarize,instruction_following,469c2a921e910fce7859e4c351f41c9a4cda6b028386904aa22afa09cbba5351
2696,gemma-3-1b-it,41.6666666666666,summarize,instruction_following,469c2a921e910fce7859e4c351f41c9a4cda6b028386904aa22afa09cbba5351
2697,gemma-3-4b-it,41.6666666666666,summarize,instruction_following,469c2a921e910fce7859e4c351f41c9a4cda6b028386904aa22afa09cbba5351
2698,llama-3.1-70b-instruct,100.0,summarize,instruction_following,469c2a921e910fce7859e4c351f41c9a4cda6b028386904aa22afa09cbba5351
2699,llama-3.1-8b-instruct,33.3333333333333,summarize,instruction_following,469c2a921e910fce7859e4c351f41c9a4cda6b028386904aa22afa09cbba5351
2700,llama-3.2-1b-instruct,16.6666666666666,summarize,instruction_following,469c2a921e910fce7859e4c351f41c9a4cda6b028386904aa22afa09cbba5351
2701,llama-3.2-3b-instruct,33.3333333333333,summarize,instruction_following,469c2a921e910fce7859e4c351f41c9a4cda6b028386904aa22afa09cbba5351
2702,mistral-24b,41.6666666666666,summarize,instruction_following,469c2a921e910fce7859e4c351f41c9a4cda6b028386904aa22afa09cbba5351
2703,mistral-7b,33.3333333333333,summarize,instruction_following,469c2a921e910fce7859e4c351f41c9a4cda6b028386904aa22afa09cbba5351
2704,qwen-2.5-3b-instruct,25.0,summarize,instruction_following,469c2a921e910fce7859e4c351f41c9a4cda6b028386904aa22afa09cbba5351
2705,qwen-32b,41.6666666666666,summarize,instruction_following,469c2a921e910fce7859e4c351f41c9a4cda6b028386904aa22afa09cbba5351
2706,gemma-3-12b-it,37.5,summarize,instruction_following,4c41685c0bb5f593ea74fedee931ebb02dad4867184729ca36c036e0f3df0781
2707,gemma-3-1b-it,37.5,summarize,instruction_following,4c41685c0bb5f593ea74fedee931ebb02dad4867184729ca36c036e0f3df0781
2708,gemma-3-4b-it,37.5,summarize,instruction_following,4c41685c0bb5f593ea74fedee931ebb02dad4867184729ca36c036e0f3df0781
2709,llama-3.1-70b-instruct,37.5,summarize,instruction_following,4c41685c0bb5f593ea74fedee931ebb02dad4867184729ca36c036e0f3df0781
2710,llama-3.1-8b-instruct,37.5,summarize,instruction_following,4c41685c0bb5f593ea74fedee931ebb02dad4867184729ca36c036e0f3df0781
2711,llama-3.2-1b-instruct,37.5,summarize,instruction_following,4c41685c0bb5f593ea74fedee931ebb02dad4867184729ca36c036e0f3df0781
2712,llama-3.2-3b-instruct,37.5,summarize,instruction_following,4c41685c0bb5f593ea74fedee931ebb02dad4867184729ca36c036e0f3df0781
2713,mistral-24b,37.5,summarize,instruction_following,4c41685c0bb5f593ea74fedee931ebb02dad4867184729ca36c036e0f3df0781
2714,mistral-7b,37.5,summarize,instruction_following,4c41685c0bb5f593ea74fedee931ebb02dad4867184729ca36c036e0f3df0781
2715,qwen-2.5-3b-instruct,37.5,summarize,instruction_following,4c41685c0bb5f593ea74fedee931ebb02dad4867184729ca36c036e0f3df0781
2716,qwen-32b,12.5,summarize,instruction_following,4c41685c0bb5f593ea74fedee931ebb02dad4867184729ca36c036e0f3df0781
2717,gemma-3-12b-it,33.3333333333333,summarize,instruction_following,5a6864d656004973677f4ddef001d352f07fa88a69eb555546c5a052ee1b24bc
2718,gemma-3-1b-it,0.0,summarize,instruction_following,5a6864d656004973677f4ddef001d352f07fa88a69eb555546c5a052ee1b24bc
2719,gemma-3-4b-it,100.0,summarize,instruction_following,5a6864d656004973677f4ddef001d352f07fa88a69eb555546c5a052ee1b24bc
2720,llama-3.1-70b-instruct,33.3333333333333,summarize,instruction_following,5a6864d656004973677f4ddef001d352f07fa88a69eb555546c5a052ee1b24bc
2721,llama-3.1-8b-instruct,16.6666666666666,summarize,instruction_following,5a6864d656004973677f4ddef001d352f07fa88a69eb555546c5a052ee1b24bc
2722,llama-3.2-1b-instruct,16.6666666666666,summarize,instruction_following,5a6864d656004973677f4ddef001d352f07fa88a69eb555546c5a052ee1b24bc
2723,llama-3.2-3b-instruct,16.6666666666666,summarize,instruction_following,5a6864d656004973677f4ddef001d352f07fa88a69eb555546c5a052ee1b24bc
2724,mistral-24b,16.6666666666666,summarize,instruction_following,5a6864d656004973677f4ddef001d352f07fa88a69eb555546c5a052ee1b24bc
2725,mistral-7b,16.6666666666666,summarize,instruction_following,5a6864d656004973677f4ddef001d352f07fa88a69eb555546c5a052ee1b24bc
2726,qwen-2.5-3b-instruct,16.6666666666666,summarize,instruction_following,5a6864d656004973677f4ddef001d352f07fa88a69eb555546c5a052ee1b24bc
2727,qwen-32b,33.3333333333333,summarize,instruction_following,5a6864d656004973677f4ddef001d352f07fa88a69eb555546c5a052ee1b24bc
2728,gemma-3-12b-it,100.0,summarize,instruction_following,63ae6008ffc825bf4aabb6b2969197dec9e87f199c6aedcc76c54d3b113ff17a
2729,gemma-3-1b-it,25.0,summarize,instruction_following,63ae6008ffc825bf4aabb6b2969197dec9e87f199c6aedcc76c54d3b113ff17a
2730,gemma-3-4b-it,100.0,summarize,instruction_following,63ae6008ffc825bf4aabb6b2969197dec9e87f199c6aedcc76c54d3b113ff17a
2731,llama-3.1-70b-instruct,100.0,summarize,instruction_following,63ae6008ffc825bf4aabb6b2969197dec9e87f199c6aedcc76c54d3b113ff17a
2732,llama-3.1-8b-instruct,25.0,summarize,instruction_following,63ae6008ffc825bf4aabb6b2969197dec9e87f199c6aedcc76c54d3b113ff17a
2733,llama-3.2-1b-instruct,0.0,summarize,instruction_following,63ae6008ffc825bf4aabb6b2969197dec9e87f199c6aedcc76c54d3b113ff17a
2734,llama-3.2-3b-instruct,25.0,summarize,instruction_following,63ae6008ffc825bf4aabb6b2969197dec9e87f199c6aedcc76c54d3b113ff17a
2735,mistral-24b,25.0,summarize,instruction_following,63ae6008ffc825bf4aabb6b2969197dec9e87f199c6aedcc76c54d3b113ff17a
2736,mistral-7b,100.0,summarize,instruction_following,63ae6008ffc825bf4aabb6b2969197dec9e87f199c6aedcc76c54d3b113ff17a
2737,qwen-2.5-3b-instruct,25.0,summarize,instruction_following,63ae6008ffc825bf4aabb6b2969197dec9e87f199c6aedcc76c54d3b113ff17a
2738,qwen-32b,100.0,summarize,instruction_following,63ae6008ffc825bf4aabb6b2969197dec9e87f199c6aedcc76c54d3b113ff17a
2739,gemma-3-12b-it,100.0,summarize,instruction_following,65f0b561647e5d1bccd78b101ab6fb2ba861d05683c1a808000b83dd9e603b1b
2740,gemma-3-1b-it,100.0,summarize,instruction_following,65f0b561647e5d1bccd78b101ab6fb2ba861d05683c1a808000b83dd9e603b1b
2741,gemma-3-4b-it,100.0,summarize,instruction_following,65f0b561647e5d1bccd78b101ab6fb2ba861d05683c1a808000b83dd9e603b1b
2742,llama-3.1-70b-instruct,100.0,summarize,instruction_following,65f0b561647e5d1bccd78b101ab6fb2ba861d05683c1a808000b83dd9e603b1b
2743,llama-3.1-8b-instruct,33.3333333333333,summarize,instruction_following,65f0b561647e5d1bccd78b101ab6fb2ba861d05683c1a808000b83dd9e603b1b
2744,llama-3.2-1b-instruct,33.3333333333333,summarize,instruction_following,65f0b561647e5d1bccd78b101ab6fb2ba861d05683c1a808000b83dd9e603b1b
2745,llama-3.2-3b-instruct,33.3333333333333,summarize,instruction_following,65f0b561647e5d1bccd78b101ab6fb2ba861d05683c1a808000b83dd9e603b1b
2746,mistral-24b,33.3333333333333,summarize,instruction_following,65f0b561647e5d1bccd78b101ab6fb2ba861d05683c1a808000b83dd9e603b1b
2747,mistral-7b,33.3333333333333,summarize,instruction_following,65f0b561647e5d1bccd78b101ab6fb2ba861d05683c1a808000b83dd9e603b1b
2748,qwen-2.5-3b-instruct,33.3333333333333,summarize,instruction_following,65f0b561647e5d1bccd78b101ab6fb2ba861d05683c1a808000b83dd9e603b1b
2749,qwen-32b,33.3333333333333,summarize,instruction_following,65f0b561647e5d1bccd78b101ab6fb2ba861d05683c1a808000b83dd9e603b1b
2750,gemma-3-12b-it,33.3333333333333,summarize,instruction_following,6a1fff311d0d39fef27617abe6b809814913a11884d20e04c682a549e6503d38
2751,gemma-3-1b-it,33.3333333333333,summarize,instruction_following,6a1fff311d0d39fef27617abe6b809814913a11884d20e04c682a549e6503d38
2752,gemma-3-4b-it,33.3333333333333,summarize,instruction_following,6a1fff311d0d39fef27617abe6b809814913a11884d20e04c682a549e6503d38
2753,llama-3.1-70b-instruct,100.0,summarize,instruction_following,6a1fff311d0d39fef27617abe6b809814913a11884d20e04c682a549e6503d38
2754,llama-3.1-8b-instruct,33.3333333333333,summarize,instruction_following,6a1fff311d0d39fef27617abe6b809814913a11884d20e04c682a549e6503d38
2755,llama-3.2-1b-instruct,0.0,summarize,instruction_following,6a1fff311d0d39fef27617abe6b809814913a11884d20e04c682a549e6503d38
2756,llama-3.2-3b-instruct,100.0,summarize,instruction_following,6a1fff311d0d39fef27617abe6b809814913a11884d20e04c682a549e6503d38
2757,mistral-24b,100.0,summarize,instruction_following,6a1fff311d0d39fef27617abe6b809814913a11884d20e04c682a549e6503d38
2758,mistral-7b,100.0,summarize,instruction_following,6a1fff311d0d39fef27617abe6b809814913a11884d20e04c682a549e6503d38
2759,qwen-2.5-3b-instruct,100.0,summarize,instruction_following,6a1fff311d0d39fef27617abe6b809814913a11884d20e04c682a549e6503d38
2760,qwen-32b,100.0,summarize,instruction_following,6a1fff311d0d39fef27617abe6b809814913a11884d20e04c682a549e6503d38
2761,gemma-3-12b-it,100.0,summarize,instruction_following,6fa2d259825104c3019420951a6e630d73677c5c1aabab666248e863d120403b
2762,gemma-3-1b-it,0.0,summarize,instruction_following,6fa2d259825104c3019420951a6e630d73677c5c1aabab666248e863d120403b
2763,gemma-3-4b-it,100.0,summarize,instruction_following,6fa2d259825104c3019420951a6e630d73677c5c1aabab666248e863d120403b
2764,llama-3.1-70b-instruct,100.0,summarize,instruction_following,6fa2d259825104c3019420951a6e630d73677c5c1aabab666248e863d120403b
2765,llama-3.1-8b-instruct,25.0,summarize,instruction_following,6fa2d259825104c3019420951a6e630d73677c5c1aabab666248e863d120403b
2766,llama-3.2-1b-instruct,25.0,summarize,instruction_following,6fa2d259825104c3019420951a6e630d73677c5c1aabab666248e863d120403b
2767,llama-3.2-3b-instruct,25.0,summarize,instruction_following,6fa2d259825104c3019420951a6e630d73677c5c1aabab666248e863d120403b
2768,mistral-24b,25.0,summarize,instruction_following,6fa2d259825104c3019420951a6e630d73677c5c1aabab666248e863d120403b
2769,mistral-7b,0.0,summarize,instruction_following,6fa2d259825104c3019420951a6e630d73677c5c1aabab666248e863d120403b
2770,qwen-2.5-3b-instruct,25.0,summarize,instruction_following,6fa2d259825104c3019420951a6e630d73677c5c1aabab666248e863d120403b
2771,qwen-32b,100.0,summarize,instruction_following,6fa2d259825104c3019420951a6e630d73677c5c1aabab666248e863d120403b
2772,gemma-3-12b-it,33.3333333333333,summarize,instruction_following,7b7a30a9a020f334521b2a1aa2a96a6bfb3fef0d12e55ea2967842a5139d1871
2773,gemma-3-1b-it,16.6666666666666,summarize,instruction_following,7b7a30a9a020f334521b2a1aa2a96a6bfb3fef0d12e55ea2967842a5139d1871
2774,gemma-3-4b-it,100.0,summarize,instruction_following,7b7a30a9a020f334521b2a1aa2a96a6bfb3fef0d12e55ea2967842a5139d1871
2775,llama-3.1-70b-instruct,100.0,summarize,instruction_following,7b7a30a9a020f334521b2a1aa2a96a6bfb3fef0d12e55ea2967842a5139d1871
2776,llama-3.1-8b-instruct,100.0,summarize,instruction_following,7b7a30a9a020f334521b2a1aa2a96a6bfb3fef0d12e55ea2967842a5139d1871
2777,llama-3.2-1b-instruct,33.3333333333333,summarize,instruction_following,7b7a30a9a020f334521b2a1aa2a96a6bfb3fef0d12e55ea2967842a5139d1871
2778,llama-3.2-3b-instruct,33.3333333333333,summarize,instruction_following,7b7a30a9a020f334521b2a1aa2a96a6bfb3fef0d12e55ea2967842a5139d1871
2779,mistral-24b,16.6666666666666,summarize,instruction_following,7b7a30a9a020f334521b2a1aa2a96a6bfb3fef0d12e55ea2967842a5139d1871
2780,mistral-7b,33.3333333333333,summarize,instruction_following,7b7a30a9a020f334521b2a1aa2a96a6bfb3fef0d12e55ea2967842a5139d1871
2781,qwen-2.5-3b-instruct,16.6666666666666,summarize,instruction_following,7b7a30a9a020f334521b2a1aa2a96a6bfb3fef0d12e55ea2967842a5139d1871
2782,qwen-32b,33.3333333333333,summarize,instruction_following,7b7a30a9a020f334521b2a1aa2a96a6bfb3fef0d12e55ea2967842a5139d1871
2783,gemma-3-12b-it,0.0,summarize,instruction_following,7d8d20235ccf9386317255362c8ceb92a6f68c87a9fab3b346fcb45af731d2a9
2784,gemma-3-1b-it,0.0,summarize,instruction_following,7d8d20235ccf9386317255362c8ceb92a6f68c87a9fab3b346fcb45af731d2a9
2785,gemma-3-4b-it,0.0,summarize,instruction_following,7d8d20235ccf9386317255362c8ceb92a6f68c87a9fab3b346fcb45af731d2a9
2786,llama-3.1-70b-instruct,0.0,summarize,instruction_following,7d8d20235ccf9386317255362c8ceb92a6f68c87a9fab3b346fcb45af731d2a9
2787,llama-3.1-8b-instruct,0.0,summarize,instruction_following,7d8d20235ccf9386317255362c8ceb92a6f68c87a9fab3b346fcb45af731d2a9
2788,llama-3.2-1b-instruct,0.0,summarize,instruction_following,7d8d20235ccf9386317255362c8ceb92a6f68c87a9fab3b346fcb45af731d2a9
2789,llama-3.2-3b-instruct,0.0,summarize,instruction_following,7d8d20235ccf9386317255362c8ceb92a6f68c87a9fab3b346fcb45af731d2a9
2790,mistral-24b,0.0,summarize,instruction_following,7d8d20235ccf9386317255362c8ceb92a6f68c87a9fab3b346fcb45af731d2a9
2791,mistral-7b,0.0,summarize,instruction_following,7d8d20235ccf9386317255362c8ceb92a6f68c87a9fab3b346fcb45af731d2a9
2792,qwen-2.5-3b-instruct,0.0,summarize,instruction_following,7d8d20235ccf9386317255362c8ceb92a6f68c87a9fab3b346fcb45af731d2a9
2793,qwen-32b,0.0,summarize,instruction_following,7d8d20235ccf9386317255362c8ceb92a6f68c87a9fab3b346fcb45af731d2a9
2794,gemma-3-12b-it,33.3333333333333,summarize,instruction_following,7f6e3623888be18ab716eff34ca80323a3f170c281796f64d4774fa9374d950d
2795,gemma-3-1b-it,33.3333333333333,summarize,instruction_following,7f6e3623888be18ab716eff34ca80323a3f170c281796f64d4774fa9374d950d
2796,gemma-3-4b-it,33.3333333333333,summarize,instruction_following,7f6e3623888be18ab716eff34ca80323a3f170c281796f64d4774fa9374d950d
2797,llama-3.1-70b-instruct,33.3333333333333,summarize,instruction_following,7f6e3623888be18ab716eff34ca80323a3f170c281796f64d4774fa9374d950d
2798,llama-3.1-8b-instruct,33.3333333333333,summarize,instruction_following,7f6e3623888be18ab716eff34ca80323a3f170c281796f64d4774fa9374d950d
2799,llama-3.2-1b-instruct,16.6666666666666,summarize,instruction_following,7f6e3623888be18ab716eff34ca80323a3f170c281796f64d4774fa9374d950d
2800,llama-3.2-3b-instruct,33.3333333333333,summarize,instruction_following,7f6e3623888be18ab716eff34ca80323a3f170c281796f64d4774fa9374d950d
2801,mistral-24b,33.3333333333333,summarize,instruction_following,7f6e3623888be18ab716eff34ca80323a3f170c281796f64d4774fa9374d950d
2802,mistral-7b,33.3333333333333,summarize,instruction_following,7f6e3623888be18ab716eff34ca80323a3f170c281796f64d4774fa9374d950d
2803,qwen-2.5-3b-instruct,16.6666666666666,summarize,instruction_following,7f6e3623888be18ab716eff34ca80323a3f170c281796f64d4774fa9374d950d
2804,qwen-32b,33.3333333333333,summarize,instruction_following,7f6e3623888be18ab716eff34ca80323a3f170c281796f64d4774fa9374d950d
2805,gemma-3-12b-it,25.0,summarize,instruction_following,8350d5bcdf58307739a0842fe34bb74b33d5e300ef685062af53f0b5d487e813
2806,gemma-3-1b-it,25.0,summarize,instruction_following,8350d5bcdf58307739a0842fe34bb74b33d5e300ef685062af53f0b5d487e813
2807,gemma-3-4b-it,25.0,summarize,instruction_following,8350d5bcdf58307739a0842fe34bb74b33d5e300ef685062af53f0b5d487e813
2808,llama-3.1-70b-instruct,25.0,summarize,instruction_following,8350d5bcdf58307739a0842fe34bb74b33d5e300ef685062af53f0b5d487e813
2809,llama-3.1-8b-instruct,25.0,summarize,instruction_following,8350d5bcdf58307739a0842fe34bb74b33d5e300ef685062af53f0b5d487e813
2810,llama-3.2-1b-instruct,25.0,summarize,instruction_following,8350d5bcdf58307739a0842fe34bb74b33d5e300ef685062af53f0b5d487e813
2811,llama-3.2-3b-instruct,25.0,summarize,instruction_following,8350d5bcdf58307739a0842fe34bb74b33d5e300ef685062af53f0b5d487e813
2812,mistral-24b,25.0,summarize,instruction_following,8350d5bcdf58307739a0842fe34bb74b33d5e300ef685062af53f0b5d487e813
2813,mistral-7b,25.0,summarize,instruction_following,8350d5bcdf58307739a0842fe34bb74b33d5e300ef685062af53f0b5d487e813
2814,qwen-2.5-3b-instruct,25.0,summarize,instruction_following,8350d5bcdf58307739a0842fe34bb74b33d5e300ef685062af53f0b5d487e813
2815,qwen-32b,25.0,summarize,instruction_following,8350d5bcdf58307739a0842fe34bb74b33d5e300ef685062af53f0b5d487e813
2816,gemma-3-12b-it,100.0,summarize,instruction_following,86e77df574c229f5015ab227531f11742074933160fbd8284cb7a3b0768f7b71
2817,gemma-3-1b-it,16.6666666666666,summarize,instruction_following,86e77df574c229f5015ab227531f11742074933160fbd8284cb7a3b0768f7b71
2818,gemma-3-4b-it,100.0,summarize,instruction_following,86e77df574c229f5015ab227531f11742074933160fbd8284cb7a3b0768f7b71
2819,llama-3.1-70b-instruct,100.0,summarize,instruction_following,86e77df574c229f5015ab227531f11742074933160fbd8284cb7a3b0768f7b71
2820,llama-3.1-8b-instruct,100.0,summarize,instruction_following,86e77df574c229f5015ab227531f11742074933160fbd8284cb7a3b0768f7b71
2821,llama-3.2-1b-instruct,16.6666666666666,summarize,instruction_following,86e77df574c229f5015ab227531f11742074933160fbd8284cb7a3b0768f7b71
2822,llama-3.2-3b-instruct,33.3333333333333,summarize,instruction_following,86e77df574c229f5015ab227531f11742074933160fbd8284cb7a3b0768f7b71
2823,mistral-24b,33.3333333333333,summarize,instruction_following,86e77df574c229f5015ab227531f11742074933160fbd8284cb7a3b0768f7b71
2824,mistral-7b,33.3333333333333,summarize,instruction_following,86e77df574c229f5015ab227531f11742074933160fbd8284cb7a3b0768f7b71
2825,qwen-2.5-3b-instruct,33.3333333333333,summarize,instruction_following,86e77df574c229f5015ab227531f11742074933160fbd8284cb7a3b0768f7b71
2826,qwen-32b,33.3333333333333,summarize,instruction_following,86e77df574c229f5015ab227531f11742074933160fbd8284cb7a3b0768f7b71
2827,gemma-3-12b-it,100.0,summarize,instruction_following,8fc1c5c49e21ae211841962d87b332743f571538fcecf0bc44108598842df7ee
2828,gemma-3-1b-it,100.0,summarize,instruction_following,8fc1c5c49e21ae211841962d87b332743f571538fcecf0bc44108598842df7ee
2829,gemma-3-4b-it,33.3333333333333,summarize,instruction_following,8fc1c5c49e21ae211841962d87b332743f571538fcecf0bc44108598842df7ee
2830,llama-3.1-70b-instruct,33.3333333333333,summarize,instruction_following,8fc1c5c49e21ae211841962d87b332743f571538fcecf0bc44108598842df7ee
2831,llama-3.1-8b-instruct,33.3333333333333,summarize,instruction_following,8fc1c5c49e21ae211841962d87b332743f571538fcecf0bc44108598842df7ee
2832,llama-3.2-1b-instruct,0.0,summarize,instruction_following,8fc1c5c49e21ae211841962d87b332743f571538fcecf0bc44108598842df7ee
2833,llama-3.2-3b-instruct,33.3333333333333,summarize,instruction_following,8fc1c5c49e21ae211841962d87b332743f571538fcecf0bc44108598842df7ee
2834,mistral-24b,16.6666666666666,summarize,instruction_following,8fc1c5c49e21ae211841962d87b332743f571538fcecf0bc44108598842df7ee
2835,mistral-7b,33.3333333333333,summarize,instruction_following,8fc1c5c49e21ae211841962d87b332743f571538fcecf0bc44108598842df7ee
2836,qwen-2.5-3b-instruct,33.3333333333333,summarize,instruction_following,8fc1c5c49e21ae211841962d87b332743f571538fcecf0bc44108598842df7ee
2837,qwen-32b,100.0,summarize,instruction_following,8fc1c5c49e21ae211841962d87b332743f571538fcecf0bc44108598842df7ee
2838,gemma-3-12b-it,100.0,summarize,instruction_following,90b9c26ea6ed97a9a32086f78b0e85cc09ad9578eff9cb2eff8dc272a1c798c1
2839,gemma-3-1b-it,100.0,summarize,instruction_following,90b9c26ea6ed97a9a32086f78b0e85cc09ad9578eff9cb2eff8dc272a1c798c1
2840,gemma-3-4b-it,100.0,summarize,instruction_following,90b9c26ea6ed97a9a32086f78b0e85cc09ad9578eff9cb2eff8dc272a1c798c1
2841,llama-3.1-70b-instruct,100.0,summarize,instruction_following,90b9c26ea6ed97a9a32086f78b0e85cc09ad9578eff9cb2eff8dc272a1c798c1
2842,llama-3.1-8b-instruct,25.0,summarize,instruction_following,90b9c26ea6ed97a9a32086f78b0e85cc09ad9578eff9cb2eff8dc272a1c798c1
2843,llama-3.2-1b-instruct,25.0,summarize,instruction_following,90b9c26ea6ed97a9a32086f78b0e85cc09ad9578eff9cb2eff8dc272a1c798c1
2844,llama-3.2-3b-instruct,25.0,summarize,instruction_following,90b9c26ea6ed97a9a32086f78b0e85cc09ad9578eff9cb2eff8dc272a1c798c1
2845,mistral-24b,25.0,summarize,instruction_following,90b9c26ea6ed97a9a32086f78b0e85cc09ad9578eff9cb2eff8dc272a1c798c1
2846,mistral-7b,100.0,summarize,instruction_following,90b9c26ea6ed97a9a32086f78b0e85cc09ad9578eff9cb2eff8dc272a1c798c1
2847,qwen-2.5-3b-instruct,100.0,summarize,instruction_following,90b9c26ea6ed97a9a32086f78b0e85cc09ad9578eff9cb2eff8dc272a1c798c1
2848,qwen-32b,100.0,summarize,instruction_following,90b9c26ea6ed97a9a32086f78b0e85cc09ad9578eff9cb2eff8dc272a1c798c1
2849,gemma-3-12b-it,100.0,summarize,instruction_following,96a85977383a63cf50e74a23ebc0f70f933c9235d3fbbe875627dbe02891e4a7
2850,gemma-3-1b-it,40.0,summarize,instruction_following,96a85977383a63cf50e74a23ebc0f70f933c9235d3fbbe875627dbe02891e4a7
2851,gemma-3-4b-it,40.0,summarize,instruction_following,96a85977383a63cf50e74a23ebc0f70f933c9235d3fbbe875627dbe02891e4a7
2852,llama-3.1-70b-instruct,100.0,summarize,instruction_following,96a85977383a63cf50e74a23ebc0f70f933c9235d3fbbe875627dbe02891e4a7
2853,llama-3.1-8b-instruct,40.0,summarize,instruction_following,96a85977383a63cf50e74a23ebc0f70f933c9235d3fbbe875627dbe02891e4a7
2854,llama-3.2-1b-instruct,20.0,summarize,instruction_following,96a85977383a63cf50e74a23ebc0f70f933c9235d3fbbe875627dbe02891e4a7
2855,llama-3.2-3b-instruct,40.0,summarize,instruction_following,96a85977383a63cf50e74a23ebc0f70f933c9235d3fbbe875627dbe02891e4a7
2856,mistral-24b,40.0,summarize,instruction_following,96a85977383a63cf50e74a23ebc0f70f933c9235d3fbbe875627dbe02891e4a7
2857,mistral-7b,40.0,summarize,instruction_following,96a85977383a63cf50e74a23ebc0f70f933c9235d3fbbe875627dbe02891e4a7
2858,qwen-2.5-3b-instruct,30.000000000000004,summarize,instruction_following,96a85977383a63cf50e74a23ebc0f70f933c9235d3fbbe875627dbe02891e4a7
2859,qwen-32b,40.0,summarize,instruction_following,96a85977383a63cf50e74a23ebc0f70f933c9235d3fbbe875627dbe02891e4a7
2860,gemma-3-12b-it,100.0,summarize,instruction_following,979c5d0c754222c9d9757fddb9564cc5c7876173edf233f69b5462a712466694
2861,gemma-3-1b-it,25.0,summarize,instruction_following,979c5d0c754222c9d9757fddb9564cc5c7876173edf233f69b5462a712466694
2862,gemma-3-4b-it,100.0,summarize,instruction_following,979c5d0c754222c9d9757fddb9564cc5c7876173edf233f69b5462a712466694
2863,llama-3.1-70b-instruct,100.0,summarize,instruction_following,979c5d0c754222c9d9757fddb9564cc5c7876173edf233f69b5462a712466694
2864,llama-3.1-8b-instruct,25.0,summarize,instruction_following,979c5d0c754222c9d9757fddb9564cc5c7876173edf233f69b5462a712466694
2865,llama-3.2-1b-instruct,25.0,summarize,instruction_following,979c5d0c754222c9d9757fddb9564cc5c7876173edf233f69b5462a712466694
2866,llama-3.2-3b-instruct,25.0,summarize,instruction_following,979c5d0c754222c9d9757fddb9564cc5c7876173edf233f69b5462a712466694
2867,mistral-24b,100.0,summarize,instruction_following,979c5d0c754222c9d9757fddb9564cc5c7876173edf233f69b5462a712466694
2868,mistral-7b,25.0,summarize,instruction_following,979c5d0c754222c9d9757fddb9564cc5c7876173edf233f69b5462a712466694
2869,qwen-2.5-3b-instruct,100.0,summarize,instruction_following,979c5d0c754222c9d9757fddb9564cc5c7876173edf233f69b5462a712466694
2870,qwen-32b,100.0,summarize,instruction_following,979c5d0c754222c9d9757fddb9564cc5c7876173edf233f69b5462a712466694
2871,gemma-3-12b-it,100.0,summarize,instruction_following,97b8d476070e441ae3cbf21a3b76a0fae697cf5c42b39821a7c288ae5a5ca4a9
2872,gemma-3-1b-it,100.0,summarize,instruction_following,97b8d476070e441ae3cbf21a3b76a0fae697cf5c42b39821a7c288ae5a5ca4a9
2873,gemma-3-4b-it,0.0,summarize,instruction_following,97b8d476070e441ae3cbf21a3b76a0fae697cf5c42b39821a7c288ae5a5ca4a9
2874,llama-3.1-70b-instruct,25.0,summarize,instruction_following,97b8d476070e441ae3cbf21a3b76a0fae697cf5c42b39821a7c288ae5a5ca4a9
2875,llama-3.1-8b-instruct,25.0,summarize,instruction_following,97b8d476070e441ae3cbf21a3b76a0fae697cf5c42b39821a7c288ae5a5ca4a9
2876,llama-3.2-1b-instruct,0.0,summarize,instruction_following,97b8d476070e441ae3cbf21a3b76a0fae697cf5c42b39821a7c288ae5a5ca4a9
2877,llama-3.2-3b-instruct,25.0,summarize,instruction_following,97b8d476070e441ae3cbf21a3b76a0fae697cf5c42b39821a7c288ae5a5ca4a9
2878,mistral-24b,100.0,summarize,instruction_following,97b8d476070e441ae3cbf21a3b76a0fae697cf5c42b39821a7c288ae5a5ca4a9
2879,mistral-7b,25.0,summarize,instruction_following,97b8d476070e441ae3cbf21a3b76a0fae697cf5c42b39821a7c288ae5a5ca4a9
2880,qwen-2.5-3b-instruct,25.0,summarize,instruction_following,97b8d476070e441ae3cbf21a3b76a0fae697cf5c42b39821a7c288ae5a5ca4a9
2881,qwen-32b,100.0,summarize,instruction_following,97b8d476070e441ae3cbf21a3b76a0fae697cf5c42b39821a7c288ae5a5ca4a9
2882,gemma-3-12b-it,100.0,summarize,instruction_following,984ab3f5d20d4bb9694a47dc794da39c1e7a59adaf39585b9c8ffb0d5111ae3c
2883,gemma-3-1b-it,100.0,summarize,instruction_following,984ab3f5d20d4bb9694a47dc794da39c1e7a59adaf39585b9c8ffb0d5111ae3c
2884,gemma-3-4b-it,100.0,summarize,instruction_following,984ab3f5d20d4bb9694a47dc794da39c1e7a59adaf39585b9c8ffb0d5111ae3c
2885,llama-3.1-70b-instruct,37.5,summarize,instruction_following,984ab3f5d20d4bb9694a47dc794da39c1e7a59adaf39585b9c8ffb0d5111ae3c
2886,llama-3.1-8b-instruct,37.5,summarize,instruction_following,984ab3f5d20d4bb9694a47dc794da39c1e7a59adaf39585b9c8ffb0d5111ae3c
2887,llama-3.2-1b-instruct,12.5,summarize,instruction_following,984ab3f5d20d4bb9694a47dc794da39c1e7a59adaf39585b9c8ffb0d5111ae3c
2888,llama-3.2-3b-instruct,25.0,summarize,instruction_following,984ab3f5d20d4bb9694a47dc794da39c1e7a59adaf39585b9c8ffb0d5111ae3c
2889,mistral-24b,12.5,summarize,instruction_following,984ab3f5d20d4bb9694a47dc794da39c1e7a59adaf39585b9c8ffb0d5111ae3c
2890,mistral-7b,25.0,summarize,instruction_following,984ab3f5d20d4bb9694a47dc794da39c1e7a59adaf39585b9c8ffb0d5111ae3c
2891,qwen-2.5-3b-instruct,25.0,summarize,instruction_following,984ab3f5d20d4bb9694a47dc794da39c1e7a59adaf39585b9c8ffb0d5111ae3c
2892,qwen-32b,37.5,summarize,instruction_following,984ab3f5d20d4bb9694a47dc794da39c1e7a59adaf39585b9c8ffb0d5111ae3c
2893,gemma-3-12b-it,100.0,summarize,instruction_following,9abae9301cde986f568f3574cc06eda36c8600cfbef988bd6336899468ee98f4
2894,gemma-3-1b-it,100.0,summarize,instruction_following,9abae9301cde986f568f3574cc06eda36c8600cfbef988bd6336899468ee98f4
2895,gemma-3-4b-it,100.0,summarize,instruction_following,9abae9301cde986f568f3574cc06eda36c8600cfbef988bd6336899468ee98f4
2896,llama-3.1-70b-instruct,100.0,summarize,instruction_following,9abae9301cde986f568f3574cc06eda36c8600cfbef988bd6336899468ee98f4
2897,llama-3.1-8b-instruct,100.0,summarize,instruction_following,9abae9301cde986f568f3574cc06eda36c8600cfbef988bd6336899468ee98f4
2898,llama-3.2-1b-instruct,0.0,summarize,instruction_following,9abae9301cde986f568f3574cc06eda36c8600cfbef988bd6336899468ee98f4
2899,llama-3.2-3b-instruct,100.0,summarize,instruction_following,9abae9301cde986f568f3574cc06eda36c8600cfbef988bd6336899468ee98f4
2900,mistral-24b,100.0,summarize,instruction_following,9abae9301cde986f568f3574cc06eda36c8600cfbef988bd6336899468ee98f4
2901,mistral-7b,100.0,summarize,instruction_following,9abae9301cde986f568f3574cc06eda36c8600cfbef988bd6336899468ee98f4
2902,qwen-2.5-3b-instruct,100.0,summarize,instruction_following,9abae9301cde986f568f3574cc06eda36c8600cfbef988bd6336899468ee98f4
2903,qwen-32b,100.0,summarize,instruction_following,9abae9301cde986f568f3574cc06eda36c8600cfbef988bd6336899468ee98f4
2904,gemma-3-12b-it,100.0,summarize,instruction_following,9af81c3651e6dd1c32e5dd02d05afbf258fa3b471b4f4894cb4d257e496a8242
2905,gemma-3-1b-it,37.5,summarize,instruction_following,9af81c3651e6dd1c32e5dd02d05afbf258fa3b471b4f4894cb4d257e496a8242
2906,gemma-3-4b-it,100.0,summarize,instruction_following,9af81c3651e6dd1c32e5dd02d05afbf258fa3b471b4f4894cb4d257e496a8242
2907,llama-3.1-70b-instruct,100.0,summarize,instruction_following,9af81c3651e6dd1c32e5dd02d05afbf258fa3b471b4f4894cb4d257e496a8242
2908,llama-3.1-8b-instruct,37.5,summarize,instruction_following,9af81c3651e6dd1c32e5dd02d05afbf258fa3b471b4f4894cb4d257e496a8242
2909,llama-3.2-1b-instruct,37.5,summarize,instruction_following,9af81c3651e6dd1c32e5dd02d05afbf258fa3b471b4f4894cb4d257e496a8242
2910,llama-3.2-3b-instruct,37.5,summarize,instruction_following,9af81c3651e6dd1c32e5dd02d05afbf258fa3b471b4f4894cb4d257e496a8242
2911,mistral-24b,37.5,summarize,instruction_following,9af81c3651e6dd1c32e5dd02d05afbf258fa3b471b4f4894cb4d257e496a8242
2912,mistral-7b,37.5,summarize,instruction_following,9af81c3651e6dd1c32e5dd02d05afbf258fa3b471b4f4894cb4d257e496a8242
2913,qwen-2.5-3b-instruct,25.0,summarize,instruction_following,9af81c3651e6dd1c32e5dd02d05afbf258fa3b471b4f4894cb4d257e496a8242
2914,qwen-32b,37.5,summarize,instruction_following,9af81c3651e6dd1c32e5dd02d05afbf258fa3b471b4f4894cb4d257e496a8242
2915,gemma-3-12b-it,100.0,summarize,instruction_following,9b13bd6ec24b6d26838c0a27178a5ed74299275f5518b3ee9e5ea26a03ffd2a1
2916,gemma-3-1b-it,25.0,summarize,instruction_following,9b13bd6ec24b6d26838c0a27178a5ed74299275f5518b3ee9e5ea26a03ffd2a1
2917,gemma-3-4b-it,100.0,summarize,instruction_following,9b13bd6ec24b6d26838c0a27178a5ed74299275f5518b3ee9e5ea26a03ffd2a1
2918,llama-3.1-70b-instruct,100.0,summarize,instruction_following,9b13bd6ec24b6d26838c0a27178a5ed74299275f5518b3ee9e5ea26a03ffd2a1
2919,llama-3.1-8b-instruct,100.0,summarize,instruction_following,9b13bd6ec24b6d26838c0a27178a5ed74299275f5518b3ee9e5ea26a03ffd2a1
2920,llama-3.2-1b-instruct,0.0,summarize,instruction_following,9b13bd6ec24b6d26838c0a27178a5ed74299275f5518b3ee9e5ea26a03ffd2a1
2921,llama-3.2-3b-instruct,25.0,summarize,instruction_following,9b13bd6ec24b6d26838c0a27178a5ed74299275f5518b3ee9e5ea26a03ffd2a1
2922,mistral-24b,25.0,summarize,instruction_following,9b13bd6ec24b6d26838c0a27178a5ed74299275f5518b3ee9e5ea26a03ffd2a1
2923,mistral-7b,0.0,summarize,instruction_following,9b13bd6ec24b6d26838c0a27178a5ed74299275f5518b3ee9e5ea26a03ffd2a1
2924,qwen-2.5-3b-instruct,25.0,summarize,instruction_following,9b13bd6ec24b6d26838c0a27178a5ed74299275f5518b3ee9e5ea26a03ffd2a1
2925,qwen-32b,25.0,summarize,instruction_following,9b13bd6ec24b6d26838c0a27178a5ed74299275f5518b3ee9e5ea26a03ffd2a1
2926,gemma-3-12b-it,100.0,summarize,instruction_following,9b3d5fef87fc68026f614821c663fa8a3079863cd2d764079b1dec871dc1fce1
2927,gemma-3-1b-it,25.0,summarize,instruction_following,9b3d5fef87fc68026f614821c663fa8a3079863cd2d764079b1dec871dc1fce1
2928,gemma-3-4b-it,100.0,summarize,instruction_following,9b3d5fef87fc68026f614821c663fa8a3079863cd2d764079b1dec871dc1fce1
2929,llama-3.1-70b-instruct,25.0,summarize,instruction_following,9b3d5fef87fc68026f614821c663fa8a3079863cd2d764079b1dec871dc1fce1
2930,llama-3.1-8b-instruct,25.0,summarize,instruction_following,9b3d5fef87fc68026f614821c663fa8a3079863cd2d764079b1dec871dc1fce1
2931,llama-3.2-1b-instruct,25.0,summarize,instruction_following,9b3d5fef87fc68026f614821c663fa8a3079863cd2d764079b1dec871dc1fce1
2932,llama-3.2-3b-instruct,0.0,summarize,instruction_following,9b3d5fef87fc68026f614821c663fa8a3079863cd2d764079b1dec871dc1fce1
2933,mistral-24b,25.0,summarize,instruction_following,9b3d5fef87fc68026f614821c663fa8a3079863cd2d764079b1dec871dc1fce1
2934,mistral-7b,25.0,summarize,instruction_following,9b3d5fef87fc68026f614821c663fa8a3079863cd2d764079b1dec871dc1fce1
2935,qwen-2.5-3b-instruct,25.0,summarize,instruction_following,9b3d5fef87fc68026f614821c663fa8a3079863cd2d764079b1dec871dc1fce1
2936,qwen-32b,25.0,summarize,instruction_following,9b3d5fef87fc68026f614821c663fa8a3079863cd2d764079b1dec871dc1fce1
2937,gemma-3-12b-it,25.0,summarize,instruction_following,abdb9b2d6ffcdd4cb4cab63b383b0fa5fbd401ec089428ac786c8f6ec7ab6139
2938,gemma-3-1b-it,0.0,summarize,instruction_following,abdb9b2d6ffcdd4cb4cab63b383b0fa5fbd401ec089428ac786c8f6ec7ab6139
2939,gemma-3-4b-it,0.0,summarize,instruction_following,abdb9b2d6ffcdd4cb4cab63b383b0fa5fbd401ec089428ac786c8f6ec7ab6139
2940,llama-3.1-70b-instruct,25.0,summarize,instruction_following,abdb9b2d6ffcdd4cb4cab63b383b0fa5fbd401ec089428ac786c8f6ec7ab6139
2941,llama-3.1-8b-instruct,25.0,summarize,instruction_following,abdb9b2d6ffcdd4cb4cab63b383b0fa5fbd401ec089428ac786c8f6ec7ab6139
2942,llama-3.2-1b-instruct,0.0,summarize,instruction_following,abdb9b2d6ffcdd4cb4cab63b383b0fa5fbd401ec089428ac786c8f6ec7ab6139
2943,llama-3.2-3b-instruct,0.0,summarize,instruction_following,abdb9b2d6ffcdd4cb4cab63b383b0fa5fbd401ec089428ac786c8f6ec7ab6139
2944,mistral-24b,100.0,summarize,instruction_following,abdb9b2d6ffcdd4cb4cab63b383b0fa5fbd401ec089428ac786c8f6ec7ab6139
2945,mistral-7b,0.0,summarize,instruction_following,abdb9b2d6ffcdd4cb4cab63b383b0fa5fbd401ec089428ac786c8f6ec7ab6139
2946,qwen-2.5-3b-instruct,0.0,summarize,instruction_following,abdb9b2d6ffcdd4cb4cab63b383b0fa5fbd401ec089428ac786c8f6ec7ab6139
2947,qwen-32b,25.0,summarize,instruction_following,abdb9b2d6ffcdd4cb4cab63b383b0fa5fbd401ec089428ac786c8f6ec7ab6139
2948,gemma-3-12b-it,33.3333333333333,summarize,instruction_following,ac21b975232ecbcbf0a37170b6f5a7255b8fd633c2b24e97654401d106e585c0
2949,gemma-3-1b-it,33.3333333333333,summarize,instruction_following,ac21b975232ecbcbf0a37170b6f5a7255b8fd633c2b24e97654401d106e585c0
2950,gemma-3-4b-it,33.3333333333333,summarize,instruction_following,ac21b975232ecbcbf0a37170b6f5a7255b8fd633c2b24e97654401d106e585c0
2951,llama-3.1-70b-instruct,100.0,summarize,instruction_following,ac21b975232ecbcbf0a37170b6f5a7255b8fd633c2b24e97654401d106e585c0
2952,llama-3.1-8b-instruct,33.3333333333333,summarize,instruction_following,ac21b975232ecbcbf0a37170b6f5a7255b8fd633c2b24e97654401d106e585c0
2953,llama-3.2-1b-instruct,16.6666666666666,summarize,instruction_following,ac21b975232ecbcbf0a37170b6f5a7255b8fd633c2b24e97654401d106e585c0
2954,llama-3.2-3b-instruct,33.3333333333333,summarize,instruction_following,ac21b975232ecbcbf0a37170b6f5a7255b8fd633c2b24e97654401d106e585c0
2955,mistral-24b,16.6666666666666,summarize,instruction_following,ac21b975232ecbcbf0a37170b6f5a7255b8fd633c2b24e97654401d106e585c0
2956,mistral-7b,33.3333333333333,summarize,instruction_following,ac21b975232ecbcbf0a37170b6f5a7255b8fd633c2b24e97654401d106e585c0
2957,qwen-2.5-3b-instruct,33.3333333333333,summarize,instruction_following,ac21b975232ecbcbf0a37170b6f5a7255b8fd633c2b24e97654401d106e585c0
2958,qwen-32b,100.0,summarize,instruction_following,ac21b975232ecbcbf0a37170b6f5a7255b8fd633c2b24e97654401d106e585c0
2959,gemma-3-12b-it,100.0,summarize,instruction_following,affff79c4cf07a359064bf13493146f9f7ff0c000d66c252edf680cb0e5f48a1
2960,gemma-3-1b-it,33.3333333333333,summarize,instruction_following,affff79c4cf07a359064bf13493146f9f7ff0c000d66c252edf680cb0e5f48a1
2961,gemma-3-4b-it,100.0,summarize,instruction_following,affff79c4cf07a359064bf13493146f9f7ff0c000d66c252edf680cb0e5f48a1
2962,llama-3.1-70b-instruct,100.0,summarize,instruction_following,affff79c4cf07a359064bf13493146f9f7ff0c000d66c252edf680cb0e5f48a1
2963,llama-3.1-8b-instruct,16.6666666666666,summarize,instruction_following,affff79c4cf07a359064bf13493146f9f7ff0c000d66c252edf680cb0e5f48a1
2964,llama-3.2-1b-instruct,0.0,summarize,instruction_following,affff79c4cf07a359064bf13493146f9f7ff0c000d66c252edf680cb0e5f48a1
2965,llama-3.2-3b-instruct,0.0,summarize,instruction_following,affff79c4cf07a359064bf13493146f9f7ff0c000d66c252edf680cb0e5f48a1
2966,mistral-24b,33.3333333333333,summarize,instruction_following,affff79c4cf07a359064bf13493146f9f7ff0c000d66c252edf680cb0e5f48a1
2967,mistral-7b,33.3333333333333,summarize,instruction_following,affff79c4cf07a359064bf13493146f9f7ff0c000d66c252edf680cb0e5f48a1
2968,qwen-2.5-3b-instruct,33.3333333333333,summarize,instruction_following,affff79c4cf07a359064bf13493146f9f7ff0c000d66c252edf680cb0e5f48a1
2969,qwen-32b,33.3333333333333,summarize,instruction_following,affff79c4cf07a359064bf13493146f9f7ff0c000d66c252edf680cb0e5f48a1
2970,gemma-3-12b-it,100.0,summarize,instruction_following,b94af60f1bbcdd0bee763a97ff20433dedd06d297164e2f58afc05436d29f813
2971,gemma-3-1b-it,25.0,summarize,instruction_following,b94af60f1bbcdd0bee763a97ff20433dedd06d297164e2f58afc05436d29f813
2972,gemma-3-4b-it,25.0,summarize,instruction_following,b94af60f1bbcdd0bee763a97ff20433dedd06d297164e2f58afc05436d29f813
2973,llama-3.1-70b-instruct,25.0,summarize,instruction_following,b94af60f1bbcdd0bee763a97ff20433dedd06d297164e2f58afc05436d29f813
2974,llama-3.1-8b-instruct,25.0,summarize,instruction_following,b94af60f1bbcdd0bee763a97ff20433dedd06d297164e2f58afc05436d29f813
2975,llama-3.2-1b-instruct,25.0,summarize,instruction_following,b94af60f1bbcdd0bee763a97ff20433dedd06d297164e2f58afc05436d29f813
2976,llama-3.2-3b-instruct,25.0,summarize,instruction_following,b94af60f1bbcdd0bee763a97ff20433dedd06d297164e2f58afc05436d29f813
2977,mistral-24b,100.0,summarize,instruction_following,b94af60f1bbcdd0bee763a97ff20433dedd06d297164e2f58afc05436d29f813
2978,mistral-7b,25.0,summarize,instruction_following,b94af60f1bbcdd0bee763a97ff20433dedd06d297164e2f58afc05436d29f813
2979,qwen-2.5-3b-instruct,25.0,summarize,instruction_following,b94af60f1bbcdd0bee763a97ff20433dedd06d297164e2f58afc05436d29f813
2980,qwen-32b,100.0,summarize,instruction_following,b94af60f1bbcdd0bee763a97ff20433dedd06d297164e2f58afc05436d29f813
2981,gemma-3-12b-it,100.0,summarize,instruction_following,c39904f20dfdd5f63c9260a65d2b8e9c7b5b189a1ee9609f92faccaf27ed99ab
2982,gemma-3-1b-it,33.3333333333333,summarize,instruction_following,c39904f20dfdd5f63c9260a65d2b8e9c7b5b189a1ee9609f92faccaf27ed99ab
2983,gemma-3-4b-it,33.3333333333333,summarize,instruction_following,c39904f20dfdd5f63c9260a65d2b8e9c7b5b189a1ee9609f92faccaf27ed99ab
2984,llama-3.1-70b-instruct,100.0,summarize,instruction_following,c39904f20dfdd5f63c9260a65d2b8e9c7b5b189a1ee9609f92faccaf27ed99ab
2985,llama-3.1-8b-instruct,33.3333333333333,summarize,instruction_following,c39904f20dfdd5f63c9260a65d2b8e9c7b5b189a1ee9609f92faccaf27ed99ab
2986,llama-3.2-1b-instruct,33.3333333333333,summarize,instruction_following,c39904f20dfdd5f63c9260a65d2b8e9c7b5b189a1ee9609f92faccaf27ed99ab
2987,llama-3.2-3b-instruct,100.0,summarize,instruction_following,c39904f20dfdd5f63c9260a65d2b8e9c7b5b189a1ee9609f92faccaf27ed99ab
2988,mistral-24b,33.3333333333333,summarize,instruction_following,c39904f20dfdd5f63c9260a65d2b8e9c7b5b189a1ee9609f92faccaf27ed99ab
2989,mistral-7b,33.3333333333333,summarize,instruction_following,c39904f20dfdd5f63c9260a65d2b8e9c7b5b189a1ee9609f92faccaf27ed99ab
2990,qwen-2.5-3b-instruct,33.3333333333333,summarize,instruction_following,c39904f20dfdd5f63c9260a65d2b8e9c7b5b189a1ee9609f92faccaf27ed99ab
2991,qwen-32b,33.3333333333333,summarize,instruction_following,c39904f20dfdd5f63c9260a65d2b8e9c7b5b189a1ee9609f92faccaf27ed99ab
2992,gemma-3-12b-it,33.3333333333333,summarize,instruction_following,cae6b835d8aefac4f354d30676962129b3b08095f75897ba18bd7a403fe0d8ea
2993,gemma-3-1b-it,33.3333333333333,summarize,instruction_following,cae6b835d8aefac4f354d30676962129b3b08095f75897ba18bd7a403fe0d8ea
2994,gemma-3-4b-it,33.3333333333333,summarize,instruction_following,cae6b835d8aefac4f354d30676962129b3b08095f75897ba18bd7a403fe0d8ea
2995,llama-3.1-70b-instruct,33.3333333333333,summarize,instruction_following,cae6b835d8aefac4f354d30676962129b3b08095f75897ba18bd7a403fe0d8ea
2996,llama-3.1-8b-instruct,33.3333333333333,summarize,instruction_following,cae6b835d8aefac4f354d30676962129b3b08095f75897ba18bd7a403fe0d8ea
2997,llama-3.2-1b-instruct,16.6666666666666,summarize,instruction_following,cae6b835d8aefac4f354d30676962129b3b08095f75897ba18bd7a403fe0d8ea
2998,llama-3.2-3b-instruct,33.3333333333333,summarize,instruction_following,cae6b835d8aefac4f354d30676962129b3b08095f75897ba18bd7a403fe0d8ea
2999,mistral-24b,33.3333333333333,summarize,instruction_following,cae6b835d8aefac4f354d30676962129b3b08095f75897ba18bd7a403fe0d8ea
3000,mistral-7b,33.3333333333333,summarize,instruction_following,cae6b835d8aefac4f354d30676962129b3b08095f75897ba18bd7a403fe0d8ea
3001,qwen-2.5-3b-instruct,16.6666666666666,summarize,instruction_following,cae6b835d8aefac4f354d30676962129b3b08095f75897ba18bd7a403fe0d8ea
3002,qwen-32b,33.3333333333333,summarize,instruction_following,cae6b835d8aefac4f354d30676962129b3b08095f75897ba18bd7a403fe0d8ea
3003,gemma-3-12b-it,33.3333333333333,summarize,instruction_following,cf121245e24dce51fbdf1d60d037dfc056e3972738f923b254c7abc284c4d8e1
3004,gemma-3-1b-it,33.3333333333333,summarize,instruction_following,cf121245e24dce51fbdf1d60d037dfc056e3972738f923b254c7abc284c4d8e1
3005,gemma-3-4b-it,33.3333333333333,summarize,instruction_following,cf121245e24dce51fbdf1d60d037dfc056e3972738f923b254c7abc284c4d8e1
3006,llama-3.1-70b-instruct,33.3333333333333,summarize,instruction_following,cf121245e24dce51fbdf1d60d037dfc056e3972738f923b254c7abc284c4d8e1
3007,llama-3.1-8b-instruct,33.3333333333333,summarize,instruction_following,cf121245e24dce51fbdf1d60d037dfc056e3972738f923b254c7abc284c4d8e1
3008,llama-3.2-1b-instruct,33.3333333333333,summarize,instruction_following,cf121245e24dce51fbdf1d60d037dfc056e3972738f923b254c7abc284c4d8e1
3009,llama-3.2-3b-instruct,33.3333333333333,summarize,instruction_following,cf121245e24dce51fbdf1d60d037dfc056e3972738f923b254c7abc284c4d8e1
3010,mistral-24b,16.6666666666666,summarize,instruction_following,cf121245e24dce51fbdf1d60d037dfc056e3972738f923b254c7abc284c4d8e1
3011,mistral-7b,16.6666666666666,summarize,instruction_following,cf121245e24dce51fbdf1d60d037dfc056e3972738f923b254c7abc284c4d8e1
3012,qwen-2.5-3b-instruct,33.3333333333333,summarize,instruction_following,cf121245e24dce51fbdf1d60d037dfc056e3972738f923b254c7abc284c4d8e1
3013,qwen-32b,100.0,summarize,instruction_following,cf121245e24dce51fbdf1d60d037dfc056e3972738f923b254c7abc284c4d8e1
3014,gemma-3-12b-it,100.0,summarize,instruction_following,d17e20f53e46befedb93ee30550a5e5a7d2e708aa1d8fe6d41d29f29c9d12ef7
3015,gemma-3-1b-it,30.000000000000004,summarize,instruction_following,d17e20f53e46befedb93ee30550a5e5a7d2e708aa1d8fe6d41d29f29c9d12ef7
3016,gemma-3-4b-it,30.000000000000004,summarize,instruction_following,d17e20f53e46befedb93ee30550a5e5a7d2e708aa1d8fe6d41d29f29c9d12ef7
3017,llama-3.1-70b-instruct,40.0,summarize,instruction_following,d17e20f53e46befedb93ee30550a5e5a7d2e708aa1d8fe6d41d29f29c9d12ef7
3018,llama-3.1-8b-instruct,30.000000000000004,summarize,instruction_following,d17e20f53e46befedb93ee30550a5e5a7d2e708aa1d8fe6d41d29f29c9d12ef7
3019,llama-3.2-1b-instruct,20.0,summarize,instruction_following,d17e20f53e46befedb93ee30550a5e5a7d2e708aa1d8fe6d41d29f29c9d12ef7
3020,llama-3.2-3b-instruct,30.000000000000004,summarize,instruction_following,d17e20f53e46befedb93ee30550a5e5a7d2e708aa1d8fe6d41d29f29c9d12ef7
3021,mistral-24b,30.000000000000004,summarize,instruction_following,d17e20f53e46befedb93ee30550a5e5a7d2e708aa1d8fe6d41d29f29c9d12ef7
3022,mistral-7b,20.0,summarize,instruction_following,d17e20f53e46befedb93ee30550a5e5a7d2e708aa1d8fe6d41d29f29c9d12ef7
3023,qwen-2.5-3b-instruct,10.0,summarize,instruction_following,d17e20f53e46befedb93ee30550a5e5a7d2e708aa1d8fe6d41d29f29c9d12ef7
3024,qwen-32b,30.000000000000004,summarize,instruction_following,d17e20f53e46befedb93ee30550a5e5a7d2e708aa1d8fe6d41d29f29c9d12ef7
3025,gemma-3-12b-it,100.0,summarize,instruction_following,d4c0187b436a03f645e0ef2bd4e72c1583ebb3b8b1ca03bd84be3e16a6e9c223
3026,gemma-3-1b-it,33.3333333333333,summarize,instruction_following,d4c0187b436a03f645e0ef2bd4e72c1583ebb3b8b1ca03bd84be3e16a6e9c223
3027,gemma-3-4b-it,16.6666666666666,summarize,instruction_following,d4c0187b436a03f645e0ef2bd4e72c1583ebb3b8b1ca03bd84be3e16a6e9c223
3028,llama-3.1-70b-instruct,33.3333333333333,summarize,instruction_following,d4c0187b436a03f645e0ef2bd4e72c1583ebb3b8b1ca03bd84be3e16a6e9c223
3029,llama-3.1-8b-instruct,16.6666666666666,summarize,instruction_following,d4c0187b436a03f645e0ef2bd4e72c1583ebb3b8b1ca03bd84be3e16a6e9c223
3030,llama-3.2-1b-instruct,16.6666666666666,summarize,instruction_following,d4c0187b436a03f645e0ef2bd4e72c1583ebb3b8b1ca03bd84be3e16a6e9c223
3031,llama-3.2-3b-instruct,33.3333333333333,summarize,instruction_following,d4c0187b436a03f645e0ef2bd4e72c1583ebb3b8b1ca03bd84be3e16a6e9c223
3032,mistral-24b,16.6666666666666,summarize,instruction_following,d4c0187b436a03f645e0ef2bd4e72c1583ebb3b8b1ca03bd84be3e16a6e9c223
3033,mistral-7b,16.6666666666666,summarize,instruction_following,d4c0187b436a03f645e0ef2bd4e72c1583ebb3b8b1ca03bd84be3e16a6e9c223
3034,qwen-2.5-3b-instruct,16.6666666666666,summarize,instruction_following,d4c0187b436a03f645e0ef2bd4e72c1583ebb3b8b1ca03bd84be3e16a6e9c223
3035,qwen-32b,33.3333333333333,summarize,instruction_following,d4c0187b436a03f645e0ef2bd4e72c1583ebb3b8b1ca03bd84be3e16a6e9c223
3036,gemma-3-12b-it,100.0,summarize,instruction_following,e29beb219634e4a62b3f73e853caa1b0e33244b1440359606b6f3daa4206e003
3037,gemma-3-1b-it,100.0,summarize,instruction_following,e29beb219634e4a62b3f73e853caa1b0e33244b1440359606b6f3daa4206e003
3038,gemma-3-4b-it,100.0,summarize,instruction_following,e29beb219634e4a62b3f73e853caa1b0e33244b1440359606b6f3daa4206e003
3039,llama-3.1-70b-instruct,25.0,summarize,instruction_following,e29beb219634e4a62b3f73e853caa1b0e33244b1440359606b6f3daa4206e003
3040,llama-3.1-8b-instruct,100.0,summarize,instruction_following,e29beb219634e4a62b3f73e853caa1b0e33244b1440359606b6f3daa4206e003
3041,llama-3.2-1b-instruct,25.0,summarize,instruction_following,e29beb219634e4a62b3f73e853caa1b0e33244b1440359606b6f3daa4206e003
3042,llama-3.2-3b-instruct,100.0,summarize,instruction_following,e29beb219634e4a62b3f73e853caa1b0e33244b1440359606b6f3daa4206e003
3043,mistral-24b,25.0,summarize,instruction_following,e29beb219634e4a62b3f73e853caa1b0e33244b1440359606b6f3daa4206e003
3044,mistral-7b,25.0,summarize,instruction_following,e29beb219634e4a62b3f73e853caa1b0e33244b1440359606b6f3daa4206e003
3045,qwen-2.5-3b-instruct,25.0,summarize,instruction_following,e29beb219634e4a62b3f73e853caa1b0e33244b1440359606b6f3daa4206e003
3046,qwen-32b,25.0,summarize,instruction_following,e29beb219634e4a62b3f73e853caa1b0e33244b1440359606b6f3daa4206e003
3047,gemma-3-12b-it,100.0,summarize,instruction_following,e743373c521ba048e978ac6eaa78c203838a40f8220f1c5014e01d0a5daf3442
3048,gemma-3-1b-it,33.3333333333333,summarize,instruction_following,e743373c521ba048e978ac6eaa78c203838a40f8220f1c5014e01d0a5daf3442
3049,gemma-3-4b-it,100.0,summarize,instruction_following,e743373c521ba048e978ac6eaa78c203838a40f8220f1c5014e01d0a5daf3442
3050,llama-3.1-70b-instruct,16.6666666666666,summarize,instruction_following,e743373c521ba048e978ac6eaa78c203838a40f8220f1c5014e01d0a5daf3442
3051,llama-3.1-8b-instruct,33.3333333333333,summarize,instruction_following,e743373c521ba048e978ac6eaa78c203838a40f8220f1c5014e01d0a5daf3442
3052,llama-3.2-1b-instruct,16.6666666666666,summarize,instruction_following,e743373c521ba048e978ac6eaa78c203838a40f8220f1c5014e01d0a5daf3442
3053,llama-3.2-3b-instruct,16.6666666666666,summarize,instruction_following,e743373c521ba048e978ac6eaa78c203838a40f8220f1c5014e01d0a5daf3442
3054,mistral-24b,16.6666666666666,summarize,instruction_following,e743373c521ba048e978ac6eaa78c203838a40f8220f1c5014e01d0a5daf3442
3055,mistral-7b,16.6666666666666,summarize,instruction_following,e743373c521ba048e978ac6eaa78c203838a40f8220f1c5014e01d0a5daf3442
3056,qwen-2.5-3b-instruct,16.6666666666666,summarize,instruction_following,e743373c521ba048e978ac6eaa78c203838a40f8220f1c5014e01d0a5daf3442
3057,qwen-32b,33.3333333333333,summarize,instruction_following,e743373c521ba048e978ac6eaa78c203838a40f8220f1c5014e01d0a5daf3442
3058,gemma-3-12b-it,100.0,summarize,instruction_following,e82f3903e07a703bc0a123ce7c33fdb48ed0392424e78fee0838fbdf04a4df89
3059,gemma-3-1b-it,33.3333333333333,summarize,instruction_following,e82f3903e07a703bc0a123ce7c33fdb48ed0392424e78fee0838fbdf04a4df89
3060,gemma-3-4b-it,33.3333333333333,summarize,instruction_following,e82f3903e07a703bc0a123ce7c33fdb48ed0392424e78fee0838fbdf04a4df89
3061,llama-3.1-70b-instruct,100.0,summarize,instruction_following,e82f3903e07a703bc0a123ce7c33fdb48ed0392424e78fee0838fbdf04a4df89
3062,llama-3.1-8b-instruct,100.0,summarize,instruction_following,e82f3903e07a703bc0a123ce7c33fdb48ed0392424e78fee0838fbdf04a4df89
3063,llama-3.2-1b-instruct,33.3333333333333,summarize,instruction_following,e82f3903e07a703bc0a123ce7c33fdb48ed0392424e78fee0838fbdf04a4df89
3064,llama-3.2-3b-instruct,33.3333333333333,summarize,instruction_following,e82f3903e07a703bc0a123ce7c33fdb48ed0392424e78fee0838fbdf04a4df89
3065,mistral-24b,100.0,summarize,instruction_following,e82f3903e07a703bc0a123ce7c33fdb48ed0392424e78fee0838fbdf04a4df89
3066,mistral-7b,33.3333333333333,summarize,instruction_following,e82f3903e07a703bc0a123ce7c33fdb48ed0392424e78fee0838fbdf04a4df89
3067,qwen-2.5-3b-instruct,33.3333333333333,summarize,instruction_following,e82f3903e07a703bc0a123ce7c33fdb48ed0392424e78fee0838fbdf04a4df89
3068,qwen-32b,100.0,summarize,instruction_following,e82f3903e07a703bc0a123ce7c33fdb48ed0392424e78fee0838fbdf04a4df89
3069,gemma-3-12b-it,37.5,summarize,instruction_following,ea77eae86c3ed7f4d23bd01b7890e281f98d7ab6c2ea49311db5494eafa2015f
3070,gemma-3-1b-it,25.0,summarize,instruction_following,ea77eae86c3ed7f4d23bd01b7890e281f98d7ab6c2ea49311db5494eafa2015f
3071,gemma-3-4b-it,25.0,summarize,instruction_following,ea77eae86c3ed7f4d23bd01b7890e281f98d7ab6c2ea49311db5494eafa2015f
3072,llama-3.1-70b-instruct,37.5,summarize,instruction_following,ea77eae86c3ed7f4d23bd01b7890e281f98d7ab6c2ea49311db5494eafa2015f
3073,llama-3.1-8b-instruct,25.0,summarize,instruction_following,ea77eae86c3ed7f4d23bd01b7890e281f98d7ab6c2ea49311db5494eafa2015f
3074,llama-3.2-1b-instruct,25.0,summarize,instruction_following,ea77eae86c3ed7f4d23bd01b7890e281f98d7ab6c2ea49311db5494eafa2015f
3075,llama-3.2-3b-instruct,25.0,summarize,instruction_following,ea77eae86c3ed7f4d23bd01b7890e281f98d7ab6c2ea49311db5494eafa2015f
3076,mistral-24b,37.5,summarize,instruction_following,ea77eae86c3ed7f4d23bd01b7890e281f98d7ab6c2ea49311db5494eafa2015f
3077,mistral-7b,37.5,summarize,instruction_following,ea77eae86c3ed7f4d23bd01b7890e281f98d7ab6c2ea49311db5494eafa2015f
3078,qwen-2.5-3b-instruct,37.5,summarize,instruction_following,ea77eae86c3ed7f4d23bd01b7890e281f98d7ab6c2ea49311db5494eafa2015f
3079,qwen-32b,25.0,summarize,instruction_following,ea77eae86c3ed7f4d23bd01b7890e281f98d7ab6c2ea49311db5494eafa2015f
3080,gemma-3-12b-it,100.0,summarize,instruction_following,eefd7562fb00c75f1c032054480f823ac688a51107058c6c70baca63bc74b053
3081,gemma-3-1b-it,12.5,summarize,instruction_following,eefd7562fb00c75f1c032054480f823ac688a51107058c6c70baca63bc74b053
3082,gemma-3-4b-it,25.0,summarize,instruction_following,eefd7562fb00c75f1c032054480f823ac688a51107058c6c70baca63bc74b053
3083,llama-3.1-70b-instruct,37.5,summarize,instruction_following,eefd7562fb00c75f1c032054480f823ac688a51107058c6c70baca63bc74b053
3084,llama-3.1-8b-instruct,12.5,summarize,instruction_following,eefd7562fb00c75f1c032054480f823ac688a51107058c6c70baca63bc74b053
3085,llama-3.2-1b-instruct,12.5,summarize,instruction_following,eefd7562fb00c75f1c032054480f823ac688a51107058c6c70baca63bc74b053
3086,llama-3.2-3b-instruct,100.0,summarize,instruction_following,eefd7562fb00c75f1c032054480f823ac688a51107058c6c70baca63bc74b053
3087,mistral-24b,25.0,summarize,instruction_following,eefd7562fb00c75f1c032054480f823ac688a51107058c6c70baca63bc74b053
3088,mistral-7b,12.5,summarize,instruction_following,eefd7562fb00c75f1c032054480f823ac688a51107058c6c70baca63bc74b053
3089,qwen-2.5-3b-instruct,25.0,summarize,instruction_following,eefd7562fb00c75f1c032054480f823ac688a51107058c6c70baca63bc74b053
3090,qwen-32b,100.0,summarize,instruction_following,eefd7562fb00c75f1c032054480f823ac688a51107058c6c70baca63bc74b053
3091,gemma-3-12b-it,33.3333333333333,summarize,instruction_following,f78e08310e88c279b1a01f6e2287b69174786bffa80754ffa5221a3538ccd53e
3092,gemma-3-1b-it,33.3333333333333,summarize,instruction_following,f78e08310e88c279b1a01f6e2287b69174786bffa80754ffa5221a3538ccd53e
3093,gemma-3-4b-it,16.6666666666666,summarize,instruction_following,f78e08310e88c279b1a01f6e2287b69174786bffa80754ffa5221a3538ccd53e
3094,llama-3.1-70b-instruct,33.3333333333333,summarize,instruction_following,f78e08310e88c279b1a01f6e2287b69174786bffa80754ffa5221a3538ccd53e
3095,llama-3.1-8b-instruct,33.3333333333333,summarize,instruction_following,f78e08310e88c279b1a01f6e2287b69174786bffa80754ffa5221a3538ccd53e
3096,llama-3.2-1b-instruct,33.3333333333333,summarize,instruction_following,f78e08310e88c279b1a01f6e2287b69174786bffa80754ffa5221a3538ccd53e
3097,llama-3.2-3b-instruct,33.3333333333333,summarize,instruction_following,f78e08310e88c279b1a01f6e2287b69174786bffa80754ffa5221a3538ccd53e
3098,mistral-24b,33.3333333333333,summarize,instruction_following,f78e08310e88c279b1a01f6e2287b69174786bffa80754ffa5221a3538ccd53e
3099,mistral-7b,33.3333333333333,summarize,instruction_following,f78e08310e88c279b1a01f6e2287b69174786bffa80754ffa5221a3538ccd53e
3100,qwen-2.5-3b-instruct,33.3333333333333,summarize,instruction_following,f78e08310e88c279b1a01f6e2287b69174786bffa80754ffa5221a3538ccd53e
3101,qwen-32b,33.3333333333333,summarize,instruction_following,f78e08310e88c279b1a01f6e2287b69174786bffa80754ffa5221a3538ccd53e
3102,gemma-3-12b-it,40.0,paraphrase,instruction_following,0a0385df33f3d95602ab7f1a78de0bfc276cd8067d27336188e84341cdd02032
3103,gemma-3-1b-it,30.000000000000004,paraphrase,instruction_following,0a0385df33f3d95602ab7f1a78de0bfc276cd8067d27336188e84341cdd02032
3104,gemma-3-4b-it,30.000000000000004,paraphrase,instruction_following,0a0385df33f3d95602ab7f1a78de0bfc276cd8067d27336188e84341cdd02032
3105,llama-3.1-70b-instruct,30.000000000000004,paraphrase,instruction_following,0a0385df33f3d95602ab7f1a78de0bfc276cd8067d27336188e84341cdd02032
3106,llama-3.1-8b-instruct,20.0,paraphrase,instruction_following,0a0385df33f3d95602ab7f1a78de0bfc276cd8067d27336188e84341cdd02032
3107,llama-3.2-1b-instruct,30.000000000000004,paraphrase,instruction_following,0a0385df33f3d95602ab7f1a78de0bfc276cd8067d27336188e84341cdd02032
3108,llama-3.2-3b-instruct,30.000000000000004,paraphrase,instruction_following,0a0385df33f3d95602ab7f1a78de0bfc276cd8067d27336188e84341cdd02032
3109,mistral-24b,20.0,paraphrase,instruction_following,0a0385df33f3d95602ab7f1a78de0bfc276cd8067d27336188e84341cdd02032
3110,mistral-7b,20.0,paraphrase,instruction_following,0a0385df33f3d95602ab7f1a78de0bfc276cd8067d27336188e84341cdd02032
3111,qwen-2.5-3b-instruct,40.0,paraphrase,instruction_following,0a0385df33f3d95602ab7f1a78de0bfc276cd8067d27336188e84341cdd02032
3112,qwen-32b,30.000000000000004,paraphrase,instruction_following,0a0385df33f3d95602ab7f1a78de0bfc276cd8067d27336188e84341cdd02032
3113,gemma-3-12b-it,100.0,paraphrase,instruction_following,0cf5814b25d7aa0420a7d6d8f03e0ccd977c61fb996be04f8c3221153ba1f005
3114,gemma-3-1b-it,37.5,paraphrase,instruction_following,0cf5814b25d7aa0420a7d6d8f03e0ccd977c61fb996be04f8c3221153ba1f005
3115,gemma-3-4b-it,100.0,paraphrase,instruction_following,0cf5814b25d7aa0420a7d6d8f03e0ccd977c61fb996be04f8c3221153ba1f005
3116,llama-3.1-70b-instruct,100.0,paraphrase,instruction_following,0cf5814b25d7aa0420a7d6d8f03e0ccd977c61fb996be04f8c3221153ba1f005
3117,llama-3.1-8b-instruct,37.5,paraphrase,instruction_following,0cf5814b25d7aa0420a7d6d8f03e0ccd977c61fb996be04f8c3221153ba1f005
3118,llama-3.2-1b-instruct,37.5,paraphrase,instruction_following,0cf5814b25d7aa0420a7d6d8f03e0ccd977c61fb996be04f8c3221153ba1f005
3119,llama-3.2-3b-instruct,100.0,paraphrase,instruction_following,0cf5814b25d7aa0420a7d6d8f03e0ccd977c61fb996be04f8c3221153ba1f005
3120,mistral-24b,25.0,paraphrase,instruction_following,0cf5814b25d7aa0420a7d6d8f03e0ccd977c61fb996be04f8c3221153ba1f005
3121,mistral-7b,37.5,paraphrase,instruction_following,0cf5814b25d7aa0420a7d6d8f03e0ccd977c61fb996be04f8c3221153ba1f005
3122,qwen-2.5-3b-instruct,37.5,paraphrase,instruction_following,0cf5814b25d7aa0420a7d6d8f03e0ccd977c61fb996be04f8c3221153ba1f005
3123,qwen-32b,37.5,paraphrase,instruction_following,0cf5814b25d7aa0420a7d6d8f03e0ccd977c61fb996be04f8c3221153ba1f005
3124,gemma-3-12b-it,100.0,paraphrase,instruction_following,0f90f3ed7d95e22249b1376b7f31afddcf5f6de2f813cd91d64f4f3c47bfb129
3125,gemma-3-1b-it,0.0,paraphrase,instruction_following,0f90f3ed7d95e22249b1376b7f31afddcf5f6de2f813cd91d64f4f3c47bfb129
3126,gemma-3-4b-it,25.0,paraphrase,instruction_following,0f90f3ed7d95e22249b1376b7f31afddcf5f6de2f813cd91d64f4f3c47bfb129
3127,llama-3.1-70b-instruct,100.0,paraphrase,instruction_following,0f90f3ed7d95e22249b1376b7f31afddcf5f6de2f813cd91d64f4f3c47bfb129
3128,llama-3.1-8b-instruct,25.0,paraphrase,instruction_following,0f90f3ed7d95e22249b1376b7f31afddcf5f6de2f813cd91d64f4f3c47bfb129
3129,llama-3.2-1b-instruct,0.0,paraphrase,instruction_following,0f90f3ed7d95e22249b1376b7f31afddcf5f6de2f813cd91d64f4f3c47bfb129
3130,llama-3.2-3b-instruct,100.0,paraphrase,instruction_following,0f90f3ed7d95e22249b1376b7f31afddcf5f6de2f813cd91d64f4f3c47bfb129
3131,mistral-24b,100.0,paraphrase,instruction_following,0f90f3ed7d95e22249b1376b7f31afddcf5f6de2f813cd91d64f4f3c47bfb129
3132,mistral-7b,0.0,paraphrase,instruction_following,0f90f3ed7d95e22249b1376b7f31afddcf5f6de2f813cd91d64f4f3c47bfb129
3133,qwen-2.5-3b-instruct,0.0,paraphrase,instruction_following,0f90f3ed7d95e22249b1376b7f31afddcf5f6de2f813cd91d64f4f3c47bfb129
3134,qwen-32b,100.0,paraphrase,instruction_following,0f90f3ed7d95e22249b1376b7f31afddcf5f6de2f813cd91d64f4f3c47bfb129
3135,gemma-3-12b-it,100.0,paraphrase,instruction_following,12511f1ecaf9b43b03990406cbc2634eb438a570f7083526de0a4ca894d64371
3136,gemma-3-1b-it,25.0,paraphrase,instruction_following,12511f1ecaf9b43b03990406cbc2634eb438a570f7083526de0a4ca894d64371
3137,gemma-3-4b-it,100.0,paraphrase,instruction_following,12511f1ecaf9b43b03990406cbc2634eb438a570f7083526de0a4ca894d64371
3138,llama-3.1-70b-instruct,100.0,paraphrase,instruction_following,12511f1ecaf9b43b03990406cbc2634eb438a570f7083526de0a4ca894d64371
3139,llama-3.1-8b-instruct,100.0,paraphrase,instruction_following,12511f1ecaf9b43b03990406cbc2634eb438a570f7083526de0a4ca894d64371
3140,llama-3.2-1b-instruct,25.0,paraphrase,instruction_following,12511f1ecaf9b43b03990406cbc2634eb438a570f7083526de0a4ca894d64371
3141,llama-3.2-3b-instruct,100.0,paraphrase,instruction_following,12511f1ecaf9b43b03990406cbc2634eb438a570f7083526de0a4ca894d64371
3142,mistral-24b,100.0,paraphrase,instruction_following,12511f1ecaf9b43b03990406cbc2634eb438a570f7083526de0a4ca894d64371
3143,mistral-7b,100.0,paraphrase,instruction_following,12511f1ecaf9b43b03990406cbc2634eb438a570f7083526de0a4ca894d64371
3144,qwen-2.5-3b-instruct,100.0,paraphrase,instruction_following,12511f1ecaf9b43b03990406cbc2634eb438a570f7083526de0a4ca894d64371
3145,qwen-32b,100.0,paraphrase,instruction_following,12511f1ecaf9b43b03990406cbc2634eb438a570f7083526de0a4ca894d64371
3146,gemma-3-12b-it,100.0,paraphrase,instruction_following,1597a46fa20861cb667a3233363762f3f6df6f4a51fd205fd6b496cfc3f47c09
3147,gemma-3-1b-it,40.0,paraphrase,instruction_following,1597a46fa20861cb667a3233363762f3f6df6f4a51fd205fd6b496cfc3f47c09
3148,gemma-3-4b-it,40.0,paraphrase,instruction_following,1597a46fa20861cb667a3233363762f3f6df6f4a51fd205fd6b496cfc3f47c09
3149,llama-3.1-70b-instruct,100.0,paraphrase,instruction_following,1597a46fa20861cb667a3233363762f3f6df6f4a51fd205fd6b496cfc3f47c09
3150,llama-3.1-8b-instruct,40.0,paraphrase,instruction_following,1597a46fa20861cb667a3233363762f3f6df6f4a51fd205fd6b496cfc3f47c09
3151,llama-3.2-1b-instruct,40.0,paraphrase,instruction_following,1597a46fa20861cb667a3233363762f3f6df6f4a51fd205fd6b496cfc3f47c09
3152,llama-3.2-3b-instruct,40.0,paraphrase,instruction_following,1597a46fa20861cb667a3233363762f3f6df6f4a51fd205fd6b496cfc3f47c09
3153,mistral-24b,100.0,paraphrase,instruction_following,1597a46fa20861cb667a3233363762f3f6df6f4a51fd205fd6b496cfc3f47c09
3154,mistral-7b,40.0,paraphrase,instruction_following,1597a46fa20861cb667a3233363762f3f6df6f4a51fd205fd6b496cfc3f47c09
3155,qwen-2.5-3b-instruct,40.0,paraphrase,instruction_following,1597a46fa20861cb667a3233363762f3f6df6f4a51fd205fd6b496cfc3f47c09
3156,qwen-32b,40.0,paraphrase,instruction_following,1597a46fa20861cb667a3233363762f3f6df6f4a51fd205fd6b496cfc3f47c09
3157,gemma-3-12b-it,100.0,paraphrase,instruction_following,15c6b7596ca96c40d0c142303178478af8d3f9d0f780d2fbad65e0fa411970b7
3158,gemma-3-1b-it,33.3333333333333,paraphrase,instruction_following,15c6b7596ca96c40d0c142303178478af8d3f9d0f780d2fbad65e0fa411970b7
3159,gemma-3-4b-it,100.0,paraphrase,instruction_following,15c6b7596ca96c40d0c142303178478af8d3f9d0f780d2fbad65e0fa411970b7
3160,llama-3.1-70b-instruct,16.6666666666666,paraphrase,instruction_following,15c6b7596ca96c40d0c142303178478af8d3f9d0f780d2fbad65e0fa411970b7
3161,llama-3.1-8b-instruct,16.6666666666666,paraphrase,instruction_following,15c6b7596ca96c40d0c142303178478af8d3f9d0f780d2fbad65e0fa411970b7
3162,llama-3.2-1b-instruct,16.6666666666666,paraphrase,instruction_following,15c6b7596ca96c40d0c142303178478af8d3f9d0f780d2fbad65e0fa411970b7
3163,llama-3.2-3b-instruct,33.3333333333333,paraphrase,instruction_following,15c6b7596ca96c40d0c142303178478af8d3f9d0f780d2fbad65e0fa411970b7
3164,mistral-24b,33.3333333333333,paraphrase,instruction_following,15c6b7596ca96c40d0c142303178478af8d3f9d0f780d2fbad65e0fa411970b7
3165,mistral-7b,16.6666666666666,paraphrase,instruction_following,15c6b7596ca96c40d0c142303178478af8d3f9d0f780d2fbad65e0fa411970b7
3166,qwen-2.5-3b-instruct,16.6666666666666,paraphrase,instruction_following,15c6b7596ca96c40d0c142303178478af8d3f9d0f780d2fbad65e0fa411970b7
3167,qwen-32b,33.3333333333333,paraphrase,instruction_following,15c6b7596ca96c40d0c142303178478af8d3f9d0f780d2fbad65e0fa411970b7
3168,gemma-3-12b-it,37.5,paraphrase,instruction_following,28225eb304ee633f078b9fb205f678e689ec92b0112d3d5f4f9c5d3391f5a67b
3169,gemma-3-1b-it,37.5,paraphrase,instruction_following,28225eb304ee633f078b9fb205f678e689ec92b0112d3d5f4f9c5d3391f5a67b
3170,gemma-3-4b-it,37.5,paraphrase,instruction_following,28225eb304ee633f078b9fb205f678e689ec92b0112d3d5f4f9c5d3391f5a67b
3171,llama-3.1-70b-instruct,100.0,paraphrase,instruction_following,28225eb304ee633f078b9fb205f678e689ec92b0112d3d5f4f9c5d3391f5a67b
3172,llama-3.1-8b-instruct,37.5,paraphrase,instruction_following,28225eb304ee633f078b9fb205f678e689ec92b0112d3d5f4f9c5d3391f5a67b
3173,llama-3.2-1b-instruct,25.0,paraphrase,instruction_following,28225eb304ee633f078b9fb205f678e689ec92b0112d3d5f4f9c5d3391f5a67b
3174,llama-3.2-3b-instruct,37.5,paraphrase,instruction_following,28225eb304ee633f078b9fb205f678e689ec92b0112d3d5f4f9c5d3391f5a67b
3175,mistral-24b,25.0,paraphrase,instruction_following,28225eb304ee633f078b9fb205f678e689ec92b0112d3d5f4f9c5d3391f5a67b
3176,mistral-7b,100.0,paraphrase,instruction_following,28225eb304ee633f078b9fb205f678e689ec92b0112d3d5f4f9c5d3391f5a67b
3177,qwen-2.5-3b-instruct,37.5,paraphrase,instruction_following,28225eb304ee633f078b9fb205f678e689ec92b0112d3d5f4f9c5d3391f5a67b
3178,qwen-32b,37.5,paraphrase,instruction_following,28225eb304ee633f078b9fb205f678e689ec92b0112d3d5f4f9c5d3391f5a67b
3179,gemma-3-12b-it,33.3333333333333,paraphrase,instruction_following,290ddccaf7a24527b8bcc08ea3e07ca14d86f7224c9ccbb03442da4efac0840b
3180,gemma-3-1b-it,16.6666666666666,paraphrase,instruction_following,290ddccaf7a24527b8bcc08ea3e07ca14d86f7224c9ccbb03442da4efac0840b
3181,gemma-3-4b-it,100.0,paraphrase,instruction_following,290ddccaf7a24527b8bcc08ea3e07ca14d86f7224c9ccbb03442da4efac0840b
3182,llama-3.1-70b-instruct,100.0,paraphrase,instruction_following,290ddccaf7a24527b8bcc08ea3e07ca14d86f7224c9ccbb03442da4efac0840b
3183,llama-3.1-8b-instruct,33.3333333333333,paraphrase,instruction_following,290ddccaf7a24527b8bcc08ea3e07ca14d86f7224c9ccbb03442da4efac0840b
3184,llama-3.2-1b-instruct,0.0,paraphrase,instruction_following,290ddccaf7a24527b8bcc08ea3e07ca14d86f7224c9ccbb03442da4efac0840b
3185,llama-3.2-3b-instruct,33.3333333333333,paraphrase,instruction_following,290ddccaf7a24527b8bcc08ea3e07ca14d86f7224c9ccbb03442da4efac0840b
3186,mistral-24b,33.3333333333333,paraphrase,instruction_following,290ddccaf7a24527b8bcc08ea3e07ca14d86f7224c9ccbb03442da4efac0840b
3187,mistral-7b,33.3333333333333,paraphrase,instruction_following,290ddccaf7a24527b8bcc08ea3e07ca14d86f7224c9ccbb03442da4efac0840b
3188,qwen-2.5-3b-instruct,33.3333333333333,paraphrase,instruction_following,290ddccaf7a24527b8bcc08ea3e07ca14d86f7224c9ccbb03442da4efac0840b
3189,qwen-32b,33.3333333333333,paraphrase,instruction_following,290ddccaf7a24527b8bcc08ea3e07ca14d86f7224c9ccbb03442da4efac0840b
3190,gemma-3-12b-it,20.0,paraphrase,instruction_following,2e1fca49ccefcb602c916a6302c061d32aa0eda95112e7cd2ed2506d50811caf
3191,gemma-3-1b-it,30.000000000000004,paraphrase,instruction_following,2e1fca49ccefcb602c916a6302c061d32aa0eda95112e7cd2ed2506d50811caf
3192,gemma-3-4b-it,40.0,paraphrase,instruction_following,2e1fca49ccefcb602c916a6302c061d32aa0eda95112e7cd2ed2506d50811caf
3193,llama-3.1-70b-instruct,100.0,paraphrase,instruction_following,2e1fca49ccefcb602c916a6302c061d32aa0eda95112e7cd2ed2506d50811caf
3194,llama-3.1-8b-instruct,30.000000000000004,paraphrase,instruction_following,2e1fca49ccefcb602c916a6302c061d32aa0eda95112e7cd2ed2506d50811caf
3195,llama-3.2-1b-instruct,10.0,paraphrase,instruction_following,2e1fca49ccefcb602c916a6302c061d32aa0eda95112e7cd2ed2506d50811caf
3196,llama-3.2-3b-instruct,20.0,paraphrase,instruction_following,2e1fca49ccefcb602c916a6302c061d32aa0eda95112e7cd2ed2506d50811caf
3197,mistral-24b,30.000000000000004,paraphrase,instruction_following,2e1fca49ccefcb602c916a6302c061d32aa0eda95112e7cd2ed2506d50811caf
3198,mistral-7b,20.0,paraphrase,instruction_following,2e1fca49ccefcb602c916a6302c061d32aa0eda95112e7cd2ed2506d50811caf
3199,qwen-2.5-3b-instruct,10.0,paraphrase,instruction_following,2e1fca49ccefcb602c916a6302c061d32aa0eda95112e7cd2ed2506d50811caf
3200,qwen-32b,20.0,paraphrase,instruction_following,2e1fca49ccefcb602c916a6302c061d32aa0eda95112e7cd2ed2506d50811caf
3201,gemma-3-12b-it,33.3333333333333,paraphrase,instruction_following,2ff571574542a8b55e3f5f6dde84aaae82a7f75ef56b61fe7f4a09bce170546d
3202,gemma-3-1b-it,33.3333333333333,paraphrase,instruction_following,2ff571574542a8b55e3f5f6dde84aaae82a7f75ef56b61fe7f4a09bce170546d
3203,gemma-3-4b-it,33.3333333333333,paraphrase,instruction_following,2ff571574542a8b55e3f5f6dde84aaae82a7f75ef56b61fe7f4a09bce170546d
3204,llama-3.1-70b-instruct,100.0,paraphrase,instruction_following,2ff571574542a8b55e3f5f6dde84aaae82a7f75ef56b61fe7f4a09bce170546d
3205,llama-3.1-8b-instruct,33.3333333333333,paraphrase,instruction_following,2ff571574542a8b55e3f5f6dde84aaae82a7f75ef56b61fe7f4a09bce170546d
3206,llama-3.2-1b-instruct,33.3333333333333,paraphrase,instruction_following,2ff571574542a8b55e3f5f6dde84aaae82a7f75ef56b61fe7f4a09bce170546d
3207,llama-3.2-3b-instruct,16.6666666666666,paraphrase,instruction_following,2ff571574542a8b55e3f5f6dde84aaae82a7f75ef56b61fe7f4a09bce170546d
3208,mistral-24b,100.0,paraphrase,instruction_following,2ff571574542a8b55e3f5f6dde84aaae82a7f75ef56b61fe7f4a09bce170546d
3209,mistral-7b,100.0,paraphrase,instruction_following,2ff571574542a8b55e3f5f6dde84aaae82a7f75ef56b61fe7f4a09bce170546d
3210,qwen-2.5-3b-instruct,33.3333333333333,paraphrase,instruction_following,2ff571574542a8b55e3f5f6dde84aaae82a7f75ef56b61fe7f4a09bce170546d
3211,qwen-32b,33.3333333333333,paraphrase,instruction_following,2ff571574542a8b55e3f5f6dde84aaae82a7f75ef56b61fe7f4a09bce170546d
3212,gemma-3-12b-it,100.0,paraphrase,instruction_following,35df8fcec24c52c406addabcc9af0ac0b7aef329efb29c4384f53e4ea7a89fb7
3213,gemma-3-1b-it,100.0,paraphrase,instruction_following,35df8fcec24c52c406addabcc9af0ac0b7aef329efb29c4384f53e4ea7a89fb7
3214,gemma-3-4b-it,100.0,paraphrase,instruction_following,35df8fcec24c52c406addabcc9af0ac0b7aef329efb29c4384f53e4ea7a89fb7
3215,llama-3.1-70b-instruct,25.0,paraphrase,instruction_following,35df8fcec24c52c406addabcc9af0ac0b7aef329efb29c4384f53e4ea7a89fb7
3216,llama-3.1-8b-instruct,25.0,paraphrase,instruction_following,35df8fcec24c52c406addabcc9af0ac0b7aef329efb29c4384f53e4ea7a89fb7
3217,llama-3.2-1b-instruct,100.0,paraphrase,instruction_following,35df8fcec24c52c406addabcc9af0ac0b7aef329efb29c4384f53e4ea7a89fb7
3218,llama-3.2-3b-instruct,100.0,paraphrase,instruction_following,35df8fcec24c52c406addabcc9af0ac0b7aef329efb29c4384f53e4ea7a89fb7
3219,mistral-24b,0.0,paraphrase,instruction_following,35df8fcec24c52c406addabcc9af0ac0b7aef329efb29c4384f53e4ea7a89fb7
3220,mistral-7b,0.0,paraphrase,instruction_following,35df8fcec24c52c406addabcc9af0ac0b7aef329efb29c4384f53e4ea7a89fb7
3221,qwen-2.5-3b-instruct,25.0,paraphrase,instruction_following,35df8fcec24c52c406addabcc9af0ac0b7aef329efb29c4384f53e4ea7a89fb7
3222,qwen-32b,100.0,paraphrase,instruction_following,35df8fcec24c52c406addabcc9af0ac0b7aef329efb29c4384f53e4ea7a89fb7
3223,gemma-3-12b-it,40.0,paraphrase,instruction_following,410213754fe7db03895021fa4febcc863e254349b5d67646e92beb22ced4150b
3224,gemma-3-1b-it,20.0,paraphrase,instruction_following,410213754fe7db03895021fa4febcc863e254349b5d67646e92beb22ced4150b
3225,gemma-3-4b-it,30.000000000000004,paraphrase,instruction_following,410213754fe7db03895021fa4febcc863e254349b5d67646e92beb22ced4150b
3226,llama-3.1-70b-instruct,40.0,paraphrase,instruction_following,410213754fe7db03895021fa4febcc863e254349b5d67646e92beb22ced4150b
3227,llama-3.1-8b-instruct,30.000000000000004,paraphrase,instruction_following,410213754fe7db03895021fa4febcc863e254349b5d67646e92beb22ced4150b
3228,llama-3.2-1b-instruct,20.0,paraphrase,instruction_following,410213754fe7db03895021fa4febcc863e254349b5d67646e92beb22ced4150b
3229,llama-3.2-3b-instruct,30.000000000000004,paraphrase,instruction_following,410213754fe7db03895021fa4febcc863e254349b5d67646e92beb22ced4150b
3230,mistral-24b,30.000000000000004,paraphrase,instruction_following,410213754fe7db03895021fa4febcc863e254349b5d67646e92beb22ced4150b
3231,mistral-7b,30.000000000000004,paraphrase,instruction_following,410213754fe7db03895021fa4febcc863e254349b5d67646e92beb22ced4150b
3232,qwen-2.5-3b-instruct,20.0,paraphrase,instruction_following,410213754fe7db03895021fa4febcc863e254349b5d67646e92beb22ced4150b
3233,qwen-32b,30.000000000000004,paraphrase,instruction_following,410213754fe7db03895021fa4febcc863e254349b5d67646e92beb22ced4150b
3234,gemma-3-12b-it,0.0,paraphrase,instruction_following,4671725af24cc8ec52ea8f7424c951274b68cefdb18564131d5938060c77dc56
3235,gemma-3-1b-it,0.0,paraphrase,instruction_following,4671725af24cc8ec52ea8f7424c951274b68cefdb18564131d5938060c77dc56
3236,gemma-3-4b-it,0.0,paraphrase,instruction_following,4671725af24cc8ec52ea8f7424c951274b68cefdb18564131d5938060c77dc56
3237,llama-3.1-70b-instruct,0.0,paraphrase,instruction_following,4671725af24cc8ec52ea8f7424c951274b68cefdb18564131d5938060c77dc56
3238,llama-3.1-8b-instruct,0.0,paraphrase,instruction_following,4671725af24cc8ec52ea8f7424c951274b68cefdb18564131d5938060c77dc56
3239,llama-3.2-1b-instruct,0.0,paraphrase,instruction_following,4671725af24cc8ec52ea8f7424c951274b68cefdb18564131d5938060c77dc56
3240,llama-3.2-3b-instruct,0.0,paraphrase,instruction_following,4671725af24cc8ec52ea8f7424c951274b68cefdb18564131d5938060c77dc56
3241,mistral-24b,0.0,paraphrase,instruction_following,4671725af24cc8ec52ea8f7424c951274b68cefdb18564131d5938060c77dc56
3242,mistral-7b,0.0,paraphrase,instruction_following,4671725af24cc8ec52ea8f7424c951274b68cefdb18564131d5938060c77dc56
3243,qwen-2.5-3b-instruct,0.0,paraphrase,instruction_following,4671725af24cc8ec52ea8f7424c951274b68cefdb18564131d5938060c77dc56
3244,qwen-32b,0.0,paraphrase,instruction_following,4671725af24cc8ec52ea8f7424c951274b68cefdb18564131d5938060c77dc56
3245,gemma-3-12b-it,100.0,paraphrase,instruction_following,480806ded46fba8711fafa728041b8e2fd0a40d9f8e4be4ea7c77ec7101e1a50
3246,gemma-3-1b-it,100.0,paraphrase,instruction_following,480806ded46fba8711fafa728041b8e2fd0a40d9f8e4be4ea7c77ec7101e1a50
3247,gemma-3-4b-it,100.0,paraphrase,instruction_following,480806ded46fba8711fafa728041b8e2fd0a40d9f8e4be4ea7c77ec7101e1a50
3248,llama-3.1-70b-instruct,100.0,paraphrase,instruction_following,480806ded46fba8711fafa728041b8e2fd0a40d9f8e4be4ea7c77ec7101e1a50
3249,llama-3.1-8b-instruct,25.0,paraphrase,instruction_following,480806ded46fba8711fafa728041b8e2fd0a40d9f8e4be4ea7c77ec7101e1a50
3250,llama-3.2-1b-instruct,25.0,paraphrase,instruction_following,480806ded46fba8711fafa728041b8e2fd0a40d9f8e4be4ea7c77ec7101e1a50
3251,llama-3.2-3b-instruct,25.0,paraphrase,instruction_following,480806ded46fba8711fafa728041b8e2fd0a40d9f8e4be4ea7c77ec7101e1a50
3252,mistral-24b,25.0,paraphrase,instruction_following,480806ded46fba8711fafa728041b8e2fd0a40d9f8e4be4ea7c77ec7101e1a50
3253,mistral-7b,100.0,paraphrase,instruction_following,480806ded46fba8711fafa728041b8e2fd0a40d9f8e4be4ea7c77ec7101e1a50
3254,qwen-2.5-3b-instruct,100.0,paraphrase,instruction_following,480806ded46fba8711fafa728041b8e2fd0a40d9f8e4be4ea7c77ec7101e1a50
3255,qwen-32b,100.0,paraphrase,instruction_following,480806ded46fba8711fafa728041b8e2fd0a40d9f8e4be4ea7c77ec7101e1a50
3256,gemma-3-12b-it,100.0,paraphrase,instruction_following,4a1477836cc454a1cc8b3a9a0e383c3abd8ce837dc670f7e396561b1cdf84f56
3257,gemma-3-1b-it,25.0,paraphrase,instruction_following,4a1477836cc454a1cc8b3a9a0e383c3abd8ce837dc670f7e396561b1cdf84f56
3258,gemma-3-4b-it,100.0,paraphrase,instruction_following,4a1477836cc454a1cc8b3a9a0e383c3abd8ce837dc670f7e396561b1cdf84f56
3259,llama-3.1-70b-instruct,100.0,paraphrase,instruction_following,4a1477836cc454a1cc8b3a9a0e383c3abd8ce837dc670f7e396561b1cdf84f56
3260,llama-3.1-8b-instruct,100.0,paraphrase,instruction_following,4a1477836cc454a1cc8b3a9a0e383c3abd8ce837dc670f7e396561b1cdf84f56
3261,llama-3.2-1b-instruct,25.0,paraphrase,instruction_following,4a1477836cc454a1cc8b3a9a0e383c3abd8ce837dc670f7e396561b1cdf84f56
3262,llama-3.2-3b-instruct,12.5,paraphrase,instruction_following,4a1477836cc454a1cc8b3a9a0e383c3abd8ce837dc670f7e396561b1cdf84f56
3263,mistral-24b,37.5,paraphrase,instruction_following,4a1477836cc454a1cc8b3a9a0e383c3abd8ce837dc670f7e396561b1cdf84f56
3264,mistral-7b,25.0,paraphrase,instruction_following,4a1477836cc454a1cc8b3a9a0e383c3abd8ce837dc670f7e396561b1cdf84f56
3265,qwen-2.5-3b-instruct,25.0,paraphrase,instruction_following,4a1477836cc454a1cc8b3a9a0e383c3abd8ce837dc670f7e396561b1cdf84f56
3266,qwen-32b,37.5,paraphrase,instruction_following,4a1477836cc454a1cc8b3a9a0e383c3abd8ce837dc670f7e396561b1cdf84f56
3267,gemma-3-12b-it,33.3333333333333,paraphrase,instruction_following,4c0c2eb1a759ded986ddfbba277e6ac4d0eec9853a8871ae843dffd8c7829a9b
3268,gemma-3-1b-it,100.0,paraphrase,instruction_following,4c0c2eb1a759ded986ddfbba277e6ac4d0eec9853a8871ae843dffd8c7829a9b
3269,gemma-3-4b-it,33.3333333333333,paraphrase,instruction_following,4c0c2eb1a759ded986ddfbba277e6ac4d0eec9853a8871ae843dffd8c7829a9b
3270,llama-3.1-70b-instruct,33.3333333333333,paraphrase,instruction_following,4c0c2eb1a759ded986ddfbba277e6ac4d0eec9853a8871ae843dffd8c7829a9b
3271,llama-3.1-8b-instruct,100.0,paraphrase,instruction_following,4c0c2eb1a759ded986ddfbba277e6ac4d0eec9853a8871ae843dffd8c7829a9b
3272,llama-3.2-1b-instruct,16.6666666666666,paraphrase,instruction_following,4c0c2eb1a759ded986ddfbba277e6ac4d0eec9853a8871ae843dffd8c7829a9b
3273,llama-3.2-3b-instruct,100.0,paraphrase,instruction_following,4c0c2eb1a759ded986ddfbba277e6ac4d0eec9853a8871ae843dffd8c7829a9b
3274,mistral-24b,100.0,paraphrase,instruction_following,4c0c2eb1a759ded986ddfbba277e6ac4d0eec9853a8871ae843dffd8c7829a9b
3275,mistral-7b,16.6666666666666,paraphrase,instruction_following,4c0c2eb1a759ded986ddfbba277e6ac4d0eec9853a8871ae843dffd8c7829a9b
3276,qwen-2.5-3b-instruct,16.6666666666666,paraphrase,instruction_following,4c0c2eb1a759ded986ddfbba277e6ac4d0eec9853a8871ae843dffd8c7829a9b
3277,qwen-32b,33.3333333333333,paraphrase,instruction_following,4c0c2eb1a759ded986ddfbba277e6ac4d0eec9853a8871ae843dffd8c7829a9b
3278,gemma-3-12b-it,37.5,paraphrase,instruction_following,4d4a99c7e19822bf77a525e715685d2113afa6b704b2dd4d80e579ad291f75bb
3279,gemma-3-1b-it,12.5,paraphrase,instruction_following,4d4a99c7e19822bf77a525e715685d2113afa6b704b2dd4d80e579ad291f75bb
3280,gemma-3-4b-it,12.5,paraphrase,instruction_following,4d4a99c7e19822bf77a525e715685d2113afa6b704b2dd4d80e579ad291f75bb
3281,llama-3.1-70b-instruct,37.5,paraphrase,instruction_following,4d4a99c7e19822bf77a525e715685d2113afa6b704b2dd4d80e579ad291f75bb
3282,llama-3.1-8b-instruct,12.5,paraphrase,instruction_following,4d4a99c7e19822bf77a525e715685d2113afa6b704b2dd4d80e579ad291f75bb
3283,llama-3.2-1b-instruct,0.0,paraphrase,instruction_following,4d4a99c7e19822bf77a525e715685d2113afa6b704b2dd4d80e579ad291f75bb
3284,llama-3.2-3b-instruct,37.5,paraphrase,instruction_following,4d4a99c7e19822bf77a525e715685d2113afa6b704b2dd4d80e579ad291f75bb
3285,mistral-24b,12.5,paraphrase,instruction_following,4d4a99c7e19822bf77a525e715685d2113afa6b704b2dd4d80e579ad291f75bb
3286,mistral-7b,37.5,paraphrase,instruction_following,4d4a99c7e19822bf77a525e715685d2113afa6b704b2dd4d80e579ad291f75bb
3287,qwen-2.5-3b-instruct,25.0,paraphrase,instruction_following,4d4a99c7e19822bf77a525e715685d2113afa6b704b2dd4d80e579ad291f75bb
3288,qwen-32b,25.0,paraphrase,instruction_following,4d4a99c7e19822bf77a525e715685d2113afa6b704b2dd4d80e579ad291f75bb
3289,gemma-3-12b-it,100.0,paraphrase,instruction_following,55b713ae1b78dff614707df952ea42548f543397307c164fccd65561c2a0941e
3290,gemma-3-1b-it,100.0,paraphrase,instruction_following,55b713ae1b78dff614707df952ea42548f543397307c164fccd65561c2a0941e
3291,gemma-3-4b-it,100.0,paraphrase,instruction_following,55b713ae1b78dff614707df952ea42548f543397307c164fccd65561c2a0941e
3292,llama-3.1-70b-instruct,100.0,paraphrase,instruction_following,55b713ae1b78dff614707df952ea42548f543397307c164fccd65561c2a0941e
3293,llama-3.1-8b-instruct,100.0,paraphrase,instruction_following,55b713ae1b78dff614707df952ea42548f543397307c164fccd65561c2a0941e
3294,llama-3.2-1b-instruct,0.0,paraphrase,instruction_following,55b713ae1b78dff614707df952ea42548f543397307c164fccd65561c2a0941e
3295,llama-3.2-3b-instruct,100.0,paraphrase,instruction_following,55b713ae1b78dff614707df952ea42548f543397307c164fccd65561c2a0941e
3296,mistral-24b,0.0,paraphrase,instruction_following,55b713ae1b78dff614707df952ea42548f543397307c164fccd65561c2a0941e
3297,mistral-7b,0.0,paraphrase,instruction_following,55b713ae1b78dff614707df952ea42548f543397307c164fccd65561c2a0941e
3298,qwen-2.5-3b-instruct,100.0,paraphrase,instruction_following,55b713ae1b78dff614707df952ea42548f543397307c164fccd65561c2a0941e
3299,qwen-32b,0.0,paraphrase,instruction_following,55b713ae1b78dff614707df952ea42548f543397307c164fccd65561c2a0941e
3300,gemma-3-12b-it,37.5,paraphrase,instruction_following,58a355a7c63a2be44b6181016d32db1d9f209f6d0d82d71f900f4bb5971e42f3
3301,gemma-3-1b-it,12.5,paraphrase,instruction_following,58a355a7c63a2be44b6181016d32db1d9f209f6d0d82d71f900f4bb5971e42f3
3302,gemma-3-4b-it,25.0,paraphrase,instruction_following,58a355a7c63a2be44b6181016d32db1d9f209f6d0d82d71f900f4bb5971e42f3
3303,llama-3.1-70b-instruct,37.5,paraphrase,instruction_following,58a355a7c63a2be44b6181016d32db1d9f209f6d0d82d71f900f4bb5971e42f3
3304,llama-3.1-8b-instruct,37.5,paraphrase,instruction_following,58a355a7c63a2be44b6181016d32db1d9f209f6d0d82d71f900f4bb5971e42f3
3305,llama-3.2-1b-instruct,12.5,paraphrase,instruction_following,58a355a7c63a2be44b6181016d32db1d9f209f6d0d82d71f900f4bb5971e42f3
3306,llama-3.2-3b-instruct,37.5,paraphrase,instruction_following,58a355a7c63a2be44b6181016d32db1d9f209f6d0d82d71f900f4bb5971e42f3
3307,mistral-24b,37.5,paraphrase,instruction_following,58a355a7c63a2be44b6181016d32db1d9f209f6d0d82d71f900f4bb5971e42f3
3308,mistral-7b,100.0,paraphrase,instruction_following,58a355a7c63a2be44b6181016d32db1d9f209f6d0d82d71f900f4bb5971e42f3
3309,qwen-2.5-3b-instruct,37.5,paraphrase,instruction_following,58a355a7c63a2be44b6181016d32db1d9f209f6d0d82d71f900f4bb5971e42f3
3310,qwen-32b,100.0,paraphrase,instruction_following,58a355a7c63a2be44b6181016d32db1d9f209f6d0d82d71f900f4bb5971e42f3
3311,gemma-3-12b-it,100.0,paraphrase,instruction_following,64567c0d3c90ccc2c9a6a8c49461f039236f2cb2932ac452dcb237c51560ab3b
3312,gemma-3-1b-it,25.0,paraphrase,instruction_following,64567c0d3c90ccc2c9a6a8c49461f039236f2cb2932ac452dcb237c51560ab3b
3313,gemma-3-4b-it,100.0,paraphrase,instruction_following,64567c0d3c90ccc2c9a6a8c49461f039236f2cb2932ac452dcb237c51560ab3b
3314,llama-3.1-70b-instruct,100.0,paraphrase,instruction_following,64567c0d3c90ccc2c9a6a8c49461f039236f2cb2932ac452dcb237c51560ab3b
3315,llama-3.1-8b-instruct,100.0,paraphrase,instruction_following,64567c0d3c90ccc2c9a6a8c49461f039236f2cb2932ac452dcb237c51560ab3b
3316,llama-3.2-1b-instruct,25.0,paraphrase,instruction_following,64567c0d3c90ccc2c9a6a8c49461f039236f2cb2932ac452dcb237c51560ab3b
3317,llama-3.2-3b-instruct,100.0,paraphrase,instruction_following,64567c0d3c90ccc2c9a6a8c49461f039236f2cb2932ac452dcb237c51560ab3b
3318,mistral-24b,100.0,paraphrase,instruction_following,64567c0d3c90ccc2c9a6a8c49461f039236f2cb2932ac452dcb237c51560ab3b
3319,mistral-7b,100.0,paraphrase,instruction_following,64567c0d3c90ccc2c9a6a8c49461f039236f2cb2932ac452dcb237c51560ab3b
3320,qwen-2.5-3b-instruct,25.0,paraphrase,instruction_following,64567c0d3c90ccc2c9a6a8c49461f039236f2cb2932ac452dcb237c51560ab3b
3321,qwen-32b,100.0,paraphrase,instruction_following,64567c0d3c90ccc2c9a6a8c49461f039236f2cb2932ac452dcb237c51560ab3b
3322,gemma-3-12b-it,100.0,paraphrase,instruction_following,693c559e842aadf93ddcaba5f140c97aac1419c23fda3c1038c7a690c13b1213
3323,gemma-3-1b-it,20.0,paraphrase,instruction_following,693c559e842aadf93ddcaba5f140c97aac1419c23fda3c1038c7a690c13b1213
3324,gemma-3-4b-it,30.000000000000004,paraphrase,instruction_following,693c559e842aadf93ddcaba5f140c97aac1419c23fda3c1038c7a690c13b1213
3325,llama-3.1-70b-instruct,100.0,paraphrase,instruction_following,693c559e842aadf93ddcaba5f140c97aac1419c23fda3c1038c7a690c13b1213
3326,llama-3.1-8b-instruct,40.0,paraphrase,instruction_following,693c559e842aadf93ddcaba5f140c97aac1419c23fda3c1038c7a690c13b1213
3327,llama-3.2-1b-instruct,10.0,paraphrase,instruction_following,693c559e842aadf93ddcaba5f140c97aac1419c23fda3c1038c7a690c13b1213
3328,llama-3.2-3b-instruct,100.0,paraphrase,instruction_following,693c559e842aadf93ddcaba5f140c97aac1419c23fda3c1038c7a690c13b1213
3329,mistral-24b,40.0,paraphrase,instruction_following,693c559e842aadf93ddcaba5f140c97aac1419c23fda3c1038c7a690c13b1213
3330,mistral-7b,20.0,paraphrase,instruction_following,693c559e842aadf93ddcaba5f140c97aac1419c23fda3c1038c7a690c13b1213
3331,qwen-2.5-3b-instruct,20.0,paraphrase,instruction_following,693c559e842aadf93ddcaba5f140c97aac1419c23fda3c1038c7a690c13b1213
3332,qwen-32b,30.000000000000004,paraphrase,instruction_following,693c559e842aadf93ddcaba5f140c97aac1419c23fda3c1038c7a690c13b1213
3333,gemma-3-12b-it,100.0,paraphrase,instruction_following,6bf63f504a4aec3fcd329841b5eb5346c2655dfd877d7eb1546214ff1bb44442
3334,gemma-3-1b-it,100.0,paraphrase,instruction_following,6bf63f504a4aec3fcd329841b5eb5346c2655dfd877d7eb1546214ff1bb44442
3335,gemma-3-4b-it,100.0,paraphrase,instruction_following,6bf63f504a4aec3fcd329841b5eb5346c2655dfd877d7eb1546214ff1bb44442
3336,llama-3.1-70b-instruct,0.0,paraphrase,instruction_following,6bf63f504a4aec3fcd329841b5eb5346c2655dfd877d7eb1546214ff1bb44442
3337,llama-3.1-8b-instruct,100.0,paraphrase,instruction_following,6bf63f504a4aec3fcd329841b5eb5346c2655dfd877d7eb1546214ff1bb44442
3338,llama-3.2-1b-instruct,100.0,paraphrase,instruction_following,6bf63f504a4aec3fcd329841b5eb5346c2655dfd877d7eb1546214ff1bb44442
3339,llama-3.2-3b-instruct,100.0,paraphrase,instruction_following,6bf63f504a4aec3fcd329841b5eb5346c2655dfd877d7eb1546214ff1bb44442
3340,mistral-24b,100.0,paraphrase,instruction_following,6bf63f504a4aec3fcd329841b5eb5346c2655dfd877d7eb1546214ff1bb44442
3341,mistral-7b,100.0,paraphrase,instruction_following,6bf63f504a4aec3fcd329841b5eb5346c2655dfd877d7eb1546214ff1bb44442
3342,qwen-2.5-3b-instruct,100.0,paraphrase,instruction_following,6bf63f504a4aec3fcd329841b5eb5346c2655dfd877d7eb1546214ff1bb44442
3343,qwen-32b,100.0,paraphrase,instruction_following,6bf63f504a4aec3fcd329841b5eb5346c2655dfd877d7eb1546214ff1bb44442
3344,gemma-3-12b-it,100.0,paraphrase,instruction_following,6d106383360988b0f4a661ed2b5ca6bb4aa0282d19a3b5a5a495823a77302d9d
3345,gemma-3-1b-it,100.0,paraphrase,instruction_following,6d106383360988b0f4a661ed2b5ca6bb4aa0282d19a3b5a5a495823a77302d9d
3346,gemma-3-4b-it,100.0,paraphrase,instruction_following,6d106383360988b0f4a661ed2b5ca6bb4aa0282d19a3b5a5a495823a77302d9d
3347,llama-3.1-70b-instruct,100.0,paraphrase,instruction_following,6d106383360988b0f4a661ed2b5ca6bb4aa0282d19a3b5a5a495823a77302d9d
3348,llama-3.1-8b-instruct,100.0,paraphrase,instruction_following,6d106383360988b0f4a661ed2b5ca6bb4aa0282d19a3b5a5a495823a77302d9d
3349,llama-3.2-1b-instruct,0.0,paraphrase,instruction_following,6d106383360988b0f4a661ed2b5ca6bb4aa0282d19a3b5a5a495823a77302d9d
3350,llama-3.2-3b-instruct,100.0,paraphrase,instruction_following,6d106383360988b0f4a661ed2b5ca6bb4aa0282d19a3b5a5a495823a77302d9d
3351,mistral-24b,100.0,paraphrase,instruction_following,6d106383360988b0f4a661ed2b5ca6bb4aa0282d19a3b5a5a495823a77302d9d
3352,mistral-7b,100.0,paraphrase,instruction_following,6d106383360988b0f4a661ed2b5ca6bb4aa0282d19a3b5a5a495823a77302d9d
3353,qwen-2.5-3b-instruct,100.0,paraphrase,instruction_following,6d106383360988b0f4a661ed2b5ca6bb4aa0282d19a3b5a5a495823a77302d9d
3354,qwen-32b,100.0,paraphrase,instruction_following,6d106383360988b0f4a661ed2b5ca6bb4aa0282d19a3b5a5a495823a77302d9d
3355,gemma-3-12b-it,30.000000000000004,paraphrase,instruction_following,7625b93a9f4aaa0c746ab2698b8adbc66ce263a95f1035654b881c81f8083160
3356,gemma-3-1b-it,10.0,paraphrase,instruction_following,7625b93a9f4aaa0c746ab2698b8adbc66ce263a95f1035654b881c81f8083160
3357,gemma-3-4b-it,20.0,paraphrase,instruction_following,7625b93a9f4aaa0c746ab2698b8adbc66ce263a95f1035654b881c81f8083160
3358,llama-3.1-70b-instruct,40.0,paraphrase,instruction_following,7625b93a9f4aaa0c746ab2698b8adbc66ce263a95f1035654b881c81f8083160
3359,llama-3.1-8b-instruct,10.0,paraphrase,instruction_following,7625b93a9f4aaa0c746ab2698b8adbc66ce263a95f1035654b881c81f8083160
3360,llama-3.2-1b-instruct,20.0,paraphrase,instruction_following,7625b93a9f4aaa0c746ab2698b8adbc66ce263a95f1035654b881c81f8083160
3361,llama-3.2-3b-instruct,40.0,paraphrase,instruction_following,7625b93a9f4aaa0c746ab2698b8adbc66ce263a95f1035654b881c81f8083160
3362,mistral-24b,30.000000000000004,paraphrase,instruction_following,7625b93a9f4aaa0c746ab2698b8adbc66ce263a95f1035654b881c81f8083160
3363,mistral-7b,30.000000000000004,paraphrase,instruction_following,7625b93a9f4aaa0c746ab2698b8adbc66ce263a95f1035654b881c81f8083160
3364,qwen-2.5-3b-instruct,30.000000000000004,paraphrase,instruction_following,7625b93a9f4aaa0c746ab2698b8adbc66ce263a95f1035654b881c81f8083160
3365,qwen-32b,40.0,paraphrase,instruction_following,7625b93a9f4aaa0c746ab2698b8adbc66ce263a95f1035654b881c81f8083160
3366,gemma-3-12b-it,33.3333333333333,paraphrase,instruction_following,804067a46a36538721b46a001cb1a39167aeac890889c84c4a3ec8946df855d1
3367,gemma-3-1b-it,33.3333333333333,paraphrase,instruction_following,804067a46a36538721b46a001cb1a39167aeac890889c84c4a3ec8946df855d1
3368,gemma-3-4b-it,33.3333333333333,paraphrase,instruction_following,804067a46a36538721b46a001cb1a39167aeac890889c84c4a3ec8946df855d1
3369,llama-3.1-70b-instruct,16.6666666666666,paraphrase,instruction_following,804067a46a36538721b46a001cb1a39167aeac890889c84c4a3ec8946df855d1
3370,llama-3.1-8b-instruct,16.6666666666666,paraphrase,instruction_following,804067a46a36538721b46a001cb1a39167aeac890889c84c4a3ec8946df855d1
3371,llama-3.2-1b-instruct,33.3333333333333,paraphrase,instruction_following,804067a46a36538721b46a001cb1a39167aeac890889c84c4a3ec8946df855d1
3372,llama-3.2-3b-instruct,16.6666666666666,paraphrase,instruction_following,804067a46a36538721b46a001cb1a39167aeac890889c84c4a3ec8946df855d1
3373,mistral-24b,16.6666666666666,paraphrase,instruction_following,804067a46a36538721b46a001cb1a39167aeac890889c84c4a3ec8946df855d1
3374,mistral-7b,33.3333333333333,paraphrase,instruction_following,804067a46a36538721b46a001cb1a39167aeac890889c84c4a3ec8946df855d1
3375,qwen-2.5-3b-instruct,16.6666666666666,paraphrase,instruction_following,804067a46a36538721b46a001cb1a39167aeac890889c84c4a3ec8946df855d1
3376,qwen-32b,33.3333333333333,paraphrase,instruction_following,804067a46a36538721b46a001cb1a39167aeac890889c84c4a3ec8946df855d1
3377,gemma-3-12b-it,100.0,paraphrase,instruction_following,804a762a881c117a97334d4c0b60bf44632cc14f93310a4af6588e8fa71fd1ae
3378,gemma-3-1b-it,25.0,paraphrase,instruction_following,804a762a881c117a97334d4c0b60bf44632cc14f93310a4af6588e8fa71fd1ae
3379,gemma-3-4b-it,100.0,paraphrase,instruction_following,804a762a881c117a97334d4c0b60bf44632cc14f93310a4af6588e8fa71fd1ae
3380,llama-3.1-70b-instruct,100.0,paraphrase,instruction_following,804a762a881c117a97334d4c0b60bf44632cc14f93310a4af6588e8fa71fd1ae
3381,llama-3.1-8b-instruct,25.0,paraphrase,instruction_following,804a762a881c117a97334d4c0b60bf44632cc14f93310a4af6588e8fa71fd1ae
3382,llama-3.2-1b-instruct,0.0,paraphrase,instruction_following,804a762a881c117a97334d4c0b60bf44632cc14f93310a4af6588e8fa71fd1ae
3383,llama-3.2-3b-instruct,100.0,paraphrase,instruction_following,804a762a881c117a97334d4c0b60bf44632cc14f93310a4af6588e8fa71fd1ae
3384,mistral-24b,25.0,paraphrase,instruction_following,804a762a881c117a97334d4c0b60bf44632cc14f93310a4af6588e8fa71fd1ae
3385,mistral-7b,100.0,paraphrase,instruction_following,804a762a881c117a97334d4c0b60bf44632cc14f93310a4af6588e8fa71fd1ae
3386,qwen-2.5-3b-instruct,25.0,paraphrase,instruction_following,804a762a881c117a97334d4c0b60bf44632cc14f93310a4af6588e8fa71fd1ae
3387,qwen-32b,100.0,paraphrase,instruction_following,804a762a881c117a97334d4c0b60bf44632cc14f93310a4af6588e8fa71fd1ae
3388,gemma-3-12b-it,100.0,paraphrase,instruction_following,8c22986a688217ccbcb012c0e5b95acf6b0f6464501e0df4a0cf50c3526767d5
3389,gemma-3-1b-it,40.0,paraphrase,instruction_following,8c22986a688217ccbcb012c0e5b95acf6b0f6464501e0df4a0cf50c3526767d5
3390,gemma-3-4b-it,40.0,paraphrase,instruction_following,8c22986a688217ccbcb012c0e5b95acf6b0f6464501e0df4a0cf50c3526767d5
3391,llama-3.1-70b-instruct,40.0,paraphrase,instruction_following,8c22986a688217ccbcb012c0e5b95acf6b0f6464501e0df4a0cf50c3526767d5
3392,llama-3.1-8b-instruct,30.000000000000004,paraphrase,instruction_following,8c22986a688217ccbcb012c0e5b95acf6b0f6464501e0df4a0cf50c3526767d5
3393,llama-3.2-1b-instruct,20.0,paraphrase,instruction_following,8c22986a688217ccbcb012c0e5b95acf6b0f6464501e0df4a0cf50c3526767d5
3394,llama-3.2-3b-instruct,30.000000000000004,paraphrase,instruction_following,8c22986a688217ccbcb012c0e5b95acf6b0f6464501e0df4a0cf50c3526767d5
3395,mistral-24b,40.0,paraphrase,instruction_following,8c22986a688217ccbcb012c0e5b95acf6b0f6464501e0df4a0cf50c3526767d5
3396,mistral-7b,40.0,paraphrase,instruction_following,8c22986a688217ccbcb012c0e5b95acf6b0f6464501e0df4a0cf50c3526767d5
3397,qwen-2.5-3b-instruct,30.000000000000004,paraphrase,instruction_following,8c22986a688217ccbcb012c0e5b95acf6b0f6464501e0df4a0cf50c3526767d5
3398,qwen-32b,40.0,paraphrase,instruction_following,8c22986a688217ccbcb012c0e5b95acf6b0f6464501e0df4a0cf50c3526767d5
3399,gemma-3-12b-it,100.0,paraphrase,instruction_following,8fd92857688597d5e95a553331eb23c2020540c9cb6fb93ce9d6c0f13197aea9
3400,gemma-3-1b-it,33.3333333333333,paraphrase,instruction_following,8fd92857688597d5e95a553331eb23c2020540c9cb6fb93ce9d6c0f13197aea9
3401,gemma-3-4b-it,100.0,paraphrase,instruction_following,8fd92857688597d5e95a553331eb23c2020540c9cb6fb93ce9d6c0f13197aea9
3402,llama-3.1-70b-instruct,100.0,paraphrase,instruction_following,8fd92857688597d5e95a553331eb23c2020540c9cb6fb93ce9d6c0f13197aea9
3403,llama-3.1-8b-instruct,33.3333333333333,paraphrase,instruction_following,8fd92857688597d5e95a553331eb23c2020540c9cb6fb93ce9d6c0f13197aea9
3404,llama-3.2-1b-instruct,33.3333333333333,paraphrase,instruction_following,8fd92857688597d5e95a553331eb23c2020540c9cb6fb93ce9d6c0f13197aea9
3405,llama-3.2-3b-instruct,33.3333333333333,paraphrase,instruction_following,8fd92857688597d5e95a553331eb23c2020540c9cb6fb93ce9d6c0f13197aea9
3406,mistral-24b,100.0,paraphrase,instruction_following,8fd92857688597d5e95a553331eb23c2020540c9cb6fb93ce9d6c0f13197aea9
3407,mistral-7b,33.3333333333333,paraphrase,instruction_following,8fd92857688597d5e95a553331eb23c2020540c9cb6fb93ce9d6c0f13197aea9
3408,qwen-2.5-3b-instruct,16.6666666666666,paraphrase,instruction_following,8fd92857688597d5e95a553331eb23c2020540c9cb6fb93ce9d6c0f13197aea9
3409,qwen-32b,100.0,paraphrase,instruction_following,8fd92857688597d5e95a553331eb23c2020540c9cb6fb93ce9d6c0f13197aea9
3410,gemma-3-12b-it,100.0,paraphrase,instruction_following,919a86065fcd3fe76a70621045b367724ac71f00ac156f0397fafa84b99230ca
3411,gemma-3-1b-it,16.6666666666666,paraphrase,instruction_following,919a86065fcd3fe76a70621045b367724ac71f00ac156f0397fafa84b99230ca
3412,gemma-3-4b-it,33.3333333333333,paraphrase,instruction_following,919a86065fcd3fe76a70621045b367724ac71f00ac156f0397fafa84b99230ca
3413,llama-3.1-70b-instruct,100.0,paraphrase,instruction_following,919a86065fcd3fe76a70621045b367724ac71f00ac156f0397fafa84b99230ca
3414,llama-3.1-8b-instruct,100.0,paraphrase,instruction_following,919a86065fcd3fe76a70621045b367724ac71f00ac156f0397fafa84b99230ca
3415,llama-3.2-1b-instruct,0.0,paraphrase,instruction_following,919a86065fcd3fe76a70621045b367724ac71f00ac156f0397fafa84b99230ca
3416,llama-3.2-3b-instruct,100.0,paraphrase,instruction_following,919a86065fcd3fe76a70621045b367724ac71f00ac156f0397fafa84b99230ca
3417,mistral-24b,16.6666666666666,paraphrase,instruction_following,919a86065fcd3fe76a70621045b367724ac71f00ac156f0397fafa84b99230ca
3418,mistral-7b,16.6666666666666,paraphrase,instruction_following,919a86065fcd3fe76a70621045b367724ac71f00ac156f0397fafa84b99230ca
3419,qwen-2.5-3b-instruct,33.3333333333333,paraphrase,instruction_following,919a86065fcd3fe76a70621045b367724ac71f00ac156f0397fafa84b99230ca
3420,qwen-32b,100.0,paraphrase,instruction_following,919a86065fcd3fe76a70621045b367724ac71f00ac156f0397fafa84b99230ca
3421,gemma-3-12b-it,33.3333333333333,paraphrase,instruction_following,91b1079c3dd6f0c003bb20f34f3783141cbc55926e6e3001ba18eaba3acc169e
3422,gemma-3-1b-it,16.6666666666666,paraphrase,instruction_following,91b1079c3dd6f0c003bb20f34f3783141cbc55926e6e3001ba18eaba3acc169e
3423,gemma-3-4b-it,33.3333333333333,paraphrase,instruction_following,91b1079c3dd6f0c003bb20f34f3783141cbc55926e6e3001ba18eaba3acc169e
3424,llama-3.1-70b-instruct,100.0,paraphrase,instruction_following,91b1079c3dd6f0c003bb20f34f3783141cbc55926e6e3001ba18eaba3acc169e
3425,llama-3.1-8b-instruct,100.0,paraphrase,instruction_following,91b1079c3dd6f0c003bb20f34f3783141cbc55926e6e3001ba18eaba3acc169e
3426,llama-3.2-1b-instruct,0.0,paraphrase,instruction_following,91b1079c3dd6f0c003bb20f34f3783141cbc55926e6e3001ba18eaba3acc169e
3427,llama-3.2-3b-instruct,33.3333333333333,paraphrase,instruction_following,91b1079c3dd6f0c003bb20f34f3783141cbc55926e6e3001ba18eaba3acc169e
3428,mistral-24b,100.0,paraphrase,instruction_following,91b1079c3dd6f0c003bb20f34f3783141cbc55926e6e3001ba18eaba3acc169e
3429,mistral-7b,16.6666666666666,paraphrase,instruction_following,91b1079c3dd6f0c003bb20f34f3783141cbc55926e6e3001ba18eaba3acc169e
3430,qwen-2.5-3b-instruct,33.3333333333333,paraphrase,instruction_following,91b1079c3dd6f0c003bb20f34f3783141cbc55926e6e3001ba18eaba3acc169e
3431,qwen-32b,33.3333333333333,paraphrase,instruction_following,91b1079c3dd6f0c003bb20f34f3783141cbc55926e6e3001ba18eaba3acc169e
3432,gemma-3-12b-it,100.0,paraphrase,instruction_following,9d4cec7f4f8538857423ef9a58757d7cd17a4d83d8e113ae5f7a5c788ba6463e
3433,gemma-3-1b-it,100.0,paraphrase,instruction_following,9d4cec7f4f8538857423ef9a58757d7cd17a4d83d8e113ae5f7a5c788ba6463e
3434,gemma-3-4b-it,100.0,paraphrase,instruction_following,9d4cec7f4f8538857423ef9a58757d7cd17a4d83d8e113ae5f7a5c788ba6463e
3435,llama-3.1-70b-instruct,100.0,paraphrase,instruction_following,9d4cec7f4f8538857423ef9a58757d7cd17a4d83d8e113ae5f7a5c788ba6463e
3436,llama-3.1-8b-instruct,0.0,paraphrase,instruction_following,9d4cec7f4f8538857423ef9a58757d7cd17a4d83d8e113ae5f7a5c788ba6463e
3437,llama-3.2-1b-instruct,0.0,paraphrase,instruction_following,9d4cec7f4f8538857423ef9a58757d7cd17a4d83d8e113ae5f7a5c788ba6463e
3438,llama-3.2-3b-instruct,100.0,paraphrase,instruction_following,9d4cec7f4f8538857423ef9a58757d7cd17a4d83d8e113ae5f7a5c788ba6463e
3439,mistral-24b,0.0,paraphrase,instruction_following,9d4cec7f4f8538857423ef9a58757d7cd17a4d83d8e113ae5f7a5c788ba6463e
3440,mistral-7b,0.0,paraphrase,instruction_following,9d4cec7f4f8538857423ef9a58757d7cd17a4d83d8e113ae5f7a5c788ba6463e
3441,qwen-2.5-3b-instruct,100.0,paraphrase,instruction_following,9d4cec7f4f8538857423ef9a58757d7cd17a4d83d8e113ae5f7a5c788ba6463e
3442,qwen-32b,0.0,paraphrase,instruction_following,9d4cec7f4f8538857423ef9a58757d7cd17a4d83d8e113ae5f7a5c788ba6463e
3443,gemma-3-12b-it,100.0,paraphrase,instruction_following,9f43f64520ead693ff0e6f05c139423ce1509a8f7e8ca8a43184fdda5100cb80
3444,gemma-3-1b-it,33.3333333333333,paraphrase,instruction_following,9f43f64520ead693ff0e6f05c139423ce1509a8f7e8ca8a43184fdda5100cb80
3445,gemma-3-4b-it,16.6666666666666,paraphrase,instruction_following,9f43f64520ead693ff0e6f05c139423ce1509a8f7e8ca8a43184fdda5100cb80
3446,llama-3.1-70b-instruct,33.3333333333333,paraphrase,instruction_following,9f43f64520ead693ff0e6f05c139423ce1509a8f7e8ca8a43184fdda5100cb80
3447,llama-3.1-8b-instruct,0.0,paraphrase,instruction_following,9f43f64520ead693ff0e6f05c139423ce1509a8f7e8ca8a43184fdda5100cb80
3448,llama-3.2-1b-instruct,16.6666666666666,paraphrase,instruction_following,9f43f64520ead693ff0e6f05c139423ce1509a8f7e8ca8a43184fdda5100cb80
3449,llama-3.2-3b-instruct,16.6666666666666,paraphrase,instruction_following,9f43f64520ead693ff0e6f05c139423ce1509a8f7e8ca8a43184fdda5100cb80
3450,mistral-24b,33.3333333333333,paraphrase,instruction_following,9f43f64520ead693ff0e6f05c139423ce1509a8f7e8ca8a43184fdda5100cb80
3451,mistral-7b,33.3333333333333,paraphrase,instruction_following,9f43f64520ead693ff0e6f05c139423ce1509a8f7e8ca8a43184fdda5100cb80
3452,qwen-2.5-3b-instruct,33.3333333333333,paraphrase,instruction_following,9f43f64520ead693ff0e6f05c139423ce1509a8f7e8ca8a43184fdda5100cb80
3453,qwen-32b,100.0,paraphrase,instruction_following,9f43f64520ead693ff0e6f05c139423ce1509a8f7e8ca8a43184fdda5100cb80
3454,gemma-3-12b-it,100.0,paraphrase,instruction_following,9fc4e446b51db65ab044d7c682934237c6d7f5d95ce42deccaac467cdc3e59c1
3455,gemma-3-1b-it,100.0,paraphrase,instruction_following,9fc4e446b51db65ab044d7c682934237c6d7f5d95ce42deccaac467cdc3e59c1
3456,gemma-3-4b-it,100.0,paraphrase,instruction_following,9fc4e446b51db65ab044d7c682934237c6d7f5d95ce42deccaac467cdc3e59c1
3457,llama-3.1-70b-instruct,100.0,paraphrase,instruction_following,9fc4e446b51db65ab044d7c682934237c6d7f5d95ce42deccaac467cdc3e59c1
3458,llama-3.1-8b-instruct,100.0,paraphrase,instruction_following,9fc4e446b51db65ab044d7c682934237c6d7f5d95ce42deccaac467cdc3e59c1
3459,llama-3.2-1b-instruct,33.3333333333333,paraphrase,instruction_following,9fc4e446b51db65ab044d7c682934237c6d7f5d95ce42deccaac467cdc3e59c1
3460,llama-3.2-3b-instruct,100.0,paraphrase,instruction_following,9fc4e446b51db65ab044d7c682934237c6d7f5d95ce42deccaac467cdc3e59c1
3461,mistral-24b,33.3333333333333,paraphrase,instruction_following,9fc4e446b51db65ab044d7c682934237c6d7f5d95ce42deccaac467cdc3e59c1
3462,mistral-7b,100.0,paraphrase,instruction_following,9fc4e446b51db65ab044d7c682934237c6d7f5d95ce42deccaac467cdc3e59c1
3463,qwen-2.5-3b-instruct,33.3333333333333,paraphrase,instruction_following,9fc4e446b51db65ab044d7c682934237c6d7f5d95ce42deccaac467cdc3e59c1
3464,qwen-32b,33.3333333333333,paraphrase,instruction_following,9fc4e446b51db65ab044d7c682934237c6d7f5d95ce42deccaac467cdc3e59c1
3465,gemma-3-12b-it,100.0,paraphrase,instruction_following,a2e9e6dfb13c827230a83fedd2c9cc0c2aad8faafda399486a48d606f7589b92
3466,gemma-3-1b-it,0.0,paraphrase,instruction_following,a2e9e6dfb13c827230a83fedd2c9cc0c2aad8faafda399486a48d606f7589b92
3467,gemma-3-4b-it,100.0,paraphrase,instruction_following,a2e9e6dfb13c827230a83fedd2c9cc0c2aad8faafda399486a48d606f7589b92
3468,llama-3.1-70b-instruct,100.0,paraphrase,instruction_following,a2e9e6dfb13c827230a83fedd2c9cc0c2aad8faafda399486a48d606f7589b92
3469,llama-3.1-8b-instruct,100.0,paraphrase,instruction_following,a2e9e6dfb13c827230a83fedd2c9cc0c2aad8faafda399486a48d606f7589b92
3470,llama-3.2-1b-instruct,0.0,paraphrase,instruction_following,a2e9e6dfb13c827230a83fedd2c9cc0c2aad8faafda399486a48d606f7589b92
3471,llama-3.2-3b-instruct,100.0,paraphrase,instruction_following,a2e9e6dfb13c827230a83fedd2c9cc0c2aad8faafda399486a48d606f7589b92
3472,mistral-24b,100.0,paraphrase,instruction_following,a2e9e6dfb13c827230a83fedd2c9cc0c2aad8faafda399486a48d606f7589b92
3473,mistral-7b,0.0,paraphrase,instruction_following,a2e9e6dfb13c827230a83fedd2c9cc0c2aad8faafda399486a48d606f7589b92
3474,qwen-2.5-3b-instruct,0.0,paraphrase,instruction_following,a2e9e6dfb13c827230a83fedd2c9cc0c2aad8faafda399486a48d606f7589b92
3475,qwen-32b,100.0,paraphrase,instruction_following,a2e9e6dfb13c827230a83fedd2c9cc0c2aad8faafda399486a48d606f7589b92
3476,gemma-3-12b-it,40.0,paraphrase,instruction_following,a365e843fd014371b5de486fb1f161db1a3497dd3338268d33d5569f5f4d7185
3477,gemma-3-1b-it,20.0,paraphrase,instruction_following,a365e843fd014371b5de486fb1f161db1a3497dd3338268d33d5569f5f4d7185
3478,gemma-3-4b-it,40.0,paraphrase,instruction_following,a365e843fd014371b5de486fb1f161db1a3497dd3338268d33d5569f5f4d7185
3479,llama-3.1-70b-instruct,40.0,paraphrase,instruction_following,a365e843fd014371b5de486fb1f161db1a3497dd3338268d33d5569f5f4d7185
3480,llama-3.1-8b-instruct,30.000000000000004,paraphrase,instruction_following,a365e843fd014371b5de486fb1f161db1a3497dd3338268d33d5569f5f4d7185
3481,llama-3.2-1b-instruct,20.0,paraphrase,instruction_following,a365e843fd014371b5de486fb1f161db1a3497dd3338268d33d5569f5f4d7185
3482,llama-3.2-3b-instruct,30.000000000000004,paraphrase,instruction_following,a365e843fd014371b5de486fb1f161db1a3497dd3338268d33d5569f5f4d7185
3483,mistral-24b,30.000000000000004,paraphrase,instruction_following,a365e843fd014371b5de486fb1f161db1a3497dd3338268d33d5569f5f4d7185
3484,mistral-7b,30.000000000000004,paraphrase,instruction_following,a365e843fd014371b5de486fb1f161db1a3497dd3338268d33d5569f5f4d7185
3485,qwen-2.5-3b-instruct,100.0,paraphrase,instruction_following,a365e843fd014371b5de486fb1f161db1a3497dd3338268d33d5569f5f4d7185
3486,qwen-32b,100.0,paraphrase,instruction_following,a365e843fd014371b5de486fb1f161db1a3497dd3338268d33d5569f5f4d7185
3487,gemma-3-12b-it,25.0,paraphrase,instruction_following,badbda157954ea39f1e24095f70d4f69ad8b72786e80775265de7272018e6b31
3488,gemma-3-1b-it,25.0,paraphrase,instruction_following,badbda157954ea39f1e24095f70d4f69ad8b72786e80775265de7272018e6b31
3489,gemma-3-4b-it,25.0,paraphrase,instruction_following,badbda157954ea39f1e24095f70d4f69ad8b72786e80775265de7272018e6b31
3490,llama-3.1-70b-instruct,25.0,paraphrase,instruction_following,badbda157954ea39f1e24095f70d4f69ad8b72786e80775265de7272018e6b31
3491,llama-3.1-8b-instruct,25.0,paraphrase,instruction_following,badbda157954ea39f1e24095f70d4f69ad8b72786e80775265de7272018e6b31
3492,llama-3.2-1b-instruct,25.0,paraphrase,instruction_following,badbda157954ea39f1e24095f70d4f69ad8b72786e80775265de7272018e6b31
3493,llama-3.2-3b-instruct,0.0,paraphrase,instruction_following,badbda157954ea39f1e24095f70d4f69ad8b72786e80775265de7272018e6b31
3494,mistral-24b,25.0,paraphrase,instruction_following,badbda157954ea39f1e24095f70d4f69ad8b72786e80775265de7272018e6b31
3495,mistral-7b,25.0,paraphrase,instruction_following,badbda157954ea39f1e24095f70d4f69ad8b72786e80775265de7272018e6b31
3496,qwen-2.5-3b-instruct,25.0,paraphrase,instruction_following,badbda157954ea39f1e24095f70d4f69ad8b72786e80775265de7272018e6b31
3497,qwen-32b,25.0,paraphrase,instruction_following,badbda157954ea39f1e24095f70d4f69ad8b72786e80775265de7272018e6b31
3498,gemma-3-12b-it,100.0,paraphrase,instruction_following,be9fa970fb432051a4cd4a7ebe9a820b24efbc8a450ddfd1963cdd0b87748fe4
3499,gemma-3-1b-it,33.3333333333333,paraphrase,instruction_following,be9fa970fb432051a4cd4a7ebe9a820b24efbc8a450ddfd1963cdd0b87748fe4
3500,gemma-3-4b-it,100.0,paraphrase,instruction_following,be9fa970fb432051a4cd4a7ebe9a820b24efbc8a450ddfd1963cdd0b87748fe4
3501,llama-3.1-70b-instruct,100.0,paraphrase,instruction_following,be9fa970fb432051a4cd4a7ebe9a820b24efbc8a450ddfd1963cdd0b87748fe4
3502,llama-3.1-8b-instruct,16.6666666666666,paraphrase,instruction_following,be9fa970fb432051a4cd4a7ebe9a820b24efbc8a450ddfd1963cdd0b87748fe4
3503,llama-3.2-1b-instruct,0.0,paraphrase,instruction_following,be9fa970fb432051a4cd4a7ebe9a820b24efbc8a450ddfd1963cdd0b87748fe4
3504,llama-3.2-3b-instruct,100.0,paraphrase,instruction_following,be9fa970fb432051a4cd4a7ebe9a820b24efbc8a450ddfd1963cdd0b87748fe4
3505,mistral-24b,33.3333333333333,paraphrase,instruction_following,be9fa970fb432051a4cd4a7ebe9a820b24efbc8a450ddfd1963cdd0b87748fe4
3506,mistral-7b,100.0,paraphrase,instruction_following,be9fa970fb432051a4cd4a7ebe9a820b24efbc8a450ddfd1963cdd0b87748fe4
3507,qwen-2.5-3b-instruct,16.6666666666666,paraphrase,instruction_following,be9fa970fb432051a4cd4a7ebe9a820b24efbc8a450ddfd1963cdd0b87748fe4
3508,qwen-32b,33.3333333333333,paraphrase,instruction_following,be9fa970fb432051a4cd4a7ebe9a820b24efbc8a450ddfd1963cdd0b87748fe4
3509,gemma-3-12b-it,33.3333333333333,paraphrase,instruction_following,bee240a0fddbbecbd89c9ec02ac8e412c0b219609cc876eb5cf6f8e58f71a0c6
3510,gemma-3-1b-it,33.3333333333333,paraphrase,instruction_following,bee240a0fddbbecbd89c9ec02ac8e412c0b219609cc876eb5cf6f8e58f71a0c6
3511,gemma-3-4b-it,33.3333333333333,paraphrase,instruction_following,bee240a0fddbbecbd89c9ec02ac8e412c0b219609cc876eb5cf6f8e58f71a0c6
3512,llama-3.1-70b-instruct,16.6666666666666,paraphrase,instruction_following,bee240a0fddbbecbd89c9ec02ac8e412c0b219609cc876eb5cf6f8e58f71a0c6
3513,llama-3.1-8b-instruct,33.3333333333333,paraphrase,instruction_following,bee240a0fddbbecbd89c9ec02ac8e412c0b219609cc876eb5cf6f8e58f71a0c6
3514,llama-3.2-1b-instruct,33.3333333333333,paraphrase,instruction_following,bee240a0fddbbecbd89c9ec02ac8e412c0b219609cc876eb5cf6f8e58f71a0c6
3515,llama-3.2-3b-instruct,33.3333333333333,paraphrase,instruction_following,bee240a0fddbbecbd89c9ec02ac8e412c0b219609cc876eb5cf6f8e58f71a0c6
3516,mistral-24b,16.6666666666666,paraphrase,instruction_following,bee240a0fddbbecbd89c9ec02ac8e412c0b219609cc876eb5cf6f8e58f71a0c6
3517,mistral-7b,16.6666666666666,paraphrase,instruction_following,bee240a0fddbbecbd89c9ec02ac8e412c0b219609cc876eb5cf6f8e58f71a0c6
3518,qwen-2.5-3b-instruct,16.6666666666666,paraphrase,instruction_following,bee240a0fddbbecbd89c9ec02ac8e412c0b219609cc876eb5cf6f8e58f71a0c6
3519,qwen-32b,16.6666666666666,paraphrase,instruction_following,bee240a0fddbbecbd89c9ec02ac8e412c0b219609cc876eb5cf6f8e58f71a0c6
3520,gemma-3-12b-it,25.0,paraphrase,instruction_following,c7b94d923f84984a887cad0ea46b22f7ea0088c10ec6e9e6b11ba8f9f18ea669
3521,gemma-3-1b-it,25.0,paraphrase,instruction_following,c7b94d923f84984a887cad0ea46b22f7ea0088c10ec6e9e6b11ba8f9f18ea669
3522,gemma-3-4b-it,0.0,paraphrase,instruction_following,c7b94d923f84984a887cad0ea46b22f7ea0088c10ec6e9e6b11ba8f9f18ea669
3523,llama-3.1-70b-instruct,25.0,paraphrase,instruction_following,c7b94d923f84984a887cad0ea46b22f7ea0088c10ec6e9e6b11ba8f9f18ea669
3524,llama-3.1-8b-instruct,25.0,paraphrase,instruction_following,c7b94d923f84984a887cad0ea46b22f7ea0088c10ec6e9e6b11ba8f9f18ea669
3525,llama-3.2-1b-instruct,0.0,paraphrase,instruction_following,c7b94d923f84984a887cad0ea46b22f7ea0088c10ec6e9e6b11ba8f9f18ea669
3526,llama-3.2-3b-instruct,25.0,paraphrase,instruction_following,c7b94d923f84984a887cad0ea46b22f7ea0088c10ec6e9e6b11ba8f9f18ea669
3527,mistral-24b,25.0,paraphrase,instruction_following,c7b94d923f84984a887cad0ea46b22f7ea0088c10ec6e9e6b11ba8f9f18ea669
3528,mistral-7b,100.0,paraphrase,instruction_following,c7b94d923f84984a887cad0ea46b22f7ea0088c10ec6e9e6b11ba8f9f18ea669
3529,qwen-2.5-3b-instruct,100.0,paraphrase,instruction_following,c7b94d923f84984a887cad0ea46b22f7ea0088c10ec6e9e6b11ba8f9f18ea669
3530,qwen-32b,25.0,paraphrase,instruction_following,c7b94d923f84984a887cad0ea46b22f7ea0088c10ec6e9e6b11ba8f9f18ea669
3531,gemma-3-12b-it,100.0,paraphrase,instruction_following,cac27bd258fe503db270cac5f1b5b7e67a16a603323a4c87118290815224ba8a
3532,gemma-3-1b-it,33.3333333333333,paraphrase,instruction_following,cac27bd258fe503db270cac5f1b5b7e67a16a603323a4c87118290815224ba8a
3533,gemma-3-4b-it,100.0,paraphrase,instruction_following,cac27bd258fe503db270cac5f1b5b7e67a16a603323a4c87118290815224ba8a
3534,llama-3.1-70b-instruct,100.0,paraphrase,instruction_following,cac27bd258fe503db270cac5f1b5b7e67a16a603323a4c87118290815224ba8a
3535,llama-3.1-8b-instruct,100.0,paraphrase,instruction_following,cac27bd258fe503db270cac5f1b5b7e67a16a603323a4c87118290815224ba8a
3536,llama-3.2-1b-instruct,33.3333333333333,paraphrase,instruction_following,cac27bd258fe503db270cac5f1b5b7e67a16a603323a4c87118290815224ba8a
3537,llama-3.2-3b-instruct,33.3333333333333,paraphrase,instruction_following,cac27bd258fe503db270cac5f1b5b7e67a16a603323a4c87118290815224ba8a
3538,mistral-24b,33.3333333333333,paraphrase,instruction_following,cac27bd258fe503db270cac5f1b5b7e67a16a603323a4c87118290815224ba8a
3539,mistral-7b,33.3333333333333,paraphrase,instruction_following,cac27bd258fe503db270cac5f1b5b7e67a16a603323a4c87118290815224ba8a
3540,qwen-2.5-3b-instruct,33.3333333333333,paraphrase,instruction_following,cac27bd258fe503db270cac5f1b5b7e67a16a603323a4c87118290815224ba8a
3541,qwen-32b,33.3333333333333,paraphrase,instruction_following,cac27bd258fe503db270cac5f1b5b7e67a16a603323a4c87118290815224ba8a
3542,gemma-3-12b-it,33.3333333333333,paraphrase,instruction_following,d2adc0a1fad83dc359b9b10550d05c3b551685dbd85ca6f9f68721a7ecdc4785
3543,gemma-3-1b-it,16.6666666666666,paraphrase,instruction_following,d2adc0a1fad83dc359b9b10550d05c3b551685dbd85ca6f9f68721a7ecdc4785
3544,gemma-3-4b-it,33.3333333333333,paraphrase,instruction_following,d2adc0a1fad83dc359b9b10550d05c3b551685dbd85ca6f9f68721a7ecdc4785
3545,llama-3.1-70b-instruct,33.3333333333333,paraphrase,instruction_following,d2adc0a1fad83dc359b9b10550d05c3b551685dbd85ca6f9f68721a7ecdc4785
3546,llama-3.1-8b-instruct,16.6666666666666,paraphrase,instruction_following,d2adc0a1fad83dc359b9b10550d05c3b551685dbd85ca6f9f68721a7ecdc4785
3547,llama-3.2-1b-instruct,16.6666666666666,paraphrase,instruction_following,d2adc0a1fad83dc359b9b10550d05c3b551685dbd85ca6f9f68721a7ecdc4785
3548,llama-3.2-3b-instruct,33.3333333333333,paraphrase,instruction_following,d2adc0a1fad83dc359b9b10550d05c3b551685dbd85ca6f9f68721a7ecdc4785
3549,mistral-24b,16.6666666666666,paraphrase,instruction_following,d2adc0a1fad83dc359b9b10550d05c3b551685dbd85ca6f9f68721a7ecdc4785
3550,mistral-7b,16.6666666666666,paraphrase,instruction_following,d2adc0a1fad83dc359b9b10550d05c3b551685dbd85ca6f9f68721a7ecdc4785
3551,qwen-2.5-3b-instruct,33.3333333333333,paraphrase,instruction_following,d2adc0a1fad83dc359b9b10550d05c3b551685dbd85ca6f9f68721a7ecdc4785
3552,qwen-32b,33.3333333333333,paraphrase,instruction_following,d2adc0a1fad83dc359b9b10550d05c3b551685dbd85ca6f9f68721a7ecdc4785
3553,gemma-3-12b-it,100.0,paraphrase,instruction_following,d5fbbb49de002618754cf40e38a38597778be9b7270db18aec5312ab3626646e
3554,gemma-3-1b-it,100.0,paraphrase,instruction_following,d5fbbb49de002618754cf40e38a38597778be9b7270db18aec5312ab3626646e
3555,gemma-3-4b-it,100.0,paraphrase,instruction_following,d5fbbb49de002618754cf40e38a38597778be9b7270db18aec5312ab3626646e
3556,llama-3.1-70b-instruct,100.0,paraphrase,instruction_following,d5fbbb49de002618754cf40e38a38597778be9b7270db18aec5312ab3626646e
3557,llama-3.1-8b-instruct,25.0,paraphrase,instruction_following,d5fbbb49de002618754cf40e38a38597778be9b7270db18aec5312ab3626646e
3558,llama-3.2-1b-instruct,0.0,paraphrase,instruction_following,d5fbbb49de002618754cf40e38a38597778be9b7270db18aec5312ab3626646e
3559,llama-3.2-3b-instruct,0.0,paraphrase,instruction_following,d5fbbb49de002618754cf40e38a38597778be9b7270db18aec5312ab3626646e
3560,mistral-24b,100.0,paraphrase,instruction_following,d5fbbb49de002618754cf40e38a38597778be9b7270db18aec5312ab3626646e
3561,mistral-7b,100.0,paraphrase,instruction_following,d5fbbb49de002618754cf40e38a38597778be9b7270db18aec5312ab3626646e
3562,qwen-2.5-3b-instruct,100.0,paraphrase,instruction_following,d5fbbb49de002618754cf40e38a38597778be9b7270db18aec5312ab3626646e
3563,qwen-32b,100.0,paraphrase,instruction_following,d5fbbb49de002618754cf40e38a38597778be9b7270db18aec5312ab3626646e
3564,gemma-3-12b-it,25.0,paraphrase,instruction_following,da578f206820d6be4519d710c3872a4c217f97f111b1f09c89b8e9ad675ce88d
3565,gemma-3-1b-it,25.0,paraphrase,instruction_following,da578f206820d6be4519d710c3872a4c217f97f111b1f09c89b8e9ad675ce88d
3566,gemma-3-4b-it,100.0,paraphrase,instruction_following,da578f206820d6be4519d710c3872a4c217f97f111b1f09c89b8e9ad675ce88d
3567,llama-3.1-70b-instruct,100.0,paraphrase,instruction_following,da578f206820d6be4519d710c3872a4c217f97f111b1f09c89b8e9ad675ce88d
3568,llama-3.1-8b-instruct,25.0,paraphrase,instruction_following,da578f206820d6be4519d710c3872a4c217f97f111b1f09c89b8e9ad675ce88d
3569,llama-3.2-1b-instruct,100.0,paraphrase,instruction_following,da578f206820d6be4519d710c3872a4c217f97f111b1f09c89b8e9ad675ce88d
3570,llama-3.2-3b-instruct,25.0,paraphrase,instruction_following,da578f206820d6be4519d710c3872a4c217f97f111b1f09c89b8e9ad675ce88d
3571,mistral-24b,100.0,paraphrase,instruction_following,da578f206820d6be4519d710c3872a4c217f97f111b1f09c89b8e9ad675ce88d
3572,mistral-7b,25.0,paraphrase,instruction_following,da578f206820d6be4519d710c3872a4c217f97f111b1f09c89b8e9ad675ce88d
3573,qwen-2.5-3b-instruct,100.0,paraphrase,instruction_following,da578f206820d6be4519d710c3872a4c217f97f111b1f09c89b8e9ad675ce88d
3574,qwen-32b,100.0,paraphrase,instruction_following,da578f206820d6be4519d710c3872a4c217f97f111b1f09c89b8e9ad675ce88d
3575,gemma-3-12b-it,100.0,paraphrase,instruction_following,dab0e3e74f8e31526d20c92dd0167e7825b547fa664110e5c674ab3e5407c448
3576,gemma-3-1b-it,0.0,paraphrase,instruction_following,dab0e3e74f8e31526d20c92dd0167e7825b547fa664110e5c674ab3e5407c448
3577,gemma-3-4b-it,0.0,paraphrase,instruction_following,dab0e3e74f8e31526d20c92dd0167e7825b547fa664110e5c674ab3e5407c448
3578,llama-3.1-70b-instruct,100.0,paraphrase,instruction_following,dab0e3e74f8e31526d20c92dd0167e7825b547fa664110e5c674ab3e5407c448
3579,llama-3.1-8b-instruct,100.0,paraphrase,instruction_following,dab0e3e74f8e31526d20c92dd0167e7825b547fa664110e5c674ab3e5407c448
3580,llama-3.2-1b-instruct,0.0,paraphrase,instruction_following,dab0e3e74f8e31526d20c92dd0167e7825b547fa664110e5c674ab3e5407c448
3581,llama-3.2-3b-instruct,0.0,paraphrase,instruction_following,dab0e3e74f8e31526d20c92dd0167e7825b547fa664110e5c674ab3e5407c448
3582,mistral-24b,100.0,paraphrase,instruction_following,dab0e3e74f8e31526d20c92dd0167e7825b547fa664110e5c674ab3e5407c448
3583,mistral-7b,100.0,paraphrase,instruction_following,dab0e3e74f8e31526d20c92dd0167e7825b547fa664110e5c674ab3e5407c448
3584,qwen-2.5-3b-instruct,100.0,paraphrase,instruction_following,dab0e3e74f8e31526d20c92dd0167e7825b547fa664110e5c674ab3e5407c448
3585,qwen-32b,100.0,paraphrase,instruction_following,dab0e3e74f8e31526d20c92dd0167e7825b547fa664110e5c674ab3e5407c448
3586,gemma-3-12b-it,100.0,paraphrase,instruction_following,e0d7b854424266401aea4f8c4081861b5424fc4aa0548e83579229ebfcd859d7
3587,gemma-3-1b-it,100.0,paraphrase,instruction_following,e0d7b854424266401aea4f8c4081861b5424fc4aa0548e83579229ebfcd859d7
3588,gemma-3-4b-it,100.0,paraphrase,instruction_following,e0d7b854424266401aea4f8c4081861b5424fc4aa0548e83579229ebfcd859d7
3589,llama-3.1-70b-instruct,100.0,paraphrase,instruction_following,e0d7b854424266401aea4f8c4081861b5424fc4aa0548e83579229ebfcd859d7
3590,llama-3.1-8b-instruct,100.0,paraphrase,instruction_following,e0d7b854424266401aea4f8c4081861b5424fc4aa0548e83579229ebfcd859d7
3591,llama-3.2-1b-instruct,100.0,paraphrase,instruction_following,e0d7b854424266401aea4f8c4081861b5424fc4aa0548e83579229ebfcd859d7
3592,llama-3.2-3b-instruct,100.0,paraphrase,instruction_following,e0d7b854424266401aea4f8c4081861b5424fc4aa0548e83579229ebfcd859d7
3593,mistral-24b,100.0,paraphrase,instruction_following,e0d7b854424266401aea4f8c4081861b5424fc4aa0548e83579229ebfcd859d7
3594,mistral-7b,100.0,paraphrase,instruction_following,e0d7b854424266401aea4f8c4081861b5424fc4aa0548e83579229ebfcd859d7
3595,qwen-2.5-3b-instruct,100.0,paraphrase,instruction_following,e0d7b854424266401aea4f8c4081861b5424fc4aa0548e83579229ebfcd859d7
3596,qwen-32b,100.0,paraphrase,instruction_following,e0d7b854424266401aea4f8c4081861b5424fc4aa0548e83579229ebfcd859d7
3597,gemma-3-12b-it,33.3333333333333,paraphrase,instruction_following,e7981d47a1a5a7e8c80a6d59399b198d940ef3a0ca33f5e5205e39a0836759cc
3598,gemma-3-1b-it,16.6666666666666,paraphrase,instruction_following,e7981d47a1a5a7e8c80a6d59399b198d940ef3a0ca33f5e5205e39a0836759cc
3599,gemma-3-4b-it,33.3333333333333,paraphrase,instruction_following,e7981d47a1a5a7e8c80a6d59399b198d940ef3a0ca33f5e5205e39a0836759cc
3600,llama-3.1-70b-instruct,33.3333333333333,paraphrase,instruction_following,e7981d47a1a5a7e8c80a6d59399b198d940ef3a0ca33f5e5205e39a0836759cc
3601,llama-3.1-8b-instruct,33.3333333333333,paraphrase,instruction_following,e7981d47a1a5a7e8c80a6d59399b198d940ef3a0ca33f5e5205e39a0836759cc
3602,llama-3.2-1b-instruct,16.6666666666666,paraphrase,instruction_following,e7981d47a1a5a7e8c80a6d59399b198d940ef3a0ca33f5e5205e39a0836759cc
3603,llama-3.2-3b-instruct,16.6666666666666,paraphrase,instruction_following,e7981d47a1a5a7e8c80a6d59399b198d940ef3a0ca33f5e5205e39a0836759cc
3604,mistral-24b,33.3333333333333,paraphrase,instruction_following,e7981d47a1a5a7e8c80a6d59399b198d940ef3a0ca33f5e5205e39a0836759cc
3605,mistral-7b,33.3333333333333,paraphrase,instruction_following,e7981d47a1a5a7e8c80a6d59399b198d940ef3a0ca33f5e5205e39a0836759cc
3606,qwen-2.5-3b-instruct,16.6666666666666,paraphrase,instruction_following,e7981d47a1a5a7e8c80a6d59399b198d940ef3a0ca33f5e5205e39a0836759cc
3607,qwen-32b,100.0,paraphrase,instruction_following,e7981d47a1a5a7e8c80a6d59399b198d940ef3a0ca33f5e5205e39a0836759cc
3608,gemma-3-12b-it,100.0,paraphrase,instruction_following,f1425aa8a7be412d92d033667c5b37e2ca3e56b2a051e94f8381105bc6d4ad78
3609,gemma-3-1b-it,100.0,paraphrase,instruction_following,f1425aa8a7be412d92d033667c5b37e2ca3e56b2a051e94f8381105bc6d4ad78
3610,gemma-3-4b-it,100.0,paraphrase,instruction_following,f1425aa8a7be412d92d033667c5b37e2ca3e56b2a051e94f8381105bc6d4ad78
3611,llama-3.1-70b-instruct,25.0,paraphrase,instruction_following,f1425aa8a7be412d92d033667c5b37e2ca3e56b2a051e94f8381105bc6d4ad78
3612,llama-3.1-8b-instruct,25.0,paraphrase,instruction_following,f1425aa8a7be412d92d033667c5b37e2ca3e56b2a051e94f8381105bc6d4ad78
3613,llama-3.2-1b-instruct,25.0,paraphrase,instruction_following,f1425aa8a7be412d92d033667c5b37e2ca3e56b2a051e94f8381105bc6d4ad78
3614,llama-3.2-3b-instruct,100.0,paraphrase,instruction_following,f1425aa8a7be412d92d033667c5b37e2ca3e56b2a051e94f8381105bc6d4ad78
3615,mistral-24b,25.0,paraphrase,instruction_following,f1425aa8a7be412d92d033667c5b37e2ca3e56b2a051e94f8381105bc6d4ad78
3616,mistral-7b,25.0,paraphrase,instruction_following,f1425aa8a7be412d92d033667c5b37e2ca3e56b2a051e94f8381105bc6d4ad78
3617,qwen-2.5-3b-instruct,25.0,paraphrase,instruction_following,f1425aa8a7be412d92d033667c5b37e2ca3e56b2a051e94f8381105bc6d4ad78
3618,qwen-32b,25.0,paraphrase,instruction_following,f1425aa8a7be412d92d033667c5b37e2ca3e56b2a051e94f8381105bc6d4ad78
3619,gemma-3-12b-it,40.0,paraphrase,instruction_following,f3472a74bc480a915c2a3875c505fd5b3ebe475d25cefdae9447002ed88b0106
3620,gemma-3-1b-it,20.0,paraphrase,instruction_following,f3472a74bc480a915c2a3875c505fd5b3ebe475d25cefdae9447002ed88b0106
3621,gemma-3-4b-it,20.0,paraphrase,instruction_following,f3472a74bc480a915c2a3875c505fd5b3ebe475d25cefdae9447002ed88b0106
3622,llama-3.1-70b-instruct,30.000000000000004,paraphrase,instruction_following,f3472a74bc480a915c2a3875c505fd5b3ebe475d25cefdae9447002ed88b0106
3623,llama-3.1-8b-instruct,30.000000000000004,paraphrase,instruction_following,f3472a74bc480a915c2a3875c505fd5b3ebe475d25cefdae9447002ed88b0106
3624,llama-3.2-1b-instruct,20.0,paraphrase,instruction_following,f3472a74bc480a915c2a3875c505fd5b3ebe475d25cefdae9447002ed88b0106
3625,llama-3.2-3b-instruct,20.0,paraphrase,instruction_following,f3472a74bc480a915c2a3875c505fd5b3ebe475d25cefdae9447002ed88b0106
3626,mistral-24b,30.000000000000004,paraphrase,instruction_following,f3472a74bc480a915c2a3875c505fd5b3ebe475d25cefdae9447002ed88b0106
3627,mistral-7b,30.000000000000004,paraphrase,instruction_following,f3472a74bc480a915c2a3875c505fd5b3ebe475d25cefdae9447002ed88b0106
3628,qwen-2.5-3b-instruct,30.000000000000004,paraphrase,instruction_following,f3472a74bc480a915c2a3875c505fd5b3ebe475d25cefdae9447002ed88b0106
3629,qwen-32b,40.0,paraphrase,instruction_following,f3472a74bc480a915c2a3875c505fd5b3ebe475d25cefdae9447002ed88b0106
3630,gemma-3-12b-it,33.3333333333333,paraphrase,instruction_following,f4cbfc58a683894a66b028420969bb75a35fe4acda1bd3dce0024062c11b2041
3631,gemma-3-1b-it,16.6666666666666,paraphrase,instruction_following,f4cbfc58a683894a66b028420969bb75a35fe4acda1bd3dce0024062c11b2041
3632,gemma-3-4b-it,33.3333333333333,paraphrase,instruction_following,f4cbfc58a683894a66b028420969bb75a35fe4acda1bd3dce0024062c11b2041
3633,llama-3.1-70b-instruct,100.0,paraphrase,instruction_following,f4cbfc58a683894a66b028420969bb75a35fe4acda1bd3dce0024062c11b2041
3634,llama-3.1-8b-instruct,33.3333333333333,paraphrase,instruction_following,f4cbfc58a683894a66b028420969bb75a35fe4acda1bd3dce0024062c11b2041
3635,llama-3.2-1b-instruct,16.6666666666666,paraphrase,instruction_following,f4cbfc58a683894a66b028420969bb75a35fe4acda1bd3dce0024062c11b2041
3636,llama-3.2-3b-instruct,100.0,paraphrase,instruction_following,f4cbfc58a683894a66b028420969bb75a35fe4acda1bd3dce0024062c11b2041
3637,mistral-24b,100.0,paraphrase,instruction_following,f4cbfc58a683894a66b028420969bb75a35fe4acda1bd3dce0024062c11b2041
3638,mistral-7b,33.3333333333333,paraphrase,instruction_following,f4cbfc58a683894a66b028420969bb75a35fe4acda1bd3dce0024062c11b2041
3639,qwen-2.5-3b-instruct,16.6666666666666,paraphrase,instruction_following,f4cbfc58a683894a66b028420969bb75a35fe4acda1bd3dce0024062c11b2041
3640,qwen-32b,100.0,paraphrase,instruction_following,f4cbfc58a683894a66b028420969bb75a35fe4acda1bd3dce0024062c11b2041
3641,gemma-3-12b-it,100.0,paraphrase,instruction_following,ff7a17eb1dba0fc66f092f90004874e629b2efc6ec5a1203b66a46d9ae749fba
3642,gemma-3-1b-it,100.0,paraphrase,instruction_following,ff7a17eb1dba0fc66f092f90004874e629b2efc6ec5a1203b66a46d9ae749fba
3643,gemma-3-4b-it,100.0,paraphrase,instruction_following,ff7a17eb1dba0fc66f092f90004874e629b2efc6ec5a1203b66a46d9ae749fba
3644,llama-3.1-70b-instruct,0.0,paraphrase,instruction_following,ff7a17eb1dba0fc66f092f90004874e629b2efc6ec5a1203b66a46d9ae749fba
3645,llama-3.1-8b-instruct,100.0,paraphrase,instruction_following,ff7a17eb1dba0fc66f092f90004874e629b2efc6ec5a1203b66a46d9ae749fba
3646,llama-3.2-1b-instruct,100.0,paraphrase,instruction_following,ff7a17eb1dba0fc66f092f90004874e629b2efc6ec5a1203b66a46d9ae749fba
3647,llama-3.2-3b-instruct,100.0,paraphrase,instruction_following,ff7a17eb1dba0fc66f092f90004874e629b2efc6ec5a1203b66a46d9ae749fba
3648,mistral-24b,100.0,paraphrase,instruction_following,ff7a17eb1dba0fc66f092f90004874e629b2efc6ec5a1203b66a46d9ae749fba
3649,mistral-7b,100.0,paraphrase,instruction_following,ff7a17eb1dba0fc66f092f90004874e629b2efc6ec5a1203b66a46d9ae749fba
3650,qwen-2.5-3b-instruct,100.0,paraphrase,instruction_following,ff7a17eb1dba0fc66f092f90004874e629b2efc6ec5a1203b66a46d9ae749fba
3651,qwen-32b,100.0,paraphrase,instruction_following,ff7a17eb1dba0fc66f092f90004874e629b2efc6ec5a1203b66a46d9ae749fba
3652,gemma-3-12b-it,33.3333333333333,story_generation,instruction_following,006d27d0a338a42a35e7d50e01bfd5b8e502897097c15ab7a4b01a6e38c6bf4b
3653,gemma-3-1b-it,33.3333333333333,story_generation,instruction_following,006d27d0a338a42a35e7d50e01bfd5b8e502897097c15ab7a4b01a6e38c6bf4b
3654,gemma-3-4b-it,33.3333333333333,story_generation,instruction_following,006d27d0a338a42a35e7d50e01bfd5b8e502897097c15ab7a4b01a6e38c6bf4b
3655,llama-3.1-70b-instruct,100.0,story_generation,instruction_following,006d27d0a338a42a35e7d50e01bfd5b8e502897097c15ab7a4b01a6e38c6bf4b
3656,llama-3.1-8b-instruct,16.6666666666666,story_generation,instruction_following,006d27d0a338a42a35e7d50e01bfd5b8e502897097c15ab7a4b01a6e38c6bf4b
3657,llama-3.2-1b-instruct,16.6666666666666,story_generation,instruction_following,006d27d0a338a42a35e7d50e01bfd5b8e502897097c15ab7a4b01a6e38c6bf4b
3658,llama-3.2-3b-instruct,33.3333333333333,story_generation,instruction_following,006d27d0a338a42a35e7d50e01bfd5b8e502897097c15ab7a4b01a6e38c6bf4b
3659,mistral-24b,33.3333333333333,story_generation,instruction_following,006d27d0a338a42a35e7d50e01bfd5b8e502897097c15ab7a4b01a6e38c6bf4b
3660,mistral-7b,16.6666666666666,story_generation,instruction_following,006d27d0a338a42a35e7d50e01bfd5b8e502897097c15ab7a4b01a6e38c6bf4b
3661,qwen-2.5-3b-instruct,33.3333333333333,story_generation,instruction_following,006d27d0a338a42a35e7d50e01bfd5b8e502897097c15ab7a4b01a6e38c6bf4b
3662,qwen-32b,33.3333333333333,story_generation,instruction_following,006d27d0a338a42a35e7d50e01bfd5b8e502897097c15ab7a4b01a6e38c6bf4b
3663,gemma-3-12b-it,0.0,story_generation,instruction_following,05dd93ecefb22fdd5d3a5d396616c472436ffcebfa9c0d95fedda3ff661a11fa
3664,gemma-3-1b-it,0.0,story_generation,instruction_following,05dd93ecefb22fdd5d3a5d396616c472436ffcebfa9c0d95fedda3ff661a11fa
3665,gemma-3-4b-it,0.0,story_generation,instruction_following,05dd93ecefb22fdd5d3a5d396616c472436ffcebfa9c0d95fedda3ff661a11fa
3666,llama-3.1-70b-instruct,0.0,story_generation,instruction_following,05dd93ecefb22fdd5d3a5d396616c472436ffcebfa9c0d95fedda3ff661a11fa
3667,llama-3.1-8b-instruct,0.0,story_generation,instruction_following,05dd93ecefb22fdd5d3a5d396616c472436ffcebfa9c0d95fedda3ff661a11fa
3668,llama-3.2-1b-instruct,0.0,story_generation,instruction_following,05dd93ecefb22fdd5d3a5d396616c472436ffcebfa9c0d95fedda3ff661a11fa
3669,llama-3.2-3b-instruct,0.0,story_generation,instruction_following,05dd93ecefb22fdd5d3a5d396616c472436ffcebfa9c0d95fedda3ff661a11fa
3670,mistral-24b,0.0,story_generation,instruction_following,05dd93ecefb22fdd5d3a5d396616c472436ffcebfa9c0d95fedda3ff661a11fa
3671,mistral-7b,0.0,story_generation,instruction_following,05dd93ecefb22fdd5d3a5d396616c472436ffcebfa9c0d95fedda3ff661a11fa
3672,qwen-2.5-3b-instruct,0.0,story_generation,instruction_following,05dd93ecefb22fdd5d3a5d396616c472436ffcebfa9c0d95fedda3ff661a11fa
3673,qwen-32b,0.0,story_generation,instruction_following,05dd93ecefb22fdd5d3a5d396616c472436ffcebfa9c0d95fedda3ff661a11fa
3674,gemma-3-12b-it,100.0,story_generation,instruction_following,0f7d9c4e9e52b68d21b2c8a04f685bc992ea144fbf9b9e5441339ef29c40610f
3675,gemma-3-1b-it,100.0,story_generation,instruction_following,0f7d9c4e9e52b68d21b2c8a04f685bc992ea144fbf9b9e5441339ef29c40610f
3676,gemma-3-4b-it,100.0,story_generation,instruction_following,0f7d9c4e9e52b68d21b2c8a04f685bc992ea144fbf9b9e5441339ef29c40610f
3677,llama-3.1-70b-instruct,100.0,story_generation,instruction_following,0f7d9c4e9e52b68d21b2c8a04f685bc992ea144fbf9b9e5441339ef29c40610f
3678,llama-3.1-8b-instruct,100.0,story_generation,instruction_following,0f7d9c4e9e52b68d21b2c8a04f685bc992ea144fbf9b9e5441339ef29c40610f
3679,llama-3.2-1b-instruct,100.0,story_generation,instruction_following,0f7d9c4e9e52b68d21b2c8a04f685bc992ea144fbf9b9e5441339ef29c40610f
3680,llama-3.2-3b-instruct,0.0,story_generation,instruction_following,0f7d9c4e9e52b68d21b2c8a04f685bc992ea144fbf9b9e5441339ef29c40610f
3681,mistral-24b,100.0,story_generation,instruction_following,0f7d9c4e9e52b68d21b2c8a04f685bc992ea144fbf9b9e5441339ef29c40610f
3682,mistral-7b,100.0,story_generation,instruction_following,0f7d9c4e9e52b68d21b2c8a04f685bc992ea144fbf9b9e5441339ef29c40610f
3683,qwen-2.5-3b-instruct,100.0,story_generation,instruction_following,0f7d9c4e9e52b68d21b2c8a04f685bc992ea144fbf9b9e5441339ef29c40610f
3684,qwen-32b,100.0,story_generation,instruction_following,0f7d9c4e9e52b68d21b2c8a04f685bc992ea144fbf9b9e5441339ef29c40610f
3685,gemma-3-12b-it,100.0,story_generation,instruction_following,15a04d320c993aaedd8e2e9918e71683f331884c84b5816719236f373f831e05
3686,gemma-3-1b-it,100.0,story_generation,instruction_following,15a04d320c993aaedd8e2e9918e71683f331884c84b5816719236f373f831e05
3687,gemma-3-4b-it,100.0,story_generation,instruction_following,15a04d320c993aaedd8e2e9918e71683f331884c84b5816719236f373f831e05
3688,llama-3.1-70b-instruct,100.0,story_generation,instruction_following,15a04d320c993aaedd8e2e9918e71683f331884c84b5816719236f373f831e05
3689,llama-3.1-8b-instruct,100.0,story_generation,instruction_following,15a04d320c993aaedd8e2e9918e71683f331884c84b5816719236f373f831e05
3690,llama-3.2-1b-instruct,33.3333333333333,story_generation,instruction_following,15a04d320c993aaedd8e2e9918e71683f331884c84b5816719236f373f831e05
3691,llama-3.2-3b-instruct,100.0,story_generation,instruction_following,15a04d320c993aaedd8e2e9918e71683f331884c84b5816719236f373f831e05
3692,mistral-24b,100.0,story_generation,instruction_following,15a04d320c993aaedd8e2e9918e71683f331884c84b5816719236f373f831e05
3693,mistral-7b,100.0,story_generation,instruction_following,15a04d320c993aaedd8e2e9918e71683f331884c84b5816719236f373f831e05
3694,qwen-2.5-3b-instruct,100.0,story_generation,instruction_following,15a04d320c993aaedd8e2e9918e71683f331884c84b5816719236f373f831e05
3695,qwen-32b,100.0,story_generation,instruction_following,15a04d320c993aaedd8e2e9918e71683f331884c84b5816719236f373f831e05
3696,gemma-3-12b-it,33.3333333333333,story_generation,instruction_following,177ccbc243d5867c5dfda52a0dde4585016747ec63e1d3bf8511f109258212ca
3697,gemma-3-1b-it,33.3333333333333,story_generation,instruction_following,177ccbc243d5867c5dfda52a0dde4585016747ec63e1d3bf8511f109258212ca
3698,gemma-3-4b-it,33.3333333333333,story_generation,instruction_following,177ccbc243d5867c5dfda52a0dde4585016747ec63e1d3bf8511f109258212ca
3699,llama-3.1-70b-instruct,33.3333333333333,story_generation,instruction_following,177ccbc243d5867c5dfda52a0dde4585016747ec63e1d3bf8511f109258212ca
3700,llama-3.1-8b-instruct,33.3333333333333,story_generation,instruction_following,177ccbc243d5867c5dfda52a0dde4585016747ec63e1d3bf8511f109258212ca
3701,llama-3.2-1b-instruct,33.3333333333333,story_generation,instruction_following,177ccbc243d5867c5dfda52a0dde4585016747ec63e1d3bf8511f109258212ca
3702,llama-3.2-3b-instruct,33.3333333333333,story_generation,instruction_following,177ccbc243d5867c5dfda52a0dde4585016747ec63e1d3bf8511f109258212ca
3703,mistral-24b,33.3333333333333,story_generation,instruction_following,177ccbc243d5867c5dfda52a0dde4585016747ec63e1d3bf8511f109258212ca
3704,mistral-7b,33.3333333333333,story_generation,instruction_following,177ccbc243d5867c5dfda52a0dde4585016747ec63e1d3bf8511f109258212ca
3705,qwen-2.5-3b-instruct,33.3333333333333,story_generation,instruction_following,177ccbc243d5867c5dfda52a0dde4585016747ec63e1d3bf8511f109258212ca
3706,qwen-32b,33.3333333333333,story_generation,instruction_following,177ccbc243d5867c5dfda52a0dde4585016747ec63e1d3bf8511f109258212ca
3707,gemma-3-12b-it,33.3333333333333,story_generation,instruction_following,17854a4f3ee38888982a95aa5b240ed428714943c35b4ad185f754cebb5b29af
3708,gemma-3-1b-it,16.6666666666666,story_generation,instruction_following,17854a4f3ee38888982a95aa5b240ed428714943c35b4ad185f754cebb5b29af
3709,gemma-3-4b-it,16.6666666666666,story_generation,instruction_following,17854a4f3ee38888982a95aa5b240ed428714943c35b4ad185f754cebb5b29af
3710,llama-3.1-70b-instruct,16.6666666666666,story_generation,instruction_following,17854a4f3ee38888982a95aa5b240ed428714943c35b4ad185f754cebb5b29af
3711,llama-3.1-8b-instruct,16.6666666666666,story_generation,instruction_following,17854a4f3ee38888982a95aa5b240ed428714943c35b4ad185f754cebb5b29af
3712,llama-3.2-1b-instruct,0.0,story_generation,instruction_following,17854a4f3ee38888982a95aa5b240ed428714943c35b4ad185f754cebb5b29af
3713,llama-3.2-3b-instruct,16.6666666666666,story_generation,instruction_following,17854a4f3ee38888982a95aa5b240ed428714943c35b4ad185f754cebb5b29af
3714,mistral-24b,0.0,story_generation,instruction_following,17854a4f3ee38888982a95aa5b240ed428714943c35b4ad185f754cebb5b29af
3715,mistral-7b,16.6666666666666,story_generation,instruction_following,17854a4f3ee38888982a95aa5b240ed428714943c35b4ad185f754cebb5b29af
3716,qwen-2.5-3b-instruct,0.0,story_generation,instruction_following,17854a4f3ee38888982a95aa5b240ed428714943c35b4ad185f754cebb5b29af
3717,qwen-32b,33.3333333333333,story_generation,instruction_following,17854a4f3ee38888982a95aa5b240ed428714943c35b4ad185f754cebb5b29af
3718,gemma-3-12b-it,100.0,story_generation,instruction_following,1b09cc8158b5a64a86811f45c389ae6517d798b89640ad6c6059e98c7dd83b83
3719,gemma-3-1b-it,33.3333333333333,story_generation,instruction_following,1b09cc8158b5a64a86811f45c389ae6517d798b89640ad6c6059e98c7dd83b83
3720,gemma-3-4b-it,100.0,story_generation,instruction_following,1b09cc8158b5a64a86811f45c389ae6517d798b89640ad6c6059e98c7dd83b83
3721,llama-3.1-70b-instruct,33.3333333333333,story_generation,instruction_following,1b09cc8158b5a64a86811f45c389ae6517d798b89640ad6c6059e98c7dd83b83
3722,llama-3.1-8b-instruct,33.3333333333333,story_generation,instruction_following,1b09cc8158b5a64a86811f45c389ae6517d798b89640ad6c6059e98c7dd83b83
3723,llama-3.2-1b-instruct,33.3333333333333,story_generation,instruction_following,1b09cc8158b5a64a86811f45c389ae6517d798b89640ad6c6059e98c7dd83b83
3724,llama-3.2-3b-instruct,100.0,story_generation,instruction_following,1b09cc8158b5a64a86811f45c389ae6517d798b89640ad6c6059e98c7dd83b83
3725,mistral-24b,33.3333333333333,story_generation,instruction_following,1b09cc8158b5a64a86811f45c389ae6517d798b89640ad6c6059e98c7dd83b83
3726,mistral-7b,16.6666666666666,story_generation,instruction_following,1b09cc8158b5a64a86811f45c389ae6517d798b89640ad6c6059e98c7dd83b83
3727,qwen-2.5-3b-instruct,100.0,story_generation,instruction_following,1b09cc8158b5a64a86811f45c389ae6517d798b89640ad6c6059e98c7dd83b83
3728,qwen-32b,100.0,story_generation,instruction_following,1b09cc8158b5a64a86811f45c389ae6517d798b89640ad6c6059e98c7dd83b83
3729,gemma-3-12b-it,33.3333333333333,story_generation,instruction_following,1ed6a0a2c7b4b879b3f6b6bdc77f297735aae9c255fbd5210fb4b7bafce80aac
3730,gemma-3-1b-it,33.3333333333333,story_generation,instruction_following,1ed6a0a2c7b4b879b3f6b6bdc77f297735aae9c255fbd5210fb4b7bafce80aac
3731,gemma-3-4b-it,33.3333333333333,story_generation,instruction_following,1ed6a0a2c7b4b879b3f6b6bdc77f297735aae9c255fbd5210fb4b7bafce80aac
3732,llama-3.1-70b-instruct,100.0,story_generation,instruction_following,1ed6a0a2c7b4b879b3f6b6bdc77f297735aae9c255fbd5210fb4b7bafce80aac
3733,llama-3.1-8b-instruct,33.3333333333333,story_generation,instruction_following,1ed6a0a2c7b4b879b3f6b6bdc77f297735aae9c255fbd5210fb4b7bafce80aac
3734,llama-3.2-1b-instruct,16.6666666666666,story_generation,instruction_following,1ed6a0a2c7b4b879b3f6b6bdc77f297735aae9c255fbd5210fb4b7bafce80aac
3735,llama-3.2-3b-instruct,33.3333333333333,story_generation,instruction_following,1ed6a0a2c7b4b879b3f6b6bdc77f297735aae9c255fbd5210fb4b7bafce80aac
3736,mistral-24b,16.6666666666666,story_generation,instruction_following,1ed6a0a2c7b4b879b3f6b6bdc77f297735aae9c255fbd5210fb4b7bafce80aac
3737,mistral-7b,33.3333333333333,story_generation,instruction_following,1ed6a0a2c7b4b879b3f6b6bdc77f297735aae9c255fbd5210fb4b7bafce80aac
3738,qwen-2.5-3b-instruct,16.6666666666666,story_generation,instruction_following,1ed6a0a2c7b4b879b3f6b6bdc77f297735aae9c255fbd5210fb4b7bafce80aac
3739,qwen-32b,100.0,story_generation,instruction_following,1ed6a0a2c7b4b879b3f6b6bdc77f297735aae9c255fbd5210fb4b7bafce80aac
3740,gemma-3-12b-it,100.0,story_generation,instruction_following,21f4f5c292c5f8ce8c12f0c04b8919ea81af86717e6f03740e21437acf602bfc
3741,gemma-3-1b-it,25.0,story_generation,instruction_following,21f4f5c292c5f8ce8c12f0c04b8919ea81af86717e6f03740e21437acf602bfc
3742,gemma-3-4b-it,37.5,story_generation,instruction_following,21f4f5c292c5f8ce8c12f0c04b8919ea81af86717e6f03740e21437acf602bfc
3743,llama-3.1-70b-instruct,100.0,story_generation,instruction_following,21f4f5c292c5f8ce8c12f0c04b8919ea81af86717e6f03740e21437acf602bfc
3744,llama-3.1-8b-instruct,37.5,story_generation,instruction_following,21f4f5c292c5f8ce8c12f0c04b8919ea81af86717e6f03740e21437acf602bfc
3745,llama-3.2-1b-instruct,37.5,story_generation,instruction_following,21f4f5c292c5f8ce8c12f0c04b8919ea81af86717e6f03740e21437acf602bfc
3746,llama-3.2-3b-instruct,100.0,story_generation,instruction_following,21f4f5c292c5f8ce8c12f0c04b8919ea81af86717e6f03740e21437acf602bfc
3747,mistral-24b,100.0,story_generation,instruction_following,21f4f5c292c5f8ce8c12f0c04b8919ea81af86717e6f03740e21437acf602bfc
3748,mistral-7b,37.5,story_generation,instruction_following,21f4f5c292c5f8ce8c12f0c04b8919ea81af86717e6f03740e21437acf602bfc
3749,qwen-2.5-3b-instruct,100.0,story_generation,instruction_following,21f4f5c292c5f8ce8c12f0c04b8919ea81af86717e6f03740e21437acf602bfc
3750,qwen-32b,100.0,story_generation,instruction_following,21f4f5c292c5f8ce8c12f0c04b8919ea81af86717e6f03740e21437acf602bfc
3751,gemma-3-12b-it,25.0,story_generation,instruction_following,30813a0174cef54c60bb121f95e328f69c750cc63a764b93fdbe26b4c41e5c3e
3752,gemma-3-1b-it,25.0,story_generation,instruction_following,30813a0174cef54c60bb121f95e328f69c750cc63a764b93fdbe26b4c41e5c3e
3753,gemma-3-4b-it,25.0,story_generation,instruction_following,30813a0174cef54c60bb121f95e328f69c750cc63a764b93fdbe26b4c41e5c3e
3754,llama-3.1-70b-instruct,100.0,story_generation,instruction_following,30813a0174cef54c60bb121f95e328f69c750cc63a764b93fdbe26b4c41e5c3e
3755,llama-3.1-8b-instruct,25.0,story_generation,instruction_following,30813a0174cef54c60bb121f95e328f69c750cc63a764b93fdbe26b4c41e5c3e
3756,llama-3.2-1b-instruct,0.0,story_generation,instruction_following,30813a0174cef54c60bb121f95e328f69c750cc63a764b93fdbe26b4c41e5c3e
3757,llama-3.2-3b-instruct,25.0,story_generation,instruction_following,30813a0174cef54c60bb121f95e328f69c750cc63a764b93fdbe26b4c41e5c3e
3758,mistral-24b,25.0,story_generation,instruction_following,30813a0174cef54c60bb121f95e328f69c750cc63a764b93fdbe26b4c41e5c3e
3759,mistral-7b,100.0,story_generation,instruction_following,30813a0174cef54c60bb121f95e328f69c750cc63a764b93fdbe26b4c41e5c3e
3760,qwen-2.5-3b-instruct,25.0,story_generation,instruction_following,30813a0174cef54c60bb121f95e328f69c750cc63a764b93fdbe26b4c41e5c3e
3761,qwen-32b,100.0,story_generation,instruction_following,30813a0174cef54c60bb121f95e328f69c750cc63a764b93fdbe26b4c41e5c3e
3762,gemma-3-12b-it,100.0,story_generation,instruction_following,309f90f2b74f7916a6a280e64232fe19b870f699133ed3f81449870672867fa7
3763,gemma-3-1b-it,16.6666666666666,story_generation,instruction_following,309f90f2b74f7916a6a280e64232fe19b870f699133ed3f81449870672867fa7
3764,gemma-3-4b-it,100.0,story_generation,instruction_following,309f90f2b74f7916a6a280e64232fe19b870f699133ed3f81449870672867fa7
3765,llama-3.1-70b-instruct,33.3333333333333,story_generation,instruction_following,309f90f2b74f7916a6a280e64232fe19b870f699133ed3f81449870672867fa7
3766,llama-3.1-8b-instruct,100.0,story_generation,instruction_following,309f90f2b74f7916a6a280e64232fe19b870f699133ed3f81449870672867fa7
3767,llama-3.2-1b-instruct,16.6666666666666,story_generation,instruction_following,309f90f2b74f7916a6a280e64232fe19b870f699133ed3f81449870672867fa7
3768,llama-3.2-3b-instruct,33.3333333333333,story_generation,instruction_following,309f90f2b74f7916a6a280e64232fe19b870f699133ed3f81449870672867fa7
3769,mistral-24b,33.3333333333333,story_generation,instruction_following,309f90f2b74f7916a6a280e64232fe19b870f699133ed3f81449870672867fa7
3770,mistral-7b,16.6666666666666,story_generation,instruction_following,309f90f2b74f7916a6a280e64232fe19b870f699133ed3f81449870672867fa7
3771,qwen-2.5-3b-instruct,33.3333333333333,story_generation,instruction_following,309f90f2b74f7916a6a280e64232fe19b870f699133ed3f81449870672867fa7
3772,qwen-32b,100.0,story_generation,instruction_following,309f90f2b74f7916a6a280e64232fe19b870f699133ed3f81449870672867fa7
3773,gemma-3-12b-it,25.0,story_generation,instruction_following,35429a8692dc7256b27f4c45abb36b4b33f86bb982c0c29965faaa6c8cc34d66
3774,gemma-3-1b-it,0.0,story_generation,instruction_following,35429a8692dc7256b27f4c45abb36b4b33f86bb982c0c29965faaa6c8cc34d66
3775,gemma-3-4b-it,25.0,story_generation,instruction_following,35429a8692dc7256b27f4c45abb36b4b33f86bb982c0c29965faaa6c8cc34d66
3776,llama-3.1-70b-instruct,25.0,story_generation,instruction_following,35429a8692dc7256b27f4c45abb36b4b33f86bb982c0c29965faaa6c8cc34d66
3777,llama-3.1-8b-instruct,25.0,story_generation,instruction_following,35429a8692dc7256b27f4c45abb36b4b33f86bb982c0c29965faaa6c8cc34d66
3778,llama-3.2-1b-instruct,0.0,story_generation,instruction_following,35429a8692dc7256b27f4c45abb36b4b33f86bb982c0c29965faaa6c8cc34d66
3779,llama-3.2-3b-instruct,0.0,story_generation,instruction_following,35429a8692dc7256b27f4c45abb36b4b33f86bb982c0c29965faaa6c8cc34d66
3780,mistral-24b,0.0,story_generation,instruction_following,35429a8692dc7256b27f4c45abb36b4b33f86bb982c0c29965faaa6c8cc34d66
3781,mistral-7b,25.0,story_generation,instruction_following,35429a8692dc7256b27f4c45abb36b4b33f86bb982c0c29965faaa6c8cc34d66
3782,qwen-2.5-3b-instruct,25.0,story_generation,instruction_following,35429a8692dc7256b27f4c45abb36b4b33f86bb982c0c29965faaa6c8cc34d66
3783,qwen-32b,0.0,story_generation,instruction_following,35429a8692dc7256b27f4c45abb36b4b33f86bb982c0c29965faaa6c8cc34d66
3784,gemma-3-12b-it,100.0,story_generation,instruction_following,3c582f6d13ac1cf0b33aa6e3cdc0a1baf42f1cd1da7080f96b0fadebb5a8b71d
3785,gemma-3-1b-it,25.0,story_generation,instruction_following,3c582f6d13ac1cf0b33aa6e3cdc0a1baf42f1cd1da7080f96b0fadebb5a8b71d
3786,gemma-3-4b-it,100.0,story_generation,instruction_following,3c582f6d13ac1cf0b33aa6e3cdc0a1baf42f1cd1da7080f96b0fadebb5a8b71d
3787,llama-3.1-70b-instruct,100.0,story_generation,instruction_following,3c582f6d13ac1cf0b33aa6e3cdc0a1baf42f1cd1da7080f96b0fadebb5a8b71d
3788,llama-3.1-8b-instruct,100.0,story_generation,instruction_following,3c582f6d13ac1cf0b33aa6e3cdc0a1baf42f1cd1da7080f96b0fadebb5a8b71d
3789,llama-3.2-1b-instruct,100.0,story_generation,instruction_following,3c582f6d13ac1cf0b33aa6e3cdc0a1baf42f1cd1da7080f96b0fadebb5a8b71d
3790,llama-3.2-3b-instruct,100.0,story_generation,instruction_following,3c582f6d13ac1cf0b33aa6e3cdc0a1baf42f1cd1da7080f96b0fadebb5a8b71d
3791,mistral-24b,100.0,story_generation,instruction_following,3c582f6d13ac1cf0b33aa6e3cdc0a1baf42f1cd1da7080f96b0fadebb5a8b71d
3792,mistral-7b,100.0,story_generation,instruction_following,3c582f6d13ac1cf0b33aa6e3cdc0a1baf42f1cd1da7080f96b0fadebb5a8b71d
3793,qwen-2.5-3b-instruct,100.0,story_generation,instruction_following,3c582f6d13ac1cf0b33aa6e3cdc0a1baf42f1cd1da7080f96b0fadebb5a8b71d
3794,qwen-32b,100.0,story_generation,instruction_following,3c582f6d13ac1cf0b33aa6e3cdc0a1baf42f1cd1da7080f96b0fadebb5a8b71d
3795,gemma-3-12b-it,37.5,story_generation,instruction_following,3d384d57ad1d293a7747beb55353c83c03472cfc5d03d90acbf2c0f37e6b84c3
3796,gemma-3-1b-it,25.0,story_generation,instruction_following,3d384d57ad1d293a7747beb55353c83c03472cfc5d03d90acbf2c0f37e6b84c3
3797,gemma-3-4b-it,100.0,story_generation,instruction_following,3d384d57ad1d293a7747beb55353c83c03472cfc5d03d90acbf2c0f37e6b84c3
3798,llama-3.1-70b-instruct,100.0,story_generation,instruction_following,3d384d57ad1d293a7747beb55353c83c03472cfc5d03d90acbf2c0f37e6b84c3
3799,llama-3.1-8b-instruct,37.5,story_generation,instruction_following,3d384d57ad1d293a7747beb55353c83c03472cfc5d03d90acbf2c0f37e6b84c3
3800,llama-3.2-1b-instruct,12.5,story_generation,instruction_following,3d384d57ad1d293a7747beb55353c83c03472cfc5d03d90acbf2c0f37e6b84c3
3801,llama-3.2-3b-instruct,25.0,story_generation,instruction_following,3d384d57ad1d293a7747beb55353c83c03472cfc5d03d90acbf2c0f37e6b84c3
3802,mistral-24b,25.0,story_generation,instruction_following,3d384d57ad1d293a7747beb55353c83c03472cfc5d03d90acbf2c0f37e6b84c3
3803,mistral-7b,25.0,story_generation,instruction_following,3d384d57ad1d293a7747beb55353c83c03472cfc5d03d90acbf2c0f37e6b84c3
3804,qwen-2.5-3b-instruct,25.0,story_generation,instruction_following,3d384d57ad1d293a7747beb55353c83c03472cfc5d03d90acbf2c0f37e6b84c3
3805,qwen-32b,37.5,story_generation,instruction_following,3d384d57ad1d293a7747beb55353c83c03472cfc5d03d90acbf2c0f37e6b84c3
3806,gemma-3-12b-it,100.0,story_generation,instruction_following,425a0c3acd761293fc3d925177333f91e9652fb1ff91b22258f14b086624c838
3807,gemma-3-1b-it,33.3333333333333,story_generation,instruction_following,425a0c3acd761293fc3d925177333f91e9652fb1ff91b22258f14b086624c838
3808,gemma-3-4b-it,33.3333333333333,story_generation,instruction_following,425a0c3acd761293fc3d925177333f91e9652fb1ff91b22258f14b086624c838
3809,llama-3.1-70b-instruct,100.0,story_generation,instruction_following,425a0c3acd761293fc3d925177333f91e9652fb1ff91b22258f14b086624c838
3810,llama-3.1-8b-instruct,16.6666666666666,story_generation,instruction_following,425a0c3acd761293fc3d925177333f91e9652fb1ff91b22258f14b086624c838
3811,llama-3.2-1b-instruct,0.0,story_generation,instruction_following,425a0c3acd761293fc3d925177333f91e9652fb1ff91b22258f14b086624c838
3812,llama-3.2-3b-instruct,16.6666666666666,story_generation,instruction_following,425a0c3acd761293fc3d925177333f91e9652fb1ff91b22258f14b086624c838
3813,mistral-24b,100.0,story_generation,instruction_following,425a0c3acd761293fc3d925177333f91e9652fb1ff91b22258f14b086624c838
3814,mistral-7b,33.3333333333333,story_generation,instruction_following,425a0c3acd761293fc3d925177333f91e9652fb1ff91b22258f14b086624c838
3815,qwen-2.5-3b-instruct,33.3333333333333,story_generation,instruction_following,425a0c3acd761293fc3d925177333f91e9652fb1ff91b22258f14b086624c838
3816,qwen-32b,33.3333333333333,story_generation,instruction_following,425a0c3acd761293fc3d925177333f91e9652fb1ff91b22258f14b086624c838
3817,gemma-3-12b-it,100.0,story_generation,instruction_following,42df65283184c31527f8de3add005c74c25e06ee43dc24ac9ba69b3c2d38bc9b
3818,gemma-3-1b-it,16.6666666666666,story_generation,instruction_following,42df65283184c31527f8de3add005c74c25e06ee43dc24ac9ba69b3c2d38bc9b
3819,gemma-3-4b-it,100.0,story_generation,instruction_following,42df65283184c31527f8de3add005c74c25e06ee43dc24ac9ba69b3c2d38bc9b
3820,llama-3.1-70b-instruct,100.0,story_generation,instruction_following,42df65283184c31527f8de3add005c74c25e06ee43dc24ac9ba69b3c2d38bc9b
3821,llama-3.1-8b-instruct,100.0,story_generation,instruction_following,42df65283184c31527f8de3add005c74c25e06ee43dc24ac9ba69b3c2d38bc9b
3822,llama-3.2-1b-instruct,16.6666666666666,story_generation,instruction_following,42df65283184c31527f8de3add005c74c25e06ee43dc24ac9ba69b3c2d38bc9b
3823,llama-3.2-3b-instruct,100.0,story_generation,instruction_following,42df65283184c31527f8de3add005c74c25e06ee43dc24ac9ba69b3c2d38bc9b
3824,mistral-24b,33.3333333333333,story_generation,instruction_following,42df65283184c31527f8de3add005c74c25e06ee43dc24ac9ba69b3c2d38bc9b
3825,mistral-7b,16.6666666666666,story_generation,instruction_following,42df65283184c31527f8de3add005c74c25e06ee43dc24ac9ba69b3c2d38bc9b
3826,qwen-2.5-3b-instruct,16.6666666666666,story_generation,instruction_following,42df65283184c31527f8de3add005c74c25e06ee43dc24ac9ba69b3c2d38bc9b
3827,qwen-32b,100.0,story_generation,instruction_following,42df65283184c31527f8de3add005c74c25e06ee43dc24ac9ba69b3c2d38bc9b
3828,gemma-3-12b-it,37.5,story_generation,instruction_following,45b2b49b7d512ce1d39340eb8ccea81d4ae11d237f25eb3c9599c3e99d0d5e8c
3829,gemma-3-1b-it,37.5,story_generation,instruction_following,45b2b49b7d512ce1d39340eb8ccea81d4ae11d237f25eb3c9599c3e99d0d5e8c
3830,gemma-3-4b-it,37.5,story_generation,instruction_following,45b2b49b7d512ce1d39340eb8ccea81d4ae11d237f25eb3c9599c3e99d0d5e8c
3831,llama-3.1-70b-instruct,37.5,story_generation,instruction_following,45b2b49b7d512ce1d39340eb8ccea81d4ae11d237f25eb3c9599c3e99d0d5e8c
3832,llama-3.1-8b-instruct,37.5,story_generation,instruction_following,45b2b49b7d512ce1d39340eb8ccea81d4ae11d237f25eb3c9599c3e99d0d5e8c
3833,llama-3.2-1b-instruct,25.0,story_generation,instruction_following,45b2b49b7d512ce1d39340eb8ccea81d4ae11d237f25eb3c9599c3e99d0d5e8c
3834,llama-3.2-3b-instruct,37.5,story_generation,instruction_following,45b2b49b7d512ce1d39340eb8ccea81d4ae11d237f25eb3c9599c3e99d0d5e8c
3835,mistral-24b,100.0,story_generation,instruction_following,45b2b49b7d512ce1d39340eb8ccea81d4ae11d237f25eb3c9599c3e99d0d5e8c
3836,mistral-7b,37.5,story_generation,instruction_following,45b2b49b7d512ce1d39340eb8ccea81d4ae11d237f25eb3c9599c3e99d0d5e8c
3837,qwen-2.5-3b-instruct,37.5,story_generation,instruction_following,45b2b49b7d512ce1d39340eb8ccea81d4ae11d237f25eb3c9599c3e99d0d5e8c
3838,qwen-32b,100.0,story_generation,instruction_following,45b2b49b7d512ce1d39340eb8ccea81d4ae11d237f25eb3c9599c3e99d0d5e8c
3839,gemma-3-12b-it,37.5,story_generation,instruction_following,60190416f20733f1307b983eddd6ef349f1273324e6049ac6e9cfb5a8986b355
3840,gemma-3-1b-it,37.5,story_generation,instruction_following,60190416f20733f1307b983eddd6ef349f1273324e6049ac6e9cfb5a8986b355
3841,gemma-3-4b-it,100.0,story_generation,instruction_following,60190416f20733f1307b983eddd6ef349f1273324e6049ac6e9cfb5a8986b355
3842,llama-3.1-70b-instruct,25.0,story_generation,instruction_following,60190416f20733f1307b983eddd6ef349f1273324e6049ac6e9cfb5a8986b355
3843,llama-3.1-8b-instruct,25.0,story_generation,instruction_following,60190416f20733f1307b983eddd6ef349f1273324e6049ac6e9cfb5a8986b355
3844,llama-3.2-1b-instruct,12.5,story_generation,instruction_following,60190416f20733f1307b983eddd6ef349f1273324e6049ac6e9cfb5a8986b355
3845,llama-3.2-3b-instruct,37.5,story_generation,instruction_following,60190416f20733f1307b983eddd6ef349f1273324e6049ac6e9cfb5a8986b355
3846,mistral-24b,25.0,story_generation,instruction_following,60190416f20733f1307b983eddd6ef349f1273324e6049ac6e9cfb5a8986b355
3847,mistral-7b,25.0,story_generation,instruction_following,60190416f20733f1307b983eddd6ef349f1273324e6049ac6e9cfb5a8986b355
3848,qwen-2.5-3b-instruct,25.0,story_generation,instruction_following,60190416f20733f1307b983eddd6ef349f1273324e6049ac6e9cfb5a8986b355
3849,qwen-32b,25.0,story_generation,instruction_following,60190416f20733f1307b983eddd6ef349f1273324e6049ac6e9cfb5a8986b355
3850,gemma-3-12b-it,33.3333333333333,story_generation,instruction_following,649f08464328ecc126391dc2f7bd95015a497abf5983cb3fd543617c6ec188e7
3851,gemma-3-1b-it,0.0,story_generation,instruction_following,649f08464328ecc126391dc2f7bd95015a497abf5983cb3fd543617c6ec188e7
3852,gemma-3-4b-it,33.3333333333333,story_generation,instruction_following,649f08464328ecc126391dc2f7bd95015a497abf5983cb3fd543617c6ec188e7
3853,llama-3.1-70b-instruct,33.3333333333333,story_generation,instruction_following,649f08464328ecc126391dc2f7bd95015a497abf5983cb3fd543617c6ec188e7
3854,llama-3.1-8b-instruct,0.0,story_generation,instruction_following,649f08464328ecc126391dc2f7bd95015a497abf5983cb3fd543617c6ec188e7
3855,llama-3.2-1b-instruct,0.0,story_generation,instruction_following,649f08464328ecc126391dc2f7bd95015a497abf5983cb3fd543617c6ec188e7
3856,llama-3.2-3b-instruct,16.6666666666666,story_generation,instruction_following,649f08464328ecc126391dc2f7bd95015a497abf5983cb3fd543617c6ec188e7
3857,mistral-24b,16.6666666666666,story_generation,instruction_following,649f08464328ecc126391dc2f7bd95015a497abf5983cb3fd543617c6ec188e7
3858,mistral-7b,33.3333333333333,story_generation,instruction_following,649f08464328ecc126391dc2f7bd95015a497abf5983cb3fd543617c6ec188e7
3859,qwen-2.5-3b-instruct,16.6666666666666,story_generation,instruction_following,649f08464328ecc126391dc2f7bd95015a497abf5983cb3fd543617c6ec188e7
3860,qwen-32b,100.0,story_generation,instruction_following,649f08464328ecc126391dc2f7bd95015a497abf5983cb3fd543617c6ec188e7
3861,gemma-3-12b-it,33.3333333333333,story_generation,instruction_following,681e0647847abfb10f13da61b27f8347e1e16242d8662f16cb6465ca85018f31
3862,gemma-3-1b-it,33.3333333333333,story_generation,instruction_following,681e0647847abfb10f13da61b27f8347e1e16242d8662f16cb6465ca85018f31
3863,gemma-3-4b-it,16.6666666666666,story_generation,instruction_following,681e0647847abfb10f13da61b27f8347e1e16242d8662f16cb6465ca85018f31
3864,llama-3.1-70b-instruct,33.3333333333333,story_generation,instruction_following,681e0647847abfb10f13da61b27f8347e1e16242d8662f16cb6465ca85018f31
3865,llama-3.1-8b-instruct,33.3333333333333,story_generation,instruction_following,681e0647847abfb10f13da61b27f8347e1e16242d8662f16cb6465ca85018f31
3866,llama-3.2-1b-instruct,16.6666666666666,story_generation,instruction_following,681e0647847abfb10f13da61b27f8347e1e16242d8662f16cb6465ca85018f31
3867,llama-3.2-3b-instruct,33.3333333333333,story_generation,instruction_following,681e0647847abfb10f13da61b27f8347e1e16242d8662f16cb6465ca85018f31
3868,mistral-24b,33.3333333333333,story_generation,instruction_following,681e0647847abfb10f13da61b27f8347e1e16242d8662f16cb6465ca85018f31
3869,mistral-7b,100.0,story_generation,instruction_following,681e0647847abfb10f13da61b27f8347e1e16242d8662f16cb6465ca85018f31
3870,qwen-2.5-3b-instruct,100.0,story_generation,instruction_following,681e0647847abfb10f13da61b27f8347e1e16242d8662f16cb6465ca85018f31
3871,qwen-32b,33.3333333333333,story_generation,instruction_following,681e0647847abfb10f13da61b27f8347e1e16242d8662f16cb6465ca85018f31
3872,gemma-3-12b-it,33.3333333333333,story_generation,instruction_following,699d35c9bc63c9ef5eaa6a7ec032f096ebfa1af8cc61b66312a95938c041e2ab
3873,gemma-3-1b-it,16.6666666666666,story_generation,instruction_following,699d35c9bc63c9ef5eaa6a7ec032f096ebfa1af8cc61b66312a95938c041e2ab
3874,gemma-3-4b-it,33.3333333333333,story_generation,instruction_following,699d35c9bc63c9ef5eaa6a7ec032f096ebfa1af8cc61b66312a95938c041e2ab
3875,llama-3.1-70b-instruct,33.3333333333333,story_generation,instruction_following,699d35c9bc63c9ef5eaa6a7ec032f096ebfa1af8cc61b66312a95938c041e2ab
3876,llama-3.1-8b-instruct,16.6666666666666,story_generation,instruction_following,699d35c9bc63c9ef5eaa6a7ec032f096ebfa1af8cc61b66312a95938c041e2ab
3877,llama-3.2-1b-instruct,0.0,story_generation,instruction_following,699d35c9bc63c9ef5eaa6a7ec032f096ebfa1af8cc61b66312a95938c041e2ab
3878,llama-3.2-3b-instruct,16.6666666666666,story_generation,instruction_following,699d35c9bc63c9ef5eaa6a7ec032f096ebfa1af8cc61b66312a95938c041e2ab
3879,mistral-24b,100.0,story_generation,instruction_following,699d35c9bc63c9ef5eaa6a7ec032f096ebfa1af8cc61b66312a95938c041e2ab
3880,mistral-7b,33.3333333333333,story_generation,instruction_following,699d35c9bc63c9ef5eaa6a7ec032f096ebfa1af8cc61b66312a95938c041e2ab
3881,qwen-2.5-3b-instruct,0.0,story_generation,instruction_following,699d35c9bc63c9ef5eaa6a7ec032f096ebfa1af8cc61b66312a95938c041e2ab
3882,qwen-32b,33.3333333333333,story_generation,instruction_following,699d35c9bc63c9ef5eaa6a7ec032f096ebfa1af8cc61b66312a95938c041e2ab
3883,gemma-3-12b-it,25.0,story_generation,instruction_following,71d079525c95cd874224f0f3f5d0c2604b37c9acc7ba57e340e3af95c5abc9f9
3884,gemma-3-1b-it,0.0,story_generation,instruction_following,71d079525c95cd874224f0f3f5d0c2604b37c9acc7ba57e340e3af95c5abc9f9
3885,gemma-3-4b-it,0.0,story_generation,instruction_following,71d079525c95cd874224f0f3f5d0c2604b37c9acc7ba57e340e3af95c5abc9f9
3886,llama-3.1-70b-instruct,25.0,story_generation,instruction_following,71d079525c95cd874224f0f3f5d0c2604b37c9acc7ba57e340e3af95c5abc9f9
3887,llama-3.1-8b-instruct,25.0,story_generation,instruction_following,71d079525c95cd874224f0f3f5d0c2604b37c9acc7ba57e340e3af95c5abc9f9
3888,llama-3.2-1b-instruct,0.0,story_generation,instruction_following,71d079525c95cd874224f0f3f5d0c2604b37c9acc7ba57e340e3af95c5abc9f9
3889,llama-3.2-3b-instruct,25.0,story_generation,instruction_following,71d079525c95cd874224f0f3f5d0c2604b37c9acc7ba57e340e3af95c5abc9f9
3890,mistral-24b,25.0,story_generation,instruction_following,71d079525c95cd874224f0f3f5d0c2604b37c9acc7ba57e340e3af95c5abc9f9
3891,mistral-7b,25.0,story_generation,instruction_following,71d079525c95cd874224f0f3f5d0c2604b37c9acc7ba57e340e3af95c5abc9f9
3892,qwen-2.5-3b-instruct,0.0,story_generation,instruction_following,71d079525c95cd874224f0f3f5d0c2604b37c9acc7ba57e340e3af95c5abc9f9
3893,qwen-32b,25.0,story_generation,instruction_following,71d079525c95cd874224f0f3f5d0c2604b37c9acc7ba57e340e3af95c5abc9f9
3894,gemma-3-12b-it,25.0,story_generation,instruction_following,76699c7eabb6e93d7f83e8dada4634091be60af3d52ad4e3d41881bd1633cda1
3895,gemma-3-1b-it,25.0,story_generation,instruction_following,76699c7eabb6e93d7f83e8dada4634091be60af3d52ad4e3d41881bd1633cda1
3896,gemma-3-4b-it,25.0,story_generation,instruction_following,76699c7eabb6e93d7f83e8dada4634091be60af3d52ad4e3d41881bd1633cda1
3897,llama-3.1-70b-instruct,25.0,story_generation,instruction_following,76699c7eabb6e93d7f83e8dada4634091be60af3d52ad4e3d41881bd1633cda1
3898,llama-3.1-8b-instruct,25.0,story_generation,instruction_following,76699c7eabb6e93d7f83e8dada4634091be60af3d52ad4e3d41881bd1633cda1
3899,llama-3.2-1b-instruct,0.0,story_generation,instruction_following,76699c7eabb6e93d7f83e8dada4634091be60af3d52ad4e3d41881bd1633cda1
3900,llama-3.2-3b-instruct,25.0,story_generation,instruction_following,76699c7eabb6e93d7f83e8dada4634091be60af3d52ad4e3d41881bd1633cda1
3901,mistral-24b,100.0,story_generation,instruction_following,76699c7eabb6e93d7f83e8dada4634091be60af3d52ad4e3d41881bd1633cda1
3902,mistral-7b,25.0,story_generation,instruction_following,76699c7eabb6e93d7f83e8dada4634091be60af3d52ad4e3d41881bd1633cda1
3903,qwen-2.5-3b-instruct,25.0,story_generation,instruction_following,76699c7eabb6e93d7f83e8dada4634091be60af3d52ad4e3d41881bd1633cda1
3904,qwen-32b,100.0,story_generation,instruction_following,76699c7eabb6e93d7f83e8dada4634091be60af3d52ad4e3d41881bd1633cda1
3905,gemma-3-12b-it,100.0,story_generation,instruction_following,78324955c8a77181942b601b73d8fb7767cd55e3d28e040d2f97375f69976667
3906,gemma-3-1b-it,100.0,story_generation,instruction_following,78324955c8a77181942b601b73d8fb7767cd55e3d28e040d2f97375f69976667
3907,gemma-3-4b-it,100.0,story_generation,instruction_following,78324955c8a77181942b601b73d8fb7767cd55e3d28e040d2f97375f69976667
3908,llama-3.1-70b-instruct,0.0,story_generation,instruction_following,78324955c8a77181942b601b73d8fb7767cd55e3d28e040d2f97375f69976667
3909,llama-3.1-8b-instruct,100.0,story_generation,instruction_following,78324955c8a77181942b601b73d8fb7767cd55e3d28e040d2f97375f69976667
3910,llama-3.2-1b-instruct,0.0,story_generation,instruction_following,78324955c8a77181942b601b73d8fb7767cd55e3d28e040d2f97375f69976667
3911,llama-3.2-3b-instruct,100.0,story_generation,instruction_following,78324955c8a77181942b601b73d8fb7767cd55e3d28e040d2f97375f69976667
3912,mistral-24b,100.0,story_generation,instruction_following,78324955c8a77181942b601b73d8fb7767cd55e3d28e040d2f97375f69976667
3913,mistral-7b,100.0,story_generation,instruction_following,78324955c8a77181942b601b73d8fb7767cd55e3d28e040d2f97375f69976667
3914,qwen-2.5-3b-instruct,100.0,story_generation,instruction_following,78324955c8a77181942b601b73d8fb7767cd55e3d28e040d2f97375f69976667
3915,qwen-32b,100.0,story_generation,instruction_following,78324955c8a77181942b601b73d8fb7767cd55e3d28e040d2f97375f69976667
3916,gemma-3-12b-it,33.3333333333333,story_generation,instruction_following,7b2da96656605701102e0600b1fba272a630422f6a5858276c1ee8d4373cce97
3917,gemma-3-1b-it,16.6666666666666,story_generation,instruction_following,7b2da96656605701102e0600b1fba272a630422f6a5858276c1ee8d4373cce97
3918,gemma-3-4b-it,100.0,story_generation,instruction_following,7b2da96656605701102e0600b1fba272a630422f6a5858276c1ee8d4373cce97
3919,llama-3.1-70b-instruct,33.3333333333333,story_generation,instruction_following,7b2da96656605701102e0600b1fba272a630422f6a5858276c1ee8d4373cce97
3920,llama-3.1-8b-instruct,33.3333333333333,story_generation,instruction_following,7b2da96656605701102e0600b1fba272a630422f6a5858276c1ee8d4373cce97
3921,llama-3.2-1b-instruct,16.6666666666666,story_generation,instruction_following,7b2da96656605701102e0600b1fba272a630422f6a5858276c1ee8d4373cce97
3922,llama-3.2-3b-instruct,16.6666666666666,story_generation,instruction_following,7b2da96656605701102e0600b1fba272a630422f6a5858276c1ee8d4373cce97
3923,mistral-24b,100.0,story_generation,instruction_following,7b2da96656605701102e0600b1fba272a630422f6a5858276c1ee8d4373cce97
3924,mistral-7b,33.3333333333333,story_generation,instruction_following,7b2da96656605701102e0600b1fba272a630422f6a5858276c1ee8d4373cce97
3925,qwen-2.5-3b-instruct,33.3333333333333,story_generation,instruction_following,7b2da96656605701102e0600b1fba272a630422f6a5858276c1ee8d4373cce97
3926,qwen-32b,100.0,story_generation,instruction_following,7b2da96656605701102e0600b1fba272a630422f6a5858276c1ee8d4373cce97
3927,gemma-3-12b-it,100.0,story_generation,instruction_following,8e2cdce6c9acca68e148d560e76df9a9acd652ce2e3f2fab7cad89f7bf2aeb05
3928,gemma-3-1b-it,33.3333333333333,story_generation,instruction_following,8e2cdce6c9acca68e148d560e76df9a9acd652ce2e3f2fab7cad89f7bf2aeb05
3929,gemma-3-4b-it,33.3333333333333,story_generation,instruction_following,8e2cdce6c9acca68e148d560e76df9a9acd652ce2e3f2fab7cad89f7bf2aeb05
3930,llama-3.1-70b-instruct,16.6666666666666,story_generation,instruction_following,8e2cdce6c9acca68e148d560e76df9a9acd652ce2e3f2fab7cad89f7bf2aeb05
3931,llama-3.1-8b-instruct,33.3333333333333,story_generation,instruction_following,8e2cdce6c9acca68e148d560e76df9a9acd652ce2e3f2fab7cad89f7bf2aeb05
3932,llama-3.2-1b-instruct,33.3333333333333,story_generation,instruction_following,8e2cdce6c9acca68e148d560e76df9a9acd652ce2e3f2fab7cad89f7bf2aeb05
3933,llama-3.2-3b-instruct,16.6666666666666,story_generation,instruction_following,8e2cdce6c9acca68e148d560e76df9a9acd652ce2e3f2fab7cad89f7bf2aeb05
3934,mistral-24b,100.0,story_generation,instruction_following,8e2cdce6c9acca68e148d560e76df9a9acd652ce2e3f2fab7cad89f7bf2aeb05
3935,mistral-7b,0.0,story_generation,instruction_following,8e2cdce6c9acca68e148d560e76df9a9acd652ce2e3f2fab7cad89f7bf2aeb05
3936,qwen-2.5-3b-instruct,16.6666666666666,story_generation,instruction_following,8e2cdce6c9acca68e148d560e76df9a9acd652ce2e3f2fab7cad89f7bf2aeb05
3937,qwen-32b,33.3333333333333,story_generation,instruction_following,8e2cdce6c9acca68e148d560e76df9a9acd652ce2e3f2fab7cad89f7bf2aeb05
3938,gemma-3-12b-it,100.0,story_generation,instruction_following,97b5ba44d119ec4e50f122198f9049b4c2de8ec6191488dc69654f34eb5a54e3
3939,gemma-3-1b-it,0.0,story_generation,instruction_following,97b5ba44d119ec4e50f122198f9049b4c2de8ec6191488dc69654f34eb5a54e3
3940,gemma-3-4b-it,0.0,story_generation,instruction_following,97b5ba44d119ec4e50f122198f9049b4c2de8ec6191488dc69654f34eb5a54e3
3941,llama-3.1-70b-instruct,100.0,story_generation,instruction_following,97b5ba44d119ec4e50f122198f9049b4c2de8ec6191488dc69654f34eb5a54e3
3942,llama-3.1-8b-instruct,100.0,story_generation,instruction_following,97b5ba44d119ec4e50f122198f9049b4c2de8ec6191488dc69654f34eb5a54e3
3943,llama-3.2-1b-instruct,100.0,story_generation,instruction_following,97b5ba44d119ec4e50f122198f9049b4c2de8ec6191488dc69654f34eb5a54e3
3944,llama-3.2-3b-instruct,100.0,story_generation,instruction_following,97b5ba44d119ec4e50f122198f9049b4c2de8ec6191488dc69654f34eb5a54e3
3945,mistral-24b,100.0,story_generation,instruction_following,97b5ba44d119ec4e50f122198f9049b4c2de8ec6191488dc69654f34eb5a54e3
3946,mistral-7b,100.0,story_generation,instruction_following,97b5ba44d119ec4e50f122198f9049b4c2de8ec6191488dc69654f34eb5a54e3
3947,qwen-2.5-3b-instruct,100.0,story_generation,instruction_following,97b5ba44d119ec4e50f122198f9049b4c2de8ec6191488dc69654f34eb5a54e3
3948,qwen-32b,100.0,story_generation,instruction_following,97b5ba44d119ec4e50f122198f9049b4c2de8ec6191488dc69654f34eb5a54e3
3949,gemma-3-12b-it,100.0,story_generation,instruction_following,97c9703d0bf7f996429f32b52bfa704e1908d411488a8ef76d151e7b6d5702ad
3950,gemma-3-1b-it,33.3333333333333,story_generation,instruction_following,97c9703d0bf7f996429f32b52bfa704e1908d411488a8ef76d151e7b6d5702ad
3951,gemma-3-4b-it,100.0,story_generation,instruction_following,97c9703d0bf7f996429f32b52bfa704e1908d411488a8ef76d151e7b6d5702ad
3952,llama-3.1-70b-instruct,33.3333333333333,story_generation,instruction_following,97c9703d0bf7f996429f32b52bfa704e1908d411488a8ef76d151e7b6d5702ad
3953,llama-3.1-8b-instruct,33.3333333333333,story_generation,instruction_following,97c9703d0bf7f996429f32b52bfa704e1908d411488a8ef76d151e7b6d5702ad
3954,llama-3.2-1b-instruct,33.3333333333333,story_generation,instruction_following,97c9703d0bf7f996429f32b52bfa704e1908d411488a8ef76d151e7b6d5702ad
3955,llama-3.2-3b-instruct,33.3333333333333,story_generation,instruction_following,97c9703d0bf7f996429f32b52bfa704e1908d411488a8ef76d151e7b6d5702ad
3956,mistral-24b,33.3333333333333,story_generation,instruction_following,97c9703d0bf7f996429f32b52bfa704e1908d411488a8ef76d151e7b6d5702ad
3957,mistral-7b,16.6666666666666,story_generation,instruction_following,97c9703d0bf7f996429f32b52bfa704e1908d411488a8ef76d151e7b6d5702ad
3958,qwen-2.5-3b-instruct,0.0,story_generation,instruction_following,97c9703d0bf7f996429f32b52bfa704e1908d411488a8ef76d151e7b6d5702ad
3959,qwen-32b,16.6666666666666,story_generation,instruction_following,97c9703d0bf7f996429f32b52bfa704e1908d411488a8ef76d151e7b6d5702ad
3960,gemma-3-12b-it,100.0,story_generation,instruction_following,98938243da14035b7618c295f52e20341880db15918c8ee19b16475bf7a0767f
3961,gemma-3-1b-it,37.5,story_generation,instruction_following,98938243da14035b7618c295f52e20341880db15918c8ee19b16475bf7a0767f
3962,gemma-3-4b-it,100.0,story_generation,instruction_following,98938243da14035b7618c295f52e20341880db15918c8ee19b16475bf7a0767f
3963,llama-3.1-70b-instruct,37.5,story_generation,instruction_following,98938243da14035b7618c295f52e20341880db15918c8ee19b16475bf7a0767f
3964,llama-3.1-8b-instruct,37.5,story_generation,instruction_following,98938243da14035b7618c295f52e20341880db15918c8ee19b16475bf7a0767f
3965,llama-3.2-1b-instruct,12.5,story_generation,instruction_following,98938243da14035b7618c295f52e20341880db15918c8ee19b16475bf7a0767f
3966,llama-3.2-3b-instruct,25.0,story_generation,instruction_following,98938243da14035b7618c295f52e20341880db15918c8ee19b16475bf7a0767f
3967,mistral-24b,25.0,story_generation,instruction_following,98938243da14035b7618c295f52e20341880db15918c8ee19b16475bf7a0767f
3968,mistral-7b,37.5,story_generation,instruction_following,98938243da14035b7618c295f52e20341880db15918c8ee19b16475bf7a0767f
3969,qwen-2.5-3b-instruct,37.5,story_generation,instruction_following,98938243da14035b7618c295f52e20341880db15918c8ee19b16475bf7a0767f
3970,qwen-32b,100.0,story_generation,instruction_following,98938243da14035b7618c295f52e20341880db15918c8ee19b16475bf7a0767f
3971,gemma-3-12b-it,100.0,story_generation,instruction_following,a55b1054b1b76ae59f5dbbeb178c7033831aa356529c641c51436d702f11388b
3972,gemma-3-1b-it,25.0,story_generation,instruction_following,a55b1054b1b76ae59f5dbbeb178c7033831aa356529c641c51436d702f11388b
3973,gemma-3-4b-it,100.0,story_generation,instruction_following,a55b1054b1b76ae59f5dbbeb178c7033831aa356529c641c51436d702f11388b
3974,llama-3.1-70b-instruct,25.0,story_generation,instruction_following,a55b1054b1b76ae59f5dbbeb178c7033831aa356529c641c51436d702f11388b
3975,llama-3.1-8b-instruct,100.0,story_generation,instruction_following,a55b1054b1b76ae59f5dbbeb178c7033831aa356529c641c51436d702f11388b
3976,llama-3.2-1b-instruct,25.0,story_generation,instruction_following,a55b1054b1b76ae59f5dbbeb178c7033831aa356529c641c51436d702f11388b
3977,llama-3.2-3b-instruct,25.0,story_generation,instruction_following,a55b1054b1b76ae59f5dbbeb178c7033831aa356529c641c51436d702f11388b
3978,mistral-24b,100.0,story_generation,instruction_following,a55b1054b1b76ae59f5dbbeb178c7033831aa356529c641c51436d702f11388b
3979,mistral-7b,100.0,story_generation,instruction_following,a55b1054b1b76ae59f5dbbeb178c7033831aa356529c641c51436d702f11388b
3980,qwen-2.5-3b-instruct,25.0,story_generation,instruction_following,a55b1054b1b76ae59f5dbbeb178c7033831aa356529c641c51436d702f11388b
3981,qwen-32b,25.0,story_generation,instruction_following,a55b1054b1b76ae59f5dbbeb178c7033831aa356529c641c51436d702f11388b
3982,gemma-3-12b-it,100.0,story_generation,instruction_following,a5648e44dd117cadfafdbdccd2543ff9d80ac5e48e5022efcc7a8345ef364250
3983,gemma-3-1b-it,33.3333333333333,story_generation,instruction_following,a5648e44dd117cadfafdbdccd2543ff9d80ac5e48e5022efcc7a8345ef364250
3984,gemma-3-4b-it,33.3333333333333,story_generation,instruction_following,a5648e44dd117cadfafdbdccd2543ff9d80ac5e48e5022efcc7a8345ef364250
3985,llama-3.1-70b-instruct,100.0,story_generation,instruction_following,a5648e44dd117cadfafdbdccd2543ff9d80ac5e48e5022efcc7a8345ef364250
3986,llama-3.1-8b-instruct,100.0,story_generation,instruction_following,a5648e44dd117cadfafdbdccd2543ff9d80ac5e48e5022efcc7a8345ef364250
3987,llama-3.2-1b-instruct,33.3333333333333,story_generation,instruction_following,a5648e44dd117cadfafdbdccd2543ff9d80ac5e48e5022efcc7a8345ef364250
3988,llama-3.2-3b-instruct,16.6666666666666,story_generation,instruction_following,a5648e44dd117cadfafdbdccd2543ff9d80ac5e48e5022efcc7a8345ef364250
3989,mistral-24b,100.0,story_generation,instruction_following,a5648e44dd117cadfafdbdccd2543ff9d80ac5e48e5022efcc7a8345ef364250
3990,mistral-7b,33.3333333333333,story_generation,instruction_following,a5648e44dd117cadfafdbdccd2543ff9d80ac5e48e5022efcc7a8345ef364250
3991,qwen-2.5-3b-instruct,16.6666666666666,story_generation,instruction_following,a5648e44dd117cadfafdbdccd2543ff9d80ac5e48e5022efcc7a8345ef364250
3992,qwen-32b,100.0,story_generation,instruction_following,a5648e44dd117cadfafdbdccd2543ff9d80ac5e48e5022efcc7a8345ef364250
3993,gemma-3-12b-it,100.0,story_generation,instruction_following,afb9acd72d96db629195ec7761134e39ab5d39cfc03486ec91b6e1582f1be20d
3994,gemma-3-1b-it,12.5,story_generation,instruction_following,afb9acd72d96db629195ec7761134e39ab5d39cfc03486ec91b6e1582f1be20d
3995,gemma-3-4b-it,25.0,story_generation,instruction_following,afb9acd72d96db629195ec7761134e39ab5d39cfc03486ec91b6e1582f1be20d
3996,llama-3.1-70b-instruct,25.0,story_generation,instruction_following,afb9acd72d96db629195ec7761134e39ab5d39cfc03486ec91b6e1582f1be20d
3997,llama-3.1-8b-instruct,25.0,story_generation,instruction_following,afb9acd72d96db629195ec7761134e39ab5d39cfc03486ec91b6e1582f1be20d
3998,llama-3.2-1b-instruct,25.0,story_generation,instruction_following,afb9acd72d96db629195ec7761134e39ab5d39cfc03486ec91b6e1582f1be20d
3999,llama-3.2-3b-instruct,25.0,story_generation,instruction_following,afb9acd72d96db629195ec7761134e39ab5d39cfc03486ec91b6e1582f1be20d
4000,mistral-24b,25.0,story_generation,instruction_following,afb9acd72d96db629195ec7761134e39ab5d39cfc03486ec91b6e1582f1be20d
4001,mistral-7b,37.5,story_generation,instruction_following,afb9acd72d96db629195ec7761134e39ab5d39cfc03486ec91b6e1582f1be20d
4002,qwen-2.5-3b-instruct,25.0,story_generation,instruction_following,afb9acd72d96db629195ec7761134e39ab5d39cfc03486ec91b6e1582f1be20d
4003,qwen-32b,25.0,story_generation,instruction_following,afb9acd72d96db629195ec7761134e39ab5d39cfc03486ec91b6e1582f1be20d
4004,gemma-3-12b-it,100.0,story_generation,instruction_following,b53b8c4094b8d3c178658afd22b9b52650a67ca59abe7d3fa0e0d79ca2169b05
4005,gemma-3-1b-it,33.3333333333333,story_generation,instruction_following,b53b8c4094b8d3c178658afd22b9b52650a67ca59abe7d3fa0e0d79ca2169b05
4006,gemma-3-4b-it,100.0,story_generation,instruction_following,b53b8c4094b8d3c178658afd22b9b52650a67ca59abe7d3fa0e0d79ca2169b05
4007,llama-3.1-70b-instruct,100.0,story_generation,instruction_following,b53b8c4094b8d3c178658afd22b9b52650a67ca59abe7d3fa0e0d79ca2169b05
4008,llama-3.1-8b-instruct,100.0,story_generation,instruction_following,b53b8c4094b8d3c178658afd22b9b52650a67ca59abe7d3fa0e0d79ca2169b05
4009,llama-3.2-1b-instruct,0.0,story_generation,instruction_following,b53b8c4094b8d3c178658afd22b9b52650a67ca59abe7d3fa0e0d79ca2169b05
4010,llama-3.2-3b-instruct,100.0,story_generation,instruction_following,b53b8c4094b8d3c178658afd22b9b52650a67ca59abe7d3fa0e0d79ca2169b05
4011,mistral-24b,33.3333333333333,story_generation,instruction_following,b53b8c4094b8d3c178658afd22b9b52650a67ca59abe7d3fa0e0d79ca2169b05
4012,mistral-7b,33.3333333333333,story_generation,instruction_following,b53b8c4094b8d3c178658afd22b9b52650a67ca59abe7d3fa0e0d79ca2169b05
4013,qwen-2.5-3b-instruct,100.0,story_generation,instruction_following,b53b8c4094b8d3c178658afd22b9b52650a67ca59abe7d3fa0e0d79ca2169b05
4014,qwen-32b,100.0,story_generation,instruction_following,b53b8c4094b8d3c178658afd22b9b52650a67ca59abe7d3fa0e0d79ca2169b05
4015,gemma-3-12b-it,100.0,story_generation,instruction_following,beaa0bcfabc7fb0ef9be7afd46b33c1eeae56168a65423a1104d7b5e0042c019
4016,gemma-3-1b-it,25.0,story_generation,instruction_following,beaa0bcfabc7fb0ef9be7afd46b33c1eeae56168a65423a1104d7b5e0042c019
4017,gemma-3-4b-it,100.0,story_generation,instruction_following,beaa0bcfabc7fb0ef9be7afd46b33c1eeae56168a65423a1104d7b5e0042c019
4018,llama-3.1-70b-instruct,100.0,story_generation,instruction_following,beaa0bcfabc7fb0ef9be7afd46b33c1eeae56168a65423a1104d7b5e0042c019
4019,llama-3.1-8b-instruct,25.0,story_generation,instruction_following,beaa0bcfabc7fb0ef9be7afd46b33c1eeae56168a65423a1104d7b5e0042c019
4020,llama-3.2-1b-instruct,25.0,story_generation,instruction_following,beaa0bcfabc7fb0ef9be7afd46b33c1eeae56168a65423a1104d7b5e0042c019
4021,llama-3.2-3b-instruct,25.0,story_generation,instruction_following,beaa0bcfabc7fb0ef9be7afd46b33c1eeae56168a65423a1104d7b5e0042c019
4022,mistral-24b,25.0,story_generation,instruction_following,beaa0bcfabc7fb0ef9be7afd46b33c1eeae56168a65423a1104d7b5e0042c019
4023,mistral-7b,25.0,story_generation,instruction_following,beaa0bcfabc7fb0ef9be7afd46b33c1eeae56168a65423a1104d7b5e0042c019
4024,qwen-2.5-3b-instruct,25.0,story_generation,instruction_following,beaa0bcfabc7fb0ef9be7afd46b33c1eeae56168a65423a1104d7b5e0042c019
4025,qwen-32b,25.0,story_generation,instruction_following,beaa0bcfabc7fb0ef9be7afd46b33c1eeae56168a65423a1104d7b5e0042c019
4026,gemma-3-12b-it,33.3333333333333,story_generation,instruction_following,c0ad0a8be5febc0ce0e92f38925d9985a04cff53495c61be3c978e8c3076d7fd
4027,gemma-3-1b-it,16.6666666666666,story_generation,instruction_following,c0ad0a8be5febc0ce0e92f38925d9985a04cff53495c61be3c978e8c3076d7fd
4028,gemma-3-4b-it,33.3333333333333,story_generation,instruction_following,c0ad0a8be5febc0ce0e92f38925d9985a04cff53495c61be3c978e8c3076d7fd
4029,llama-3.1-70b-instruct,100.0,story_generation,instruction_following,c0ad0a8be5febc0ce0e92f38925d9985a04cff53495c61be3c978e8c3076d7fd
4030,llama-3.1-8b-instruct,33.3333333333333,story_generation,instruction_following,c0ad0a8be5febc0ce0e92f38925d9985a04cff53495c61be3c978e8c3076d7fd
4031,llama-3.2-1b-instruct,33.3333333333333,story_generation,instruction_following,c0ad0a8be5febc0ce0e92f38925d9985a04cff53495c61be3c978e8c3076d7fd
4032,llama-3.2-3b-instruct,100.0,story_generation,instruction_following,c0ad0a8be5febc0ce0e92f38925d9985a04cff53495c61be3c978e8c3076d7fd
4033,mistral-24b,33.3333333333333,story_generation,instruction_following,c0ad0a8be5febc0ce0e92f38925d9985a04cff53495c61be3c978e8c3076d7fd
4034,mistral-7b,33.3333333333333,story_generation,instruction_following,c0ad0a8be5febc0ce0e92f38925d9985a04cff53495c61be3c978e8c3076d7fd
4035,qwen-2.5-3b-instruct,16.6666666666666,story_generation,instruction_following,c0ad0a8be5febc0ce0e92f38925d9985a04cff53495c61be3c978e8c3076d7fd
4036,qwen-32b,33.3333333333333,story_generation,instruction_following,c0ad0a8be5febc0ce0e92f38925d9985a04cff53495c61be3c978e8c3076d7fd
4037,gemma-3-12b-it,100.0,story_generation,instruction_following,c0e4dc6b1c4cca07e408c5952ee4013a46a8663f0fc7684453ed5ce56b87e0c9
4038,gemma-3-1b-it,20.0,story_generation,instruction_following,c0e4dc6b1c4cca07e408c5952ee4013a46a8663f0fc7684453ed5ce56b87e0c9
4039,gemma-3-4b-it,100.0,story_generation,instruction_following,c0e4dc6b1c4cca07e408c5952ee4013a46a8663f0fc7684453ed5ce56b87e0c9
4040,llama-3.1-70b-instruct,100.0,story_generation,instruction_following,c0e4dc6b1c4cca07e408c5952ee4013a46a8663f0fc7684453ed5ce56b87e0c9
4041,llama-3.1-8b-instruct,40.0,story_generation,instruction_following,c0e4dc6b1c4cca07e408c5952ee4013a46a8663f0fc7684453ed5ce56b87e0c9
4042,llama-3.2-1b-instruct,20.0,story_generation,instruction_following,c0e4dc6b1c4cca07e408c5952ee4013a46a8663f0fc7684453ed5ce56b87e0c9
4043,llama-3.2-3b-instruct,30.000000000000004,story_generation,instruction_following,c0e4dc6b1c4cca07e408c5952ee4013a46a8663f0fc7684453ed5ce56b87e0c9
4044,mistral-24b,40.0,story_generation,instruction_following,c0e4dc6b1c4cca07e408c5952ee4013a46a8663f0fc7684453ed5ce56b87e0c9
4045,mistral-7b,40.0,story_generation,instruction_following,c0e4dc6b1c4cca07e408c5952ee4013a46a8663f0fc7684453ed5ce56b87e0c9
4046,qwen-2.5-3b-instruct,20.0,story_generation,instruction_following,c0e4dc6b1c4cca07e408c5952ee4013a46a8663f0fc7684453ed5ce56b87e0c9
4047,qwen-32b,100.0,story_generation,instruction_following,c0e4dc6b1c4cca07e408c5952ee4013a46a8663f0fc7684453ed5ce56b87e0c9
4048,gemma-3-12b-it,100.0,story_generation,instruction_following,c193be57467a07b1c3a90271673cda9a5828906902e0e8c3aa0b25fb3d46d5a8
4049,gemma-3-1b-it,33.3333333333333,story_generation,instruction_following,c193be57467a07b1c3a90271673cda9a5828906902e0e8c3aa0b25fb3d46d5a8
4050,gemma-3-4b-it,100.0,story_generation,instruction_following,c193be57467a07b1c3a90271673cda9a5828906902e0e8c3aa0b25fb3d46d5a8
4051,llama-3.1-70b-instruct,100.0,story_generation,instruction_following,c193be57467a07b1c3a90271673cda9a5828906902e0e8c3aa0b25fb3d46d5a8
4052,llama-3.1-8b-instruct,33.3333333333333,story_generation,instruction_following,c193be57467a07b1c3a90271673cda9a5828906902e0e8c3aa0b25fb3d46d5a8
4053,llama-3.2-1b-instruct,16.6666666666666,story_generation,instruction_following,c193be57467a07b1c3a90271673cda9a5828906902e0e8c3aa0b25fb3d46d5a8
4054,llama-3.2-3b-instruct,33.3333333333333,story_generation,instruction_following,c193be57467a07b1c3a90271673cda9a5828906902e0e8c3aa0b25fb3d46d5a8
4055,mistral-24b,33.3333333333333,story_generation,instruction_following,c193be57467a07b1c3a90271673cda9a5828906902e0e8c3aa0b25fb3d46d5a8
4056,mistral-7b,100.0,story_generation,instruction_following,c193be57467a07b1c3a90271673cda9a5828906902e0e8c3aa0b25fb3d46d5a8
4057,qwen-2.5-3b-instruct,33.3333333333333,story_generation,instruction_following,c193be57467a07b1c3a90271673cda9a5828906902e0e8c3aa0b25fb3d46d5a8
4058,qwen-32b,16.6666666666666,story_generation,instruction_following,c193be57467a07b1c3a90271673cda9a5828906902e0e8c3aa0b25fb3d46d5a8
4059,gemma-3-12b-it,100.0,story_generation,instruction_following,c20b82f04aa9a5c4deb8722352aa0d8297f2245973109556abbe50e5b756c96e
4060,gemma-3-1b-it,25.0,story_generation,instruction_following,c20b82f04aa9a5c4deb8722352aa0d8297f2245973109556abbe50e5b756c96e
4061,gemma-3-4b-it,100.0,story_generation,instruction_following,c20b82f04aa9a5c4deb8722352aa0d8297f2245973109556abbe50e5b756c96e
4062,llama-3.1-70b-instruct,100.0,story_generation,instruction_following,c20b82f04aa9a5c4deb8722352aa0d8297f2245973109556abbe50e5b756c96e
4063,llama-3.1-8b-instruct,0.0,story_generation,instruction_following,c20b82f04aa9a5c4deb8722352aa0d8297f2245973109556abbe50e5b756c96e
4064,llama-3.2-1b-instruct,25.0,story_generation,instruction_following,c20b82f04aa9a5c4deb8722352aa0d8297f2245973109556abbe50e5b756c96e
4065,llama-3.2-3b-instruct,100.0,story_generation,instruction_following,c20b82f04aa9a5c4deb8722352aa0d8297f2245973109556abbe50e5b756c96e
4066,mistral-24b,100.0,story_generation,instruction_following,c20b82f04aa9a5c4deb8722352aa0d8297f2245973109556abbe50e5b756c96e
4067,mistral-7b,100.0,story_generation,instruction_following,c20b82f04aa9a5c4deb8722352aa0d8297f2245973109556abbe50e5b756c96e
4068,qwen-2.5-3b-instruct,0.0,story_generation,instruction_following,c20b82f04aa9a5c4deb8722352aa0d8297f2245973109556abbe50e5b756c96e
4069,qwen-32b,100.0,story_generation,instruction_following,c20b82f04aa9a5c4deb8722352aa0d8297f2245973109556abbe50e5b756c96e
4070,gemma-3-12b-it,37.5,story_generation,instruction_following,ce85ea09bd1b45d602a41bdf37410fa01280217d3c187e360101931d2353bae7
4071,gemma-3-1b-it,25.0,story_generation,instruction_following,ce85ea09bd1b45d602a41bdf37410fa01280217d3c187e360101931d2353bae7
4072,gemma-3-4b-it,37.5,story_generation,instruction_following,ce85ea09bd1b45d602a41bdf37410fa01280217d3c187e360101931d2353bae7
4073,llama-3.1-70b-instruct,100.0,story_generation,instruction_following,ce85ea09bd1b45d602a41bdf37410fa01280217d3c187e360101931d2353bae7
4074,llama-3.1-8b-instruct,37.5,story_generation,instruction_following,ce85ea09bd1b45d602a41bdf37410fa01280217d3c187e360101931d2353bae7
4075,llama-3.2-1b-instruct,12.5,story_generation,instruction_following,ce85ea09bd1b45d602a41bdf37410fa01280217d3c187e360101931d2353bae7
4076,llama-3.2-3b-instruct,25.0,story_generation,instruction_following,ce85ea09bd1b45d602a41bdf37410fa01280217d3c187e360101931d2353bae7
4077,mistral-24b,12.5,story_generation,instruction_following,ce85ea09bd1b45d602a41bdf37410fa01280217d3c187e360101931d2353bae7
4078,mistral-7b,100.0,story_generation,instruction_following,ce85ea09bd1b45d602a41bdf37410fa01280217d3c187e360101931d2353bae7
4079,qwen-2.5-3b-instruct,37.5,story_generation,instruction_following,ce85ea09bd1b45d602a41bdf37410fa01280217d3c187e360101931d2353bae7
4080,qwen-32b,25.0,story_generation,instruction_following,ce85ea09bd1b45d602a41bdf37410fa01280217d3c187e360101931d2353bae7
4081,gemma-3-12b-it,25.0,story_generation,instruction_following,d215f136dd28c2a6025790c860970c60e5b06184c62a05dbf343512be0e0a366
4082,gemma-3-1b-it,25.0,story_generation,instruction_following,d215f136dd28c2a6025790c860970c60e5b06184c62a05dbf343512be0e0a366
4083,gemma-3-4b-it,25.0,story_generation,instruction_following,d215f136dd28c2a6025790c860970c60e5b06184c62a05dbf343512be0e0a366
4084,llama-3.1-70b-instruct,25.0,story_generation,instruction_following,d215f136dd28c2a6025790c860970c60e5b06184c62a05dbf343512be0e0a366
4085,llama-3.1-8b-instruct,25.0,story_generation,instruction_following,d215f136dd28c2a6025790c860970c60e5b06184c62a05dbf343512be0e0a366
4086,llama-3.2-1b-instruct,25.0,story_generation,instruction_following,d215f136dd28c2a6025790c860970c60e5b06184c62a05dbf343512be0e0a366
4087,llama-3.2-3b-instruct,0.0,story_generation,instruction_following,d215f136dd28c2a6025790c860970c60e5b06184c62a05dbf343512be0e0a366
4088,mistral-24b,25.0,story_generation,instruction_following,d215f136dd28c2a6025790c860970c60e5b06184c62a05dbf343512be0e0a366
4089,mistral-7b,25.0,story_generation,instruction_following,d215f136dd28c2a6025790c860970c60e5b06184c62a05dbf343512be0e0a366
4090,qwen-2.5-3b-instruct,25.0,story_generation,instruction_following,d215f136dd28c2a6025790c860970c60e5b06184c62a05dbf343512be0e0a366
4091,qwen-32b,25.0,story_generation,instruction_following,d215f136dd28c2a6025790c860970c60e5b06184c62a05dbf343512be0e0a366
4092,gemma-3-12b-it,100.0,story_generation,instruction_following,d3919fa302f33fe30caae89da7722915f88e27d6ba44fbac6db24c3ec4f067c2
4093,gemma-3-1b-it,100.0,story_generation,instruction_following,d3919fa302f33fe30caae89da7722915f88e27d6ba44fbac6db24c3ec4f067c2
4094,gemma-3-4b-it,100.0,story_generation,instruction_following,d3919fa302f33fe30caae89da7722915f88e27d6ba44fbac6db24c3ec4f067c2
4095,llama-3.1-70b-instruct,100.0,story_generation,instruction_following,d3919fa302f33fe30caae89da7722915f88e27d6ba44fbac6db24c3ec4f067c2
4096,llama-3.1-8b-instruct,100.0,story_generation,instruction_following,d3919fa302f33fe30caae89da7722915f88e27d6ba44fbac6db24c3ec4f067c2
4097,llama-3.2-1b-instruct,100.0,story_generation,instruction_following,d3919fa302f33fe30caae89da7722915f88e27d6ba44fbac6db24c3ec4f067c2
4098,llama-3.2-3b-instruct,100.0,story_generation,instruction_following,d3919fa302f33fe30caae89da7722915f88e27d6ba44fbac6db24c3ec4f067c2
4099,mistral-24b,100.0,story_generation,instruction_following,d3919fa302f33fe30caae89da7722915f88e27d6ba44fbac6db24c3ec4f067c2
4100,mistral-7b,33.3333333333333,story_generation,instruction_following,d3919fa302f33fe30caae89da7722915f88e27d6ba44fbac6db24c3ec4f067c2
4101,qwen-2.5-3b-instruct,100.0,story_generation,instruction_following,d3919fa302f33fe30caae89da7722915f88e27d6ba44fbac6db24c3ec4f067c2
4102,qwen-32b,100.0,story_generation,instruction_following,d3919fa302f33fe30caae89da7722915f88e27d6ba44fbac6db24c3ec4f067c2
4103,gemma-3-12b-it,37.5,story_generation,instruction_following,d7607dec42363e3828a0c31e98bb99fb6e58ce05b8cbeee4414a520f693948d2
4104,gemma-3-1b-it,37.5,story_generation,instruction_following,d7607dec42363e3828a0c31e98bb99fb6e58ce05b8cbeee4414a520f693948d2
4105,gemma-3-4b-it,25.0,story_generation,instruction_following,d7607dec42363e3828a0c31e98bb99fb6e58ce05b8cbeee4414a520f693948d2
4106,llama-3.1-70b-instruct,37.5,story_generation,instruction_following,d7607dec42363e3828a0c31e98bb99fb6e58ce05b8cbeee4414a520f693948d2
4107,llama-3.1-8b-instruct,25.0,story_generation,instruction_following,d7607dec42363e3828a0c31e98bb99fb6e58ce05b8cbeee4414a520f693948d2
4108,llama-3.2-1b-instruct,25.0,story_generation,instruction_following,d7607dec42363e3828a0c31e98bb99fb6e58ce05b8cbeee4414a520f693948d2
4109,llama-3.2-3b-instruct,25.0,story_generation,instruction_following,d7607dec42363e3828a0c31e98bb99fb6e58ce05b8cbeee4414a520f693948d2
4110,mistral-24b,25.0,story_generation,instruction_following,d7607dec42363e3828a0c31e98bb99fb6e58ce05b8cbeee4414a520f693948d2
4111,mistral-7b,37.5,story_generation,instruction_following,d7607dec42363e3828a0c31e98bb99fb6e58ce05b8cbeee4414a520f693948d2
4112,qwen-2.5-3b-instruct,37.5,story_generation,instruction_following,d7607dec42363e3828a0c31e98bb99fb6e58ce05b8cbeee4414a520f693948d2
4113,qwen-32b,37.5,story_generation,instruction_following,d7607dec42363e3828a0c31e98bb99fb6e58ce05b8cbeee4414a520f693948d2
4114,gemma-3-12b-it,37.5,story_generation,instruction_following,d7b934711b98d115e78266febd8c9caba4a3e99f5de3246a7b36171a5d37ba93
4115,gemma-3-1b-it,37.5,story_generation,instruction_following,d7b934711b98d115e78266febd8c9caba4a3e99f5de3246a7b36171a5d37ba93
4116,gemma-3-4b-it,100.0,story_generation,instruction_following,d7b934711b98d115e78266febd8c9caba4a3e99f5de3246a7b36171a5d37ba93
4117,llama-3.1-70b-instruct,100.0,story_generation,instruction_following,d7b934711b98d115e78266febd8c9caba4a3e99f5de3246a7b36171a5d37ba93
4118,llama-3.1-8b-instruct,37.5,story_generation,instruction_following,d7b934711b98d115e78266febd8c9caba4a3e99f5de3246a7b36171a5d37ba93
4119,llama-3.2-1b-instruct,25.0,story_generation,instruction_following,d7b934711b98d115e78266febd8c9caba4a3e99f5de3246a7b36171a5d37ba93
4120,llama-3.2-3b-instruct,100.0,story_generation,instruction_following,d7b934711b98d115e78266febd8c9caba4a3e99f5de3246a7b36171a5d37ba93
4121,mistral-24b,100.0,story_generation,instruction_following,d7b934711b98d115e78266febd8c9caba4a3e99f5de3246a7b36171a5d37ba93
4122,mistral-7b,100.0,story_generation,instruction_following,d7b934711b98d115e78266febd8c9caba4a3e99f5de3246a7b36171a5d37ba93
4123,qwen-2.5-3b-instruct,37.5,story_generation,instruction_following,d7b934711b98d115e78266febd8c9caba4a3e99f5de3246a7b36171a5d37ba93
4124,qwen-32b,100.0,story_generation,instruction_following,d7b934711b98d115e78266febd8c9caba4a3e99f5de3246a7b36171a5d37ba93
4125,gemma-3-12b-it,100.0,story_generation,instruction_following,d994e90dbdaa211f30c77fc72b4915c28f7e91ad57bec4b13af8b55582c68075
4126,gemma-3-1b-it,100.0,story_generation,instruction_following,d994e90dbdaa211f30c77fc72b4915c28f7e91ad57bec4b13af8b55582c68075
4127,gemma-3-4b-it,100.0,story_generation,instruction_following,d994e90dbdaa211f30c77fc72b4915c28f7e91ad57bec4b13af8b55582c68075
4128,llama-3.1-70b-instruct,100.0,story_generation,instruction_following,d994e90dbdaa211f30c77fc72b4915c28f7e91ad57bec4b13af8b55582c68075
4129,llama-3.1-8b-instruct,100.0,story_generation,instruction_following,d994e90dbdaa211f30c77fc72b4915c28f7e91ad57bec4b13af8b55582c68075
4130,llama-3.2-1b-instruct,100.0,story_generation,instruction_following,d994e90dbdaa211f30c77fc72b4915c28f7e91ad57bec4b13af8b55582c68075
4131,llama-3.2-3b-instruct,100.0,story_generation,instruction_following,d994e90dbdaa211f30c77fc72b4915c28f7e91ad57bec4b13af8b55582c68075
4132,mistral-24b,100.0,story_generation,instruction_following,d994e90dbdaa211f30c77fc72b4915c28f7e91ad57bec4b13af8b55582c68075
4133,mistral-7b,100.0,story_generation,instruction_following,d994e90dbdaa211f30c77fc72b4915c28f7e91ad57bec4b13af8b55582c68075
4134,qwen-2.5-3b-instruct,100.0,story_generation,instruction_following,d994e90dbdaa211f30c77fc72b4915c28f7e91ad57bec4b13af8b55582c68075
4135,qwen-32b,100.0,story_generation,instruction_following,d994e90dbdaa211f30c77fc72b4915c28f7e91ad57bec4b13af8b55582c68075
4136,gemma-3-12b-it,100.0,story_generation,instruction_following,dbb381035a3f08c31a59c46c5018491c18641e970e12dbde471a00afcff6ca26
4137,gemma-3-1b-it,100.0,story_generation,instruction_following,dbb381035a3f08c31a59c46c5018491c18641e970e12dbde471a00afcff6ca26
4138,gemma-3-4b-it,100.0,story_generation,instruction_following,dbb381035a3f08c31a59c46c5018491c18641e970e12dbde471a00afcff6ca26
4139,llama-3.1-70b-instruct,100.0,story_generation,instruction_following,dbb381035a3f08c31a59c46c5018491c18641e970e12dbde471a00afcff6ca26
4140,llama-3.1-8b-instruct,100.0,story_generation,instruction_following,dbb381035a3f08c31a59c46c5018491c18641e970e12dbde471a00afcff6ca26
4141,llama-3.2-1b-instruct,25.0,story_generation,instruction_following,dbb381035a3f08c31a59c46c5018491c18641e970e12dbde471a00afcff6ca26
4142,llama-3.2-3b-instruct,100.0,story_generation,instruction_following,dbb381035a3f08c31a59c46c5018491c18641e970e12dbde471a00afcff6ca26
4143,mistral-24b,100.0,story_generation,instruction_following,dbb381035a3f08c31a59c46c5018491c18641e970e12dbde471a00afcff6ca26
4144,mistral-7b,25.0,story_generation,instruction_following,dbb381035a3f08c31a59c46c5018491c18641e970e12dbde471a00afcff6ca26
4145,qwen-2.5-3b-instruct,100.0,story_generation,instruction_following,dbb381035a3f08c31a59c46c5018491c18641e970e12dbde471a00afcff6ca26
4146,qwen-32b,100.0,story_generation,instruction_following,dbb381035a3f08c31a59c46c5018491c18641e970e12dbde471a00afcff6ca26
4147,gemma-3-12b-it,100.0,story_generation,instruction_following,dbf2644a22244d678a05dab31e931414656027ac2b4ca9095efc1ebf0903048d
4148,gemma-3-1b-it,25.0,story_generation,instruction_following,dbf2644a22244d678a05dab31e931414656027ac2b4ca9095efc1ebf0903048d
4149,gemma-3-4b-it,100.0,story_generation,instruction_following,dbf2644a22244d678a05dab31e931414656027ac2b4ca9095efc1ebf0903048d
4150,llama-3.1-70b-instruct,100.0,story_generation,instruction_following,dbf2644a22244d678a05dab31e931414656027ac2b4ca9095efc1ebf0903048d
4151,llama-3.1-8b-instruct,37.5,story_generation,instruction_following,dbf2644a22244d678a05dab31e931414656027ac2b4ca9095efc1ebf0903048d
4152,llama-3.2-1b-instruct,12.5,story_generation,instruction_following,dbf2644a22244d678a05dab31e931414656027ac2b4ca9095efc1ebf0903048d
4153,llama-3.2-3b-instruct,100.0,story_generation,instruction_following,dbf2644a22244d678a05dab31e931414656027ac2b4ca9095efc1ebf0903048d
4154,mistral-24b,25.0,story_generation,instruction_following,dbf2644a22244d678a05dab31e931414656027ac2b4ca9095efc1ebf0903048d
4155,mistral-7b,100.0,story_generation,instruction_following,dbf2644a22244d678a05dab31e931414656027ac2b4ca9095efc1ebf0903048d
4156,qwen-2.5-3b-instruct,12.5,story_generation,instruction_following,dbf2644a22244d678a05dab31e931414656027ac2b4ca9095efc1ebf0903048d
4157,qwen-32b,37.5,story_generation,instruction_following,dbf2644a22244d678a05dab31e931414656027ac2b4ca9095efc1ebf0903048d
4158,gemma-3-12b-it,100.0,story_generation,instruction_following,e02faeeb797678cda7c1f9a4777f029750063f4b33732791fc6f9fc91762ff65
4159,gemma-3-1b-it,100.0,story_generation,instruction_following,e02faeeb797678cda7c1f9a4777f029750063f4b33732791fc6f9fc91762ff65
4160,gemma-3-4b-it,25.0,story_generation,instruction_following,e02faeeb797678cda7c1f9a4777f029750063f4b33732791fc6f9fc91762ff65
4161,llama-3.1-70b-instruct,100.0,story_generation,instruction_following,e02faeeb797678cda7c1f9a4777f029750063f4b33732791fc6f9fc91762ff65
4162,llama-3.1-8b-instruct,100.0,story_generation,instruction_following,e02faeeb797678cda7c1f9a4777f029750063f4b33732791fc6f9fc91762ff65
4163,llama-3.2-1b-instruct,100.0,story_generation,instruction_following,e02faeeb797678cda7c1f9a4777f029750063f4b33732791fc6f9fc91762ff65
4164,llama-3.2-3b-instruct,100.0,story_generation,instruction_following,e02faeeb797678cda7c1f9a4777f029750063f4b33732791fc6f9fc91762ff65
4165,mistral-24b,100.0,story_generation,instruction_following,e02faeeb797678cda7c1f9a4777f029750063f4b33732791fc6f9fc91762ff65
4166,mistral-7b,100.0,story_generation,instruction_following,e02faeeb797678cda7c1f9a4777f029750063f4b33732791fc6f9fc91762ff65
4167,qwen-2.5-3b-instruct,100.0,story_generation,instruction_following,e02faeeb797678cda7c1f9a4777f029750063f4b33732791fc6f9fc91762ff65
4168,qwen-32b,100.0,story_generation,instruction_following,e02faeeb797678cda7c1f9a4777f029750063f4b33732791fc6f9fc91762ff65
4169,gemma-3-12b-it,100.0,story_generation,instruction_following,e2c7a0f0938892d93840717da56911ccad14da745ca461fb38c32215e0a77696
4170,gemma-3-1b-it,100.0,story_generation,instruction_following,e2c7a0f0938892d93840717da56911ccad14da745ca461fb38c32215e0a77696
4171,gemma-3-4b-it,100.0,story_generation,instruction_following,e2c7a0f0938892d93840717da56911ccad14da745ca461fb38c32215e0a77696
4172,llama-3.1-70b-instruct,100.0,story_generation,instruction_following,e2c7a0f0938892d93840717da56911ccad14da745ca461fb38c32215e0a77696
4173,llama-3.1-8b-instruct,100.0,story_generation,instruction_following,e2c7a0f0938892d93840717da56911ccad14da745ca461fb38c32215e0a77696
4174,llama-3.2-1b-instruct,25.0,story_generation,instruction_following,e2c7a0f0938892d93840717da56911ccad14da745ca461fb38c32215e0a77696
4175,llama-3.2-3b-instruct,25.0,story_generation,instruction_following,e2c7a0f0938892d93840717da56911ccad14da745ca461fb38c32215e0a77696
4176,mistral-24b,25.0,story_generation,instruction_following,e2c7a0f0938892d93840717da56911ccad14da745ca461fb38c32215e0a77696
4177,mistral-7b,100.0,story_generation,instruction_following,e2c7a0f0938892d93840717da56911ccad14da745ca461fb38c32215e0a77696
4178,qwen-2.5-3b-instruct,100.0,story_generation,instruction_following,e2c7a0f0938892d93840717da56911ccad14da745ca461fb38c32215e0a77696
4179,qwen-32b,100.0,story_generation,instruction_following,e2c7a0f0938892d93840717da56911ccad14da745ca461fb38c32215e0a77696
4180,gemma-3-12b-it,37.5,story_generation,instruction_following,f1d80363e45e3d74ff216f632ef51639f3eb73ce57aed2d46251119466716220
4181,gemma-3-1b-it,25.0,story_generation,instruction_following,f1d80363e45e3d74ff216f632ef51639f3eb73ce57aed2d46251119466716220
4182,gemma-3-4b-it,37.5,story_generation,instruction_following,f1d80363e45e3d74ff216f632ef51639f3eb73ce57aed2d46251119466716220
4183,llama-3.1-70b-instruct,37.5,story_generation,instruction_following,f1d80363e45e3d74ff216f632ef51639f3eb73ce57aed2d46251119466716220
4184,llama-3.1-8b-instruct,37.5,story_generation,instruction_following,f1d80363e45e3d74ff216f632ef51639f3eb73ce57aed2d46251119466716220
4185,llama-3.2-1b-instruct,12.5,story_generation,instruction_following,f1d80363e45e3d74ff216f632ef51639f3eb73ce57aed2d46251119466716220
4186,llama-3.2-3b-instruct,25.0,story_generation,instruction_following,f1d80363e45e3d74ff216f632ef51639f3eb73ce57aed2d46251119466716220
4187,mistral-24b,25.0,story_generation,instruction_following,f1d80363e45e3d74ff216f632ef51639f3eb73ce57aed2d46251119466716220
4188,mistral-7b,37.5,story_generation,instruction_following,f1d80363e45e3d74ff216f632ef51639f3eb73ce57aed2d46251119466716220
4189,qwen-2.5-3b-instruct,25.0,story_generation,instruction_following,f1d80363e45e3d74ff216f632ef51639f3eb73ce57aed2d46251119466716220
4190,qwen-32b,25.0,story_generation,instruction_following,f1d80363e45e3d74ff216f632ef51639f3eb73ce57aed2d46251119466716220
4191,gemma-3-12b-it,37.5,story_generation,instruction_following,f7b6ab7fff6e44155779dcb52205e5fa8d61701005b32e6b0cc527e681549acb
4192,gemma-3-1b-it,37.5,story_generation,instruction_following,f7b6ab7fff6e44155779dcb52205e5fa8d61701005b32e6b0cc527e681549acb
4193,gemma-3-4b-it,25.0,story_generation,instruction_following,f7b6ab7fff6e44155779dcb52205e5fa8d61701005b32e6b0cc527e681549acb
4194,llama-3.1-70b-instruct,37.5,story_generation,instruction_following,f7b6ab7fff6e44155779dcb52205e5fa8d61701005b32e6b0cc527e681549acb
4195,llama-3.1-8b-instruct,37.5,story_generation,instruction_following,f7b6ab7fff6e44155779dcb52205e5fa8d61701005b32e6b0cc527e681549acb
4196,llama-3.2-1b-instruct,25.0,story_generation,instruction_following,f7b6ab7fff6e44155779dcb52205e5fa8d61701005b32e6b0cc527e681549acb
4197,llama-3.2-3b-instruct,37.5,story_generation,instruction_following,f7b6ab7fff6e44155779dcb52205e5fa8d61701005b32e6b0cc527e681549acb
4198,mistral-24b,25.0,story_generation,instruction_following,f7b6ab7fff6e44155779dcb52205e5fa8d61701005b32e6b0cc527e681549acb
4199,mistral-7b,37.5,story_generation,instruction_following,f7b6ab7fff6e44155779dcb52205e5fa8d61701005b32e6b0cc527e681549acb
4200,qwen-2.5-3b-instruct,37.5,story_generation,instruction_following,f7b6ab7fff6e44155779dcb52205e5fa8d61701005b32e6b0cc527e681549acb
4201,qwen-32b,37.5,story_generation,instruction_following,f7b6ab7fff6e44155779dcb52205e5fa8d61701005b32e6b0cc527e681549acb
4202,gemma-3-12b-it,0.0,connections,language,101e363752a4f40a813226b9d55eaeaba40a95d984f9158a12fa144bc2696733
4203,gemma-3-1b-it,0.0,connections,language,101e363752a4f40a813226b9d55eaeaba40a95d984f9158a12fa144bc2696733
4204,gemma-3-4b-it,0.0,connections,language,101e363752a4f40a813226b9d55eaeaba40a95d984f9158a12fa144bc2696733
4205,llama-3.1-70b-instruct,0.0,connections,language,101e363752a4f40a813226b9d55eaeaba40a95d984f9158a12fa144bc2696733
4206,llama-3.1-8b-instruct,0.0,connections,language,101e363752a4f40a813226b9d55eaeaba40a95d984f9158a12fa144bc2696733
4207,llama-3.2-1b-instruct,0.0,connections,language,101e363752a4f40a813226b9d55eaeaba40a95d984f9158a12fa144bc2696733
4208,llama-3.2-3b-instruct,0.0,connections,language,101e363752a4f40a813226b9d55eaeaba40a95d984f9158a12fa144bc2696733
4209,mistral-24b,0.0,connections,language,101e363752a4f40a813226b9d55eaeaba40a95d984f9158a12fa144bc2696733
4210,mistral-7b,0.0,connections,language,101e363752a4f40a813226b9d55eaeaba40a95d984f9158a12fa144bc2696733
4211,qwen-2.5-3b-instruct,0.0,connections,language,101e363752a4f40a813226b9d55eaeaba40a95d984f9158a12fa144bc2696733
4212,qwen-32b,0.0,connections,language,101e363752a4f40a813226b9d55eaeaba40a95d984f9158a12fa144bc2696733
4213,gemma-3-12b-it,25.0,connections,language,11fe6e706f1d052a38c42d39c3d2ef5f94a6bbee363a0b297ffda502b2e5c6bf
4214,gemma-3-1b-it,0.0,connections,language,11fe6e706f1d052a38c42d39c3d2ef5f94a6bbee363a0b297ffda502b2e5c6bf
4215,gemma-3-4b-it,25.0,connections,language,11fe6e706f1d052a38c42d39c3d2ef5f94a6bbee363a0b297ffda502b2e5c6bf
4216,llama-3.1-70b-instruct,0.0,connections,language,11fe6e706f1d052a38c42d39c3d2ef5f94a6bbee363a0b297ffda502b2e5c6bf
4217,llama-3.1-8b-instruct,0.0,connections,language,11fe6e706f1d052a38c42d39c3d2ef5f94a6bbee363a0b297ffda502b2e5c6bf
4218,llama-3.2-1b-instruct,0.0,connections,language,11fe6e706f1d052a38c42d39c3d2ef5f94a6bbee363a0b297ffda502b2e5c6bf
4219,llama-3.2-3b-instruct,25.0,connections,language,11fe6e706f1d052a38c42d39c3d2ef5f94a6bbee363a0b297ffda502b2e5c6bf
4220,mistral-24b,0.0,connections,language,11fe6e706f1d052a38c42d39c3d2ef5f94a6bbee363a0b297ffda502b2e5c6bf
4221,mistral-7b,0.0,connections,language,11fe6e706f1d052a38c42d39c3d2ef5f94a6bbee363a0b297ffda502b2e5c6bf
4222,qwen-2.5-3b-instruct,0.0,connections,language,11fe6e706f1d052a38c42d39c3d2ef5f94a6bbee363a0b297ffda502b2e5c6bf
4223,qwen-32b,25.0,connections,language,11fe6e706f1d052a38c42d39c3d2ef5f94a6bbee363a0b297ffda502b2e5c6bf
4224,gemma-3-12b-it,0.0,connections,language,162ad0e042c0e4d60efa30e270f8e1665b0795af06341a69fbdc34b5b03e0185
4225,gemma-3-1b-it,0.0,connections,language,162ad0e042c0e4d60efa30e270f8e1665b0795af06341a69fbdc34b5b03e0185
4226,gemma-3-4b-it,0.0,connections,language,162ad0e042c0e4d60efa30e270f8e1665b0795af06341a69fbdc34b5b03e0185
4227,llama-3.1-70b-instruct,100.0,connections,language,162ad0e042c0e4d60efa30e270f8e1665b0795af06341a69fbdc34b5b03e0185
4228,llama-3.1-8b-instruct,25.0,connections,language,162ad0e042c0e4d60efa30e270f8e1665b0795af06341a69fbdc34b5b03e0185
4229,llama-3.2-1b-instruct,0.0,connections,language,162ad0e042c0e4d60efa30e270f8e1665b0795af06341a69fbdc34b5b03e0185
4230,llama-3.2-3b-instruct,0.0,connections,language,162ad0e042c0e4d60efa30e270f8e1665b0795af06341a69fbdc34b5b03e0185
4231,mistral-24b,0.0,connections,language,162ad0e042c0e4d60efa30e270f8e1665b0795af06341a69fbdc34b5b03e0185
4232,mistral-7b,0.0,connections,language,162ad0e042c0e4d60efa30e270f8e1665b0795af06341a69fbdc34b5b03e0185
4233,qwen-2.5-3b-instruct,0.0,connections,language,162ad0e042c0e4d60efa30e270f8e1665b0795af06341a69fbdc34b5b03e0185
4234,qwen-32b,25.0,connections,language,162ad0e042c0e4d60efa30e270f8e1665b0795af06341a69fbdc34b5b03e0185
4235,gemma-3-12b-it,0.0,connections,language,181616b71589f6ea32ce70228a57497526abb72f096af8f8a4ddac2196b297de
4236,gemma-3-1b-it,0.0,connections,language,181616b71589f6ea32ce70228a57497526abb72f096af8f8a4ddac2196b297de
4237,gemma-3-4b-it,0.0,connections,language,181616b71589f6ea32ce70228a57497526abb72f096af8f8a4ddac2196b297de
4238,llama-3.1-70b-instruct,25.0,connections,language,181616b71589f6ea32ce70228a57497526abb72f096af8f8a4ddac2196b297de
4239,llama-3.1-8b-instruct,0.0,connections,language,181616b71589f6ea32ce70228a57497526abb72f096af8f8a4ddac2196b297de
4240,llama-3.2-1b-instruct,0.0,connections,language,181616b71589f6ea32ce70228a57497526abb72f096af8f8a4ddac2196b297de
4241,llama-3.2-3b-instruct,25.0,connections,language,181616b71589f6ea32ce70228a57497526abb72f096af8f8a4ddac2196b297de
4242,mistral-24b,0.0,connections,language,181616b71589f6ea32ce70228a57497526abb72f096af8f8a4ddac2196b297de
4243,mistral-7b,0.0,connections,language,181616b71589f6ea32ce70228a57497526abb72f096af8f8a4ddac2196b297de
4244,qwen-2.5-3b-instruct,0.0,connections,language,181616b71589f6ea32ce70228a57497526abb72f096af8f8a4ddac2196b297de
4245,qwen-32b,0.0,connections,language,181616b71589f6ea32ce70228a57497526abb72f096af8f8a4ddac2196b297de
4246,gemma-3-12b-it,33.3333333333333,connections,language,1a815d0098ae41a88ccfc14ac642080b14f01e551b543e834e1bf901897bc470
4247,gemma-3-1b-it,0.0,connections,language,1a815d0098ae41a88ccfc14ac642080b14f01e551b543e834e1bf901897bc470
4248,gemma-3-4b-it,0.0,connections,language,1a815d0098ae41a88ccfc14ac642080b14f01e551b543e834e1bf901897bc470
4249,llama-3.1-70b-instruct,0.0,connections,language,1a815d0098ae41a88ccfc14ac642080b14f01e551b543e834e1bf901897bc470
4250,llama-3.1-8b-instruct,0.0,connections,language,1a815d0098ae41a88ccfc14ac642080b14f01e551b543e834e1bf901897bc470
4251,llama-3.2-1b-instruct,0.0,connections,language,1a815d0098ae41a88ccfc14ac642080b14f01e551b543e834e1bf901897bc470
4252,llama-3.2-3b-instruct,0.0,connections,language,1a815d0098ae41a88ccfc14ac642080b14f01e551b543e834e1bf901897bc470
4253,mistral-24b,0.0,connections,language,1a815d0098ae41a88ccfc14ac642080b14f01e551b543e834e1bf901897bc470
4254,mistral-7b,0.0,connections,language,1a815d0098ae41a88ccfc14ac642080b14f01e551b543e834e1bf901897bc470
4255,qwen-2.5-3b-instruct,0.0,connections,language,1a815d0098ae41a88ccfc14ac642080b14f01e551b543e834e1bf901897bc470
4256,qwen-32b,33.3333333333333,connections,language,1a815d0098ae41a88ccfc14ac642080b14f01e551b543e834e1bf901897bc470
4257,gemma-3-12b-it,25.0,connections,language,1a9a81b8cedbe633033a0e5371270c3c379ed1979f5173afb2ec64132a90489b
4258,gemma-3-1b-it,0.0,connections,language,1a9a81b8cedbe633033a0e5371270c3c379ed1979f5173afb2ec64132a90489b
4259,gemma-3-4b-it,0.0,connections,language,1a9a81b8cedbe633033a0e5371270c3c379ed1979f5173afb2ec64132a90489b
4260,llama-3.1-70b-instruct,0.0,connections,language,1a9a81b8cedbe633033a0e5371270c3c379ed1979f5173afb2ec64132a90489b
4261,llama-3.1-8b-instruct,0.0,connections,language,1a9a81b8cedbe633033a0e5371270c3c379ed1979f5173afb2ec64132a90489b
4262,llama-3.2-1b-instruct,0.0,connections,language,1a9a81b8cedbe633033a0e5371270c3c379ed1979f5173afb2ec64132a90489b
4263,llama-3.2-3b-instruct,0.0,connections,language,1a9a81b8cedbe633033a0e5371270c3c379ed1979f5173afb2ec64132a90489b
4264,mistral-24b,0.0,connections,language,1a9a81b8cedbe633033a0e5371270c3c379ed1979f5173afb2ec64132a90489b
4265,mistral-7b,25.0,connections,language,1a9a81b8cedbe633033a0e5371270c3c379ed1979f5173afb2ec64132a90489b
4266,qwen-2.5-3b-instruct,0.0,connections,language,1a9a81b8cedbe633033a0e5371270c3c379ed1979f5173afb2ec64132a90489b
4267,qwen-32b,25.0,connections,language,1a9a81b8cedbe633033a0e5371270c3c379ed1979f5173afb2ec64132a90489b
4268,gemma-3-12b-it,0.0,connections,language,1ad1d332901ea1841a6ff90d32a3a82871011fb38e3ccc3f3c59a839a4e21253
4269,gemma-3-1b-it,0.0,connections,language,1ad1d332901ea1841a6ff90d32a3a82871011fb38e3ccc3f3c59a839a4e21253
4270,gemma-3-4b-it,0.0,connections,language,1ad1d332901ea1841a6ff90d32a3a82871011fb38e3ccc3f3c59a839a4e21253
4271,llama-3.1-70b-instruct,0.0,connections,language,1ad1d332901ea1841a6ff90d32a3a82871011fb38e3ccc3f3c59a839a4e21253
4272,llama-3.1-8b-instruct,0.0,connections,language,1ad1d332901ea1841a6ff90d32a3a82871011fb38e3ccc3f3c59a839a4e21253
4273,llama-3.2-1b-instruct,0.0,connections,language,1ad1d332901ea1841a6ff90d32a3a82871011fb38e3ccc3f3c59a839a4e21253
4274,llama-3.2-3b-instruct,0.0,connections,language,1ad1d332901ea1841a6ff90d32a3a82871011fb38e3ccc3f3c59a839a4e21253
4275,mistral-24b,0.0,connections,language,1ad1d332901ea1841a6ff90d32a3a82871011fb38e3ccc3f3c59a839a4e21253
4276,mistral-7b,0.0,connections,language,1ad1d332901ea1841a6ff90d32a3a82871011fb38e3ccc3f3c59a839a4e21253
4277,qwen-2.5-3b-instruct,0.0,connections,language,1ad1d332901ea1841a6ff90d32a3a82871011fb38e3ccc3f3c59a839a4e21253
4278,qwen-32b,0.0,connections,language,1ad1d332901ea1841a6ff90d32a3a82871011fb38e3ccc3f3c59a839a4e21253
4279,gemma-3-12b-it,0.0,connections,language,1b33907ddc96e526609a7dfdd94c7f27435f1958681bbd4651bad33bc0e8fbc0
4280,gemma-3-1b-it,0.0,connections,language,1b33907ddc96e526609a7dfdd94c7f27435f1958681bbd4651bad33bc0e8fbc0
4281,gemma-3-4b-it,0.0,connections,language,1b33907ddc96e526609a7dfdd94c7f27435f1958681bbd4651bad33bc0e8fbc0
4282,llama-3.1-70b-instruct,25.0,connections,language,1b33907ddc96e526609a7dfdd94c7f27435f1958681bbd4651bad33bc0e8fbc0
4283,llama-3.1-8b-instruct,0.0,connections,language,1b33907ddc96e526609a7dfdd94c7f27435f1958681bbd4651bad33bc0e8fbc0
4284,llama-3.2-1b-instruct,0.0,connections,language,1b33907ddc96e526609a7dfdd94c7f27435f1958681bbd4651bad33bc0e8fbc0
4285,llama-3.2-3b-instruct,0.0,connections,language,1b33907ddc96e526609a7dfdd94c7f27435f1958681bbd4651bad33bc0e8fbc0
4286,mistral-24b,0.0,connections,language,1b33907ddc96e526609a7dfdd94c7f27435f1958681bbd4651bad33bc0e8fbc0
4287,mistral-7b,0.0,connections,language,1b33907ddc96e526609a7dfdd94c7f27435f1958681bbd4651bad33bc0e8fbc0
4288,qwen-2.5-3b-instruct,0.0,connections,language,1b33907ddc96e526609a7dfdd94c7f27435f1958681bbd4651bad33bc0e8fbc0
4289,qwen-32b,25.0,connections,language,1b33907ddc96e526609a7dfdd94c7f27435f1958681bbd4651bad33bc0e8fbc0
4290,gemma-3-12b-it,33.3333333333333,connections,language,1bf6d776cc09ddaadb2f3ca88813d76aa3bf8926bcdbbf2768b50bcc14fdb234
4291,gemma-3-1b-it,0.0,connections,language,1bf6d776cc09ddaadb2f3ca88813d76aa3bf8926bcdbbf2768b50bcc14fdb234
4292,gemma-3-4b-it,0.0,connections,language,1bf6d776cc09ddaadb2f3ca88813d76aa3bf8926bcdbbf2768b50bcc14fdb234
4293,llama-3.1-70b-instruct,33.3333333333333,connections,language,1bf6d776cc09ddaadb2f3ca88813d76aa3bf8926bcdbbf2768b50bcc14fdb234
4294,llama-3.1-8b-instruct,0.0,connections,language,1bf6d776cc09ddaadb2f3ca88813d76aa3bf8926bcdbbf2768b50bcc14fdb234
4295,llama-3.2-1b-instruct,0.0,connections,language,1bf6d776cc09ddaadb2f3ca88813d76aa3bf8926bcdbbf2768b50bcc14fdb234
4296,llama-3.2-3b-instruct,0.0,connections,language,1bf6d776cc09ddaadb2f3ca88813d76aa3bf8926bcdbbf2768b50bcc14fdb234
4297,mistral-24b,33.3333333333333,connections,language,1bf6d776cc09ddaadb2f3ca88813d76aa3bf8926bcdbbf2768b50bcc14fdb234
4298,mistral-7b,0.0,connections,language,1bf6d776cc09ddaadb2f3ca88813d76aa3bf8926bcdbbf2768b50bcc14fdb234
4299,qwen-2.5-3b-instruct,0.0,connections,language,1bf6d776cc09ddaadb2f3ca88813d76aa3bf8926bcdbbf2768b50bcc14fdb234
4300,qwen-32b,100.0,connections,language,1bf6d776cc09ddaadb2f3ca88813d76aa3bf8926bcdbbf2768b50bcc14fdb234
4301,gemma-3-12b-it,0.0,connections,language,27662d962f1e50ef82296d3b3e60ea96b719aee5d821f390beb1fd4af4e5385f
4302,gemma-3-1b-it,0.0,connections,language,27662d962f1e50ef82296d3b3e60ea96b719aee5d821f390beb1fd4af4e5385f
4303,gemma-3-4b-it,0.0,connections,language,27662d962f1e50ef82296d3b3e60ea96b719aee5d821f390beb1fd4af4e5385f
4304,llama-3.1-70b-instruct,0.0,connections,language,27662d962f1e50ef82296d3b3e60ea96b719aee5d821f390beb1fd4af4e5385f
4305,llama-3.1-8b-instruct,33.3333333333333,connections,language,27662d962f1e50ef82296d3b3e60ea96b719aee5d821f390beb1fd4af4e5385f
4306,llama-3.2-1b-instruct,0.0,connections,language,27662d962f1e50ef82296d3b3e60ea96b719aee5d821f390beb1fd4af4e5385f
4307,llama-3.2-3b-instruct,0.0,connections,language,27662d962f1e50ef82296d3b3e60ea96b719aee5d821f390beb1fd4af4e5385f
4308,mistral-24b,0.0,connections,language,27662d962f1e50ef82296d3b3e60ea96b719aee5d821f390beb1fd4af4e5385f
4309,mistral-7b,0.0,connections,language,27662d962f1e50ef82296d3b3e60ea96b719aee5d821f390beb1fd4af4e5385f
4310,qwen-2.5-3b-instruct,0.0,connections,language,27662d962f1e50ef82296d3b3e60ea96b719aee5d821f390beb1fd4af4e5385f
4311,qwen-32b,0.0,connections,language,27662d962f1e50ef82296d3b3e60ea96b719aee5d821f390beb1fd4af4e5385f
4312,gemma-3-12b-it,0.0,connections,language,285e561bcfc061b705ab7ee6bf8b37cb9aed961c0cfacc48451c770fe86b5e9c
4313,gemma-3-1b-it,0.0,connections,language,285e561bcfc061b705ab7ee6bf8b37cb9aed961c0cfacc48451c770fe86b5e9c
4314,gemma-3-4b-it,0.0,connections,language,285e561bcfc061b705ab7ee6bf8b37cb9aed961c0cfacc48451c770fe86b5e9c
4315,llama-3.1-70b-instruct,0.0,connections,language,285e561bcfc061b705ab7ee6bf8b37cb9aed961c0cfacc48451c770fe86b5e9c
4316,llama-3.1-8b-instruct,25.0,connections,language,285e561bcfc061b705ab7ee6bf8b37cb9aed961c0cfacc48451c770fe86b5e9c
4317,llama-3.2-1b-instruct,0.0,connections,language,285e561bcfc061b705ab7ee6bf8b37cb9aed961c0cfacc48451c770fe86b5e9c
4318,llama-3.2-3b-instruct,0.0,connections,language,285e561bcfc061b705ab7ee6bf8b37cb9aed961c0cfacc48451c770fe86b5e9c
4319,mistral-24b,0.0,connections,language,285e561bcfc061b705ab7ee6bf8b37cb9aed961c0cfacc48451c770fe86b5e9c
4320,mistral-7b,0.0,connections,language,285e561bcfc061b705ab7ee6bf8b37cb9aed961c0cfacc48451c770fe86b5e9c
4321,qwen-2.5-3b-instruct,0.0,connections,language,285e561bcfc061b705ab7ee6bf8b37cb9aed961c0cfacc48451c770fe86b5e9c
4322,qwen-32b,0.0,connections,language,285e561bcfc061b705ab7ee6bf8b37cb9aed961c0cfacc48451c770fe86b5e9c
4323,gemma-3-12b-it,0.0,connections,language,2a742686612961190f946dce13e791ab60542bc74ff7838f70a6b11e920495ea
4324,gemma-3-1b-it,100.0,connections,language,2a742686612961190f946dce13e791ab60542bc74ff7838f70a6b11e920495ea
4325,gemma-3-4b-it,0.0,connections,language,2a742686612961190f946dce13e791ab60542bc74ff7838f70a6b11e920495ea
4326,llama-3.1-70b-instruct,0.0,connections,language,2a742686612961190f946dce13e791ab60542bc74ff7838f70a6b11e920495ea
4327,llama-3.1-8b-instruct,0.0,connections,language,2a742686612961190f946dce13e791ab60542bc74ff7838f70a6b11e920495ea
4328,llama-3.2-1b-instruct,0.0,connections,language,2a742686612961190f946dce13e791ab60542bc74ff7838f70a6b11e920495ea
4329,llama-3.2-3b-instruct,0.0,connections,language,2a742686612961190f946dce13e791ab60542bc74ff7838f70a6b11e920495ea
4330,mistral-24b,0.0,connections,language,2a742686612961190f946dce13e791ab60542bc74ff7838f70a6b11e920495ea
4331,mistral-7b,0.0,connections,language,2a742686612961190f946dce13e791ab60542bc74ff7838f70a6b11e920495ea
4332,qwen-2.5-3b-instruct,0.0,connections,language,2a742686612961190f946dce13e791ab60542bc74ff7838f70a6b11e920495ea
4333,qwen-32b,0.0,connections,language,2a742686612961190f946dce13e791ab60542bc74ff7838f70a6b11e920495ea
4334,gemma-3-12b-it,0.0,connections,language,2a9acd0663982cd5cb0df3e089f022ec2c55b2c03589bbf07d7ec6c9a98bab3b
4335,gemma-3-1b-it,0.0,connections,language,2a9acd0663982cd5cb0df3e089f022ec2c55b2c03589bbf07d7ec6c9a98bab3b
4336,gemma-3-4b-it,0.0,connections,language,2a9acd0663982cd5cb0df3e089f022ec2c55b2c03589bbf07d7ec6c9a98bab3b
4337,llama-3.1-70b-instruct,0.0,connections,language,2a9acd0663982cd5cb0df3e089f022ec2c55b2c03589bbf07d7ec6c9a98bab3b
4338,llama-3.1-8b-instruct,0.0,connections,language,2a9acd0663982cd5cb0df3e089f022ec2c55b2c03589bbf07d7ec6c9a98bab3b
4339,llama-3.2-1b-instruct,0.0,connections,language,2a9acd0663982cd5cb0df3e089f022ec2c55b2c03589bbf07d7ec6c9a98bab3b
4340,llama-3.2-3b-instruct,0.0,connections,language,2a9acd0663982cd5cb0df3e089f022ec2c55b2c03589bbf07d7ec6c9a98bab3b
4341,mistral-24b,0.0,connections,language,2a9acd0663982cd5cb0df3e089f022ec2c55b2c03589bbf07d7ec6c9a98bab3b
4342,mistral-7b,0.0,connections,language,2a9acd0663982cd5cb0df3e089f022ec2c55b2c03589bbf07d7ec6c9a98bab3b
4343,qwen-2.5-3b-instruct,0.0,connections,language,2a9acd0663982cd5cb0df3e089f022ec2c55b2c03589bbf07d7ec6c9a98bab3b
4344,qwen-32b,0.0,connections,language,2a9acd0663982cd5cb0df3e089f022ec2c55b2c03589bbf07d7ec6c9a98bab3b
4345,gemma-3-12b-it,0.0,connections,language,31479de5bef8c0abea0ba41134d2e14b31fbc9668aafa98141a02689adb92b09
4346,gemma-3-1b-it,0.0,connections,language,31479de5bef8c0abea0ba41134d2e14b31fbc9668aafa98141a02689adb92b09
4347,gemma-3-4b-it,0.0,connections,language,31479de5bef8c0abea0ba41134d2e14b31fbc9668aafa98141a02689adb92b09
4348,llama-3.1-70b-instruct,0.0,connections,language,31479de5bef8c0abea0ba41134d2e14b31fbc9668aafa98141a02689adb92b09
4349,llama-3.1-8b-instruct,0.0,connections,language,31479de5bef8c0abea0ba41134d2e14b31fbc9668aafa98141a02689adb92b09
4350,llama-3.2-1b-instruct,0.0,connections,language,31479de5bef8c0abea0ba41134d2e14b31fbc9668aafa98141a02689adb92b09
4351,llama-3.2-3b-instruct,0.0,connections,language,31479de5bef8c0abea0ba41134d2e14b31fbc9668aafa98141a02689adb92b09
4352,mistral-24b,100.0,connections,language,31479de5bef8c0abea0ba41134d2e14b31fbc9668aafa98141a02689adb92b09
4353,mistral-7b,0.0,connections,language,31479de5bef8c0abea0ba41134d2e14b31fbc9668aafa98141a02689adb92b09
4354,qwen-2.5-3b-instruct,0.0,connections,language,31479de5bef8c0abea0ba41134d2e14b31fbc9668aafa98141a02689adb92b09
4355,qwen-32b,0.0,connections,language,31479de5bef8c0abea0ba41134d2e14b31fbc9668aafa98141a02689adb92b09
4356,gemma-3-12b-it,25.0,connections,language,3236b5af45d8be294d3c367dbd90f369edcc13cb992a3ac81a74715894a5c509
4357,gemma-3-1b-it,0.0,connections,language,3236b5af45d8be294d3c367dbd90f369edcc13cb992a3ac81a74715894a5c509
4358,gemma-3-4b-it,25.0,connections,language,3236b5af45d8be294d3c367dbd90f369edcc13cb992a3ac81a74715894a5c509
4359,llama-3.1-70b-instruct,50.0,connections,language,3236b5af45d8be294d3c367dbd90f369edcc13cb992a3ac81a74715894a5c509
4360,llama-3.1-8b-instruct,25.0,connections,language,3236b5af45d8be294d3c367dbd90f369edcc13cb992a3ac81a74715894a5c509
4361,llama-3.2-1b-instruct,0.0,connections,language,3236b5af45d8be294d3c367dbd90f369edcc13cb992a3ac81a74715894a5c509
4362,llama-3.2-3b-instruct,0.0,connections,language,3236b5af45d8be294d3c367dbd90f369edcc13cb992a3ac81a74715894a5c509
4363,mistral-24b,25.0,connections,language,3236b5af45d8be294d3c367dbd90f369edcc13cb992a3ac81a74715894a5c509
4364,mistral-7b,0.0,connections,language,3236b5af45d8be294d3c367dbd90f369edcc13cb992a3ac81a74715894a5c509
4365,qwen-2.5-3b-instruct,25.0,connections,language,3236b5af45d8be294d3c367dbd90f369edcc13cb992a3ac81a74715894a5c509
4366,qwen-32b,25.0,connections,language,3236b5af45d8be294d3c367dbd90f369edcc13cb992a3ac81a74715894a5c509
4367,gemma-3-12b-it,0.0,connections,language,423c1619dd19ac5e474876b3f65fa2a0a5d7fe4b7511199d7fd13bb8e7dff7d4
4368,gemma-3-1b-it,0.0,connections,language,423c1619dd19ac5e474876b3f65fa2a0a5d7fe4b7511199d7fd13bb8e7dff7d4
4369,gemma-3-4b-it,0.0,connections,language,423c1619dd19ac5e474876b3f65fa2a0a5d7fe4b7511199d7fd13bb8e7dff7d4
4370,llama-3.1-70b-instruct,0.0,connections,language,423c1619dd19ac5e474876b3f65fa2a0a5d7fe4b7511199d7fd13bb8e7dff7d4
4371,llama-3.1-8b-instruct,100.0,connections,language,423c1619dd19ac5e474876b3f65fa2a0a5d7fe4b7511199d7fd13bb8e7dff7d4
4372,llama-3.2-1b-instruct,0.0,connections,language,423c1619dd19ac5e474876b3f65fa2a0a5d7fe4b7511199d7fd13bb8e7dff7d4
4373,llama-3.2-3b-instruct,0.0,connections,language,423c1619dd19ac5e474876b3f65fa2a0a5d7fe4b7511199d7fd13bb8e7dff7d4
4374,mistral-24b,33.3333333333333,connections,language,423c1619dd19ac5e474876b3f65fa2a0a5d7fe4b7511199d7fd13bb8e7dff7d4
4375,mistral-7b,0.0,connections,language,423c1619dd19ac5e474876b3f65fa2a0a5d7fe4b7511199d7fd13bb8e7dff7d4
4376,qwen-2.5-3b-instruct,33.3333333333333,connections,language,423c1619dd19ac5e474876b3f65fa2a0a5d7fe4b7511199d7fd13bb8e7dff7d4
4377,qwen-32b,33.3333333333333,connections,language,423c1619dd19ac5e474876b3f65fa2a0a5d7fe4b7511199d7fd13bb8e7dff7d4
4378,gemma-3-12b-it,0.0,connections,language,4a70a9ee65e34a89d9852f0b493437860acf6bcf9339453aae820df7773d5a77
4379,gemma-3-1b-it,0.0,connections,language,4a70a9ee65e34a89d9852f0b493437860acf6bcf9339453aae820df7773d5a77
4380,gemma-3-4b-it,0.0,connections,language,4a70a9ee65e34a89d9852f0b493437860acf6bcf9339453aae820df7773d5a77
4381,llama-3.1-70b-instruct,0.0,connections,language,4a70a9ee65e34a89d9852f0b493437860acf6bcf9339453aae820df7773d5a77
4382,llama-3.1-8b-instruct,0.0,connections,language,4a70a9ee65e34a89d9852f0b493437860acf6bcf9339453aae820df7773d5a77
4383,llama-3.2-1b-instruct,0.0,connections,language,4a70a9ee65e34a89d9852f0b493437860acf6bcf9339453aae820df7773d5a77
4384,llama-3.2-3b-instruct,0.0,connections,language,4a70a9ee65e34a89d9852f0b493437860acf6bcf9339453aae820df7773d5a77
4385,mistral-24b,0.0,connections,language,4a70a9ee65e34a89d9852f0b493437860acf6bcf9339453aae820df7773d5a77
4386,mistral-7b,0.0,connections,language,4a70a9ee65e34a89d9852f0b493437860acf6bcf9339453aae820df7773d5a77
4387,qwen-2.5-3b-instruct,0.0,connections,language,4a70a9ee65e34a89d9852f0b493437860acf6bcf9339453aae820df7773d5a77
4388,qwen-32b,0.0,connections,language,4a70a9ee65e34a89d9852f0b493437860acf6bcf9339453aae820df7773d5a77
4389,gemma-3-12b-it,25.0,connections,language,5330887c5b2a52e42dd0377b798203edb2665ddee6df136304570d1b674058ab
4390,gemma-3-1b-it,0.0,connections,language,5330887c5b2a52e42dd0377b798203edb2665ddee6df136304570d1b674058ab
4391,gemma-3-4b-it,0.0,connections,language,5330887c5b2a52e42dd0377b798203edb2665ddee6df136304570d1b674058ab
4392,llama-3.1-70b-instruct,50.0,connections,language,5330887c5b2a52e42dd0377b798203edb2665ddee6df136304570d1b674058ab
4393,llama-3.1-8b-instruct,0.0,connections,language,5330887c5b2a52e42dd0377b798203edb2665ddee6df136304570d1b674058ab
4394,llama-3.2-1b-instruct,0.0,connections,language,5330887c5b2a52e42dd0377b798203edb2665ddee6df136304570d1b674058ab
4395,llama-3.2-3b-instruct,0.0,connections,language,5330887c5b2a52e42dd0377b798203edb2665ddee6df136304570d1b674058ab
4396,mistral-24b,25.0,connections,language,5330887c5b2a52e42dd0377b798203edb2665ddee6df136304570d1b674058ab
4397,mistral-7b,0.0,connections,language,5330887c5b2a52e42dd0377b798203edb2665ddee6df136304570d1b674058ab
4398,qwen-2.5-3b-instruct,0.0,connections,language,5330887c5b2a52e42dd0377b798203edb2665ddee6df136304570d1b674058ab
4399,qwen-32b,0.0,connections,language,5330887c5b2a52e42dd0377b798203edb2665ddee6df136304570d1b674058ab
4400,gemma-3-12b-it,0.0,connections,language,542aac3c0e8d4edd1c0adafc0005f199dc6c51bf88356112120acf2551d8073d
4401,gemma-3-1b-it,0.0,connections,language,542aac3c0e8d4edd1c0adafc0005f199dc6c51bf88356112120acf2551d8073d
4402,gemma-3-4b-it,0.0,connections,language,542aac3c0e8d4edd1c0adafc0005f199dc6c51bf88356112120acf2551d8073d
4403,llama-3.1-70b-instruct,0.0,connections,language,542aac3c0e8d4edd1c0adafc0005f199dc6c51bf88356112120acf2551d8073d
4404,llama-3.1-8b-instruct,0.0,connections,language,542aac3c0e8d4edd1c0adafc0005f199dc6c51bf88356112120acf2551d8073d
4405,llama-3.2-1b-instruct,0.0,connections,language,542aac3c0e8d4edd1c0adafc0005f199dc6c51bf88356112120acf2551d8073d
4406,llama-3.2-3b-instruct,0.0,connections,language,542aac3c0e8d4edd1c0adafc0005f199dc6c51bf88356112120acf2551d8073d
4407,mistral-24b,0.0,connections,language,542aac3c0e8d4edd1c0adafc0005f199dc6c51bf88356112120acf2551d8073d
4408,mistral-7b,0.0,connections,language,542aac3c0e8d4edd1c0adafc0005f199dc6c51bf88356112120acf2551d8073d
4409,qwen-2.5-3b-instruct,0.0,connections,language,542aac3c0e8d4edd1c0adafc0005f199dc6c51bf88356112120acf2551d8073d
4410,qwen-32b,0.0,connections,language,542aac3c0e8d4edd1c0adafc0005f199dc6c51bf88356112120acf2551d8073d
4411,gemma-3-12b-it,0.0,connections,language,5751ec57dab9313c21ee319c3a03dcb19b6ef35fe2473c93c6fd95f0b8af392e
4412,gemma-3-1b-it,0.0,connections,language,5751ec57dab9313c21ee319c3a03dcb19b6ef35fe2473c93c6fd95f0b8af392e
4413,gemma-3-4b-it,0.0,connections,language,5751ec57dab9313c21ee319c3a03dcb19b6ef35fe2473c93c6fd95f0b8af392e
4414,llama-3.1-70b-instruct,0.0,connections,language,5751ec57dab9313c21ee319c3a03dcb19b6ef35fe2473c93c6fd95f0b8af392e
4415,llama-3.1-8b-instruct,0.0,connections,language,5751ec57dab9313c21ee319c3a03dcb19b6ef35fe2473c93c6fd95f0b8af392e
4416,llama-3.2-1b-instruct,0.0,connections,language,5751ec57dab9313c21ee319c3a03dcb19b6ef35fe2473c93c6fd95f0b8af392e
4417,llama-3.2-3b-instruct,0.0,connections,language,5751ec57dab9313c21ee319c3a03dcb19b6ef35fe2473c93c6fd95f0b8af392e
4418,mistral-24b,0.0,connections,language,5751ec57dab9313c21ee319c3a03dcb19b6ef35fe2473c93c6fd95f0b8af392e
4419,mistral-7b,0.0,connections,language,5751ec57dab9313c21ee319c3a03dcb19b6ef35fe2473c93c6fd95f0b8af392e
4420,qwen-2.5-3b-instruct,0.0,connections,language,5751ec57dab9313c21ee319c3a03dcb19b6ef35fe2473c93c6fd95f0b8af392e
4421,qwen-32b,0.0,connections,language,5751ec57dab9313c21ee319c3a03dcb19b6ef35fe2473c93c6fd95f0b8af392e
4422,gemma-3-12b-it,33.3333333333333,connections,language,5c6cbb7f47e2b3199b57786242e1ac886344c834d1bae7841fde7ad83017cabc
4423,gemma-3-1b-it,0.0,connections,language,5c6cbb7f47e2b3199b57786242e1ac886344c834d1bae7841fde7ad83017cabc
4424,gemma-3-4b-it,0.0,connections,language,5c6cbb7f47e2b3199b57786242e1ac886344c834d1bae7841fde7ad83017cabc
4425,llama-3.1-70b-instruct,0.0,connections,language,5c6cbb7f47e2b3199b57786242e1ac886344c834d1bae7841fde7ad83017cabc
4426,llama-3.1-8b-instruct,0.0,connections,language,5c6cbb7f47e2b3199b57786242e1ac886344c834d1bae7841fde7ad83017cabc
4427,llama-3.2-1b-instruct,0.0,connections,language,5c6cbb7f47e2b3199b57786242e1ac886344c834d1bae7841fde7ad83017cabc
4428,llama-3.2-3b-instruct,0.0,connections,language,5c6cbb7f47e2b3199b57786242e1ac886344c834d1bae7841fde7ad83017cabc
4429,mistral-24b,0.0,connections,language,5c6cbb7f47e2b3199b57786242e1ac886344c834d1bae7841fde7ad83017cabc
4430,mistral-7b,0.0,connections,language,5c6cbb7f47e2b3199b57786242e1ac886344c834d1bae7841fde7ad83017cabc
4431,qwen-2.5-3b-instruct,0.0,connections,language,5c6cbb7f47e2b3199b57786242e1ac886344c834d1bae7841fde7ad83017cabc
4432,qwen-32b,33.3333333333333,connections,language,5c6cbb7f47e2b3199b57786242e1ac886344c834d1bae7841fde7ad83017cabc
4433,gemma-3-12b-it,0.0,connections,language,67e29605da625671247caf857746dbc83a2e92f241700aab787cb0737aa10a60
4434,gemma-3-1b-it,0.0,connections,language,67e29605da625671247caf857746dbc83a2e92f241700aab787cb0737aa10a60
4435,gemma-3-4b-it,0.0,connections,language,67e29605da625671247caf857746dbc83a2e92f241700aab787cb0737aa10a60
4436,llama-3.1-70b-instruct,0.0,connections,language,67e29605da625671247caf857746dbc83a2e92f241700aab787cb0737aa10a60
4437,llama-3.1-8b-instruct,0.0,connections,language,67e29605da625671247caf857746dbc83a2e92f241700aab787cb0737aa10a60
4438,llama-3.2-1b-instruct,0.0,connections,language,67e29605da625671247caf857746dbc83a2e92f241700aab787cb0737aa10a60
4439,llama-3.2-3b-instruct,0.0,connections,language,67e29605da625671247caf857746dbc83a2e92f241700aab787cb0737aa10a60
4440,mistral-24b,0.0,connections,language,67e29605da625671247caf857746dbc83a2e92f241700aab787cb0737aa10a60
4441,mistral-7b,0.0,connections,language,67e29605da625671247caf857746dbc83a2e92f241700aab787cb0737aa10a60
4442,qwen-2.5-3b-instruct,25.0,connections,language,67e29605da625671247caf857746dbc83a2e92f241700aab787cb0737aa10a60
4443,qwen-32b,0.0,connections,language,67e29605da625671247caf857746dbc83a2e92f241700aab787cb0737aa10a60
4444,gemma-3-12b-it,0.0,connections,language,6a71b04728e36e941da59f9a14512e9ee1ff553f927f5ebbee9cfe4921f886d4
4445,gemma-3-1b-it,0.0,connections,language,6a71b04728e36e941da59f9a14512e9ee1ff553f927f5ebbee9cfe4921f886d4
4446,gemma-3-4b-it,0.0,connections,language,6a71b04728e36e941da59f9a14512e9ee1ff553f927f5ebbee9cfe4921f886d4
4447,llama-3.1-70b-instruct,100.0,connections,language,6a71b04728e36e941da59f9a14512e9ee1ff553f927f5ebbee9cfe4921f886d4
4448,llama-3.1-8b-instruct,100.0,connections,language,6a71b04728e36e941da59f9a14512e9ee1ff553f927f5ebbee9cfe4921f886d4
4449,llama-3.2-1b-instruct,0.0,connections,language,6a71b04728e36e941da59f9a14512e9ee1ff553f927f5ebbee9cfe4921f886d4
4450,llama-3.2-3b-instruct,0.0,connections,language,6a71b04728e36e941da59f9a14512e9ee1ff553f927f5ebbee9cfe4921f886d4
4451,mistral-24b,0.0,connections,language,6a71b04728e36e941da59f9a14512e9ee1ff553f927f5ebbee9cfe4921f886d4
4452,mistral-7b,0.0,connections,language,6a71b04728e36e941da59f9a14512e9ee1ff553f927f5ebbee9cfe4921f886d4
4453,qwen-2.5-3b-instruct,100.0,connections,language,6a71b04728e36e941da59f9a14512e9ee1ff553f927f5ebbee9cfe4921f886d4
4454,qwen-32b,100.0,connections,language,6a71b04728e36e941da59f9a14512e9ee1ff553f927f5ebbee9cfe4921f886d4
4455,gemma-3-12b-it,0.0,connections,language,7068689cae6865cd2c07a81fd15d5207d348677b76bbabc1ec9a2f18a975be5b
4456,gemma-3-1b-it,0.0,connections,language,7068689cae6865cd2c07a81fd15d5207d348677b76bbabc1ec9a2f18a975be5b
4457,gemma-3-4b-it,0.0,connections,language,7068689cae6865cd2c07a81fd15d5207d348677b76bbabc1ec9a2f18a975be5b
4458,llama-3.1-70b-instruct,0.0,connections,language,7068689cae6865cd2c07a81fd15d5207d348677b76bbabc1ec9a2f18a975be5b
4459,llama-3.1-8b-instruct,0.0,connections,language,7068689cae6865cd2c07a81fd15d5207d348677b76bbabc1ec9a2f18a975be5b
4460,llama-3.2-1b-instruct,0.0,connections,language,7068689cae6865cd2c07a81fd15d5207d348677b76bbabc1ec9a2f18a975be5b
4461,llama-3.2-3b-instruct,0.0,connections,language,7068689cae6865cd2c07a81fd15d5207d348677b76bbabc1ec9a2f18a975be5b
4462,mistral-24b,0.0,connections,language,7068689cae6865cd2c07a81fd15d5207d348677b76bbabc1ec9a2f18a975be5b
4463,mistral-7b,0.0,connections,language,7068689cae6865cd2c07a81fd15d5207d348677b76bbabc1ec9a2f18a975be5b
4464,qwen-2.5-3b-instruct,0.0,connections,language,7068689cae6865cd2c07a81fd15d5207d348677b76bbabc1ec9a2f18a975be5b
4465,qwen-32b,0.0,connections,language,7068689cae6865cd2c07a81fd15d5207d348677b76bbabc1ec9a2f18a975be5b
4466,gemma-3-12b-it,25.0,connections,language,71e45cfd9d8b8b24c5db608127ff9bc890725fbc7727219531b14484742cdf40
4467,gemma-3-1b-it,0.0,connections,language,71e45cfd9d8b8b24c5db608127ff9bc890725fbc7727219531b14484742cdf40
4468,gemma-3-4b-it,0.0,connections,language,71e45cfd9d8b8b24c5db608127ff9bc890725fbc7727219531b14484742cdf40
4469,llama-3.1-70b-instruct,50.0,connections,language,71e45cfd9d8b8b24c5db608127ff9bc890725fbc7727219531b14484742cdf40
4470,llama-3.1-8b-instruct,0.0,connections,language,71e45cfd9d8b8b24c5db608127ff9bc890725fbc7727219531b14484742cdf40
4471,llama-3.2-1b-instruct,0.0,connections,language,71e45cfd9d8b8b24c5db608127ff9bc890725fbc7727219531b14484742cdf40
4472,llama-3.2-3b-instruct,25.0,connections,language,71e45cfd9d8b8b24c5db608127ff9bc890725fbc7727219531b14484742cdf40
4473,mistral-24b,0.0,connections,language,71e45cfd9d8b8b24c5db608127ff9bc890725fbc7727219531b14484742cdf40
4474,mistral-7b,0.0,connections,language,71e45cfd9d8b8b24c5db608127ff9bc890725fbc7727219531b14484742cdf40
4475,qwen-2.5-3b-instruct,0.0,connections,language,71e45cfd9d8b8b24c5db608127ff9bc890725fbc7727219531b14484742cdf40
4476,qwen-32b,25.0,connections,language,71e45cfd9d8b8b24c5db608127ff9bc890725fbc7727219531b14484742cdf40
4477,gemma-3-12b-it,33.3333333333333,connections,language,727726933d358a0f4adc03060b6bce1572cd6f8e5fd2289b9b0356d67697711f
4478,gemma-3-1b-it,0.0,connections,language,727726933d358a0f4adc03060b6bce1572cd6f8e5fd2289b9b0356d67697711f
4479,gemma-3-4b-it,0.0,connections,language,727726933d358a0f4adc03060b6bce1572cd6f8e5fd2289b9b0356d67697711f
4480,llama-3.1-70b-instruct,33.3333333333333,connections,language,727726933d358a0f4adc03060b6bce1572cd6f8e5fd2289b9b0356d67697711f
4481,llama-3.1-8b-instruct,0.0,connections,language,727726933d358a0f4adc03060b6bce1572cd6f8e5fd2289b9b0356d67697711f
4482,llama-3.2-1b-instruct,0.0,connections,language,727726933d358a0f4adc03060b6bce1572cd6f8e5fd2289b9b0356d67697711f
4483,llama-3.2-3b-instruct,0.0,connections,language,727726933d358a0f4adc03060b6bce1572cd6f8e5fd2289b9b0356d67697711f
4484,mistral-24b,33.3333333333333,connections,language,727726933d358a0f4adc03060b6bce1572cd6f8e5fd2289b9b0356d67697711f
4485,mistral-7b,0.0,connections,language,727726933d358a0f4adc03060b6bce1572cd6f8e5fd2289b9b0356d67697711f
4486,qwen-2.5-3b-instruct,33.3333333333333,connections,language,727726933d358a0f4adc03060b6bce1572cd6f8e5fd2289b9b0356d67697711f
4487,qwen-32b,0.0,connections,language,727726933d358a0f4adc03060b6bce1572cd6f8e5fd2289b9b0356d67697711f
4488,gemma-3-12b-it,100.0,connections,language,7327ff4cf4a089d1ef9959d6f4482b1238590f404e24f1fd48988965ec6e121b
4489,gemma-3-1b-it,33.3333333333333,connections,language,7327ff4cf4a089d1ef9959d6f4482b1238590f404e24f1fd48988965ec6e121b
4490,gemma-3-4b-it,33.3333333333333,connections,language,7327ff4cf4a089d1ef9959d6f4482b1238590f404e24f1fd48988965ec6e121b
4491,llama-3.1-70b-instruct,100.0,connections,language,7327ff4cf4a089d1ef9959d6f4482b1238590f404e24f1fd48988965ec6e121b
4492,llama-3.1-8b-instruct,100.0,connections,language,7327ff4cf4a089d1ef9959d6f4482b1238590f404e24f1fd48988965ec6e121b
4493,llama-3.2-1b-instruct,0.0,connections,language,7327ff4cf4a089d1ef9959d6f4482b1238590f404e24f1fd48988965ec6e121b
4494,llama-3.2-3b-instruct,33.3333333333333,connections,language,7327ff4cf4a089d1ef9959d6f4482b1238590f404e24f1fd48988965ec6e121b
4495,mistral-24b,100.0,connections,language,7327ff4cf4a089d1ef9959d6f4482b1238590f404e24f1fd48988965ec6e121b
4496,mistral-7b,0.0,connections,language,7327ff4cf4a089d1ef9959d6f4482b1238590f404e24f1fd48988965ec6e121b
4497,qwen-2.5-3b-instruct,33.3333333333333,connections,language,7327ff4cf4a089d1ef9959d6f4482b1238590f404e24f1fd48988965ec6e121b
4498,qwen-32b,100.0,connections,language,7327ff4cf4a089d1ef9959d6f4482b1238590f404e24f1fd48988965ec6e121b
4499,gemma-3-12b-it,100.0,connections,language,7b3275558223f88fb360e85e9a75dea0349539b88545b810236a2997679d26f0
4500,gemma-3-1b-it,0.0,connections,language,7b3275558223f88fb360e85e9a75dea0349539b88545b810236a2997679d26f0
4501,gemma-3-4b-it,0.0,connections,language,7b3275558223f88fb360e85e9a75dea0349539b88545b810236a2997679d26f0
4502,llama-3.1-70b-instruct,100.0,connections,language,7b3275558223f88fb360e85e9a75dea0349539b88545b810236a2997679d26f0
4503,llama-3.1-8b-instruct,0.0,connections,language,7b3275558223f88fb360e85e9a75dea0349539b88545b810236a2997679d26f0
4504,llama-3.2-1b-instruct,0.0,connections,language,7b3275558223f88fb360e85e9a75dea0349539b88545b810236a2997679d26f0
4505,llama-3.2-3b-instruct,0.0,connections,language,7b3275558223f88fb360e85e9a75dea0349539b88545b810236a2997679d26f0
4506,mistral-24b,0.0,connections,language,7b3275558223f88fb360e85e9a75dea0349539b88545b810236a2997679d26f0
4507,mistral-7b,0.0,connections,language,7b3275558223f88fb360e85e9a75dea0349539b88545b810236a2997679d26f0
4508,qwen-2.5-3b-instruct,0.0,connections,language,7b3275558223f88fb360e85e9a75dea0349539b88545b810236a2997679d26f0
4509,qwen-32b,100.0,connections,language,7b3275558223f88fb360e85e9a75dea0349539b88545b810236a2997679d26f0
4510,gemma-3-12b-it,25.0,connections,language,7f2702331fb76e3854f278b7a3ec3c8f3a02191dde539880936a0110c253082f
4511,gemma-3-1b-it,0.0,connections,language,7f2702331fb76e3854f278b7a3ec3c8f3a02191dde539880936a0110c253082f
4512,gemma-3-4b-it,0.0,connections,language,7f2702331fb76e3854f278b7a3ec3c8f3a02191dde539880936a0110c253082f
4513,llama-3.1-70b-instruct,0.0,connections,language,7f2702331fb76e3854f278b7a3ec3c8f3a02191dde539880936a0110c253082f
4514,llama-3.1-8b-instruct,0.0,connections,language,7f2702331fb76e3854f278b7a3ec3c8f3a02191dde539880936a0110c253082f
4515,llama-3.2-1b-instruct,0.0,connections,language,7f2702331fb76e3854f278b7a3ec3c8f3a02191dde539880936a0110c253082f
4516,llama-3.2-3b-instruct,0.0,connections,language,7f2702331fb76e3854f278b7a3ec3c8f3a02191dde539880936a0110c253082f
4517,mistral-24b,25.0,connections,language,7f2702331fb76e3854f278b7a3ec3c8f3a02191dde539880936a0110c253082f
4518,mistral-7b,0.0,connections,language,7f2702331fb76e3854f278b7a3ec3c8f3a02191dde539880936a0110c253082f
4519,qwen-2.5-3b-instruct,0.0,connections,language,7f2702331fb76e3854f278b7a3ec3c8f3a02191dde539880936a0110c253082f
4520,qwen-32b,25.0,connections,language,7f2702331fb76e3854f278b7a3ec3c8f3a02191dde539880936a0110c253082f
4521,gemma-3-12b-it,33.3333333333333,connections,language,859128912cf690e876b4e1a336fa09e30969f9ce77a8c3a3d9d2c680b5fb83e7
4522,gemma-3-1b-it,0.0,connections,language,859128912cf690e876b4e1a336fa09e30969f9ce77a8c3a3d9d2c680b5fb83e7
4523,gemma-3-4b-it,0.0,connections,language,859128912cf690e876b4e1a336fa09e30969f9ce77a8c3a3d9d2c680b5fb83e7
4524,llama-3.1-70b-instruct,0.0,connections,language,859128912cf690e876b4e1a336fa09e30969f9ce77a8c3a3d9d2c680b5fb83e7
4525,llama-3.1-8b-instruct,0.0,connections,language,859128912cf690e876b4e1a336fa09e30969f9ce77a8c3a3d9d2c680b5fb83e7
4526,llama-3.2-1b-instruct,0.0,connections,language,859128912cf690e876b4e1a336fa09e30969f9ce77a8c3a3d9d2c680b5fb83e7
4527,llama-3.2-3b-instruct,0.0,connections,language,859128912cf690e876b4e1a336fa09e30969f9ce77a8c3a3d9d2c680b5fb83e7
4528,mistral-24b,0.0,connections,language,859128912cf690e876b4e1a336fa09e30969f9ce77a8c3a3d9d2c680b5fb83e7
4529,mistral-7b,0.0,connections,language,859128912cf690e876b4e1a336fa09e30969f9ce77a8c3a3d9d2c680b5fb83e7
4530,qwen-2.5-3b-instruct,0.0,connections,language,859128912cf690e876b4e1a336fa09e30969f9ce77a8c3a3d9d2c680b5fb83e7
4531,qwen-32b,33.3333333333333,connections,language,859128912cf690e876b4e1a336fa09e30969f9ce77a8c3a3d9d2c680b5fb83e7
4532,gemma-3-12b-it,33.3333333333333,connections,language,88469d31544334ab642e51631f33033977dab39dbee67d5e94342809cb9cc3d4
4533,gemma-3-1b-it,0.0,connections,language,88469d31544334ab642e51631f33033977dab39dbee67d5e94342809cb9cc3d4
4534,gemma-3-4b-it,0.0,connections,language,88469d31544334ab642e51631f33033977dab39dbee67d5e94342809cb9cc3d4
4535,llama-3.1-70b-instruct,33.3333333333333,connections,language,88469d31544334ab642e51631f33033977dab39dbee67d5e94342809cb9cc3d4
4536,llama-3.1-8b-instruct,0.0,connections,language,88469d31544334ab642e51631f33033977dab39dbee67d5e94342809cb9cc3d4
4537,llama-3.2-1b-instruct,0.0,connections,language,88469d31544334ab642e51631f33033977dab39dbee67d5e94342809cb9cc3d4
4538,llama-3.2-3b-instruct,33.3333333333333,connections,language,88469d31544334ab642e51631f33033977dab39dbee67d5e94342809cb9cc3d4
4539,mistral-24b,33.3333333333333,connections,language,88469d31544334ab642e51631f33033977dab39dbee67d5e94342809cb9cc3d4
4540,mistral-7b,0.0,connections,language,88469d31544334ab642e51631f33033977dab39dbee67d5e94342809cb9cc3d4
4541,qwen-2.5-3b-instruct,33.3333333333333,connections,language,88469d31544334ab642e51631f33033977dab39dbee67d5e94342809cb9cc3d4
4542,qwen-32b,33.3333333333333,connections,language,88469d31544334ab642e51631f33033977dab39dbee67d5e94342809cb9cc3d4
4543,gemma-3-12b-it,0.0,connections,language,8b0ddb74e55cf3c1f13cde9f7a873698a3f63ebc798b9fc41d0f147e2ab5230b
4544,gemma-3-1b-it,0.0,connections,language,8b0ddb74e55cf3c1f13cde9f7a873698a3f63ebc798b9fc41d0f147e2ab5230b
4545,gemma-3-4b-it,0.0,connections,language,8b0ddb74e55cf3c1f13cde9f7a873698a3f63ebc798b9fc41d0f147e2ab5230b
4546,llama-3.1-70b-instruct,0.0,connections,language,8b0ddb74e55cf3c1f13cde9f7a873698a3f63ebc798b9fc41d0f147e2ab5230b
4547,llama-3.1-8b-instruct,0.0,connections,language,8b0ddb74e55cf3c1f13cde9f7a873698a3f63ebc798b9fc41d0f147e2ab5230b
4548,llama-3.2-1b-instruct,0.0,connections,language,8b0ddb74e55cf3c1f13cde9f7a873698a3f63ebc798b9fc41d0f147e2ab5230b
4549,llama-3.2-3b-instruct,0.0,connections,language,8b0ddb74e55cf3c1f13cde9f7a873698a3f63ebc798b9fc41d0f147e2ab5230b
4550,mistral-24b,0.0,connections,language,8b0ddb74e55cf3c1f13cde9f7a873698a3f63ebc798b9fc41d0f147e2ab5230b
4551,mistral-7b,0.0,connections,language,8b0ddb74e55cf3c1f13cde9f7a873698a3f63ebc798b9fc41d0f147e2ab5230b
4552,qwen-2.5-3b-instruct,0.0,connections,language,8b0ddb74e55cf3c1f13cde9f7a873698a3f63ebc798b9fc41d0f147e2ab5230b
4553,qwen-32b,0.0,connections,language,8b0ddb74e55cf3c1f13cde9f7a873698a3f63ebc798b9fc41d0f147e2ab5230b
4554,gemma-3-12b-it,25.0,connections,language,8d110e5e1c6456679a4adf8b9f05d57b19bea78a1117149bfd60e72b60553b14
4555,gemma-3-1b-it,0.0,connections,language,8d110e5e1c6456679a4adf8b9f05d57b19bea78a1117149bfd60e72b60553b14
4556,gemma-3-4b-it,0.0,connections,language,8d110e5e1c6456679a4adf8b9f05d57b19bea78a1117149bfd60e72b60553b14
4557,llama-3.1-70b-instruct,50.0,connections,language,8d110e5e1c6456679a4adf8b9f05d57b19bea78a1117149bfd60e72b60553b14
4558,llama-3.1-8b-instruct,0.0,connections,language,8d110e5e1c6456679a4adf8b9f05d57b19bea78a1117149bfd60e72b60553b14
4559,llama-3.2-1b-instruct,0.0,connections,language,8d110e5e1c6456679a4adf8b9f05d57b19bea78a1117149bfd60e72b60553b14
4560,llama-3.2-3b-instruct,0.0,connections,language,8d110e5e1c6456679a4adf8b9f05d57b19bea78a1117149bfd60e72b60553b14
4561,mistral-24b,0.0,connections,language,8d110e5e1c6456679a4adf8b9f05d57b19bea78a1117149bfd60e72b60553b14
4562,mistral-7b,0.0,connections,language,8d110e5e1c6456679a4adf8b9f05d57b19bea78a1117149bfd60e72b60553b14
4563,qwen-2.5-3b-instruct,0.0,connections,language,8d110e5e1c6456679a4adf8b9f05d57b19bea78a1117149bfd60e72b60553b14
4564,qwen-32b,25.0,connections,language,8d110e5e1c6456679a4adf8b9f05d57b19bea78a1117149bfd60e72b60553b14
4565,gemma-3-12b-it,0.0,connections,language,9f24482b933a5afa9e3c39d99b87616a9030c0c224252a7aabd1ec0c56062450
4566,gemma-3-1b-it,0.0,connections,language,9f24482b933a5afa9e3c39d99b87616a9030c0c224252a7aabd1ec0c56062450
4567,gemma-3-4b-it,0.0,connections,language,9f24482b933a5afa9e3c39d99b87616a9030c0c224252a7aabd1ec0c56062450
4568,llama-3.1-70b-instruct,100.0,connections,language,9f24482b933a5afa9e3c39d99b87616a9030c0c224252a7aabd1ec0c56062450
4569,llama-3.1-8b-instruct,0.0,connections,language,9f24482b933a5afa9e3c39d99b87616a9030c0c224252a7aabd1ec0c56062450
4570,llama-3.2-1b-instruct,0.0,connections,language,9f24482b933a5afa9e3c39d99b87616a9030c0c224252a7aabd1ec0c56062450
4571,llama-3.2-3b-instruct,0.0,connections,language,9f24482b933a5afa9e3c39d99b87616a9030c0c224252a7aabd1ec0c56062450
4572,mistral-24b,0.0,connections,language,9f24482b933a5afa9e3c39d99b87616a9030c0c224252a7aabd1ec0c56062450
4573,mistral-7b,50.0,connections,language,9f24482b933a5afa9e3c39d99b87616a9030c0c224252a7aabd1ec0c56062450
4574,qwen-2.5-3b-instruct,0.0,connections,language,9f24482b933a5afa9e3c39d99b87616a9030c0c224252a7aabd1ec0c56062450
4575,qwen-32b,100.0,connections,language,9f24482b933a5afa9e3c39d99b87616a9030c0c224252a7aabd1ec0c56062450
4576,gemma-3-12b-it,33.3333333333333,connections,language,acf4ea331cdcfa09c2bd7e22fcd637a2ea7486eda559060d10292e52ddc42a0d
4577,gemma-3-1b-it,0.0,connections,language,acf4ea331cdcfa09c2bd7e22fcd637a2ea7486eda559060d10292e52ddc42a0d
4578,gemma-3-4b-it,33.3333333333333,connections,language,acf4ea331cdcfa09c2bd7e22fcd637a2ea7486eda559060d10292e52ddc42a0d
4579,llama-3.1-70b-instruct,100.0,connections,language,acf4ea331cdcfa09c2bd7e22fcd637a2ea7486eda559060d10292e52ddc42a0d
4580,llama-3.1-8b-instruct,0.0,connections,language,acf4ea331cdcfa09c2bd7e22fcd637a2ea7486eda559060d10292e52ddc42a0d
4581,llama-3.2-1b-instruct,0.0,connections,language,acf4ea331cdcfa09c2bd7e22fcd637a2ea7486eda559060d10292e52ddc42a0d
4582,llama-3.2-3b-instruct,0.0,connections,language,acf4ea331cdcfa09c2bd7e22fcd637a2ea7486eda559060d10292e52ddc42a0d
4583,mistral-24b,100.0,connections,language,acf4ea331cdcfa09c2bd7e22fcd637a2ea7486eda559060d10292e52ddc42a0d
4584,mistral-7b,0.0,connections,language,acf4ea331cdcfa09c2bd7e22fcd637a2ea7486eda559060d10292e52ddc42a0d
4585,qwen-2.5-3b-instruct,0.0,connections,language,acf4ea331cdcfa09c2bd7e22fcd637a2ea7486eda559060d10292e52ddc42a0d
4586,qwen-32b,100.0,connections,language,acf4ea331cdcfa09c2bd7e22fcd637a2ea7486eda559060d10292e52ddc42a0d
4587,gemma-3-12b-it,33.3333333333333,connections,language,b806d4b039528bdb5bbf7e42c3115866b8dc7b3b496afb48a931a324ec22447f
4588,gemma-3-1b-it,0.0,connections,language,b806d4b039528bdb5bbf7e42c3115866b8dc7b3b496afb48a931a324ec22447f
4589,gemma-3-4b-it,0.0,connections,language,b806d4b039528bdb5bbf7e42c3115866b8dc7b3b496afb48a931a324ec22447f
4590,llama-3.1-70b-instruct,0.0,connections,language,b806d4b039528bdb5bbf7e42c3115866b8dc7b3b496afb48a931a324ec22447f
4591,llama-3.1-8b-instruct,0.0,connections,language,b806d4b039528bdb5bbf7e42c3115866b8dc7b3b496afb48a931a324ec22447f
4592,llama-3.2-1b-instruct,0.0,connections,language,b806d4b039528bdb5bbf7e42c3115866b8dc7b3b496afb48a931a324ec22447f
4593,llama-3.2-3b-instruct,33.3333333333333,connections,language,b806d4b039528bdb5bbf7e42c3115866b8dc7b3b496afb48a931a324ec22447f
4594,mistral-24b,33.3333333333333,connections,language,b806d4b039528bdb5bbf7e42c3115866b8dc7b3b496afb48a931a324ec22447f
4595,mistral-7b,0.0,connections,language,b806d4b039528bdb5bbf7e42c3115866b8dc7b3b496afb48a931a324ec22447f
4596,qwen-2.5-3b-instruct,0.0,connections,language,b806d4b039528bdb5bbf7e42c3115866b8dc7b3b496afb48a931a324ec22447f
4597,qwen-32b,0.0,connections,language,b806d4b039528bdb5bbf7e42c3115866b8dc7b3b496afb48a931a324ec22447f
4598,gemma-3-12b-it,0.0,connections,language,b9341bc879a4d873f1bd6cd763e2bd57caf3946c736f8c446bead3bf8420734c
4599,gemma-3-1b-it,0.0,connections,language,b9341bc879a4d873f1bd6cd763e2bd57caf3946c736f8c446bead3bf8420734c
4600,gemma-3-4b-it,0.0,connections,language,b9341bc879a4d873f1bd6cd763e2bd57caf3946c736f8c446bead3bf8420734c
4601,llama-3.1-70b-instruct,0.0,connections,language,b9341bc879a4d873f1bd6cd763e2bd57caf3946c736f8c446bead3bf8420734c
4602,llama-3.1-8b-instruct,0.0,connections,language,b9341bc879a4d873f1bd6cd763e2bd57caf3946c736f8c446bead3bf8420734c
4603,llama-3.2-1b-instruct,0.0,connections,language,b9341bc879a4d873f1bd6cd763e2bd57caf3946c736f8c446bead3bf8420734c
4604,llama-3.2-3b-instruct,0.0,connections,language,b9341bc879a4d873f1bd6cd763e2bd57caf3946c736f8c446bead3bf8420734c
4605,mistral-24b,0.0,connections,language,b9341bc879a4d873f1bd6cd763e2bd57caf3946c736f8c446bead3bf8420734c
4606,mistral-7b,0.0,connections,language,b9341bc879a4d873f1bd6cd763e2bd57caf3946c736f8c446bead3bf8420734c
4607,qwen-2.5-3b-instruct,0.0,connections,language,b9341bc879a4d873f1bd6cd763e2bd57caf3946c736f8c446bead3bf8420734c
4608,qwen-32b,0.0,connections,language,b9341bc879a4d873f1bd6cd763e2bd57caf3946c736f8c446bead3bf8420734c
4609,gemma-3-12b-it,25.0,connections,language,c0c9f3b12babbbbda14ca02480d23a47be24b2583e208cf825b0d224d384e9b9
4610,gemma-3-1b-it,0.0,connections,language,c0c9f3b12babbbbda14ca02480d23a47be24b2583e208cf825b0d224d384e9b9
4611,gemma-3-4b-it,0.0,connections,language,c0c9f3b12babbbbda14ca02480d23a47be24b2583e208cf825b0d224d384e9b9
4612,llama-3.1-70b-instruct,0.0,connections,language,c0c9f3b12babbbbda14ca02480d23a47be24b2583e208cf825b0d224d384e9b9
4613,llama-3.1-8b-instruct,0.0,connections,language,c0c9f3b12babbbbda14ca02480d23a47be24b2583e208cf825b0d224d384e9b9
4614,llama-3.2-1b-instruct,0.0,connections,language,c0c9f3b12babbbbda14ca02480d23a47be24b2583e208cf825b0d224d384e9b9
4615,llama-3.2-3b-instruct,0.0,connections,language,c0c9f3b12babbbbda14ca02480d23a47be24b2583e208cf825b0d224d384e9b9
4616,mistral-24b,0.0,connections,language,c0c9f3b12babbbbda14ca02480d23a47be24b2583e208cf825b0d224d384e9b9
4617,mistral-7b,0.0,connections,language,c0c9f3b12babbbbda14ca02480d23a47be24b2583e208cf825b0d224d384e9b9
4618,qwen-2.5-3b-instruct,0.0,connections,language,c0c9f3b12babbbbda14ca02480d23a47be24b2583e208cf825b0d224d384e9b9
4619,qwen-32b,0.0,connections,language,c0c9f3b12babbbbda14ca02480d23a47be24b2583e208cf825b0d224d384e9b9
4620,gemma-3-12b-it,0.0,connections,language,c7807c2577e787d7fa8dd21a799d1732b16d7145af40fe4744a9c0616995f1db
4621,gemma-3-1b-it,0.0,connections,language,c7807c2577e787d7fa8dd21a799d1732b16d7145af40fe4744a9c0616995f1db
4622,gemma-3-4b-it,0.0,connections,language,c7807c2577e787d7fa8dd21a799d1732b16d7145af40fe4744a9c0616995f1db
4623,llama-3.1-70b-instruct,100.0,connections,language,c7807c2577e787d7fa8dd21a799d1732b16d7145af40fe4744a9c0616995f1db
4624,llama-3.1-8b-instruct,0.0,connections,language,c7807c2577e787d7fa8dd21a799d1732b16d7145af40fe4744a9c0616995f1db
4625,llama-3.2-1b-instruct,0.0,connections,language,c7807c2577e787d7fa8dd21a799d1732b16d7145af40fe4744a9c0616995f1db
4626,llama-3.2-3b-instruct,0.0,connections,language,c7807c2577e787d7fa8dd21a799d1732b16d7145af40fe4744a9c0616995f1db
4627,mistral-24b,0.0,connections,language,c7807c2577e787d7fa8dd21a799d1732b16d7145af40fe4744a9c0616995f1db
4628,mistral-7b,0.0,connections,language,c7807c2577e787d7fa8dd21a799d1732b16d7145af40fe4744a9c0616995f1db
4629,qwen-2.5-3b-instruct,0.0,connections,language,c7807c2577e787d7fa8dd21a799d1732b16d7145af40fe4744a9c0616995f1db
4630,qwen-32b,0.0,connections,language,c7807c2577e787d7fa8dd21a799d1732b16d7145af40fe4744a9c0616995f1db
4631,gemma-3-12b-it,0.0,connections,language,c94b09d2821d5c5bc7b4c5539a9dc2a9d28b862c78870e2e0117e5d73ebd0208
4632,gemma-3-1b-it,0.0,connections,language,c94b09d2821d5c5bc7b4c5539a9dc2a9d28b862c78870e2e0117e5d73ebd0208
4633,gemma-3-4b-it,0.0,connections,language,c94b09d2821d5c5bc7b4c5539a9dc2a9d28b862c78870e2e0117e5d73ebd0208
4634,llama-3.1-70b-instruct,0.0,connections,language,c94b09d2821d5c5bc7b4c5539a9dc2a9d28b862c78870e2e0117e5d73ebd0208
4635,llama-3.1-8b-instruct,0.0,connections,language,c94b09d2821d5c5bc7b4c5539a9dc2a9d28b862c78870e2e0117e5d73ebd0208
4636,llama-3.2-1b-instruct,0.0,connections,language,c94b09d2821d5c5bc7b4c5539a9dc2a9d28b862c78870e2e0117e5d73ebd0208
4637,llama-3.2-3b-instruct,0.0,connections,language,c94b09d2821d5c5bc7b4c5539a9dc2a9d28b862c78870e2e0117e5d73ebd0208
4638,mistral-24b,0.0,connections,language,c94b09d2821d5c5bc7b4c5539a9dc2a9d28b862c78870e2e0117e5d73ebd0208
4639,mistral-7b,0.0,connections,language,c94b09d2821d5c5bc7b4c5539a9dc2a9d28b862c78870e2e0117e5d73ebd0208
4640,qwen-2.5-3b-instruct,0.0,connections,language,c94b09d2821d5c5bc7b4c5539a9dc2a9d28b862c78870e2e0117e5d73ebd0208
4641,qwen-32b,0.0,connections,language,c94b09d2821d5c5bc7b4c5539a9dc2a9d28b862c78870e2e0117e5d73ebd0208
4642,gemma-3-12b-it,0.0,connections,language,d12f011a17ae215859dc3f252922c1ad4b9292a0bda447889231a1b25c5baf6e
4643,gemma-3-1b-it,0.0,connections,language,d12f011a17ae215859dc3f252922c1ad4b9292a0bda447889231a1b25c5baf6e
4644,gemma-3-4b-it,0.0,connections,language,d12f011a17ae215859dc3f252922c1ad4b9292a0bda447889231a1b25c5baf6e
4645,llama-3.1-70b-instruct,50.0,connections,language,d12f011a17ae215859dc3f252922c1ad4b9292a0bda447889231a1b25c5baf6e
4646,llama-3.1-8b-instruct,0.0,connections,language,d12f011a17ae215859dc3f252922c1ad4b9292a0bda447889231a1b25c5baf6e
4647,llama-3.2-1b-instruct,0.0,connections,language,d12f011a17ae215859dc3f252922c1ad4b9292a0bda447889231a1b25c5baf6e
4648,llama-3.2-3b-instruct,0.0,connections,language,d12f011a17ae215859dc3f252922c1ad4b9292a0bda447889231a1b25c5baf6e
4649,mistral-24b,50.0,connections,language,d12f011a17ae215859dc3f252922c1ad4b9292a0bda447889231a1b25c5baf6e
4650,mistral-7b,0.0,connections,language,d12f011a17ae215859dc3f252922c1ad4b9292a0bda447889231a1b25c5baf6e
4651,qwen-2.5-3b-instruct,0.0,connections,language,d12f011a17ae215859dc3f252922c1ad4b9292a0bda447889231a1b25c5baf6e
4652,qwen-32b,100.0,connections,language,d12f011a17ae215859dc3f252922c1ad4b9292a0bda447889231a1b25c5baf6e
4653,gemma-3-12b-it,100.0,connections,language,d1fa30fdaf510249ebfb000dbf2c8369b1eba32ad681d242a42965b861702aa2
4654,gemma-3-1b-it,50.0,connections,language,d1fa30fdaf510249ebfb000dbf2c8369b1eba32ad681d242a42965b861702aa2
4655,gemma-3-4b-it,0.0,connections,language,d1fa30fdaf510249ebfb000dbf2c8369b1eba32ad681d242a42965b861702aa2
4656,llama-3.1-70b-instruct,100.0,connections,language,d1fa30fdaf510249ebfb000dbf2c8369b1eba32ad681d242a42965b861702aa2
4657,llama-3.1-8b-instruct,100.0,connections,language,d1fa30fdaf510249ebfb000dbf2c8369b1eba32ad681d242a42965b861702aa2
4658,llama-3.2-1b-instruct,0.0,connections,language,d1fa30fdaf510249ebfb000dbf2c8369b1eba32ad681d242a42965b861702aa2
4659,llama-3.2-3b-instruct,0.0,connections,language,d1fa30fdaf510249ebfb000dbf2c8369b1eba32ad681d242a42965b861702aa2
4660,mistral-24b,100.0,connections,language,d1fa30fdaf510249ebfb000dbf2c8369b1eba32ad681d242a42965b861702aa2
4661,mistral-7b,0.0,connections,language,d1fa30fdaf510249ebfb000dbf2c8369b1eba32ad681d242a42965b861702aa2
4662,qwen-2.5-3b-instruct,100.0,connections,language,d1fa30fdaf510249ebfb000dbf2c8369b1eba32ad681d242a42965b861702aa2
4663,qwen-32b,100.0,connections,language,d1fa30fdaf510249ebfb000dbf2c8369b1eba32ad681d242a42965b861702aa2
4664,gemma-3-12b-it,0.0,connections,language,dc30b118e83a6e140862c48065766d7c0657cd8b201793ef86acbfd78295254c
4665,gemma-3-1b-it,0.0,connections,language,dc30b118e83a6e140862c48065766d7c0657cd8b201793ef86acbfd78295254c
4666,gemma-3-4b-it,0.0,connections,language,dc30b118e83a6e140862c48065766d7c0657cd8b201793ef86acbfd78295254c
4667,llama-3.1-70b-instruct,33.3333333333333,connections,language,dc30b118e83a6e140862c48065766d7c0657cd8b201793ef86acbfd78295254c
4668,llama-3.1-8b-instruct,33.3333333333333,connections,language,dc30b118e83a6e140862c48065766d7c0657cd8b201793ef86acbfd78295254c
4669,llama-3.2-1b-instruct,0.0,connections,language,dc30b118e83a6e140862c48065766d7c0657cd8b201793ef86acbfd78295254c
4670,llama-3.2-3b-instruct,0.0,connections,language,dc30b118e83a6e140862c48065766d7c0657cd8b201793ef86acbfd78295254c
4671,mistral-24b,0.0,connections,language,dc30b118e83a6e140862c48065766d7c0657cd8b201793ef86acbfd78295254c
4672,mistral-7b,0.0,connections,language,dc30b118e83a6e140862c48065766d7c0657cd8b201793ef86acbfd78295254c
4673,qwen-2.5-3b-instruct,0.0,connections,language,dc30b118e83a6e140862c48065766d7c0657cd8b201793ef86acbfd78295254c
4674,qwen-32b,0.0,connections,language,dc30b118e83a6e140862c48065766d7c0657cd8b201793ef86acbfd78295254c
4675,gemma-3-12b-it,0.0,connections,language,ded1bbd76730572f6ff7723c239ba59271cc1d210ba5286befed4b84245b6717
4676,gemma-3-1b-it,0.0,connections,language,ded1bbd76730572f6ff7723c239ba59271cc1d210ba5286befed4b84245b6717
4677,gemma-3-4b-it,0.0,connections,language,ded1bbd76730572f6ff7723c239ba59271cc1d210ba5286befed4b84245b6717
4678,llama-3.1-70b-instruct,0.0,connections,language,ded1bbd76730572f6ff7723c239ba59271cc1d210ba5286befed4b84245b6717
4679,llama-3.1-8b-instruct,0.0,connections,language,ded1bbd76730572f6ff7723c239ba59271cc1d210ba5286befed4b84245b6717
4680,llama-3.2-1b-instruct,0.0,connections,language,ded1bbd76730572f6ff7723c239ba59271cc1d210ba5286befed4b84245b6717
4681,llama-3.2-3b-instruct,0.0,connections,language,ded1bbd76730572f6ff7723c239ba59271cc1d210ba5286befed4b84245b6717
4682,mistral-24b,0.0,connections,language,ded1bbd76730572f6ff7723c239ba59271cc1d210ba5286befed4b84245b6717
4683,mistral-7b,0.0,connections,language,ded1bbd76730572f6ff7723c239ba59271cc1d210ba5286befed4b84245b6717
4684,qwen-2.5-3b-instruct,0.0,connections,language,ded1bbd76730572f6ff7723c239ba59271cc1d210ba5286befed4b84245b6717
4685,qwen-32b,0.0,connections,language,ded1bbd76730572f6ff7723c239ba59271cc1d210ba5286befed4b84245b6717
4686,gemma-3-12b-it,0.0,connections,language,e0768fa047fd5b72dbee4d576aad308f1324fd82d679b856ab77882bae193bb0
4687,gemma-3-1b-it,0.0,connections,language,e0768fa047fd5b72dbee4d576aad308f1324fd82d679b856ab77882bae193bb0
4688,gemma-3-4b-it,0.0,connections,language,e0768fa047fd5b72dbee4d576aad308f1324fd82d679b856ab77882bae193bb0
4689,llama-3.1-70b-instruct,25.0,connections,language,e0768fa047fd5b72dbee4d576aad308f1324fd82d679b856ab77882bae193bb0
4690,llama-3.1-8b-instruct,0.0,connections,language,e0768fa047fd5b72dbee4d576aad308f1324fd82d679b856ab77882bae193bb0
4691,llama-3.2-1b-instruct,0.0,connections,language,e0768fa047fd5b72dbee4d576aad308f1324fd82d679b856ab77882bae193bb0
4692,llama-3.2-3b-instruct,0.0,connections,language,e0768fa047fd5b72dbee4d576aad308f1324fd82d679b856ab77882bae193bb0
4693,mistral-24b,0.0,connections,language,e0768fa047fd5b72dbee4d576aad308f1324fd82d679b856ab77882bae193bb0
4694,mistral-7b,0.0,connections,language,e0768fa047fd5b72dbee4d576aad308f1324fd82d679b856ab77882bae193bb0
4695,qwen-2.5-3b-instruct,0.0,connections,language,e0768fa047fd5b72dbee4d576aad308f1324fd82d679b856ab77882bae193bb0
4696,qwen-32b,0.0,connections,language,e0768fa047fd5b72dbee4d576aad308f1324fd82d679b856ab77882bae193bb0
4697,gemma-3-12b-it,0.0,connections,language,f42805de334df0e04afb7010433f9c7082528f8238bbfe7907ad3922328f5162
4698,gemma-3-1b-it,0.0,connections,language,f42805de334df0e04afb7010433f9c7082528f8238bbfe7907ad3922328f5162
4699,gemma-3-4b-it,0.0,connections,language,f42805de334df0e04afb7010433f9c7082528f8238bbfe7907ad3922328f5162
4700,llama-3.1-70b-instruct,33.3333333333333,connections,language,f42805de334df0e04afb7010433f9c7082528f8238bbfe7907ad3922328f5162
4701,llama-3.1-8b-instruct,0.0,connections,language,f42805de334df0e04afb7010433f9c7082528f8238bbfe7907ad3922328f5162
4702,llama-3.2-1b-instruct,0.0,connections,language,f42805de334df0e04afb7010433f9c7082528f8238bbfe7907ad3922328f5162
4703,llama-3.2-3b-instruct,0.0,connections,language,f42805de334df0e04afb7010433f9c7082528f8238bbfe7907ad3922328f5162
4704,mistral-24b,0.0,connections,language,f42805de334df0e04afb7010433f9c7082528f8238bbfe7907ad3922328f5162
4705,mistral-7b,0.0,connections,language,f42805de334df0e04afb7010433f9c7082528f8238bbfe7907ad3922328f5162
4706,qwen-2.5-3b-instruct,0.0,connections,language,f42805de334df0e04afb7010433f9c7082528f8238bbfe7907ad3922328f5162
4707,qwen-32b,0.0,connections,language,f42805de334df0e04afb7010433f9c7082528f8238bbfe7907ad3922328f5162
4708,gemma-3-12b-it,100.0,connections,language,f84cd7c8cb43a22f0ea23aecabc0896e11532a6986821e7cd0c505073dc07d79
4709,gemma-3-1b-it,0.0,connections,language,f84cd7c8cb43a22f0ea23aecabc0896e11532a6986821e7cd0c505073dc07d79
4710,gemma-3-4b-it,100.0,connections,language,f84cd7c8cb43a22f0ea23aecabc0896e11532a6986821e7cd0c505073dc07d79
4711,llama-3.1-70b-instruct,100.0,connections,language,f84cd7c8cb43a22f0ea23aecabc0896e11532a6986821e7cd0c505073dc07d79
4712,llama-3.1-8b-instruct,100.0,connections,language,f84cd7c8cb43a22f0ea23aecabc0896e11532a6986821e7cd0c505073dc07d79
4713,llama-3.2-1b-instruct,0.0,connections,language,f84cd7c8cb43a22f0ea23aecabc0896e11532a6986821e7cd0c505073dc07d79
4714,llama-3.2-3b-instruct,0.0,connections,language,f84cd7c8cb43a22f0ea23aecabc0896e11532a6986821e7cd0c505073dc07d79
4715,mistral-24b,100.0,connections,language,f84cd7c8cb43a22f0ea23aecabc0896e11532a6986821e7cd0c505073dc07d79
4716,mistral-7b,0.0,connections,language,f84cd7c8cb43a22f0ea23aecabc0896e11532a6986821e7cd0c505073dc07d79
4717,qwen-2.5-3b-instruct,100.0,connections,language,f84cd7c8cb43a22f0ea23aecabc0896e11532a6986821e7cd0c505073dc07d79
4718,qwen-32b,100.0,connections,language,f84cd7c8cb43a22f0ea23aecabc0896e11532a6986821e7cd0c505073dc07d79
4719,gemma-3-12b-it,100.0,connections,language,f9d14339d99363e4c8974cd6b26e6930b1d0c9ed1045230e15c6627939b723f5
4720,gemma-3-1b-it,0.0,connections,language,f9d14339d99363e4c8974cd6b26e6930b1d0c9ed1045230e15c6627939b723f5
4721,gemma-3-4b-it,100.0,connections,language,f9d14339d99363e4c8974cd6b26e6930b1d0c9ed1045230e15c6627939b723f5
4722,llama-3.1-70b-instruct,100.0,connections,language,f9d14339d99363e4c8974cd6b26e6930b1d0c9ed1045230e15c6627939b723f5
4723,llama-3.1-8b-instruct,0.0,connections,language,f9d14339d99363e4c8974cd6b26e6930b1d0c9ed1045230e15c6627939b723f5
4724,llama-3.2-1b-instruct,0.0,connections,language,f9d14339d99363e4c8974cd6b26e6930b1d0c9ed1045230e15c6627939b723f5
4725,llama-3.2-3b-instruct,0.0,connections,language,f9d14339d99363e4c8974cd6b26e6930b1d0c9ed1045230e15c6627939b723f5
4726,mistral-24b,50.0,connections,language,f9d14339d99363e4c8974cd6b26e6930b1d0c9ed1045230e15c6627939b723f5
4727,mistral-7b,0.0,connections,language,f9d14339d99363e4c8974cd6b26e6930b1d0c9ed1045230e15c6627939b723f5
4728,qwen-2.5-3b-instruct,50.0,connections,language,f9d14339d99363e4c8974cd6b26e6930b1d0c9ed1045230e15c6627939b723f5
4729,qwen-32b,100.0,connections,language,f9d14339d99363e4c8974cd6b26e6930b1d0c9ed1045230e15c6627939b723f5
4730,gemma-3-12b-it,0.0,connections,language,fb313f6aafaf8227a01b5e898cbdc072d4773a418db41d4c48a37d5363e7617e
4731,gemma-3-1b-it,0.0,connections,language,fb313f6aafaf8227a01b5e898cbdc072d4773a418db41d4c48a37d5363e7617e
4732,gemma-3-4b-it,0.0,connections,language,fb313f6aafaf8227a01b5e898cbdc072d4773a418db41d4c48a37d5363e7617e
4733,llama-3.1-70b-instruct,0.0,connections,language,fb313f6aafaf8227a01b5e898cbdc072d4773a418db41d4c48a37d5363e7617e
4734,llama-3.1-8b-instruct,0.0,connections,language,fb313f6aafaf8227a01b5e898cbdc072d4773a418db41d4c48a37d5363e7617e
4735,llama-3.2-1b-instruct,0.0,connections,language,fb313f6aafaf8227a01b5e898cbdc072d4773a418db41d4c48a37d5363e7617e
4736,llama-3.2-3b-instruct,0.0,connections,language,fb313f6aafaf8227a01b5e898cbdc072d4773a418db41d4c48a37d5363e7617e
4737,mistral-24b,0.0,connections,language,fb313f6aafaf8227a01b5e898cbdc072d4773a418db41d4c48a37d5363e7617e
4738,mistral-7b,0.0,connections,language,fb313f6aafaf8227a01b5e898cbdc072d4773a418db41d4c48a37d5363e7617e
4739,qwen-2.5-3b-instruct,0.0,connections,language,fb313f6aafaf8227a01b5e898cbdc072d4773a418db41d4c48a37d5363e7617e
4740,qwen-32b,0.0,connections,language,fb313f6aafaf8227a01b5e898cbdc072d4773a418db41d4c48a37d5363e7617e
4741,gemma-3-12b-it,0.0,connections,language,fbd81ec7518af4ef5e3692a7717cff83cb941ced7c1f7695e908075f174a7b8b
4742,gemma-3-1b-it,0.0,connections,language,fbd81ec7518af4ef5e3692a7717cff83cb941ced7c1f7695e908075f174a7b8b
4743,gemma-3-4b-it,0.0,connections,language,fbd81ec7518af4ef5e3692a7717cff83cb941ced7c1f7695e908075f174a7b8b
4744,llama-3.1-70b-instruct,25.0,connections,language,fbd81ec7518af4ef5e3692a7717cff83cb941ced7c1f7695e908075f174a7b8b
4745,llama-3.1-8b-instruct,50.0,connections,language,fbd81ec7518af4ef5e3692a7717cff83cb941ced7c1f7695e908075f174a7b8b
4746,llama-3.2-1b-instruct,0.0,connections,language,fbd81ec7518af4ef5e3692a7717cff83cb941ced7c1f7695e908075f174a7b8b
4747,llama-3.2-3b-instruct,0.0,connections,language,fbd81ec7518af4ef5e3692a7717cff83cb941ced7c1f7695e908075f174a7b8b
4748,mistral-24b,25.0,connections,language,fbd81ec7518af4ef5e3692a7717cff83cb941ced7c1f7695e908075f174a7b8b
4749,mistral-7b,0.0,connections,language,fbd81ec7518af4ef5e3692a7717cff83cb941ced7c1f7695e908075f174a7b8b
4750,qwen-2.5-3b-instruct,0.0,connections,language,fbd81ec7518af4ef5e3692a7717cff83cb941ced7c1f7695e908075f174a7b8b
4751,qwen-32b,0.0,connections,language,fbd81ec7518af4ef5e3692a7717cff83cb941ced7c1f7695e908075f174a7b8b
4752,gemma-3-12b-it,100.0,tablereformat,data_analysis,00d7be878c842d12814cb113caf8503525f8cf845b7d3ca4b8387c843f06ebc9
4753,gemma-3-1b-it,0.0,tablereformat,data_analysis,00d7be878c842d12814cb113caf8503525f8cf845b7d3ca4b8387c843f06ebc9
4754,gemma-3-4b-it,0.0,tablereformat,data_analysis,00d7be878c842d12814cb113caf8503525f8cf845b7d3ca4b8387c843f06ebc9
4755,llama-3.1-70b-instruct,100.0,tablereformat,data_analysis,00d7be878c842d12814cb113caf8503525f8cf845b7d3ca4b8387c843f06ebc9
4756,llama-3.1-8b-instruct,100.0,tablereformat,data_analysis,00d7be878c842d12814cb113caf8503525f8cf845b7d3ca4b8387c843f06ebc9
4757,llama-3.2-1b-instruct,100.0,tablereformat,data_analysis,00d7be878c842d12814cb113caf8503525f8cf845b7d3ca4b8387c843f06ebc9
4758,llama-3.2-3b-instruct,100.0,tablereformat,data_analysis,00d7be878c842d12814cb113caf8503525f8cf845b7d3ca4b8387c843f06ebc9
4759,mistral-24b,100.0,tablereformat,data_analysis,00d7be878c842d12814cb113caf8503525f8cf845b7d3ca4b8387c843f06ebc9
4760,mistral-7b,0.0,tablereformat,data_analysis,00d7be878c842d12814cb113caf8503525f8cf845b7d3ca4b8387c843f06ebc9
4761,qwen-2.5-3b-instruct,100.0,tablereformat,data_analysis,00d7be878c842d12814cb113caf8503525f8cf845b7d3ca4b8387c843f06ebc9
4762,qwen-32b,100.0,tablereformat,data_analysis,00d7be878c842d12814cb113caf8503525f8cf845b7d3ca4b8387c843f06ebc9
4763,gemma-3-12b-it,0.0,tablereformat,data_analysis,07844eb9fb31c8e9cac12e29662d01c221f762a67418b020ff4eae637065539a
4764,gemma-3-1b-it,0.0,tablereformat,data_analysis,07844eb9fb31c8e9cac12e29662d01c221f762a67418b020ff4eae637065539a
4765,gemma-3-4b-it,0.0,tablereformat,data_analysis,07844eb9fb31c8e9cac12e29662d01c221f762a67418b020ff4eae637065539a
4766,llama-3.1-70b-instruct,100.0,tablereformat,data_analysis,07844eb9fb31c8e9cac12e29662d01c221f762a67418b020ff4eae637065539a
4767,llama-3.1-8b-instruct,0.0,tablereformat,data_analysis,07844eb9fb31c8e9cac12e29662d01c221f762a67418b020ff4eae637065539a
4768,llama-3.2-1b-instruct,0.0,tablereformat,data_analysis,07844eb9fb31c8e9cac12e29662d01c221f762a67418b020ff4eae637065539a
4769,llama-3.2-3b-instruct,0.0,tablereformat,data_analysis,07844eb9fb31c8e9cac12e29662d01c221f762a67418b020ff4eae637065539a
4770,mistral-24b,0.0,tablereformat,data_analysis,07844eb9fb31c8e9cac12e29662d01c221f762a67418b020ff4eae637065539a
4771,mistral-7b,0.0,tablereformat,data_analysis,07844eb9fb31c8e9cac12e29662d01c221f762a67418b020ff4eae637065539a
4772,qwen-2.5-3b-instruct,100.0,tablereformat,data_analysis,07844eb9fb31c8e9cac12e29662d01c221f762a67418b020ff4eae637065539a
4773,qwen-32b,0.0,tablereformat,data_analysis,07844eb9fb31c8e9cac12e29662d01c221f762a67418b020ff4eae637065539a
4774,gemma-3-12b-it,100.0,tablereformat,data_analysis,083282355242eb434e4c4559eabea700f94928fd2e1d0d4df6a59ee143866e60
4775,gemma-3-1b-it,0.0,tablereformat,data_analysis,083282355242eb434e4c4559eabea700f94928fd2e1d0d4df6a59ee143866e60
4776,gemma-3-4b-it,100.0,tablereformat,data_analysis,083282355242eb434e4c4559eabea700f94928fd2e1d0d4df6a59ee143866e60
4777,llama-3.1-70b-instruct,100.0,tablereformat,data_analysis,083282355242eb434e4c4559eabea700f94928fd2e1d0d4df6a59ee143866e60
4778,llama-3.1-8b-instruct,100.0,tablereformat,data_analysis,083282355242eb434e4c4559eabea700f94928fd2e1d0d4df6a59ee143866e60
4779,llama-3.2-1b-instruct,0.0,tablereformat,data_analysis,083282355242eb434e4c4559eabea700f94928fd2e1d0d4df6a59ee143866e60
4780,llama-3.2-3b-instruct,0.0,tablereformat,data_analysis,083282355242eb434e4c4559eabea700f94928fd2e1d0d4df6a59ee143866e60
4781,mistral-24b,100.0,tablereformat,data_analysis,083282355242eb434e4c4559eabea700f94928fd2e1d0d4df6a59ee143866e60
4782,mistral-7b,0.0,tablereformat,data_analysis,083282355242eb434e4c4559eabea700f94928fd2e1d0d4df6a59ee143866e60
4783,qwen-2.5-3b-instruct,100.0,tablereformat,data_analysis,083282355242eb434e4c4559eabea700f94928fd2e1d0d4df6a59ee143866e60
4784,qwen-32b,100.0,tablereformat,data_analysis,083282355242eb434e4c4559eabea700f94928fd2e1d0d4df6a59ee143866e60
4785,gemma-3-12b-it,100.0,tablereformat,data_analysis,09752b3d3e355017282301de1735bd903221368e1fadf3e64aa9594ef7730e62
4786,gemma-3-1b-it,100.0,tablereformat,data_analysis,09752b3d3e355017282301de1735bd903221368e1fadf3e64aa9594ef7730e62
4787,gemma-3-4b-it,100.0,tablereformat,data_analysis,09752b3d3e355017282301de1735bd903221368e1fadf3e64aa9594ef7730e62
4788,llama-3.1-70b-instruct,100.0,tablereformat,data_analysis,09752b3d3e355017282301de1735bd903221368e1fadf3e64aa9594ef7730e62
4789,llama-3.1-8b-instruct,100.0,tablereformat,data_analysis,09752b3d3e355017282301de1735bd903221368e1fadf3e64aa9594ef7730e62
4790,llama-3.2-1b-instruct,100.0,tablereformat,data_analysis,09752b3d3e355017282301de1735bd903221368e1fadf3e64aa9594ef7730e62
4791,llama-3.2-3b-instruct,100.0,tablereformat,data_analysis,09752b3d3e355017282301de1735bd903221368e1fadf3e64aa9594ef7730e62
4792,mistral-24b,100.0,tablereformat,data_analysis,09752b3d3e355017282301de1735bd903221368e1fadf3e64aa9594ef7730e62
4793,mistral-7b,100.0,tablereformat,data_analysis,09752b3d3e355017282301de1735bd903221368e1fadf3e64aa9594ef7730e62
4794,qwen-2.5-3b-instruct,0.0,tablereformat,data_analysis,09752b3d3e355017282301de1735bd903221368e1fadf3e64aa9594ef7730e62
4795,qwen-32b,100.0,tablereformat,data_analysis,09752b3d3e355017282301de1735bd903221368e1fadf3e64aa9594ef7730e62
4796,gemma-3-12b-it,100.0,tablereformat,data_analysis,0a03666dc72cf14a5cf569f517483315380edb796ac0394c3c204ced2e4a7428
4797,gemma-3-1b-it,100.0,tablereformat,data_analysis,0a03666dc72cf14a5cf569f517483315380edb796ac0394c3c204ced2e4a7428
4798,gemma-3-4b-it,100.0,tablereformat,data_analysis,0a03666dc72cf14a5cf569f517483315380edb796ac0394c3c204ced2e4a7428
4799,llama-3.1-70b-instruct,100.0,tablereformat,data_analysis,0a03666dc72cf14a5cf569f517483315380edb796ac0394c3c204ced2e4a7428
4800,llama-3.1-8b-instruct,100.0,tablereformat,data_analysis,0a03666dc72cf14a5cf569f517483315380edb796ac0394c3c204ced2e4a7428
4801,llama-3.2-1b-instruct,0.0,tablereformat,data_analysis,0a03666dc72cf14a5cf569f517483315380edb796ac0394c3c204ced2e4a7428
4802,llama-3.2-3b-instruct,100.0,tablereformat,data_analysis,0a03666dc72cf14a5cf569f517483315380edb796ac0394c3c204ced2e4a7428
4803,mistral-24b,100.0,tablereformat,data_analysis,0a03666dc72cf14a5cf569f517483315380edb796ac0394c3c204ced2e4a7428
4804,mistral-7b,100.0,tablereformat,data_analysis,0a03666dc72cf14a5cf569f517483315380edb796ac0394c3c204ced2e4a7428
4805,qwen-2.5-3b-instruct,100.0,tablereformat,data_analysis,0a03666dc72cf14a5cf569f517483315380edb796ac0394c3c204ced2e4a7428
4806,qwen-32b,100.0,tablereformat,data_analysis,0a03666dc72cf14a5cf569f517483315380edb796ac0394c3c204ced2e4a7428
4807,gemma-3-12b-it,100.0,tablereformat,data_analysis,0a9d3c9d94cdbd52adf5852ebdf291b4ff8788032d950f62695d1dcc298b54f6
4808,gemma-3-1b-it,0.0,tablereformat,data_analysis,0a9d3c9d94cdbd52adf5852ebdf291b4ff8788032d950f62695d1dcc298b54f6
4809,gemma-3-4b-it,100.0,tablereformat,data_analysis,0a9d3c9d94cdbd52adf5852ebdf291b4ff8788032d950f62695d1dcc298b54f6
4810,llama-3.1-70b-instruct,100.0,tablereformat,data_analysis,0a9d3c9d94cdbd52adf5852ebdf291b4ff8788032d950f62695d1dcc298b54f6
4811,llama-3.1-8b-instruct,100.0,tablereformat,data_analysis,0a9d3c9d94cdbd52adf5852ebdf291b4ff8788032d950f62695d1dcc298b54f6
4812,llama-3.2-1b-instruct,0.0,tablereformat,data_analysis,0a9d3c9d94cdbd52adf5852ebdf291b4ff8788032d950f62695d1dcc298b54f6
4813,llama-3.2-3b-instruct,100.0,tablereformat,data_analysis,0a9d3c9d94cdbd52adf5852ebdf291b4ff8788032d950f62695d1dcc298b54f6
4814,mistral-24b,100.0,tablereformat,data_analysis,0a9d3c9d94cdbd52adf5852ebdf291b4ff8788032d950f62695d1dcc298b54f6
4815,mistral-7b,0.0,tablereformat,data_analysis,0a9d3c9d94cdbd52adf5852ebdf291b4ff8788032d950f62695d1dcc298b54f6
4816,qwen-2.5-3b-instruct,100.0,tablereformat,data_analysis,0a9d3c9d94cdbd52adf5852ebdf291b4ff8788032d950f62695d1dcc298b54f6
4817,qwen-32b,0.0,tablereformat,data_analysis,0a9d3c9d94cdbd52adf5852ebdf291b4ff8788032d950f62695d1dcc298b54f6
4818,gemma-3-12b-it,100.0,tablereformat,data_analysis,0bedfad80bcaab18b0ab15531247a61a8b75f42c6e87c40f05d398dc25984d35
4819,gemma-3-1b-it,0.0,tablereformat,data_analysis,0bedfad80bcaab18b0ab15531247a61a8b75f42c6e87c40f05d398dc25984d35
4820,gemma-3-4b-it,100.0,tablereformat,data_analysis,0bedfad80bcaab18b0ab15531247a61a8b75f42c6e87c40f05d398dc25984d35
4821,llama-3.1-70b-instruct,100.0,tablereformat,data_analysis,0bedfad80bcaab18b0ab15531247a61a8b75f42c6e87c40f05d398dc25984d35
4822,llama-3.1-8b-instruct,100.0,tablereformat,data_analysis,0bedfad80bcaab18b0ab15531247a61a8b75f42c6e87c40f05d398dc25984d35
4823,llama-3.2-1b-instruct,0.0,tablereformat,data_analysis,0bedfad80bcaab18b0ab15531247a61a8b75f42c6e87c40f05d398dc25984d35
4824,llama-3.2-3b-instruct,0.0,tablereformat,data_analysis,0bedfad80bcaab18b0ab15531247a61a8b75f42c6e87c40f05d398dc25984d35
4825,mistral-24b,100.0,tablereformat,data_analysis,0bedfad80bcaab18b0ab15531247a61a8b75f42c6e87c40f05d398dc25984d35
4826,mistral-7b,100.0,tablereformat,data_analysis,0bedfad80bcaab18b0ab15531247a61a8b75f42c6e87c40f05d398dc25984d35
4827,qwen-2.5-3b-instruct,100.0,tablereformat,data_analysis,0bedfad80bcaab18b0ab15531247a61a8b75f42c6e87c40f05d398dc25984d35
4828,qwen-32b,100.0,tablereformat,data_analysis,0bedfad80bcaab18b0ab15531247a61a8b75f42c6e87c40f05d398dc25984d35
4829,gemma-3-12b-it,100.0,tablereformat,data_analysis,0cbc79763d1930cd7c78821f52cbb8c368eacbee9ea3b9bb9ece1e79167deb4a
4830,gemma-3-1b-it,0.0,tablereformat,data_analysis,0cbc79763d1930cd7c78821f52cbb8c368eacbee9ea3b9bb9ece1e79167deb4a
4831,gemma-3-4b-it,100.0,tablereformat,data_analysis,0cbc79763d1930cd7c78821f52cbb8c368eacbee9ea3b9bb9ece1e79167deb4a
4832,llama-3.1-70b-instruct,100.0,tablereformat,data_analysis,0cbc79763d1930cd7c78821f52cbb8c368eacbee9ea3b9bb9ece1e79167deb4a
4833,llama-3.1-8b-instruct,100.0,tablereformat,data_analysis,0cbc79763d1930cd7c78821f52cbb8c368eacbee9ea3b9bb9ece1e79167deb4a
4834,llama-3.2-1b-instruct,0.0,tablereformat,data_analysis,0cbc79763d1930cd7c78821f52cbb8c368eacbee9ea3b9bb9ece1e79167deb4a
4835,llama-3.2-3b-instruct,100.0,tablereformat,data_analysis,0cbc79763d1930cd7c78821f52cbb8c368eacbee9ea3b9bb9ece1e79167deb4a
4836,mistral-24b,100.0,tablereformat,data_analysis,0cbc79763d1930cd7c78821f52cbb8c368eacbee9ea3b9bb9ece1e79167deb4a
4837,mistral-7b,100.0,tablereformat,data_analysis,0cbc79763d1930cd7c78821f52cbb8c368eacbee9ea3b9bb9ece1e79167deb4a
4838,qwen-2.5-3b-instruct,100.0,tablereformat,data_analysis,0cbc79763d1930cd7c78821f52cbb8c368eacbee9ea3b9bb9ece1e79167deb4a
4839,qwen-32b,100.0,tablereformat,data_analysis,0cbc79763d1930cd7c78821f52cbb8c368eacbee9ea3b9bb9ece1e79167deb4a
4840,gemma-3-12b-it,100.0,tablereformat,data_analysis,0d102a277bdaf52b40a8dc150408f122828ee63f2a55dd0e58f3c7b51933d345
4841,gemma-3-1b-it,0.0,tablereformat,data_analysis,0d102a277bdaf52b40a8dc150408f122828ee63f2a55dd0e58f3c7b51933d345
4842,gemma-3-4b-it,0.0,tablereformat,data_analysis,0d102a277bdaf52b40a8dc150408f122828ee63f2a55dd0e58f3c7b51933d345
4843,llama-3.1-70b-instruct,0.0,tablereformat,data_analysis,0d102a277bdaf52b40a8dc150408f122828ee63f2a55dd0e58f3c7b51933d345
4844,llama-3.1-8b-instruct,0.0,tablereformat,data_analysis,0d102a277bdaf52b40a8dc150408f122828ee63f2a55dd0e58f3c7b51933d345
4845,llama-3.2-1b-instruct,0.0,tablereformat,data_analysis,0d102a277bdaf52b40a8dc150408f122828ee63f2a55dd0e58f3c7b51933d345
4846,llama-3.2-3b-instruct,0.0,tablereformat,data_analysis,0d102a277bdaf52b40a8dc150408f122828ee63f2a55dd0e58f3c7b51933d345
4847,mistral-24b,0.0,tablereformat,data_analysis,0d102a277bdaf52b40a8dc150408f122828ee63f2a55dd0e58f3c7b51933d345
4848,mistral-7b,0.0,tablereformat,data_analysis,0d102a277bdaf52b40a8dc150408f122828ee63f2a55dd0e58f3c7b51933d345
4849,qwen-2.5-3b-instruct,0.0,tablereformat,data_analysis,0d102a277bdaf52b40a8dc150408f122828ee63f2a55dd0e58f3c7b51933d345
4850,qwen-32b,100.0,tablereformat,data_analysis,0d102a277bdaf52b40a8dc150408f122828ee63f2a55dd0e58f3c7b51933d345
4851,gemma-3-12b-it,100.0,tablereformat,data_analysis,0e5a359e5a70462b866ffd40a10f0b976ed63030be062c8a9eb8c72316ac2146
4852,gemma-3-1b-it,0.0,tablereformat,data_analysis,0e5a359e5a70462b866ffd40a10f0b976ed63030be062c8a9eb8c72316ac2146
4853,gemma-3-4b-it,100.0,tablereformat,data_analysis,0e5a359e5a70462b866ffd40a10f0b976ed63030be062c8a9eb8c72316ac2146
4854,llama-3.1-70b-instruct,100.0,tablereformat,data_analysis,0e5a359e5a70462b866ffd40a10f0b976ed63030be062c8a9eb8c72316ac2146
4855,llama-3.1-8b-instruct,100.0,tablereformat,data_analysis,0e5a359e5a70462b866ffd40a10f0b976ed63030be062c8a9eb8c72316ac2146
4856,llama-3.2-1b-instruct,0.0,tablereformat,data_analysis,0e5a359e5a70462b866ffd40a10f0b976ed63030be062c8a9eb8c72316ac2146
4857,llama-3.2-3b-instruct,100.0,tablereformat,data_analysis,0e5a359e5a70462b866ffd40a10f0b976ed63030be062c8a9eb8c72316ac2146
4858,mistral-24b,100.0,tablereformat,data_analysis,0e5a359e5a70462b866ffd40a10f0b976ed63030be062c8a9eb8c72316ac2146
4859,mistral-7b,100.0,tablereformat,data_analysis,0e5a359e5a70462b866ffd40a10f0b976ed63030be062c8a9eb8c72316ac2146
4860,qwen-2.5-3b-instruct,0.0,tablereformat,data_analysis,0e5a359e5a70462b866ffd40a10f0b976ed63030be062c8a9eb8c72316ac2146
4861,qwen-32b,100.0,tablereformat,data_analysis,0e5a359e5a70462b866ffd40a10f0b976ed63030be062c8a9eb8c72316ac2146
4862,gemma-3-12b-it,0.0,tablereformat,data_analysis,132dabf6ac92193bcc1b1cab0080ee5531ab45a959eefc1e5b3cbf57976bcf9a
4863,gemma-3-1b-it,0.0,tablereformat,data_analysis,132dabf6ac92193bcc1b1cab0080ee5531ab45a959eefc1e5b3cbf57976bcf9a
4864,gemma-3-4b-it,0.0,tablereformat,data_analysis,132dabf6ac92193bcc1b1cab0080ee5531ab45a959eefc1e5b3cbf57976bcf9a
4865,llama-3.1-70b-instruct,0.0,tablereformat,data_analysis,132dabf6ac92193bcc1b1cab0080ee5531ab45a959eefc1e5b3cbf57976bcf9a
4866,llama-3.1-8b-instruct,0.0,tablereformat,data_analysis,132dabf6ac92193bcc1b1cab0080ee5531ab45a959eefc1e5b3cbf57976bcf9a
4867,llama-3.2-1b-instruct,0.0,tablereformat,data_analysis,132dabf6ac92193bcc1b1cab0080ee5531ab45a959eefc1e5b3cbf57976bcf9a
4868,llama-3.2-3b-instruct,0.0,tablereformat,data_analysis,132dabf6ac92193bcc1b1cab0080ee5531ab45a959eefc1e5b3cbf57976bcf9a
4869,mistral-24b,0.0,tablereformat,data_analysis,132dabf6ac92193bcc1b1cab0080ee5531ab45a959eefc1e5b3cbf57976bcf9a
4870,mistral-7b,0.0,tablereformat,data_analysis,132dabf6ac92193bcc1b1cab0080ee5531ab45a959eefc1e5b3cbf57976bcf9a
4871,qwen-2.5-3b-instruct,0.0,tablereformat,data_analysis,132dabf6ac92193bcc1b1cab0080ee5531ab45a959eefc1e5b3cbf57976bcf9a
4872,qwen-32b,0.0,tablereformat,data_analysis,132dabf6ac92193bcc1b1cab0080ee5531ab45a959eefc1e5b3cbf57976bcf9a
4873,gemma-3-12b-it,100.0,tablereformat,data_analysis,16b99f3754472adfba51046b35d0bb8af8d7e95e8dbac50d5f0f82b9775229df
4874,gemma-3-1b-it,0.0,tablereformat,data_analysis,16b99f3754472adfba51046b35d0bb8af8d7e95e8dbac50d5f0f82b9775229df
4875,gemma-3-4b-it,0.0,tablereformat,data_analysis,16b99f3754472adfba51046b35d0bb8af8d7e95e8dbac50d5f0f82b9775229df
4876,llama-3.1-70b-instruct,100.0,tablereformat,data_analysis,16b99f3754472adfba51046b35d0bb8af8d7e95e8dbac50d5f0f82b9775229df
4877,llama-3.1-8b-instruct,0.0,tablereformat,data_analysis,16b99f3754472adfba51046b35d0bb8af8d7e95e8dbac50d5f0f82b9775229df
4878,llama-3.2-1b-instruct,0.0,tablereformat,data_analysis,16b99f3754472adfba51046b35d0bb8af8d7e95e8dbac50d5f0f82b9775229df
4879,llama-3.2-3b-instruct,0.0,tablereformat,data_analysis,16b99f3754472adfba51046b35d0bb8af8d7e95e8dbac50d5f0f82b9775229df
4880,mistral-24b,0.0,tablereformat,data_analysis,16b99f3754472adfba51046b35d0bb8af8d7e95e8dbac50d5f0f82b9775229df
4881,mistral-7b,0.0,tablereformat,data_analysis,16b99f3754472adfba51046b35d0bb8af8d7e95e8dbac50d5f0f82b9775229df
4882,qwen-2.5-3b-instruct,0.0,tablereformat,data_analysis,16b99f3754472adfba51046b35d0bb8af8d7e95e8dbac50d5f0f82b9775229df
4883,qwen-32b,0.0,tablereformat,data_analysis,16b99f3754472adfba51046b35d0bb8af8d7e95e8dbac50d5f0f82b9775229df
4884,gemma-3-12b-it,100.0,tablereformat,data_analysis,1f592e4e1a40499fb15905f6badb7c507a643106aec8d907f34de9cd200cb3fa
4885,gemma-3-1b-it,0.0,tablereformat,data_analysis,1f592e4e1a40499fb15905f6badb7c507a643106aec8d907f34de9cd200cb3fa
4886,gemma-3-4b-it,100.0,tablereformat,data_analysis,1f592e4e1a40499fb15905f6badb7c507a643106aec8d907f34de9cd200cb3fa
4887,llama-3.1-70b-instruct,100.0,tablereformat,data_analysis,1f592e4e1a40499fb15905f6badb7c507a643106aec8d907f34de9cd200cb3fa
4888,llama-3.1-8b-instruct,100.0,tablereformat,data_analysis,1f592e4e1a40499fb15905f6badb7c507a643106aec8d907f34de9cd200cb3fa
4889,llama-3.2-1b-instruct,0.0,tablereformat,data_analysis,1f592e4e1a40499fb15905f6badb7c507a643106aec8d907f34de9cd200cb3fa
4890,llama-3.2-3b-instruct,0.0,tablereformat,data_analysis,1f592e4e1a40499fb15905f6badb7c507a643106aec8d907f34de9cd200cb3fa
4891,mistral-24b,100.0,tablereformat,data_analysis,1f592e4e1a40499fb15905f6badb7c507a643106aec8d907f34de9cd200cb3fa
4892,mistral-7b,0.0,tablereformat,data_analysis,1f592e4e1a40499fb15905f6badb7c507a643106aec8d907f34de9cd200cb3fa
4893,qwen-2.5-3b-instruct,0.0,tablereformat,data_analysis,1f592e4e1a40499fb15905f6badb7c507a643106aec8d907f34de9cd200cb3fa
4894,qwen-32b,100.0,tablereformat,data_analysis,1f592e4e1a40499fb15905f6badb7c507a643106aec8d907f34de9cd200cb3fa
4895,gemma-3-12b-it,100.0,tablereformat,data_analysis,23369207a1755bd3b7cea52155e7cbbd7ab1e2fa79015d1f8776111b8648f8ed
4896,gemma-3-1b-it,0.0,tablereformat,data_analysis,23369207a1755bd3b7cea52155e7cbbd7ab1e2fa79015d1f8776111b8648f8ed
4897,gemma-3-4b-it,100.0,tablereformat,data_analysis,23369207a1755bd3b7cea52155e7cbbd7ab1e2fa79015d1f8776111b8648f8ed
4898,llama-3.1-70b-instruct,100.0,tablereformat,data_analysis,23369207a1755bd3b7cea52155e7cbbd7ab1e2fa79015d1f8776111b8648f8ed
4899,llama-3.1-8b-instruct,0.0,tablereformat,data_analysis,23369207a1755bd3b7cea52155e7cbbd7ab1e2fa79015d1f8776111b8648f8ed
4900,llama-3.2-1b-instruct,0.0,tablereformat,data_analysis,23369207a1755bd3b7cea52155e7cbbd7ab1e2fa79015d1f8776111b8648f8ed
4901,llama-3.2-3b-instruct,100.0,tablereformat,data_analysis,23369207a1755bd3b7cea52155e7cbbd7ab1e2fa79015d1f8776111b8648f8ed
4902,mistral-24b,100.0,tablereformat,data_analysis,23369207a1755bd3b7cea52155e7cbbd7ab1e2fa79015d1f8776111b8648f8ed
4903,mistral-7b,0.0,tablereformat,data_analysis,23369207a1755bd3b7cea52155e7cbbd7ab1e2fa79015d1f8776111b8648f8ed
4904,qwen-2.5-3b-instruct,0.0,tablereformat,data_analysis,23369207a1755bd3b7cea52155e7cbbd7ab1e2fa79015d1f8776111b8648f8ed
4905,qwen-32b,100.0,tablereformat,data_analysis,23369207a1755bd3b7cea52155e7cbbd7ab1e2fa79015d1f8776111b8648f8ed
4906,gemma-3-12b-it,100.0,tablereformat,data_analysis,2379e1e2586eacdf0c9ea0b9385f3c679ff72aa7e2a74fb741aa42018b4d78ea
4907,gemma-3-1b-it,100.0,tablereformat,data_analysis,2379e1e2586eacdf0c9ea0b9385f3c679ff72aa7e2a74fb741aa42018b4d78ea
4908,gemma-3-4b-it,100.0,tablereformat,data_analysis,2379e1e2586eacdf0c9ea0b9385f3c679ff72aa7e2a74fb741aa42018b4d78ea
4909,llama-3.1-70b-instruct,100.0,tablereformat,data_analysis,2379e1e2586eacdf0c9ea0b9385f3c679ff72aa7e2a74fb741aa42018b4d78ea
4910,llama-3.1-8b-instruct,100.0,tablereformat,data_analysis,2379e1e2586eacdf0c9ea0b9385f3c679ff72aa7e2a74fb741aa42018b4d78ea
4911,llama-3.2-1b-instruct,0.0,tablereformat,data_analysis,2379e1e2586eacdf0c9ea0b9385f3c679ff72aa7e2a74fb741aa42018b4d78ea
4912,llama-3.2-3b-instruct,100.0,tablereformat,data_analysis,2379e1e2586eacdf0c9ea0b9385f3c679ff72aa7e2a74fb741aa42018b4d78ea
4913,mistral-24b,0.0,tablereformat,data_analysis,2379e1e2586eacdf0c9ea0b9385f3c679ff72aa7e2a74fb741aa42018b4d78ea
4914,mistral-7b,0.0,tablereformat,data_analysis,2379e1e2586eacdf0c9ea0b9385f3c679ff72aa7e2a74fb741aa42018b4d78ea
4915,qwen-2.5-3b-instruct,100.0,tablereformat,data_analysis,2379e1e2586eacdf0c9ea0b9385f3c679ff72aa7e2a74fb741aa42018b4d78ea
4916,qwen-32b,100.0,tablereformat,data_analysis,2379e1e2586eacdf0c9ea0b9385f3c679ff72aa7e2a74fb741aa42018b4d78ea
4917,gemma-3-12b-it,100.0,tablereformat,data_analysis,26fbcb603a637ccd27d65387509e548e532334c5895fd56d7a9d531cc1b125fb
4918,gemma-3-1b-it,0.0,tablereformat,data_analysis,26fbcb603a637ccd27d65387509e548e532334c5895fd56d7a9d531cc1b125fb
4919,gemma-3-4b-it,100.0,tablereformat,data_analysis,26fbcb603a637ccd27d65387509e548e532334c5895fd56d7a9d531cc1b125fb
4920,llama-3.1-70b-instruct,100.0,tablereformat,data_analysis,26fbcb603a637ccd27d65387509e548e532334c5895fd56d7a9d531cc1b125fb
4921,llama-3.1-8b-instruct,100.0,tablereformat,data_analysis,26fbcb603a637ccd27d65387509e548e532334c5895fd56d7a9d531cc1b125fb
4922,llama-3.2-1b-instruct,0.0,tablereformat,data_analysis,26fbcb603a637ccd27d65387509e548e532334c5895fd56d7a9d531cc1b125fb
4923,llama-3.2-3b-instruct,0.0,tablereformat,data_analysis,26fbcb603a637ccd27d65387509e548e532334c5895fd56d7a9d531cc1b125fb
4924,mistral-24b,100.0,tablereformat,data_analysis,26fbcb603a637ccd27d65387509e548e532334c5895fd56d7a9d531cc1b125fb
4925,mistral-7b,0.0,tablereformat,data_analysis,26fbcb603a637ccd27d65387509e548e532334c5895fd56d7a9d531cc1b125fb
4926,qwen-2.5-3b-instruct,100.0,tablereformat,data_analysis,26fbcb603a637ccd27d65387509e548e532334c5895fd56d7a9d531cc1b125fb
4927,qwen-32b,100.0,tablereformat,data_analysis,26fbcb603a637ccd27d65387509e548e532334c5895fd56d7a9d531cc1b125fb
4928,gemma-3-12b-it,100.0,tablereformat,data_analysis,31b5500fbd88c9b6087f15229a84578b6863700ef5b4bf2c645d8927a4723a77
4929,gemma-3-1b-it,0.0,tablereformat,data_analysis,31b5500fbd88c9b6087f15229a84578b6863700ef5b4bf2c645d8927a4723a77
4930,gemma-3-4b-it,100.0,tablereformat,data_analysis,31b5500fbd88c9b6087f15229a84578b6863700ef5b4bf2c645d8927a4723a77
4931,llama-3.1-70b-instruct,100.0,tablereformat,data_analysis,31b5500fbd88c9b6087f15229a84578b6863700ef5b4bf2c645d8927a4723a77
4932,llama-3.1-8b-instruct,100.0,tablereformat,data_analysis,31b5500fbd88c9b6087f15229a84578b6863700ef5b4bf2c645d8927a4723a77
4933,llama-3.2-1b-instruct,0.0,tablereformat,data_analysis,31b5500fbd88c9b6087f15229a84578b6863700ef5b4bf2c645d8927a4723a77
4934,llama-3.2-3b-instruct,0.0,tablereformat,data_analysis,31b5500fbd88c9b6087f15229a84578b6863700ef5b4bf2c645d8927a4723a77
4935,mistral-24b,100.0,tablereformat,data_analysis,31b5500fbd88c9b6087f15229a84578b6863700ef5b4bf2c645d8927a4723a77
4936,mistral-7b,0.0,tablereformat,data_analysis,31b5500fbd88c9b6087f15229a84578b6863700ef5b4bf2c645d8927a4723a77
4937,qwen-2.5-3b-instruct,0.0,tablereformat,data_analysis,31b5500fbd88c9b6087f15229a84578b6863700ef5b4bf2c645d8927a4723a77
4938,qwen-32b,100.0,tablereformat,data_analysis,31b5500fbd88c9b6087f15229a84578b6863700ef5b4bf2c645d8927a4723a77
4939,gemma-3-12b-it,100.0,tablereformat,data_analysis,35b3098f43e9129b80af5263066ffad973670da10a3bbc4d350fa88cea4d980f
4940,gemma-3-1b-it,0.0,tablereformat,data_analysis,35b3098f43e9129b80af5263066ffad973670da10a3bbc4d350fa88cea4d980f
4941,gemma-3-4b-it,100.0,tablereformat,data_analysis,35b3098f43e9129b80af5263066ffad973670da10a3bbc4d350fa88cea4d980f
4942,llama-3.1-70b-instruct,100.0,tablereformat,data_analysis,35b3098f43e9129b80af5263066ffad973670da10a3bbc4d350fa88cea4d980f
4943,llama-3.1-8b-instruct,100.0,tablereformat,data_analysis,35b3098f43e9129b80af5263066ffad973670da10a3bbc4d350fa88cea4d980f
4944,llama-3.2-1b-instruct,0.0,tablereformat,data_analysis,35b3098f43e9129b80af5263066ffad973670da10a3bbc4d350fa88cea4d980f
4945,llama-3.2-3b-instruct,100.0,tablereformat,data_analysis,35b3098f43e9129b80af5263066ffad973670da10a3bbc4d350fa88cea4d980f
4946,mistral-24b,0.0,tablereformat,data_analysis,35b3098f43e9129b80af5263066ffad973670da10a3bbc4d350fa88cea4d980f
4947,mistral-7b,100.0,tablereformat,data_analysis,35b3098f43e9129b80af5263066ffad973670da10a3bbc4d350fa88cea4d980f
4948,qwen-2.5-3b-instruct,100.0,tablereformat,data_analysis,35b3098f43e9129b80af5263066ffad973670da10a3bbc4d350fa88cea4d980f
4949,qwen-32b,0.0,tablereformat,data_analysis,35b3098f43e9129b80af5263066ffad973670da10a3bbc4d350fa88cea4d980f
4950,gemma-3-12b-it,100.0,tablereformat,data_analysis,3f9091ebb24ea69d1e9ad7a20e3a617f47548595e9b0b0a46a95061ec3e81740
4951,gemma-3-1b-it,0.0,tablereformat,data_analysis,3f9091ebb24ea69d1e9ad7a20e3a617f47548595e9b0b0a46a95061ec3e81740
4952,gemma-3-4b-it,100.0,tablereformat,data_analysis,3f9091ebb24ea69d1e9ad7a20e3a617f47548595e9b0b0a46a95061ec3e81740
4953,llama-3.1-70b-instruct,100.0,tablereformat,data_analysis,3f9091ebb24ea69d1e9ad7a20e3a617f47548595e9b0b0a46a95061ec3e81740
4954,llama-3.1-8b-instruct,0.0,tablereformat,data_analysis,3f9091ebb24ea69d1e9ad7a20e3a617f47548595e9b0b0a46a95061ec3e81740
4955,llama-3.2-1b-instruct,0.0,tablereformat,data_analysis,3f9091ebb24ea69d1e9ad7a20e3a617f47548595e9b0b0a46a95061ec3e81740
4956,llama-3.2-3b-instruct,0.0,tablereformat,data_analysis,3f9091ebb24ea69d1e9ad7a20e3a617f47548595e9b0b0a46a95061ec3e81740
4957,mistral-24b,0.0,tablereformat,data_analysis,3f9091ebb24ea69d1e9ad7a20e3a617f47548595e9b0b0a46a95061ec3e81740
4958,mistral-7b,0.0,tablereformat,data_analysis,3f9091ebb24ea69d1e9ad7a20e3a617f47548595e9b0b0a46a95061ec3e81740
4959,qwen-2.5-3b-instruct,0.0,tablereformat,data_analysis,3f9091ebb24ea69d1e9ad7a20e3a617f47548595e9b0b0a46a95061ec3e81740
4960,qwen-32b,100.0,tablereformat,data_analysis,3f9091ebb24ea69d1e9ad7a20e3a617f47548595e9b0b0a46a95061ec3e81740
4961,gemma-3-12b-it,100.0,tablereformat,data_analysis,40af2768cabe32744e3b1efd2552edb077e2539a8f45808852e7d83147a82519
4962,gemma-3-1b-it,100.0,tablereformat,data_analysis,40af2768cabe32744e3b1efd2552edb077e2539a8f45808852e7d83147a82519
4963,gemma-3-4b-it,0.0,tablereformat,data_analysis,40af2768cabe32744e3b1efd2552edb077e2539a8f45808852e7d83147a82519
4964,llama-3.1-70b-instruct,100.0,tablereformat,data_analysis,40af2768cabe32744e3b1efd2552edb077e2539a8f45808852e7d83147a82519
4965,llama-3.1-8b-instruct,100.0,tablereformat,data_analysis,40af2768cabe32744e3b1efd2552edb077e2539a8f45808852e7d83147a82519
4966,llama-3.2-1b-instruct,0.0,tablereformat,data_analysis,40af2768cabe32744e3b1efd2552edb077e2539a8f45808852e7d83147a82519
4967,llama-3.2-3b-instruct,100.0,tablereformat,data_analysis,40af2768cabe32744e3b1efd2552edb077e2539a8f45808852e7d83147a82519
4968,mistral-24b,100.0,tablereformat,data_analysis,40af2768cabe32744e3b1efd2552edb077e2539a8f45808852e7d83147a82519
4969,mistral-7b,100.0,tablereformat,data_analysis,40af2768cabe32744e3b1efd2552edb077e2539a8f45808852e7d83147a82519
4970,qwen-2.5-3b-instruct,100.0,tablereformat,data_analysis,40af2768cabe32744e3b1efd2552edb077e2539a8f45808852e7d83147a82519
4971,qwen-32b,100.0,tablereformat,data_analysis,40af2768cabe32744e3b1efd2552edb077e2539a8f45808852e7d83147a82519
4972,gemma-3-12b-it,100.0,tablereformat,data_analysis,4810de734ddf549ae44d69fe3717e2ad95593f88a0f7d72211f46cbdd22ad513
4973,gemma-3-1b-it,0.0,tablereformat,data_analysis,4810de734ddf549ae44d69fe3717e2ad95593f88a0f7d72211f46cbdd22ad513
4974,gemma-3-4b-it,100.0,tablereformat,data_analysis,4810de734ddf549ae44d69fe3717e2ad95593f88a0f7d72211f46cbdd22ad513
4975,llama-3.1-70b-instruct,100.0,tablereformat,data_analysis,4810de734ddf549ae44d69fe3717e2ad95593f88a0f7d72211f46cbdd22ad513
4976,llama-3.1-8b-instruct,100.0,tablereformat,data_analysis,4810de734ddf549ae44d69fe3717e2ad95593f88a0f7d72211f46cbdd22ad513
4977,llama-3.2-1b-instruct,0.0,tablereformat,data_analysis,4810de734ddf549ae44d69fe3717e2ad95593f88a0f7d72211f46cbdd22ad513
4978,llama-3.2-3b-instruct,100.0,tablereformat,data_analysis,4810de734ddf549ae44d69fe3717e2ad95593f88a0f7d72211f46cbdd22ad513
4979,mistral-24b,0.0,tablereformat,data_analysis,4810de734ddf549ae44d69fe3717e2ad95593f88a0f7d72211f46cbdd22ad513
4980,mistral-7b,0.0,tablereformat,data_analysis,4810de734ddf549ae44d69fe3717e2ad95593f88a0f7d72211f46cbdd22ad513
4981,qwen-2.5-3b-instruct,0.0,tablereformat,data_analysis,4810de734ddf549ae44d69fe3717e2ad95593f88a0f7d72211f46cbdd22ad513
4982,qwen-32b,100.0,tablereformat,data_analysis,4810de734ddf549ae44d69fe3717e2ad95593f88a0f7d72211f46cbdd22ad513
4983,gemma-3-12b-it,100.0,tablereformat,data_analysis,4d22f4f91dfc8188c2244048d968e9885ee063658c14fcf43c8156983f5a395f
4984,gemma-3-1b-it,0.0,tablereformat,data_analysis,4d22f4f91dfc8188c2244048d968e9885ee063658c14fcf43c8156983f5a395f
4985,gemma-3-4b-it,100.0,tablereformat,data_analysis,4d22f4f91dfc8188c2244048d968e9885ee063658c14fcf43c8156983f5a395f
4986,llama-3.1-70b-instruct,0.0,tablereformat,data_analysis,4d22f4f91dfc8188c2244048d968e9885ee063658c14fcf43c8156983f5a395f
4987,llama-3.1-8b-instruct,100.0,tablereformat,data_analysis,4d22f4f91dfc8188c2244048d968e9885ee063658c14fcf43c8156983f5a395f
4988,llama-3.2-1b-instruct,0.0,tablereformat,data_analysis,4d22f4f91dfc8188c2244048d968e9885ee063658c14fcf43c8156983f5a395f
4989,llama-3.2-3b-instruct,100.0,tablereformat,data_analysis,4d22f4f91dfc8188c2244048d968e9885ee063658c14fcf43c8156983f5a395f
4990,mistral-24b,100.0,tablereformat,data_analysis,4d22f4f91dfc8188c2244048d968e9885ee063658c14fcf43c8156983f5a395f
4991,mistral-7b,0.0,tablereformat,data_analysis,4d22f4f91dfc8188c2244048d968e9885ee063658c14fcf43c8156983f5a395f
4992,qwen-2.5-3b-instruct,0.0,tablereformat,data_analysis,4d22f4f91dfc8188c2244048d968e9885ee063658c14fcf43c8156983f5a395f
4993,qwen-32b,100.0,tablereformat,data_analysis,4d22f4f91dfc8188c2244048d968e9885ee063658c14fcf43c8156983f5a395f
4994,gemma-3-12b-it,100.0,tablereformat,data_analysis,56ace477670fa1527771dc1a4f2babac3b704f1c313b8981a53ce892f55b6c05
4995,gemma-3-1b-it,0.0,tablereformat,data_analysis,56ace477670fa1527771dc1a4f2babac3b704f1c313b8981a53ce892f55b6c05
4996,gemma-3-4b-it,100.0,tablereformat,data_analysis,56ace477670fa1527771dc1a4f2babac3b704f1c313b8981a53ce892f55b6c05
4997,llama-3.1-70b-instruct,100.0,tablereformat,data_analysis,56ace477670fa1527771dc1a4f2babac3b704f1c313b8981a53ce892f55b6c05
4998,llama-3.1-8b-instruct,100.0,tablereformat,data_analysis,56ace477670fa1527771dc1a4f2babac3b704f1c313b8981a53ce892f55b6c05
4999,llama-3.2-1b-instruct,100.0,tablereformat,data_analysis,56ace477670fa1527771dc1a4f2babac3b704f1c313b8981a53ce892f55b6c05
5000,llama-3.2-3b-instruct,100.0,tablereformat,data_analysis,56ace477670fa1527771dc1a4f2babac3b704f1c313b8981a53ce892f55b6c05
5001,mistral-24b,100.0,tablereformat,data_analysis,56ace477670fa1527771dc1a4f2babac3b704f1c313b8981a53ce892f55b6c05
5002,mistral-7b,100.0,tablereformat,data_analysis,56ace477670fa1527771dc1a4f2babac3b704f1c313b8981a53ce892f55b6c05
5003,qwen-2.5-3b-instruct,100.0,tablereformat,data_analysis,56ace477670fa1527771dc1a4f2babac3b704f1c313b8981a53ce892f55b6c05
5004,qwen-32b,100.0,tablereformat,data_analysis,56ace477670fa1527771dc1a4f2babac3b704f1c313b8981a53ce892f55b6c05
5005,gemma-3-12b-it,100.0,tablereformat,data_analysis,57772b38ab8d4f9f2e30d5e0cca6e007f228786523ed027bdbf37b59fe20e3b1
5006,gemma-3-1b-it,0.0,tablereformat,data_analysis,57772b38ab8d4f9f2e30d5e0cca6e007f228786523ed027bdbf37b59fe20e3b1
5007,gemma-3-4b-it,0.0,tablereformat,data_analysis,57772b38ab8d4f9f2e30d5e0cca6e007f228786523ed027bdbf37b59fe20e3b1
5008,llama-3.1-70b-instruct,100.0,tablereformat,data_analysis,57772b38ab8d4f9f2e30d5e0cca6e007f228786523ed027bdbf37b59fe20e3b1
5009,llama-3.1-8b-instruct,100.0,tablereformat,data_analysis,57772b38ab8d4f9f2e30d5e0cca6e007f228786523ed027bdbf37b59fe20e3b1
5010,llama-3.2-1b-instruct,0.0,tablereformat,data_analysis,57772b38ab8d4f9f2e30d5e0cca6e007f228786523ed027bdbf37b59fe20e3b1
5011,llama-3.2-3b-instruct,0.0,tablereformat,data_analysis,57772b38ab8d4f9f2e30d5e0cca6e007f228786523ed027bdbf37b59fe20e3b1
5012,mistral-24b,100.0,tablereformat,data_analysis,57772b38ab8d4f9f2e30d5e0cca6e007f228786523ed027bdbf37b59fe20e3b1
5013,mistral-7b,100.0,tablereformat,data_analysis,57772b38ab8d4f9f2e30d5e0cca6e007f228786523ed027bdbf37b59fe20e3b1
5014,qwen-2.5-3b-instruct,0.0,tablereformat,data_analysis,57772b38ab8d4f9f2e30d5e0cca6e007f228786523ed027bdbf37b59fe20e3b1
5015,qwen-32b,100.0,tablereformat,data_analysis,57772b38ab8d4f9f2e30d5e0cca6e007f228786523ed027bdbf37b59fe20e3b1
5016,gemma-3-12b-it,100.0,tablereformat,data_analysis,6204f00c8a38e299225434e2218dc1fbf65eb3040ed083a97c048e4f3b7dc2c8
5017,gemma-3-1b-it,0.0,tablereformat,data_analysis,6204f00c8a38e299225434e2218dc1fbf65eb3040ed083a97c048e4f3b7dc2c8
5018,gemma-3-4b-it,100.0,tablereformat,data_analysis,6204f00c8a38e299225434e2218dc1fbf65eb3040ed083a97c048e4f3b7dc2c8
5019,llama-3.1-70b-instruct,100.0,tablereformat,data_analysis,6204f00c8a38e299225434e2218dc1fbf65eb3040ed083a97c048e4f3b7dc2c8
5020,llama-3.1-8b-instruct,100.0,tablereformat,data_analysis,6204f00c8a38e299225434e2218dc1fbf65eb3040ed083a97c048e4f3b7dc2c8
5021,llama-3.2-1b-instruct,0.0,tablereformat,data_analysis,6204f00c8a38e299225434e2218dc1fbf65eb3040ed083a97c048e4f3b7dc2c8
5022,llama-3.2-3b-instruct,0.0,tablereformat,data_analysis,6204f00c8a38e299225434e2218dc1fbf65eb3040ed083a97c048e4f3b7dc2c8
5023,mistral-24b,100.0,tablereformat,data_analysis,6204f00c8a38e299225434e2218dc1fbf65eb3040ed083a97c048e4f3b7dc2c8
5024,mistral-7b,0.0,tablereformat,data_analysis,6204f00c8a38e299225434e2218dc1fbf65eb3040ed083a97c048e4f3b7dc2c8
5025,qwen-2.5-3b-instruct,100.0,tablereformat,data_analysis,6204f00c8a38e299225434e2218dc1fbf65eb3040ed083a97c048e4f3b7dc2c8
5026,qwen-32b,100.0,tablereformat,data_analysis,6204f00c8a38e299225434e2218dc1fbf65eb3040ed083a97c048e4f3b7dc2c8
5027,gemma-3-12b-it,100.0,tablereformat,data_analysis,6a71a2fd132bae45c6ef2fc93d0bfcf3d4f71025db07ec88fed08ff83b4eca45
5028,gemma-3-1b-it,0.0,tablereformat,data_analysis,6a71a2fd132bae45c6ef2fc93d0bfcf3d4f71025db07ec88fed08ff83b4eca45
5029,gemma-3-4b-it,100.0,tablereformat,data_analysis,6a71a2fd132bae45c6ef2fc93d0bfcf3d4f71025db07ec88fed08ff83b4eca45
5030,llama-3.1-70b-instruct,100.0,tablereformat,data_analysis,6a71a2fd132bae45c6ef2fc93d0bfcf3d4f71025db07ec88fed08ff83b4eca45
5031,llama-3.1-8b-instruct,100.0,tablereformat,data_analysis,6a71a2fd132bae45c6ef2fc93d0bfcf3d4f71025db07ec88fed08ff83b4eca45
5032,llama-3.2-1b-instruct,0.0,tablereformat,data_analysis,6a71a2fd132bae45c6ef2fc93d0bfcf3d4f71025db07ec88fed08ff83b4eca45
5033,llama-3.2-3b-instruct,0.0,tablereformat,data_analysis,6a71a2fd132bae45c6ef2fc93d0bfcf3d4f71025db07ec88fed08ff83b4eca45
5034,mistral-24b,100.0,tablereformat,data_analysis,6a71a2fd132bae45c6ef2fc93d0bfcf3d4f71025db07ec88fed08ff83b4eca45
5035,mistral-7b,100.0,tablereformat,data_analysis,6a71a2fd132bae45c6ef2fc93d0bfcf3d4f71025db07ec88fed08ff83b4eca45
5036,qwen-2.5-3b-instruct,0.0,tablereformat,data_analysis,6a71a2fd132bae45c6ef2fc93d0bfcf3d4f71025db07ec88fed08ff83b4eca45
5037,qwen-32b,100.0,tablereformat,data_analysis,6a71a2fd132bae45c6ef2fc93d0bfcf3d4f71025db07ec88fed08ff83b4eca45
5038,gemma-3-12b-it,100.0,tablereformat,data_analysis,77765399a07884782f5a539ccb9e8820f5c15a090a666f59b21f804706ecadc9
5039,gemma-3-1b-it,0.0,tablereformat,data_analysis,77765399a07884782f5a539ccb9e8820f5c15a090a666f59b21f804706ecadc9
5040,gemma-3-4b-it,100.0,tablereformat,data_analysis,77765399a07884782f5a539ccb9e8820f5c15a090a666f59b21f804706ecadc9
5041,llama-3.1-70b-instruct,100.0,tablereformat,data_analysis,77765399a07884782f5a539ccb9e8820f5c15a090a666f59b21f804706ecadc9
5042,llama-3.1-8b-instruct,100.0,tablereformat,data_analysis,77765399a07884782f5a539ccb9e8820f5c15a090a666f59b21f804706ecadc9
5043,llama-3.2-1b-instruct,0.0,tablereformat,data_analysis,77765399a07884782f5a539ccb9e8820f5c15a090a666f59b21f804706ecadc9
5044,llama-3.2-3b-instruct,0.0,tablereformat,data_analysis,77765399a07884782f5a539ccb9e8820f5c15a090a666f59b21f804706ecadc9
5045,mistral-24b,100.0,tablereformat,data_analysis,77765399a07884782f5a539ccb9e8820f5c15a090a666f59b21f804706ecadc9
5046,mistral-7b,0.0,tablereformat,data_analysis,77765399a07884782f5a539ccb9e8820f5c15a090a666f59b21f804706ecadc9
5047,qwen-2.5-3b-instruct,0.0,tablereformat,data_analysis,77765399a07884782f5a539ccb9e8820f5c15a090a666f59b21f804706ecadc9
5048,qwen-32b,100.0,tablereformat,data_analysis,77765399a07884782f5a539ccb9e8820f5c15a090a666f59b21f804706ecadc9
5049,gemma-3-12b-it,100.0,tablereformat,data_analysis,804182061bd3648a5d1079e9836aa8cb7e9201a32f190863551299075fbeac47
5050,gemma-3-1b-it,0.0,tablereformat,data_analysis,804182061bd3648a5d1079e9836aa8cb7e9201a32f190863551299075fbeac47
5051,gemma-3-4b-it,0.0,tablereformat,data_analysis,804182061bd3648a5d1079e9836aa8cb7e9201a32f190863551299075fbeac47
5052,llama-3.1-70b-instruct,100.0,tablereformat,data_analysis,804182061bd3648a5d1079e9836aa8cb7e9201a32f190863551299075fbeac47
5053,llama-3.1-8b-instruct,0.0,tablereformat,data_analysis,804182061bd3648a5d1079e9836aa8cb7e9201a32f190863551299075fbeac47
5054,llama-3.2-1b-instruct,0.0,tablereformat,data_analysis,804182061bd3648a5d1079e9836aa8cb7e9201a32f190863551299075fbeac47
5055,llama-3.2-3b-instruct,0.0,tablereformat,data_analysis,804182061bd3648a5d1079e9836aa8cb7e9201a32f190863551299075fbeac47
5056,mistral-24b,100.0,tablereformat,data_analysis,804182061bd3648a5d1079e9836aa8cb7e9201a32f190863551299075fbeac47
5057,mistral-7b,0.0,tablereformat,data_analysis,804182061bd3648a5d1079e9836aa8cb7e9201a32f190863551299075fbeac47
5058,qwen-2.5-3b-instruct,0.0,tablereformat,data_analysis,804182061bd3648a5d1079e9836aa8cb7e9201a32f190863551299075fbeac47
5059,qwen-32b,0.0,tablereformat,data_analysis,804182061bd3648a5d1079e9836aa8cb7e9201a32f190863551299075fbeac47
5060,gemma-3-12b-it,100.0,tablereformat,data_analysis,8b25c07592f100c7c61af45d3de6eec07f4996d0a211f613cc1e224db02bba4c
5061,gemma-3-1b-it,100.0,tablereformat,data_analysis,8b25c07592f100c7c61af45d3de6eec07f4996d0a211f613cc1e224db02bba4c
5062,gemma-3-4b-it,100.0,tablereformat,data_analysis,8b25c07592f100c7c61af45d3de6eec07f4996d0a211f613cc1e224db02bba4c
5063,llama-3.1-70b-instruct,100.0,tablereformat,data_analysis,8b25c07592f100c7c61af45d3de6eec07f4996d0a211f613cc1e224db02bba4c
5064,llama-3.1-8b-instruct,100.0,tablereformat,data_analysis,8b25c07592f100c7c61af45d3de6eec07f4996d0a211f613cc1e224db02bba4c
5065,llama-3.2-1b-instruct,0.0,tablereformat,data_analysis,8b25c07592f100c7c61af45d3de6eec07f4996d0a211f613cc1e224db02bba4c
5066,llama-3.2-3b-instruct,0.0,tablereformat,data_analysis,8b25c07592f100c7c61af45d3de6eec07f4996d0a211f613cc1e224db02bba4c
5067,mistral-24b,100.0,tablereformat,data_analysis,8b25c07592f100c7c61af45d3de6eec07f4996d0a211f613cc1e224db02bba4c
5068,mistral-7b,100.0,tablereformat,data_analysis,8b25c07592f100c7c61af45d3de6eec07f4996d0a211f613cc1e224db02bba4c
5069,qwen-2.5-3b-instruct,100.0,tablereformat,data_analysis,8b25c07592f100c7c61af45d3de6eec07f4996d0a211f613cc1e224db02bba4c
5070,qwen-32b,100.0,tablereformat,data_analysis,8b25c07592f100c7c61af45d3de6eec07f4996d0a211f613cc1e224db02bba4c
5071,gemma-3-12b-it,100.0,tablereformat,data_analysis,8f3ca4d439a2167eda91a41deaecf48838405ce32967097d2ec7e931b1313cf4
5072,gemma-3-1b-it,0.0,tablereformat,data_analysis,8f3ca4d439a2167eda91a41deaecf48838405ce32967097d2ec7e931b1313cf4
5073,gemma-3-4b-it,100.0,tablereformat,data_analysis,8f3ca4d439a2167eda91a41deaecf48838405ce32967097d2ec7e931b1313cf4
5074,llama-3.1-70b-instruct,100.0,tablereformat,data_analysis,8f3ca4d439a2167eda91a41deaecf48838405ce32967097d2ec7e931b1313cf4
5075,llama-3.1-8b-instruct,0.0,tablereformat,data_analysis,8f3ca4d439a2167eda91a41deaecf48838405ce32967097d2ec7e931b1313cf4
5076,llama-3.2-1b-instruct,0.0,tablereformat,data_analysis,8f3ca4d439a2167eda91a41deaecf48838405ce32967097d2ec7e931b1313cf4
5077,llama-3.2-3b-instruct,0.0,tablereformat,data_analysis,8f3ca4d439a2167eda91a41deaecf48838405ce32967097d2ec7e931b1313cf4
5078,mistral-24b,100.0,tablereformat,data_analysis,8f3ca4d439a2167eda91a41deaecf48838405ce32967097d2ec7e931b1313cf4
5079,mistral-7b,0.0,tablereformat,data_analysis,8f3ca4d439a2167eda91a41deaecf48838405ce32967097d2ec7e931b1313cf4
5080,qwen-2.5-3b-instruct,100.0,tablereformat,data_analysis,8f3ca4d439a2167eda91a41deaecf48838405ce32967097d2ec7e931b1313cf4
5081,qwen-32b,100.0,tablereformat,data_analysis,8f3ca4d439a2167eda91a41deaecf48838405ce32967097d2ec7e931b1313cf4
5082,gemma-3-12b-it,0.0,tablereformat,data_analysis,9b8b3c1cdfbadc5d248114dcd74f7376fe3e24db964f3acb8d12159404199aac
5083,gemma-3-1b-it,0.0,tablereformat,data_analysis,9b8b3c1cdfbadc5d248114dcd74f7376fe3e24db964f3acb8d12159404199aac
5084,gemma-3-4b-it,0.0,tablereformat,data_analysis,9b8b3c1cdfbadc5d248114dcd74f7376fe3e24db964f3acb8d12159404199aac
5085,llama-3.1-70b-instruct,0.0,tablereformat,data_analysis,9b8b3c1cdfbadc5d248114dcd74f7376fe3e24db964f3acb8d12159404199aac
5086,llama-3.1-8b-instruct,0.0,tablereformat,data_analysis,9b8b3c1cdfbadc5d248114dcd74f7376fe3e24db964f3acb8d12159404199aac
5087,llama-3.2-1b-instruct,100.0,tablereformat,data_analysis,9b8b3c1cdfbadc5d248114dcd74f7376fe3e24db964f3acb8d12159404199aac
5088,llama-3.2-3b-instruct,0.0,tablereformat,data_analysis,9b8b3c1cdfbadc5d248114dcd74f7376fe3e24db964f3acb8d12159404199aac
5089,mistral-24b,0.0,tablereformat,data_analysis,9b8b3c1cdfbadc5d248114dcd74f7376fe3e24db964f3acb8d12159404199aac
5090,mistral-7b,0.0,tablereformat,data_analysis,9b8b3c1cdfbadc5d248114dcd74f7376fe3e24db964f3acb8d12159404199aac
5091,qwen-2.5-3b-instruct,100.0,tablereformat,data_analysis,9b8b3c1cdfbadc5d248114dcd74f7376fe3e24db964f3acb8d12159404199aac
5092,qwen-32b,0.0,tablereformat,data_analysis,9b8b3c1cdfbadc5d248114dcd74f7376fe3e24db964f3acb8d12159404199aac
5093,gemma-3-12b-it,0.0,tablereformat,data_analysis,9cd37119651a821e2695ee073ddf004d50d9add830f4e7f3bc469f9b0d4ddbe3
5094,gemma-3-1b-it,0.0,tablereformat,data_analysis,9cd37119651a821e2695ee073ddf004d50d9add830f4e7f3bc469f9b0d4ddbe3
5095,gemma-3-4b-it,100.0,tablereformat,data_analysis,9cd37119651a821e2695ee073ddf004d50d9add830f4e7f3bc469f9b0d4ddbe3
5096,llama-3.1-70b-instruct,100.0,tablereformat,data_analysis,9cd37119651a821e2695ee073ddf004d50d9add830f4e7f3bc469f9b0d4ddbe3
5097,llama-3.1-8b-instruct,100.0,tablereformat,data_analysis,9cd37119651a821e2695ee073ddf004d50d9add830f4e7f3bc469f9b0d4ddbe3
5098,llama-3.2-1b-instruct,0.0,tablereformat,data_analysis,9cd37119651a821e2695ee073ddf004d50d9add830f4e7f3bc469f9b0d4ddbe3
5099,llama-3.2-3b-instruct,100.0,tablereformat,data_analysis,9cd37119651a821e2695ee073ddf004d50d9add830f4e7f3bc469f9b0d4ddbe3
5100,mistral-24b,0.0,tablereformat,data_analysis,9cd37119651a821e2695ee073ddf004d50d9add830f4e7f3bc469f9b0d4ddbe3
5101,mistral-7b,0.0,tablereformat,data_analysis,9cd37119651a821e2695ee073ddf004d50d9add830f4e7f3bc469f9b0d4ddbe3
5102,qwen-2.5-3b-instruct,100.0,tablereformat,data_analysis,9cd37119651a821e2695ee073ddf004d50d9add830f4e7f3bc469f9b0d4ddbe3
5103,qwen-32b,100.0,tablereformat,data_analysis,9cd37119651a821e2695ee073ddf004d50d9add830f4e7f3bc469f9b0d4ddbe3
5104,gemma-3-12b-it,100.0,tablereformat,data_analysis,9dd93740e50a0913119103c1212284600703756ff930d2a8fa46d3dc97912d96
5105,gemma-3-1b-it,0.0,tablereformat,data_analysis,9dd93740e50a0913119103c1212284600703756ff930d2a8fa46d3dc97912d96
5106,gemma-3-4b-it,100.0,tablereformat,data_analysis,9dd93740e50a0913119103c1212284600703756ff930d2a8fa46d3dc97912d96
5107,llama-3.1-70b-instruct,100.0,tablereformat,data_analysis,9dd93740e50a0913119103c1212284600703756ff930d2a8fa46d3dc97912d96
5108,llama-3.1-8b-instruct,100.0,tablereformat,data_analysis,9dd93740e50a0913119103c1212284600703756ff930d2a8fa46d3dc97912d96
5109,llama-3.2-1b-instruct,0.0,tablereformat,data_analysis,9dd93740e50a0913119103c1212284600703756ff930d2a8fa46d3dc97912d96
5110,llama-3.2-3b-instruct,0.0,tablereformat,data_analysis,9dd93740e50a0913119103c1212284600703756ff930d2a8fa46d3dc97912d96
5111,mistral-24b,100.0,tablereformat,data_analysis,9dd93740e50a0913119103c1212284600703756ff930d2a8fa46d3dc97912d96
5112,mistral-7b,0.0,tablereformat,data_analysis,9dd93740e50a0913119103c1212284600703756ff930d2a8fa46d3dc97912d96
5113,qwen-2.5-3b-instruct,0.0,tablereformat,data_analysis,9dd93740e50a0913119103c1212284600703756ff930d2a8fa46d3dc97912d96
5114,qwen-32b,0.0,tablereformat,data_analysis,9dd93740e50a0913119103c1212284600703756ff930d2a8fa46d3dc97912d96
5115,gemma-3-12b-it,0.0,tablereformat,data_analysis,af06a250c4d58799cd7bf0f73df94134106098b21d8b0a3a3e61dd9eacda6724
5116,gemma-3-1b-it,0.0,tablereformat,data_analysis,af06a250c4d58799cd7bf0f73df94134106098b21d8b0a3a3e61dd9eacda6724
5117,gemma-3-4b-it,0.0,tablereformat,data_analysis,af06a250c4d58799cd7bf0f73df94134106098b21d8b0a3a3e61dd9eacda6724
5118,llama-3.1-70b-instruct,0.0,tablereformat,data_analysis,af06a250c4d58799cd7bf0f73df94134106098b21d8b0a3a3e61dd9eacda6724
5119,llama-3.1-8b-instruct,0.0,tablereformat,data_analysis,af06a250c4d58799cd7bf0f73df94134106098b21d8b0a3a3e61dd9eacda6724
5120,llama-3.2-1b-instruct,0.0,tablereformat,data_analysis,af06a250c4d58799cd7bf0f73df94134106098b21d8b0a3a3e61dd9eacda6724
5121,llama-3.2-3b-instruct,0.0,tablereformat,data_analysis,af06a250c4d58799cd7bf0f73df94134106098b21d8b0a3a3e61dd9eacda6724
5122,mistral-24b,0.0,tablereformat,data_analysis,af06a250c4d58799cd7bf0f73df94134106098b21d8b0a3a3e61dd9eacda6724
5123,mistral-7b,0.0,tablereformat,data_analysis,af06a250c4d58799cd7bf0f73df94134106098b21d8b0a3a3e61dd9eacda6724
5124,qwen-2.5-3b-instruct,0.0,tablereformat,data_analysis,af06a250c4d58799cd7bf0f73df94134106098b21d8b0a3a3e61dd9eacda6724
5125,qwen-32b,0.0,tablereformat,data_analysis,af06a250c4d58799cd7bf0f73df94134106098b21d8b0a3a3e61dd9eacda6724
5126,gemma-3-12b-it,0.0,tablereformat,data_analysis,b64b2155d2e4e74cbb52dcb6f97298cbf28eef0159973600aecdc80a6c49c8df
5127,gemma-3-1b-it,0.0,tablereformat,data_analysis,b64b2155d2e4e74cbb52dcb6f97298cbf28eef0159973600aecdc80a6c49c8df
5128,gemma-3-4b-it,0.0,tablereformat,data_analysis,b64b2155d2e4e74cbb52dcb6f97298cbf28eef0159973600aecdc80a6c49c8df
5129,llama-3.1-70b-instruct,0.0,tablereformat,data_analysis,b64b2155d2e4e74cbb52dcb6f97298cbf28eef0159973600aecdc80a6c49c8df
5130,llama-3.1-8b-instruct,0.0,tablereformat,data_analysis,b64b2155d2e4e74cbb52dcb6f97298cbf28eef0159973600aecdc80a6c49c8df
5131,llama-3.2-1b-instruct,0.0,tablereformat,data_analysis,b64b2155d2e4e74cbb52dcb6f97298cbf28eef0159973600aecdc80a6c49c8df
5132,llama-3.2-3b-instruct,0.0,tablereformat,data_analysis,b64b2155d2e4e74cbb52dcb6f97298cbf28eef0159973600aecdc80a6c49c8df
5133,mistral-24b,0.0,tablereformat,data_analysis,b64b2155d2e4e74cbb52dcb6f97298cbf28eef0159973600aecdc80a6c49c8df
5134,mistral-7b,0.0,tablereformat,data_analysis,b64b2155d2e4e74cbb52dcb6f97298cbf28eef0159973600aecdc80a6c49c8df
5135,qwen-2.5-3b-instruct,0.0,tablereformat,data_analysis,b64b2155d2e4e74cbb52dcb6f97298cbf28eef0159973600aecdc80a6c49c8df
5136,qwen-32b,0.0,tablereformat,data_analysis,b64b2155d2e4e74cbb52dcb6f97298cbf28eef0159973600aecdc80a6c49c8df
5137,gemma-3-12b-it,100.0,tablereformat,data_analysis,b78c258e2cfd2954eb6ff290f39427d6270c69d57cc36e8a1c31839de39c885a
5138,gemma-3-1b-it,0.0,tablereformat,data_analysis,b78c258e2cfd2954eb6ff290f39427d6270c69d57cc36e8a1c31839de39c885a
5139,gemma-3-4b-it,100.0,tablereformat,data_analysis,b78c258e2cfd2954eb6ff290f39427d6270c69d57cc36e8a1c31839de39c885a
5140,llama-3.1-70b-instruct,100.0,tablereformat,data_analysis,b78c258e2cfd2954eb6ff290f39427d6270c69d57cc36e8a1c31839de39c885a
5141,llama-3.1-8b-instruct,100.0,tablereformat,data_analysis,b78c258e2cfd2954eb6ff290f39427d6270c69d57cc36e8a1c31839de39c885a
5142,llama-3.2-1b-instruct,0.0,tablereformat,data_analysis,b78c258e2cfd2954eb6ff290f39427d6270c69d57cc36e8a1c31839de39c885a
5143,llama-3.2-3b-instruct,0.0,tablereformat,data_analysis,b78c258e2cfd2954eb6ff290f39427d6270c69d57cc36e8a1c31839de39c885a
5144,mistral-24b,100.0,tablereformat,data_analysis,b78c258e2cfd2954eb6ff290f39427d6270c69d57cc36e8a1c31839de39c885a
5145,mistral-7b,0.0,tablereformat,data_analysis,b78c258e2cfd2954eb6ff290f39427d6270c69d57cc36e8a1c31839de39c885a
5146,qwen-2.5-3b-instruct,0.0,tablereformat,data_analysis,b78c258e2cfd2954eb6ff290f39427d6270c69d57cc36e8a1c31839de39c885a
5147,qwen-32b,100.0,tablereformat,data_analysis,b78c258e2cfd2954eb6ff290f39427d6270c69d57cc36e8a1c31839de39c885a
5148,gemma-3-12b-it,0.0,tablereformat,data_analysis,bfe58cf09204ef9dddeb7358323fbab09c078fbc88d022c2387e0eada4470849
5149,gemma-3-1b-it,0.0,tablereformat,data_analysis,bfe58cf09204ef9dddeb7358323fbab09c078fbc88d022c2387e0eada4470849
5150,gemma-3-4b-it,0.0,tablereformat,data_analysis,bfe58cf09204ef9dddeb7358323fbab09c078fbc88d022c2387e0eada4470849
5151,llama-3.1-70b-instruct,0.0,tablereformat,data_analysis,bfe58cf09204ef9dddeb7358323fbab09c078fbc88d022c2387e0eada4470849
5152,llama-3.1-8b-instruct,0.0,tablereformat,data_analysis,bfe58cf09204ef9dddeb7358323fbab09c078fbc88d022c2387e0eada4470849
5153,llama-3.2-1b-instruct,0.0,tablereformat,data_analysis,bfe58cf09204ef9dddeb7358323fbab09c078fbc88d022c2387e0eada4470849
5154,llama-3.2-3b-instruct,0.0,tablereformat,data_analysis,bfe58cf09204ef9dddeb7358323fbab09c078fbc88d022c2387e0eada4470849
5155,mistral-24b,0.0,tablereformat,data_analysis,bfe58cf09204ef9dddeb7358323fbab09c078fbc88d022c2387e0eada4470849
5156,mistral-7b,0.0,tablereformat,data_analysis,bfe58cf09204ef9dddeb7358323fbab09c078fbc88d022c2387e0eada4470849
5157,qwen-2.5-3b-instruct,0.0,tablereformat,data_analysis,bfe58cf09204ef9dddeb7358323fbab09c078fbc88d022c2387e0eada4470849
5158,qwen-32b,0.0,tablereformat,data_analysis,bfe58cf09204ef9dddeb7358323fbab09c078fbc88d022c2387e0eada4470849
5159,gemma-3-12b-it,100.0,tablereformat,data_analysis,c42ef3e7297ebddb097e9aa4d5527dce29367f617c29bf7144de2633107ead00
5160,gemma-3-1b-it,0.0,tablereformat,data_analysis,c42ef3e7297ebddb097e9aa4d5527dce29367f617c29bf7144de2633107ead00
5161,gemma-3-4b-it,0.0,tablereformat,data_analysis,c42ef3e7297ebddb097e9aa4d5527dce29367f617c29bf7144de2633107ead00
5162,llama-3.1-70b-instruct,100.0,tablereformat,data_analysis,c42ef3e7297ebddb097e9aa4d5527dce29367f617c29bf7144de2633107ead00
5163,llama-3.1-8b-instruct,100.0,tablereformat,data_analysis,c42ef3e7297ebddb097e9aa4d5527dce29367f617c29bf7144de2633107ead00
5164,llama-3.2-1b-instruct,0.0,tablereformat,data_analysis,c42ef3e7297ebddb097e9aa4d5527dce29367f617c29bf7144de2633107ead00
5165,llama-3.2-3b-instruct,0.0,tablereformat,data_analysis,c42ef3e7297ebddb097e9aa4d5527dce29367f617c29bf7144de2633107ead00
5166,mistral-24b,0.0,tablereformat,data_analysis,c42ef3e7297ebddb097e9aa4d5527dce29367f617c29bf7144de2633107ead00
5167,mistral-7b,0.0,tablereformat,data_analysis,c42ef3e7297ebddb097e9aa4d5527dce29367f617c29bf7144de2633107ead00
5168,qwen-2.5-3b-instruct,0.0,tablereformat,data_analysis,c42ef3e7297ebddb097e9aa4d5527dce29367f617c29bf7144de2633107ead00
5169,qwen-32b,0.0,tablereformat,data_analysis,c42ef3e7297ebddb097e9aa4d5527dce29367f617c29bf7144de2633107ead00
5170,gemma-3-12b-it,0.0,tablereformat,data_analysis,c55626b8561ca43f0fdf11e24b2083c4d3180a83c87ea6171a159a1e82f1da54
5171,gemma-3-1b-it,0.0,tablereformat,data_analysis,c55626b8561ca43f0fdf11e24b2083c4d3180a83c87ea6171a159a1e82f1da54
5172,gemma-3-4b-it,100.0,tablereformat,data_analysis,c55626b8561ca43f0fdf11e24b2083c4d3180a83c87ea6171a159a1e82f1da54
5173,llama-3.1-70b-instruct,100.0,tablereformat,data_analysis,c55626b8561ca43f0fdf11e24b2083c4d3180a83c87ea6171a159a1e82f1da54
5174,llama-3.1-8b-instruct,0.0,tablereformat,data_analysis,c55626b8561ca43f0fdf11e24b2083c4d3180a83c87ea6171a159a1e82f1da54
5175,llama-3.2-1b-instruct,0.0,tablereformat,data_analysis,c55626b8561ca43f0fdf11e24b2083c4d3180a83c87ea6171a159a1e82f1da54
5176,llama-3.2-3b-instruct,0.0,tablereformat,data_analysis,c55626b8561ca43f0fdf11e24b2083c4d3180a83c87ea6171a159a1e82f1da54
5177,mistral-24b,100.0,tablereformat,data_analysis,c55626b8561ca43f0fdf11e24b2083c4d3180a83c87ea6171a159a1e82f1da54
5178,mistral-7b,0.0,tablereformat,data_analysis,c55626b8561ca43f0fdf11e24b2083c4d3180a83c87ea6171a159a1e82f1da54
5179,qwen-2.5-3b-instruct,0.0,tablereformat,data_analysis,c55626b8561ca43f0fdf11e24b2083c4d3180a83c87ea6171a159a1e82f1da54
5180,qwen-32b,100.0,tablereformat,data_analysis,c55626b8561ca43f0fdf11e24b2083c4d3180a83c87ea6171a159a1e82f1da54
5181,gemma-3-12b-it,100.0,tablereformat,data_analysis,ce1fa8f673c3d33b3986e4f4f148ab1a11e42cd2b7f15390f0f4f2acb530a6e3
5182,gemma-3-1b-it,0.0,tablereformat,data_analysis,ce1fa8f673c3d33b3986e4f4f148ab1a11e42cd2b7f15390f0f4f2acb530a6e3
5183,gemma-3-4b-it,100.0,tablereformat,data_analysis,ce1fa8f673c3d33b3986e4f4f148ab1a11e42cd2b7f15390f0f4f2acb530a6e3
5184,llama-3.1-70b-instruct,0.0,tablereformat,data_analysis,ce1fa8f673c3d33b3986e4f4f148ab1a11e42cd2b7f15390f0f4f2acb530a6e3
5185,llama-3.1-8b-instruct,0.0,tablereformat,data_analysis,ce1fa8f673c3d33b3986e4f4f148ab1a11e42cd2b7f15390f0f4f2acb530a6e3
5186,llama-3.2-1b-instruct,0.0,tablereformat,data_analysis,ce1fa8f673c3d33b3986e4f4f148ab1a11e42cd2b7f15390f0f4f2acb530a6e3
5187,llama-3.2-3b-instruct,0.0,tablereformat,data_analysis,ce1fa8f673c3d33b3986e4f4f148ab1a11e42cd2b7f15390f0f4f2acb530a6e3
5188,mistral-24b,100.0,tablereformat,data_analysis,ce1fa8f673c3d33b3986e4f4f148ab1a11e42cd2b7f15390f0f4f2acb530a6e3
5189,mistral-7b,0.0,tablereformat,data_analysis,ce1fa8f673c3d33b3986e4f4f148ab1a11e42cd2b7f15390f0f4f2acb530a6e3
5190,qwen-2.5-3b-instruct,100.0,tablereformat,data_analysis,ce1fa8f673c3d33b3986e4f4f148ab1a11e42cd2b7f15390f0f4f2acb530a6e3
5191,qwen-32b,100.0,tablereformat,data_analysis,ce1fa8f673c3d33b3986e4f4f148ab1a11e42cd2b7f15390f0f4f2acb530a6e3
5192,gemma-3-12b-it,100.0,tablereformat,data_analysis,dbc100e6b17f59547b155762e53564c1d30e21197f86780b166e4c067ee4b0e8
5193,gemma-3-1b-it,0.0,tablereformat,data_analysis,dbc100e6b17f59547b155762e53564c1d30e21197f86780b166e4c067ee4b0e8
5194,gemma-3-4b-it,100.0,tablereformat,data_analysis,dbc100e6b17f59547b155762e53564c1d30e21197f86780b166e4c067ee4b0e8
5195,llama-3.1-70b-instruct,100.0,tablereformat,data_analysis,dbc100e6b17f59547b155762e53564c1d30e21197f86780b166e4c067ee4b0e8
5196,llama-3.1-8b-instruct,100.0,tablereformat,data_analysis,dbc100e6b17f59547b155762e53564c1d30e21197f86780b166e4c067ee4b0e8
5197,llama-3.2-1b-instruct,0.0,tablereformat,data_analysis,dbc100e6b17f59547b155762e53564c1d30e21197f86780b166e4c067ee4b0e8
5198,llama-3.2-3b-instruct,100.0,tablereformat,data_analysis,dbc100e6b17f59547b155762e53564c1d30e21197f86780b166e4c067ee4b0e8
5199,mistral-24b,100.0,tablereformat,data_analysis,dbc100e6b17f59547b155762e53564c1d30e21197f86780b166e4c067ee4b0e8
5200,mistral-7b,0.0,tablereformat,data_analysis,dbc100e6b17f59547b155762e53564c1d30e21197f86780b166e4c067ee4b0e8
5201,qwen-2.5-3b-instruct,0.0,tablereformat,data_analysis,dbc100e6b17f59547b155762e53564c1d30e21197f86780b166e4c067ee4b0e8
5202,qwen-32b,0.0,tablereformat,data_analysis,dbc100e6b17f59547b155762e53564c1d30e21197f86780b166e4c067ee4b0e8
5203,gemma-3-12b-it,100.0,tablereformat,data_analysis,e114ea800daa6938bd7bbc29c6fde32844324662764b5cb63d7e4e78c3b66c65
5204,gemma-3-1b-it,0.0,tablereformat,data_analysis,e114ea800daa6938bd7bbc29c6fde32844324662764b5cb63d7e4e78c3b66c65
5205,gemma-3-4b-it,100.0,tablereformat,data_analysis,e114ea800daa6938bd7bbc29c6fde32844324662764b5cb63d7e4e78c3b66c65
5206,llama-3.1-70b-instruct,100.0,tablereformat,data_analysis,e114ea800daa6938bd7bbc29c6fde32844324662764b5cb63d7e4e78c3b66c65
5207,llama-3.1-8b-instruct,100.0,tablereformat,data_analysis,e114ea800daa6938bd7bbc29c6fde32844324662764b5cb63d7e4e78c3b66c65
5208,llama-3.2-1b-instruct,0.0,tablereformat,data_analysis,e114ea800daa6938bd7bbc29c6fde32844324662764b5cb63d7e4e78c3b66c65
5209,llama-3.2-3b-instruct,100.0,tablereformat,data_analysis,e114ea800daa6938bd7bbc29c6fde32844324662764b5cb63d7e4e78c3b66c65
5210,mistral-24b,100.0,tablereformat,data_analysis,e114ea800daa6938bd7bbc29c6fde32844324662764b5cb63d7e4e78c3b66c65
5211,mistral-7b,100.0,tablereformat,data_analysis,e114ea800daa6938bd7bbc29c6fde32844324662764b5cb63d7e4e78c3b66c65
5212,qwen-2.5-3b-instruct,0.0,tablereformat,data_analysis,e114ea800daa6938bd7bbc29c6fde32844324662764b5cb63d7e4e78c3b66c65
5213,qwen-32b,100.0,tablereformat,data_analysis,e114ea800daa6938bd7bbc29c6fde32844324662764b5cb63d7e4e78c3b66c65
5214,gemma-3-12b-it,100.0,tablereformat,data_analysis,e321ff8846ddd951d029b63efd6f0cdadb5b6daae266e3b21a6f3e805faf75e4
5215,gemma-3-1b-it,0.0,tablereformat,data_analysis,e321ff8846ddd951d029b63efd6f0cdadb5b6daae266e3b21a6f3e805faf75e4
5216,gemma-3-4b-it,100.0,tablereformat,data_analysis,e321ff8846ddd951d029b63efd6f0cdadb5b6daae266e3b21a6f3e805faf75e4
5217,llama-3.1-70b-instruct,0.0,tablereformat,data_analysis,e321ff8846ddd951d029b63efd6f0cdadb5b6daae266e3b21a6f3e805faf75e4
5218,llama-3.1-8b-instruct,100.0,tablereformat,data_analysis,e321ff8846ddd951d029b63efd6f0cdadb5b6daae266e3b21a6f3e805faf75e4
5219,llama-3.2-1b-instruct,0.0,tablereformat,data_analysis,e321ff8846ddd951d029b63efd6f0cdadb5b6daae266e3b21a6f3e805faf75e4
5220,llama-3.2-3b-instruct,0.0,tablereformat,data_analysis,e321ff8846ddd951d029b63efd6f0cdadb5b6daae266e3b21a6f3e805faf75e4
5221,mistral-24b,100.0,tablereformat,data_analysis,e321ff8846ddd951d029b63efd6f0cdadb5b6daae266e3b21a6f3e805faf75e4
5222,mistral-7b,0.0,tablereformat,data_analysis,e321ff8846ddd951d029b63efd6f0cdadb5b6daae266e3b21a6f3e805faf75e4
5223,qwen-2.5-3b-instruct,0.0,tablereformat,data_analysis,e321ff8846ddd951d029b63efd6f0cdadb5b6daae266e3b21a6f3e805faf75e4
5224,qwen-32b,100.0,tablereformat,data_analysis,e321ff8846ddd951d029b63efd6f0cdadb5b6daae266e3b21a6f3e805faf75e4
5225,gemma-3-12b-it,100.0,tablereformat,data_analysis,e852443f6993386ec44106f68bee0f7f278cfd9fb116228e55a50713257692b2
5226,gemma-3-1b-it,0.0,tablereformat,data_analysis,e852443f6993386ec44106f68bee0f7f278cfd9fb116228e55a50713257692b2
5227,gemma-3-4b-it,0.0,tablereformat,data_analysis,e852443f6993386ec44106f68bee0f7f278cfd9fb116228e55a50713257692b2
5228,llama-3.1-70b-instruct,100.0,tablereformat,data_analysis,e852443f6993386ec44106f68bee0f7f278cfd9fb116228e55a50713257692b2
5229,llama-3.1-8b-instruct,100.0,tablereformat,data_analysis,e852443f6993386ec44106f68bee0f7f278cfd9fb116228e55a50713257692b2
5230,llama-3.2-1b-instruct,0.0,tablereformat,data_analysis,e852443f6993386ec44106f68bee0f7f278cfd9fb116228e55a50713257692b2
5231,llama-3.2-3b-instruct,0.0,tablereformat,data_analysis,e852443f6993386ec44106f68bee0f7f278cfd9fb116228e55a50713257692b2
5232,mistral-24b,100.0,tablereformat,data_analysis,e852443f6993386ec44106f68bee0f7f278cfd9fb116228e55a50713257692b2
5233,mistral-7b,0.0,tablereformat,data_analysis,e852443f6993386ec44106f68bee0f7f278cfd9fb116228e55a50713257692b2
5234,qwen-2.5-3b-instruct,0.0,tablereformat,data_analysis,e852443f6993386ec44106f68bee0f7f278cfd9fb116228e55a50713257692b2
5235,qwen-32b,0.0,tablereformat,data_analysis,e852443f6993386ec44106f68bee0f7f278cfd9fb116228e55a50713257692b2
5236,gemma-3-12b-it,100.0,tablereformat,data_analysis,eb8aebddc3e1eff35a92de9e8306dfcfebd25201eefda2921b830226b5347dc5
5237,gemma-3-1b-it,100.0,tablereformat,data_analysis,eb8aebddc3e1eff35a92de9e8306dfcfebd25201eefda2921b830226b5347dc5
5238,gemma-3-4b-it,100.0,tablereformat,data_analysis,eb8aebddc3e1eff35a92de9e8306dfcfebd25201eefda2921b830226b5347dc5
5239,llama-3.1-70b-instruct,0.0,tablereformat,data_analysis,eb8aebddc3e1eff35a92de9e8306dfcfebd25201eefda2921b830226b5347dc5
5240,llama-3.1-8b-instruct,0.0,tablereformat,data_analysis,eb8aebddc3e1eff35a92de9e8306dfcfebd25201eefda2921b830226b5347dc5
5241,llama-3.2-1b-instruct,100.0,tablereformat,data_analysis,eb8aebddc3e1eff35a92de9e8306dfcfebd25201eefda2921b830226b5347dc5
5242,llama-3.2-3b-instruct,0.0,tablereformat,data_analysis,eb8aebddc3e1eff35a92de9e8306dfcfebd25201eefda2921b830226b5347dc5
5243,mistral-24b,0.0,tablereformat,data_analysis,eb8aebddc3e1eff35a92de9e8306dfcfebd25201eefda2921b830226b5347dc5
5244,mistral-7b,0.0,tablereformat,data_analysis,eb8aebddc3e1eff35a92de9e8306dfcfebd25201eefda2921b830226b5347dc5
5245,qwen-2.5-3b-instruct,0.0,tablereformat,data_analysis,eb8aebddc3e1eff35a92de9e8306dfcfebd25201eefda2921b830226b5347dc5
5246,qwen-32b,0.0,tablereformat,data_analysis,eb8aebddc3e1eff35a92de9e8306dfcfebd25201eefda2921b830226b5347dc5
5247,gemma-3-12b-it,100.0,tablereformat,data_analysis,ed3a1cf09c7eefe66d4775384c633a1bbc48f09a7d2257028362479f057d7e3e
5248,gemma-3-1b-it,100.0,tablereformat,data_analysis,ed3a1cf09c7eefe66d4775384c633a1bbc48f09a7d2257028362479f057d7e3e
5249,gemma-3-4b-it,0.0,tablereformat,data_analysis,ed3a1cf09c7eefe66d4775384c633a1bbc48f09a7d2257028362479f057d7e3e
5250,llama-3.1-70b-instruct,100.0,tablereformat,data_analysis,ed3a1cf09c7eefe66d4775384c633a1bbc48f09a7d2257028362479f057d7e3e
5251,llama-3.1-8b-instruct,100.0,tablereformat,data_analysis,ed3a1cf09c7eefe66d4775384c633a1bbc48f09a7d2257028362479f057d7e3e
5252,llama-3.2-1b-instruct,0.0,tablereformat,data_analysis,ed3a1cf09c7eefe66d4775384c633a1bbc48f09a7d2257028362479f057d7e3e
5253,llama-3.2-3b-instruct,100.0,tablereformat,data_analysis,ed3a1cf09c7eefe66d4775384c633a1bbc48f09a7d2257028362479f057d7e3e
5254,mistral-24b,100.0,tablereformat,data_analysis,ed3a1cf09c7eefe66d4775384c633a1bbc48f09a7d2257028362479f057d7e3e
5255,mistral-7b,100.0,tablereformat,data_analysis,ed3a1cf09c7eefe66d4775384c633a1bbc48f09a7d2257028362479f057d7e3e
5256,qwen-2.5-3b-instruct,100.0,tablereformat,data_analysis,ed3a1cf09c7eefe66d4775384c633a1bbc48f09a7d2257028362479f057d7e3e
5257,qwen-32b,100.0,tablereformat,data_analysis,ed3a1cf09c7eefe66d4775384c633a1bbc48f09a7d2257028362479f057d7e3e
5258,gemma-3-12b-it,100.0,tablereformat,data_analysis,ed588c8250de9be2b31be0bc4c7820f3fa97c6084f822bce03d324f20d4c228d
5259,gemma-3-1b-it,0.0,tablereformat,data_analysis,ed588c8250de9be2b31be0bc4c7820f3fa97c6084f822bce03d324f20d4c228d
5260,gemma-3-4b-it,100.0,tablereformat,data_analysis,ed588c8250de9be2b31be0bc4c7820f3fa97c6084f822bce03d324f20d4c228d
5261,llama-3.1-70b-instruct,100.0,tablereformat,data_analysis,ed588c8250de9be2b31be0bc4c7820f3fa97c6084f822bce03d324f20d4c228d
5262,llama-3.1-8b-instruct,0.0,tablereformat,data_analysis,ed588c8250de9be2b31be0bc4c7820f3fa97c6084f822bce03d324f20d4c228d
5263,llama-3.2-1b-instruct,0.0,tablereformat,data_analysis,ed588c8250de9be2b31be0bc4c7820f3fa97c6084f822bce03d324f20d4c228d
5264,llama-3.2-3b-instruct,0.0,tablereformat,data_analysis,ed588c8250de9be2b31be0bc4c7820f3fa97c6084f822bce03d324f20d4c228d
5265,mistral-24b,0.0,tablereformat,data_analysis,ed588c8250de9be2b31be0bc4c7820f3fa97c6084f822bce03d324f20d4c228d
5266,mistral-7b,0.0,tablereformat,data_analysis,ed588c8250de9be2b31be0bc4c7820f3fa97c6084f822bce03d324f20d4c228d
5267,qwen-2.5-3b-instruct,0.0,tablereformat,data_analysis,ed588c8250de9be2b31be0bc4c7820f3fa97c6084f822bce03d324f20d4c228d
5268,qwen-32b,100.0,tablereformat,data_analysis,ed588c8250de9be2b31be0bc4c7820f3fa97c6084f822bce03d324f20d4c228d
5269,gemma-3-12b-it,0.0,tablereformat,data_analysis,f2dcd6a353c4390c3d98c8d4ff03d778f00d0d6c6b9f8238af4f09f81f6d9924
5270,gemma-3-1b-it,0.0,tablereformat,data_analysis,f2dcd6a353c4390c3d98c8d4ff03d778f00d0d6c6b9f8238af4f09f81f6d9924
5271,gemma-3-4b-it,0.0,tablereformat,data_analysis,f2dcd6a353c4390c3d98c8d4ff03d778f00d0d6c6b9f8238af4f09f81f6d9924
5272,llama-3.1-70b-instruct,100.0,tablereformat,data_analysis,f2dcd6a353c4390c3d98c8d4ff03d778f00d0d6c6b9f8238af4f09f81f6d9924
5273,llama-3.1-8b-instruct,100.0,tablereformat,data_analysis,f2dcd6a353c4390c3d98c8d4ff03d778f00d0d6c6b9f8238af4f09f81f6d9924
5274,llama-3.2-1b-instruct,100.0,tablereformat,data_analysis,f2dcd6a353c4390c3d98c8d4ff03d778f00d0d6c6b9f8238af4f09f81f6d9924
5275,llama-3.2-3b-instruct,100.0,tablereformat,data_analysis,f2dcd6a353c4390c3d98c8d4ff03d778f00d0d6c6b9f8238af4f09f81f6d9924
5276,mistral-24b,0.0,tablereformat,data_analysis,f2dcd6a353c4390c3d98c8d4ff03d778f00d0d6c6b9f8238af4f09f81f6d9924
5277,mistral-7b,0.0,tablereformat,data_analysis,f2dcd6a353c4390c3d98c8d4ff03d778f00d0d6c6b9f8238af4f09f81f6d9924
5278,qwen-2.5-3b-instruct,100.0,tablereformat,data_analysis,f2dcd6a353c4390c3d98c8d4ff03d778f00d0d6c6b9f8238af4f09f81f6d9924
5279,qwen-32b,100.0,tablereformat,data_analysis,f2dcd6a353c4390c3d98c8d4ff03d778f00d0d6c6b9f8238af4f09f81f6d9924
5280,gemma-3-12b-it,100.0,tablereformat,data_analysis,f44bcc507aa7a438c07f435c70e687868c07af785cc257410780ff861c54c646
5281,gemma-3-1b-it,100.0,tablereformat,data_analysis,f44bcc507aa7a438c07f435c70e687868c07af785cc257410780ff861c54c646
5282,gemma-3-4b-it,100.0,tablereformat,data_analysis,f44bcc507aa7a438c07f435c70e687868c07af785cc257410780ff861c54c646
5283,llama-3.1-70b-instruct,100.0,tablereformat,data_analysis,f44bcc507aa7a438c07f435c70e687868c07af785cc257410780ff861c54c646
5284,llama-3.1-8b-instruct,100.0,tablereformat,data_analysis,f44bcc507aa7a438c07f435c70e687868c07af785cc257410780ff861c54c646
5285,llama-3.2-1b-instruct,100.0,tablereformat,data_analysis,f44bcc507aa7a438c07f435c70e687868c07af785cc257410780ff861c54c646
5286,llama-3.2-3b-instruct,0.0,tablereformat,data_analysis,f44bcc507aa7a438c07f435c70e687868c07af785cc257410780ff861c54c646
5287,mistral-24b,100.0,tablereformat,data_analysis,f44bcc507aa7a438c07f435c70e687868c07af785cc257410780ff861c54c646
5288,mistral-7b,0.0,tablereformat,data_analysis,f44bcc507aa7a438c07f435c70e687868c07af785cc257410780ff861c54c646
5289,qwen-2.5-3b-instruct,0.0,tablereformat,data_analysis,f44bcc507aa7a438c07f435c70e687868c07af785cc257410780ff861c54c646
5290,qwen-32b,100.0,tablereformat,data_analysis,f44bcc507aa7a438c07f435c70e687868c07af785cc257410780ff861c54c646
5291,gemma-3-12b-it,100.0,tablereformat,data_analysis,fe2193c57ea45001a4926fe79284b5a1405531d70f8ff5e5a4ebfeea8a79a10e
5292,gemma-3-1b-it,0.0,tablereformat,data_analysis,fe2193c57ea45001a4926fe79284b5a1405531d70f8ff5e5a4ebfeea8a79a10e
5293,gemma-3-4b-it,0.0,tablereformat,data_analysis,fe2193c57ea45001a4926fe79284b5a1405531d70f8ff5e5a4ebfeea8a79a10e
5294,llama-3.1-70b-instruct,100.0,tablereformat,data_analysis,fe2193c57ea45001a4926fe79284b5a1405531d70f8ff5e5a4ebfeea8a79a10e
5295,llama-3.1-8b-instruct,0.0,tablereformat,data_analysis,fe2193c57ea45001a4926fe79284b5a1405531d70f8ff5e5a4ebfeea8a79a10e
5296,llama-3.2-1b-instruct,0.0,tablereformat,data_analysis,fe2193c57ea45001a4926fe79284b5a1405531d70f8ff5e5a4ebfeea8a79a10e
5297,llama-3.2-3b-instruct,0.0,tablereformat,data_analysis,fe2193c57ea45001a4926fe79284b5a1405531d70f8ff5e5a4ebfeea8a79a10e
5298,mistral-24b,100.0,tablereformat,data_analysis,fe2193c57ea45001a4926fe79284b5a1405531d70f8ff5e5a4ebfeea8a79a10e
5299,mistral-7b,0.0,tablereformat,data_analysis,fe2193c57ea45001a4926fe79284b5a1405531d70f8ff5e5a4ebfeea8a79a10e
5300,qwen-2.5-3b-instruct,100.0,tablereformat,data_analysis,fe2193c57ea45001a4926fe79284b5a1405531d70f8ff5e5a4ebfeea8a79a10e
5301,qwen-32b,100.0,tablereformat,data_analysis,fe2193c57ea45001a4926fe79284b5a1405531d70f8ff5e5a4ebfeea8a79a10e
5302,gemma-3-12b-it,0.0,tablejoin,data_analysis,01fc14e123214c67cbf235824d1ec952a825d5f78464ecc18fb9609c2781f50c
5303,gemma-3-1b-it,0.0,tablejoin,data_analysis,01fc14e123214c67cbf235824d1ec952a825d5f78464ecc18fb9609c2781f50c
5304,gemma-3-4b-it,0.0,tablejoin,data_analysis,01fc14e123214c67cbf235824d1ec952a825d5f78464ecc18fb9609c2781f50c
5305,llama-3.1-70b-instruct,0.0,tablejoin,data_analysis,01fc14e123214c67cbf235824d1ec952a825d5f78464ecc18fb9609c2781f50c
5306,llama-3.1-8b-instruct,0.0,tablejoin,data_analysis,01fc14e123214c67cbf235824d1ec952a825d5f78464ecc18fb9609c2781f50c
5307,llama-3.2-1b-instruct,0.0,tablejoin,data_analysis,01fc14e123214c67cbf235824d1ec952a825d5f78464ecc18fb9609c2781f50c
5308,llama-3.2-3b-instruct,0.0,tablejoin,data_analysis,01fc14e123214c67cbf235824d1ec952a825d5f78464ecc18fb9609c2781f50c
5309,mistral-24b,0.0,tablejoin,data_analysis,01fc14e123214c67cbf235824d1ec952a825d5f78464ecc18fb9609c2781f50c
5310,mistral-7b,0.0,tablejoin,data_analysis,01fc14e123214c67cbf235824d1ec952a825d5f78464ecc18fb9609c2781f50c
5311,qwen-2.5-3b-instruct,0.0,tablejoin,data_analysis,01fc14e123214c67cbf235824d1ec952a825d5f78464ecc18fb9609c2781f50c
5312,qwen-32b,100.0,tablejoin,data_analysis,01fc14e123214c67cbf235824d1ec952a825d5f78464ecc18fb9609c2781f50c
5313,gemma-3-12b-it,0.0,tablejoin,data_analysis,04ba0a2b8fe86cdd255723961356723f6de221cbe6bbc7af4b9ac93d45cd40ec
5314,gemma-3-1b-it,0.0,tablejoin,data_analysis,04ba0a2b8fe86cdd255723961356723f6de221cbe6bbc7af4b9ac93d45cd40ec
5315,gemma-3-4b-it,0.0,tablejoin,data_analysis,04ba0a2b8fe86cdd255723961356723f6de221cbe6bbc7af4b9ac93d45cd40ec
5316,llama-3.1-70b-instruct,25.0,tablejoin,data_analysis,04ba0a2b8fe86cdd255723961356723f6de221cbe6bbc7af4b9ac93d45cd40ec
5317,llama-3.1-8b-instruct,0.0,tablejoin,data_analysis,04ba0a2b8fe86cdd255723961356723f6de221cbe6bbc7af4b9ac93d45cd40ec
5318,llama-3.2-1b-instruct,0.0,tablejoin,data_analysis,04ba0a2b8fe86cdd255723961356723f6de221cbe6bbc7af4b9ac93d45cd40ec
5319,llama-3.2-3b-instruct,12.0,tablejoin,data_analysis,04ba0a2b8fe86cdd255723961356723f6de221cbe6bbc7af4b9ac93d45cd40ec
5320,mistral-24b,15.0,tablejoin,data_analysis,04ba0a2b8fe86cdd255723961356723f6de221cbe6bbc7af4b9ac93d45cd40ec
5321,mistral-7b,0.0,tablejoin,data_analysis,04ba0a2b8fe86cdd255723961356723f6de221cbe6bbc7af4b9ac93d45cd40ec
5322,qwen-2.5-3b-instruct,15.0,tablejoin,data_analysis,04ba0a2b8fe86cdd255723961356723f6de221cbe6bbc7af4b9ac93d45cd40ec
5323,qwen-32b,25.0,tablejoin,data_analysis,04ba0a2b8fe86cdd255723961356723f6de221cbe6bbc7af4b9ac93d45cd40ec
5324,gemma-3-12b-it,17.0,tablejoin,data_analysis,0764131eaf30bb8af36ad749f144da01c0113b1cee00092dde2919287df2ba78
5325,gemma-3-1b-it,0.0,tablejoin,data_analysis,0764131eaf30bb8af36ad749f144da01c0113b1cee00092dde2919287df2ba78
5326,gemma-3-4b-it,0.0,tablejoin,data_analysis,0764131eaf30bb8af36ad749f144da01c0113b1cee00092dde2919287df2ba78
5327,llama-3.1-70b-instruct,40.0,tablejoin,data_analysis,0764131eaf30bb8af36ad749f144da01c0113b1cee00092dde2919287df2ba78
5328,llama-3.1-8b-instruct,0.0,tablejoin,data_analysis,0764131eaf30bb8af36ad749f144da01c0113b1cee00092dde2919287df2ba78
5329,llama-3.2-1b-instruct,0.0,tablejoin,data_analysis,0764131eaf30bb8af36ad749f144da01c0113b1cee00092dde2919287df2ba78
5330,llama-3.2-3b-instruct,0.0,tablejoin,data_analysis,0764131eaf30bb8af36ad749f144da01c0113b1cee00092dde2919287df2ba78
5331,mistral-24b,17.0,tablejoin,data_analysis,0764131eaf30bb8af36ad749f144da01c0113b1cee00092dde2919287df2ba78
5332,mistral-7b,0.0,tablejoin,data_analysis,0764131eaf30bb8af36ad749f144da01c0113b1cee00092dde2919287df2ba78
5333,qwen-2.5-3b-instruct,0.0,tablejoin,data_analysis,0764131eaf30bb8af36ad749f144da01c0113b1cee00092dde2919287df2ba78
5334,qwen-32b,0.0,tablejoin,data_analysis,0764131eaf30bb8af36ad749f144da01c0113b1cee00092dde2919287df2ba78
5335,gemma-3-12b-it,0.0,tablejoin,data_analysis,0bf086ff674cfda54c0293a3ae03a3720d2d1cb755748cc4800d43b375d20a3c
5336,gemma-3-1b-it,0.0,tablejoin,data_analysis,0bf086ff674cfda54c0293a3ae03a3720d2d1cb755748cc4800d43b375d20a3c
5337,gemma-3-4b-it,0.0,tablejoin,data_analysis,0bf086ff674cfda54c0293a3ae03a3720d2d1cb755748cc4800d43b375d20a3c
5338,llama-3.1-70b-instruct,0.0,tablejoin,data_analysis,0bf086ff674cfda54c0293a3ae03a3720d2d1cb755748cc4800d43b375d20a3c
5339,llama-3.1-8b-instruct,0.0,tablejoin,data_analysis,0bf086ff674cfda54c0293a3ae03a3720d2d1cb755748cc4800d43b375d20a3c
5340,llama-3.2-1b-instruct,0.0,tablejoin,data_analysis,0bf086ff674cfda54c0293a3ae03a3720d2d1cb755748cc4800d43b375d20a3c
5341,llama-3.2-3b-instruct,0.0,tablejoin,data_analysis,0bf086ff674cfda54c0293a3ae03a3720d2d1cb755748cc4800d43b375d20a3c
5342,mistral-24b,0.0,tablejoin,data_analysis,0bf086ff674cfda54c0293a3ae03a3720d2d1cb755748cc4800d43b375d20a3c
5343,mistral-7b,0.0,tablejoin,data_analysis,0bf086ff674cfda54c0293a3ae03a3720d2d1cb755748cc4800d43b375d20a3c
5344,qwen-2.5-3b-instruct,0.0,tablejoin,data_analysis,0bf086ff674cfda54c0293a3ae03a3720d2d1cb755748cc4800d43b375d20a3c
5345,qwen-32b,0.0,tablejoin,data_analysis,0bf086ff674cfda54c0293a3ae03a3720d2d1cb755748cc4800d43b375d20a3c
5346,gemma-3-12b-it,0.0,tablejoin,data_analysis,10047d040ef1e563f1db3278979d56d1182617b3484c63ed53a388a0d006a7e4
5347,gemma-3-1b-it,0.0,tablejoin,data_analysis,10047d040ef1e563f1db3278979d56d1182617b3484c63ed53a388a0d006a7e4
5348,gemma-3-4b-it,12.0,tablejoin,data_analysis,10047d040ef1e563f1db3278979d56d1182617b3484c63ed53a388a0d006a7e4
5349,llama-3.1-70b-instruct,40.0,tablejoin,data_analysis,10047d040ef1e563f1db3278979d56d1182617b3484c63ed53a388a0d006a7e4
5350,llama-3.1-8b-instruct,0.0,tablejoin,data_analysis,10047d040ef1e563f1db3278979d56d1182617b3484c63ed53a388a0d006a7e4
5351,llama-3.2-1b-instruct,0.0,tablejoin,data_analysis,10047d040ef1e563f1db3278979d56d1182617b3484c63ed53a388a0d006a7e4
5352,llama-3.2-3b-instruct,2.0,tablejoin,data_analysis,10047d040ef1e563f1db3278979d56d1182617b3484c63ed53a388a0d006a7e4
5353,mistral-24b,13.0,tablejoin,data_analysis,10047d040ef1e563f1db3278979d56d1182617b3484c63ed53a388a0d006a7e4
5354,mistral-7b,14.000000000000002,tablejoin,data_analysis,10047d040ef1e563f1db3278979d56d1182617b3484c63ed53a388a0d006a7e4
5355,qwen-2.5-3b-instruct,0.0,tablejoin,data_analysis,10047d040ef1e563f1db3278979d56d1182617b3484c63ed53a388a0d006a7e4
5356,qwen-32b,83.0,tablejoin,data_analysis,10047d040ef1e563f1db3278979d56d1182617b3484c63ed53a388a0d006a7e4
5357,gemma-3-12b-it,0.0,tablejoin,data_analysis,140b7ab87b7be33e80fff3cfc052077d34cc51b5038c1c390cfb9780ad948c04
5358,gemma-3-1b-it,0.0,tablejoin,data_analysis,140b7ab87b7be33e80fff3cfc052077d34cc51b5038c1c390cfb9780ad948c04
5359,gemma-3-4b-it,14.000000000000002,tablejoin,data_analysis,140b7ab87b7be33e80fff3cfc052077d34cc51b5038c1c390cfb9780ad948c04
5360,llama-3.1-70b-instruct,25.0,tablejoin,data_analysis,140b7ab87b7be33e80fff3cfc052077d34cc51b5038c1c390cfb9780ad948c04
5361,llama-3.1-8b-instruct,0.0,tablejoin,data_analysis,140b7ab87b7be33e80fff3cfc052077d34cc51b5038c1c390cfb9780ad948c04
5362,llama-3.2-1b-instruct,0.0,tablejoin,data_analysis,140b7ab87b7be33e80fff3cfc052077d34cc51b5038c1c390cfb9780ad948c04
5363,llama-3.2-3b-instruct,0.0,tablejoin,data_analysis,140b7ab87b7be33e80fff3cfc052077d34cc51b5038c1c390cfb9780ad948c04
5364,mistral-24b,0.0,tablejoin,data_analysis,140b7ab87b7be33e80fff3cfc052077d34cc51b5038c1c390cfb9780ad948c04
5365,mistral-7b,0.0,tablejoin,data_analysis,140b7ab87b7be33e80fff3cfc052077d34cc51b5038c1c390cfb9780ad948c04
5366,qwen-2.5-3b-instruct,0.0,tablejoin,data_analysis,140b7ab87b7be33e80fff3cfc052077d34cc51b5038c1c390cfb9780ad948c04
5367,qwen-32b,33.0,tablejoin,data_analysis,140b7ab87b7be33e80fff3cfc052077d34cc51b5038c1c390cfb9780ad948c04
5368,gemma-3-12b-it,0.0,tablejoin,data_analysis,145cfcc10c148be13cc52c96a77611ff6fa5a2b2f756b7f8f9bc0220404a83d7
5369,gemma-3-1b-it,0.0,tablejoin,data_analysis,145cfcc10c148be13cc52c96a77611ff6fa5a2b2f756b7f8f9bc0220404a83d7
5370,gemma-3-4b-it,0.0,tablejoin,data_analysis,145cfcc10c148be13cc52c96a77611ff6fa5a2b2f756b7f8f9bc0220404a83d7
5371,llama-3.1-70b-instruct,0.0,tablejoin,data_analysis,145cfcc10c148be13cc52c96a77611ff6fa5a2b2f756b7f8f9bc0220404a83d7
5372,llama-3.1-8b-instruct,0.0,tablejoin,data_analysis,145cfcc10c148be13cc52c96a77611ff6fa5a2b2f756b7f8f9bc0220404a83d7
5373,llama-3.2-1b-instruct,0.0,tablejoin,data_analysis,145cfcc10c148be13cc52c96a77611ff6fa5a2b2f756b7f8f9bc0220404a83d7
5374,llama-3.2-3b-instruct,0.0,tablejoin,data_analysis,145cfcc10c148be13cc52c96a77611ff6fa5a2b2f756b7f8f9bc0220404a83d7
5375,mistral-24b,0.0,tablejoin,data_analysis,145cfcc10c148be13cc52c96a77611ff6fa5a2b2f756b7f8f9bc0220404a83d7
5376,mistral-7b,0.0,tablejoin,data_analysis,145cfcc10c148be13cc52c96a77611ff6fa5a2b2f756b7f8f9bc0220404a83d7
5377,qwen-2.5-3b-instruct,0.0,tablejoin,data_analysis,145cfcc10c148be13cc52c96a77611ff6fa5a2b2f756b7f8f9bc0220404a83d7
5378,qwen-32b,0.0,tablejoin,data_analysis,145cfcc10c148be13cc52c96a77611ff6fa5a2b2f756b7f8f9bc0220404a83d7
5379,gemma-3-12b-it,0.0,tablejoin,data_analysis,1555bac3606cf98dc257767598c8a85738893f74b07a0a7f2d150751d0ab4939
5380,gemma-3-1b-it,0.0,tablejoin,data_analysis,1555bac3606cf98dc257767598c8a85738893f74b07a0a7f2d150751d0ab4939
5381,gemma-3-4b-it,67.0,tablejoin,data_analysis,1555bac3606cf98dc257767598c8a85738893f74b07a0a7f2d150751d0ab4939
5382,llama-3.1-70b-instruct,100.0,tablejoin,data_analysis,1555bac3606cf98dc257767598c8a85738893f74b07a0a7f2d150751d0ab4939
5383,llama-3.1-8b-instruct,0.0,tablejoin,data_analysis,1555bac3606cf98dc257767598c8a85738893f74b07a0a7f2d150751d0ab4939
5384,llama-3.2-1b-instruct,67.0,tablejoin,data_analysis,1555bac3606cf98dc257767598c8a85738893f74b07a0a7f2d150751d0ab4939
5385,llama-3.2-3b-instruct,50.0,tablejoin,data_analysis,1555bac3606cf98dc257767598c8a85738893f74b07a0a7f2d150751d0ab4939
5386,mistral-24b,67.0,tablejoin,data_analysis,1555bac3606cf98dc257767598c8a85738893f74b07a0a7f2d150751d0ab4939
5387,mistral-7b,67.0,tablejoin,data_analysis,1555bac3606cf98dc257767598c8a85738893f74b07a0a7f2d150751d0ab4939
5388,qwen-2.5-3b-instruct,67.0,tablejoin,data_analysis,1555bac3606cf98dc257767598c8a85738893f74b07a0a7f2d150751d0ab4939
5389,qwen-32b,100.0,tablejoin,data_analysis,1555bac3606cf98dc257767598c8a85738893f74b07a0a7f2d150751d0ab4939
5390,gemma-3-12b-it,22.0,tablejoin,data_analysis,1620e3381c6b9ba1ff0bcde15d816ec23ce445e1de6ed45de56ca41b0d1ae855
5391,gemma-3-1b-it,0.0,tablejoin,data_analysis,1620e3381c6b9ba1ff0bcde15d816ec23ce445e1de6ed45de56ca41b0d1ae855
5392,gemma-3-4b-it,22.0,tablejoin,data_analysis,1620e3381c6b9ba1ff0bcde15d816ec23ce445e1de6ed45de56ca41b0d1ae855
5393,llama-3.1-70b-instruct,0.0,tablejoin,data_analysis,1620e3381c6b9ba1ff0bcde15d816ec23ce445e1de6ed45de56ca41b0d1ae855
5394,llama-3.1-8b-instruct,0.0,tablejoin,data_analysis,1620e3381c6b9ba1ff0bcde15d816ec23ce445e1de6ed45de56ca41b0d1ae855
5395,llama-3.2-1b-instruct,0.0,tablejoin,data_analysis,1620e3381c6b9ba1ff0bcde15d816ec23ce445e1de6ed45de56ca41b0d1ae855
5396,llama-3.2-3b-instruct,18.0,tablejoin,data_analysis,1620e3381c6b9ba1ff0bcde15d816ec23ce445e1de6ed45de56ca41b0d1ae855
5397,mistral-24b,18.0,tablejoin,data_analysis,1620e3381c6b9ba1ff0bcde15d816ec23ce445e1de6ed45de56ca41b0d1ae855
5398,mistral-7b,0.0,tablejoin,data_analysis,1620e3381c6b9ba1ff0bcde15d816ec23ce445e1de6ed45de56ca41b0d1ae855
5399,qwen-2.5-3b-instruct,0.0,tablejoin,data_analysis,1620e3381c6b9ba1ff0bcde15d816ec23ce445e1de6ed45de56ca41b0d1ae855
5400,qwen-32b,28.999999999999996,tablejoin,data_analysis,1620e3381c6b9ba1ff0bcde15d816ec23ce445e1de6ed45de56ca41b0d1ae855
5401,gemma-3-12b-it,0.0,tablejoin,data_analysis,27da7f0ed5df368fa2d311fe3be17bbece8769109b41fc6e7768706d5d26f662
5402,gemma-3-1b-it,0.0,tablejoin,data_analysis,27da7f0ed5df368fa2d311fe3be17bbece8769109b41fc6e7768706d5d26f662
5403,gemma-3-4b-it,0.0,tablejoin,data_analysis,27da7f0ed5df368fa2d311fe3be17bbece8769109b41fc6e7768706d5d26f662
5404,llama-3.1-70b-instruct,20.0,tablejoin,data_analysis,27da7f0ed5df368fa2d311fe3be17bbece8769109b41fc6e7768706d5d26f662
5405,llama-3.1-8b-instruct,0.0,tablejoin,data_analysis,27da7f0ed5df368fa2d311fe3be17bbece8769109b41fc6e7768706d5d26f662
5406,llama-3.2-1b-instruct,0.0,tablejoin,data_analysis,27da7f0ed5df368fa2d311fe3be17bbece8769109b41fc6e7768706d5d26f662
5407,llama-3.2-3b-instruct,0.0,tablejoin,data_analysis,27da7f0ed5df368fa2d311fe3be17bbece8769109b41fc6e7768706d5d26f662
5408,mistral-24b,0.0,tablejoin,data_analysis,27da7f0ed5df368fa2d311fe3be17bbece8769109b41fc6e7768706d5d26f662
5409,mistral-7b,0.0,tablejoin,data_analysis,27da7f0ed5df368fa2d311fe3be17bbece8769109b41fc6e7768706d5d26f662
5410,qwen-2.5-3b-instruct,13.0,tablejoin,data_analysis,27da7f0ed5df368fa2d311fe3be17bbece8769109b41fc6e7768706d5d26f662
5411,qwen-32b,67.0,tablejoin,data_analysis,27da7f0ed5df368fa2d311fe3be17bbece8769109b41fc6e7768706d5d26f662
5412,gemma-3-12b-it,0.0,tablejoin,data_analysis,2e645a9a481f16ce14b5d069b62520852babd3b55383e00a75f675707088fddc
5413,gemma-3-1b-it,0.0,tablejoin,data_analysis,2e645a9a481f16ce14b5d069b62520852babd3b55383e00a75f675707088fddc
5414,gemma-3-4b-it,0.0,tablejoin,data_analysis,2e645a9a481f16ce14b5d069b62520852babd3b55383e00a75f675707088fddc
5415,llama-3.1-70b-instruct,0.0,tablejoin,data_analysis,2e645a9a481f16ce14b5d069b62520852babd3b55383e00a75f675707088fddc
5416,llama-3.1-8b-instruct,0.0,tablejoin,data_analysis,2e645a9a481f16ce14b5d069b62520852babd3b55383e00a75f675707088fddc
5417,llama-3.2-1b-instruct,0.0,tablejoin,data_analysis,2e645a9a481f16ce14b5d069b62520852babd3b55383e00a75f675707088fddc
5418,llama-3.2-3b-instruct,0.0,tablejoin,data_analysis,2e645a9a481f16ce14b5d069b62520852babd3b55383e00a75f675707088fddc
5419,mistral-24b,0.0,tablejoin,data_analysis,2e645a9a481f16ce14b5d069b62520852babd3b55383e00a75f675707088fddc
5420,mistral-7b,0.0,tablejoin,data_analysis,2e645a9a481f16ce14b5d069b62520852babd3b55383e00a75f675707088fddc
5421,qwen-2.5-3b-instruct,0.0,tablejoin,data_analysis,2e645a9a481f16ce14b5d069b62520852babd3b55383e00a75f675707088fddc
5422,qwen-32b,0.0,tablejoin,data_analysis,2e645a9a481f16ce14b5d069b62520852babd3b55383e00a75f675707088fddc
5423,gemma-3-12b-it,18.0,tablejoin,data_analysis,2f1500d37ffd0e42cd2c89c04011cbbf5dd6b1f71f495156b016a967270cdded
5424,gemma-3-1b-it,0.0,tablejoin,data_analysis,2f1500d37ffd0e42cd2c89c04011cbbf5dd6b1f71f495156b016a967270cdded
5425,gemma-3-4b-it,0.0,tablejoin,data_analysis,2f1500d37ffd0e42cd2c89c04011cbbf5dd6b1f71f495156b016a967270cdded
5426,llama-3.1-70b-instruct,77.0,tablejoin,data_analysis,2f1500d37ffd0e42cd2c89c04011cbbf5dd6b1f71f495156b016a967270cdded
5427,llama-3.1-8b-instruct,0.0,tablejoin,data_analysis,2f1500d37ffd0e42cd2c89c04011cbbf5dd6b1f71f495156b016a967270cdded
5428,llama-3.2-1b-instruct,0.0,tablejoin,data_analysis,2f1500d37ffd0e42cd2c89c04011cbbf5dd6b1f71f495156b016a967270cdded
5429,llama-3.2-3b-instruct,0.0,tablejoin,data_analysis,2f1500d37ffd0e42cd2c89c04011cbbf5dd6b1f71f495156b016a967270cdded
5430,mistral-24b,46.0,tablejoin,data_analysis,2f1500d37ffd0e42cd2c89c04011cbbf5dd6b1f71f495156b016a967270cdded
5431,mistral-7b,0.0,tablejoin,data_analysis,2f1500d37ffd0e42cd2c89c04011cbbf5dd6b1f71f495156b016a967270cdded
5432,qwen-2.5-3b-instruct,36.0,tablejoin,data_analysis,2f1500d37ffd0e42cd2c89c04011cbbf5dd6b1f71f495156b016a967270cdded
5433,qwen-32b,46.0,tablejoin,data_analysis,2f1500d37ffd0e42cd2c89c04011cbbf5dd6b1f71f495156b016a967270cdded
5434,gemma-3-12b-it,0.0,tablejoin,data_analysis,31b308131501939d06a5af26b6e26500ab71fc1585a16324abda514a2276ed14
5435,gemma-3-1b-it,0.0,tablejoin,data_analysis,31b308131501939d06a5af26b6e26500ab71fc1585a16324abda514a2276ed14
5436,gemma-3-4b-it,0.0,tablejoin,data_analysis,31b308131501939d06a5af26b6e26500ab71fc1585a16324abda514a2276ed14
5437,llama-3.1-70b-instruct,0.0,tablejoin,data_analysis,31b308131501939d06a5af26b6e26500ab71fc1585a16324abda514a2276ed14
5438,llama-3.1-8b-instruct,0.0,tablejoin,data_analysis,31b308131501939d06a5af26b6e26500ab71fc1585a16324abda514a2276ed14
5439,llama-3.2-1b-instruct,0.0,tablejoin,data_analysis,31b308131501939d06a5af26b6e26500ab71fc1585a16324abda514a2276ed14
5440,llama-3.2-3b-instruct,0.0,tablejoin,data_analysis,31b308131501939d06a5af26b6e26500ab71fc1585a16324abda514a2276ed14
5441,mistral-24b,0.0,tablejoin,data_analysis,31b308131501939d06a5af26b6e26500ab71fc1585a16324abda514a2276ed14
5442,mistral-7b,0.0,tablejoin,data_analysis,31b308131501939d06a5af26b6e26500ab71fc1585a16324abda514a2276ed14
5443,qwen-2.5-3b-instruct,0.0,tablejoin,data_analysis,31b308131501939d06a5af26b6e26500ab71fc1585a16324abda514a2276ed14
5444,qwen-32b,20.0,tablejoin,data_analysis,31b308131501939d06a5af26b6e26500ab71fc1585a16324abda514a2276ed14
5445,gemma-3-12b-it,0.0,tablejoin,data_analysis,44953ce33916e7caae16bbce54fbd5a4e00d438924e5e53c0b5c5765ce5a583f
5446,gemma-3-1b-it,0.0,tablejoin,data_analysis,44953ce33916e7caae16bbce54fbd5a4e00d438924e5e53c0b5c5765ce5a583f
5447,gemma-3-4b-it,0.0,tablejoin,data_analysis,44953ce33916e7caae16bbce54fbd5a4e00d438924e5e53c0b5c5765ce5a583f
5448,llama-3.1-70b-instruct,0.0,tablejoin,data_analysis,44953ce33916e7caae16bbce54fbd5a4e00d438924e5e53c0b5c5765ce5a583f
5449,llama-3.1-8b-instruct,0.0,tablejoin,data_analysis,44953ce33916e7caae16bbce54fbd5a4e00d438924e5e53c0b5c5765ce5a583f
5450,llama-3.2-1b-instruct,0.0,tablejoin,data_analysis,44953ce33916e7caae16bbce54fbd5a4e00d438924e5e53c0b5c5765ce5a583f
5451,llama-3.2-3b-instruct,0.0,tablejoin,data_analysis,44953ce33916e7caae16bbce54fbd5a4e00d438924e5e53c0b5c5765ce5a583f
5452,mistral-24b,0.0,tablejoin,data_analysis,44953ce33916e7caae16bbce54fbd5a4e00d438924e5e53c0b5c5765ce5a583f
5453,mistral-7b,0.0,tablejoin,data_analysis,44953ce33916e7caae16bbce54fbd5a4e00d438924e5e53c0b5c5765ce5a583f
5454,qwen-2.5-3b-instruct,0.0,tablejoin,data_analysis,44953ce33916e7caae16bbce54fbd5a4e00d438924e5e53c0b5c5765ce5a583f
5455,qwen-32b,50.0,tablejoin,data_analysis,44953ce33916e7caae16bbce54fbd5a4e00d438924e5e53c0b5c5765ce5a583f
5456,gemma-3-12b-it,0.0,tablejoin,data_analysis,4840c0c5075383274db75d8610087c3a725f4be885832e5fa97a46933e7485ae
5457,gemma-3-1b-it,0.0,tablejoin,data_analysis,4840c0c5075383274db75d8610087c3a725f4be885832e5fa97a46933e7485ae
5458,gemma-3-4b-it,0.0,tablejoin,data_analysis,4840c0c5075383274db75d8610087c3a725f4be885832e5fa97a46933e7485ae
5459,llama-3.1-70b-instruct,0.0,tablejoin,data_analysis,4840c0c5075383274db75d8610087c3a725f4be885832e5fa97a46933e7485ae
5460,llama-3.1-8b-instruct,0.0,tablejoin,data_analysis,4840c0c5075383274db75d8610087c3a725f4be885832e5fa97a46933e7485ae
5461,llama-3.2-1b-instruct,0.0,tablejoin,data_analysis,4840c0c5075383274db75d8610087c3a725f4be885832e5fa97a46933e7485ae
5462,llama-3.2-3b-instruct,0.0,tablejoin,data_analysis,4840c0c5075383274db75d8610087c3a725f4be885832e5fa97a46933e7485ae
5463,mistral-24b,22.0,tablejoin,data_analysis,4840c0c5075383274db75d8610087c3a725f4be885832e5fa97a46933e7485ae
5464,mistral-7b,28.999999999999996,tablejoin,data_analysis,4840c0c5075383274db75d8610087c3a725f4be885832e5fa97a46933e7485ae
5465,qwen-2.5-3b-instruct,0.0,tablejoin,data_analysis,4840c0c5075383274db75d8610087c3a725f4be885832e5fa97a46933e7485ae
5466,qwen-32b,0.0,tablejoin,data_analysis,4840c0c5075383274db75d8610087c3a725f4be885832e5fa97a46933e7485ae
5467,gemma-3-12b-it,0.0,tablejoin,data_analysis,490dfdc0383f199c870aa7710499c4081c35ff3545415dab3904f64e7526a809
5468,gemma-3-1b-it,0.0,tablejoin,data_analysis,490dfdc0383f199c870aa7710499c4081c35ff3545415dab3904f64e7526a809
5469,gemma-3-4b-it,0.0,tablejoin,data_analysis,490dfdc0383f199c870aa7710499c4081c35ff3545415dab3904f64e7526a809
5470,llama-3.1-70b-instruct,0.0,tablejoin,data_analysis,490dfdc0383f199c870aa7710499c4081c35ff3545415dab3904f64e7526a809
5471,llama-3.1-8b-instruct,0.0,tablejoin,data_analysis,490dfdc0383f199c870aa7710499c4081c35ff3545415dab3904f64e7526a809
5472,llama-3.2-1b-instruct,0.0,tablejoin,data_analysis,490dfdc0383f199c870aa7710499c4081c35ff3545415dab3904f64e7526a809
5473,llama-3.2-3b-instruct,0.0,tablejoin,data_analysis,490dfdc0383f199c870aa7710499c4081c35ff3545415dab3904f64e7526a809
5474,mistral-24b,0.0,tablejoin,data_analysis,490dfdc0383f199c870aa7710499c4081c35ff3545415dab3904f64e7526a809
5475,mistral-7b,0.0,tablejoin,data_analysis,490dfdc0383f199c870aa7710499c4081c35ff3545415dab3904f64e7526a809
5476,qwen-2.5-3b-instruct,0.0,tablejoin,data_analysis,490dfdc0383f199c870aa7710499c4081c35ff3545415dab3904f64e7526a809
5477,qwen-32b,0.0,tablejoin,data_analysis,490dfdc0383f199c870aa7710499c4081c35ff3545415dab3904f64e7526a809
5478,gemma-3-12b-it,0.0,tablejoin,data_analysis,4d351c29bdddf5c41d59cd7bd1b70bb4d2ae2a071ada382d7690066b1cd7764c
5479,gemma-3-1b-it,0.0,tablejoin,data_analysis,4d351c29bdddf5c41d59cd7bd1b70bb4d2ae2a071ada382d7690066b1cd7764c
5480,gemma-3-4b-it,0.0,tablejoin,data_analysis,4d351c29bdddf5c41d59cd7bd1b70bb4d2ae2a071ada382d7690066b1cd7764c
5481,llama-3.1-70b-instruct,0.0,tablejoin,data_analysis,4d351c29bdddf5c41d59cd7bd1b70bb4d2ae2a071ada382d7690066b1cd7764c
5482,llama-3.1-8b-instruct,0.0,tablejoin,data_analysis,4d351c29bdddf5c41d59cd7bd1b70bb4d2ae2a071ada382d7690066b1cd7764c
5483,llama-3.2-1b-instruct,0.0,tablejoin,data_analysis,4d351c29bdddf5c41d59cd7bd1b70bb4d2ae2a071ada382d7690066b1cd7764c
5484,llama-3.2-3b-instruct,15.0,tablejoin,data_analysis,4d351c29bdddf5c41d59cd7bd1b70bb4d2ae2a071ada382d7690066b1cd7764c
5485,mistral-24b,22.0,tablejoin,data_analysis,4d351c29bdddf5c41d59cd7bd1b70bb4d2ae2a071ada382d7690066b1cd7764c
5486,mistral-7b,20.0,tablejoin,data_analysis,4d351c29bdddf5c41d59cd7bd1b70bb4d2ae2a071ada382d7690066b1cd7764c
5487,qwen-2.5-3b-instruct,0.0,tablejoin,data_analysis,4d351c29bdddf5c41d59cd7bd1b70bb4d2ae2a071ada382d7690066b1cd7764c
5488,qwen-32b,25.0,tablejoin,data_analysis,4d351c29bdddf5c41d59cd7bd1b70bb4d2ae2a071ada382d7690066b1cd7764c
5489,gemma-3-12b-it,0.0,tablejoin,data_analysis,5063b77b06647a10818a76a2feda884741860ca4ef5816ae4580babafea11fb0
5490,gemma-3-1b-it,0.0,tablejoin,data_analysis,5063b77b06647a10818a76a2feda884741860ca4ef5816ae4580babafea11fb0
5491,gemma-3-4b-it,25.0,tablejoin,data_analysis,5063b77b06647a10818a76a2feda884741860ca4ef5816ae4580babafea11fb0
5492,llama-3.1-70b-instruct,0.0,tablejoin,data_analysis,5063b77b06647a10818a76a2feda884741860ca4ef5816ae4580babafea11fb0
5493,llama-3.1-8b-instruct,0.0,tablejoin,data_analysis,5063b77b06647a10818a76a2feda884741860ca4ef5816ae4580babafea11fb0
5494,llama-3.2-1b-instruct,0.0,tablejoin,data_analysis,5063b77b06647a10818a76a2feda884741860ca4ef5816ae4580babafea11fb0
5495,llama-3.2-3b-instruct,0.0,tablejoin,data_analysis,5063b77b06647a10818a76a2feda884741860ca4ef5816ae4580babafea11fb0
5496,mistral-24b,0.0,tablejoin,data_analysis,5063b77b06647a10818a76a2feda884741860ca4ef5816ae4580babafea11fb0
5497,mistral-7b,0.0,tablejoin,data_analysis,5063b77b06647a10818a76a2feda884741860ca4ef5816ae4580babafea11fb0
5498,qwen-2.5-3b-instruct,0.0,tablejoin,data_analysis,5063b77b06647a10818a76a2feda884741860ca4ef5816ae4580babafea11fb0
5499,qwen-32b,86.0,tablejoin,data_analysis,5063b77b06647a10818a76a2feda884741860ca4ef5816ae4580babafea11fb0
5500,gemma-3-12b-it,0.0,tablejoin,data_analysis,519653e1054c2c48e303e4f8fb1fa2e5fe01d1fd1fb4d26fa45a33b5eb781a3c
5501,gemma-3-1b-it,0.0,tablejoin,data_analysis,519653e1054c2c48e303e4f8fb1fa2e5fe01d1fd1fb4d26fa45a33b5eb781a3c
5502,gemma-3-4b-it,0.0,tablejoin,data_analysis,519653e1054c2c48e303e4f8fb1fa2e5fe01d1fd1fb4d26fa45a33b5eb781a3c
5503,llama-3.1-70b-instruct,0.0,tablejoin,data_analysis,519653e1054c2c48e303e4f8fb1fa2e5fe01d1fd1fb4d26fa45a33b5eb781a3c
5504,llama-3.1-8b-instruct,0.0,tablejoin,data_analysis,519653e1054c2c48e303e4f8fb1fa2e5fe01d1fd1fb4d26fa45a33b5eb781a3c
5505,llama-3.2-1b-instruct,0.0,tablejoin,data_analysis,519653e1054c2c48e303e4f8fb1fa2e5fe01d1fd1fb4d26fa45a33b5eb781a3c
5506,llama-3.2-3b-instruct,0.0,tablejoin,data_analysis,519653e1054c2c48e303e4f8fb1fa2e5fe01d1fd1fb4d26fa45a33b5eb781a3c
5507,mistral-24b,13.0,tablejoin,data_analysis,519653e1054c2c48e303e4f8fb1fa2e5fe01d1fd1fb4d26fa45a33b5eb781a3c
5508,mistral-7b,0.0,tablejoin,data_analysis,519653e1054c2c48e303e4f8fb1fa2e5fe01d1fd1fb4d26fa45a33b5eb781a3c
5509,qwen-2.5-3b-instruct,0.0,tablejoin,data_analysis,519653e1054c2c48e303e4f8fb1fa2e5fe01d1fd1fb4d26fa45a33b5eb781a3c
5510,qwen-32b,0.0,tablejoin,data_analysis,519653e1054c2c48e303e4f8fb1fa2e5fe01d1fd1fb4d26fa45a33b5eb781a3c
5511,gemma-3-12b-it,0.0,tablejoin,data_analysis,52b2630e360ae523378662c58b554046d5086033761e830cee61d24e46850889
5512,gemma-3-1b-it,0.0,tablejoin,data_analysis,52b2630e360ae523378662c58b554046d5086033761e830cee61d24e46850889
5513,gemma-3-4b-it,0.0,tablejoin,data_analysis,52b2630e360ae523378662c58b554046d5086033761e830cee61d24e46850889
5514,llama-3.1-70b-instruct,0.0,tablejoin,data_analysis,52b2630e360ae523378662c58b554046d5086033761e830cee61d24e46850889
5515,llama-3.1-8b-instruct,0.0,tablejoin,data_analysis,52b2630e360ae523378662c58b554046d5086033761e830cee61d24e46850889
5516,llama-3.2-1b-instruct,0.0,tablejoin,data_analysis,52b2630e360ae523378662c58b554046d5086033761e830cee61d24e46850889
5517,llama-3.2-3b-instruct,0.0,tablejoin,data_analysis,52b2630e360ae523378662c58b554046d5086033761e830cee61d24e46850889
5518,mistral-24b,0.0,tablejoin,data_analysis,52b2630e360ae523378662c58b554046d5086033761e830cee61d24e46850889
5519,mistral-7b,0.0,tablejoin,data_analysis,52b2630e360ae523378662c58b554046d5086033761e830cee61d24e46850889
5520,qwen-2.5-3b-instruct,14.000000000000002,tablejoin,data_analysis,52b2630e360ae523378662c58b554046d5086033761e830cee61d24e46850889
5521,qwen-32b,28.999999999999996,tablejoin,data_analysis,52b2630e360ae523378662c58b554046d5086033761e830cee61d24e46850889
5522,gemma-3-12b-it,0.0,tablejoin,data_analysis,539fd06729e1f852302dd51aab15ffa115225362425ef04808cdef88d000d300
5523,gemma-3-1b-it,0.0,tablejoin,data_analysis,539fd06729e1f852302dd51aab15ffa115225362425ef04808cdef88d000d300
5524,gemma-3-4b-it,0.0,tablejoin,data_analysis,539fd06729e1f852302dd51aab15ffa115225362425ef04808cdef88d000d300
5525,llama-3.1-70b-instruct,0.0,tablejoin,data_analysis,539fd06729e1f852302dd51aab15ffa115225362425ef04808cdef88d000d300
5526,llama-3.1-8b-instruct,0.0,tablejoin,data_analysis,539fd06729e1f852302dd51aab15ffa115225362425ef04808cdef88d000d300
5527,llama-3.2-1b-instruct,0.0,tablejoin,data_analysis,539fd06729e1f852302dd51aab15ffa115225362425ef04808cdef88d000d300
5528,llama-3.2-3b-instruct,0.0,tablejoin,data_analysis,539fd06729e1f852302dd51aab15ffa115225362425ef04808cdef88d000d300
5529,mistral-24b,15.0,tablejoin,data_analysis,539fd06729e1f852302dd51aab15ffa115225362425ef04808cdef88d000d300
5530,mistral-7b,0.0,tablejoin,data_analysis,539fd06729e1f852302dd51aab15ffa115225362425ef04808cdef88d000d300
5531,qwen-2.5-3b-instruct,0.0,tablejoin,data_analysis,539fd06729e1f852302dd51aab15ffa115225362425ef04808cdef88d000d300
5532,qwen-32b,17.0,tablejoin,data_analysis,539fd06729e1f852302dd51aab15ffa115225362425ef04808cdef88d000d300
5533,gemma-3-12b-it,0.0,tablejoin,data_analysis,55d610b0b74c049e9664df825f1bffcb7999fffc0576ff3317960a2124c3feaf
5534,gemma-3-1b-it,0.0,tablejoin,data_analysis,55d610b0b74c049e9664df825f1bffcb7999fffc0576ff3317960a2124c3feaf
5535,gemma-3-4b-it,0.0,tablejoin,data_analysis,55d610b0b74c049e9664df825f1bffcb7999fffc0576ff3317960a2124c3feaf
5536,llama-3.1-70b-instruct,40.0,tablejoin,data_analysis,55d610b0b74c049e9664df825f1bffcb7999fffc0576ff3317960a2124c3feaf
5537,llama-3.1-8b-instruct,0.0,tablejoin,data_analysis,55d610b0b74c049e9664df825f1bffcb7999fffc0576ff3317960a2124c3feaf
5538,llama-3.2-1b-instruct,0.0,tablejoin,data_analysis,55d610b0b74c049e9664df825f1bffcb7999fffc0576ff3317960a2124c3feaf
5539,llama-3.2-3b-instruct,0.0,tablejoin,data_analysis,55d610b0b74c049e9664df825f1bffcb7999fffc0576ff3317960a2124c3feaf
5540,mistral-24b,25.0,tablejoin,data_analysis,55d610b0b74c049e9664df825f1bffcb7999fffc0576ff3317960a2124c3feaf
5541,mistral-7b,50.0,tablejoin,data_analysis,55d610b0b74c049e9664df825f1bffcb7999fffc0576ff3317960a2124c3feaf
5542,qwen-2.5-3b-instruct,22.0,tablejoin,data_analysis,55d610b0b74c049e9664df825f1bffcb7999fffc0576ff3317960a2124c3feaf
5543,qwen-32b,0.0,tablejoin,data_analysis,55d610b0b74c049e9664df825f1bffcb7999fffc0576ff3317960a2124c3feaf
5544,gemma-3-12b-it,0.0,tablejoin,data_analysis,587e13e04d18246f787cc8d41da67701eb1343795150a63b1996c5ec8270b20e
5545,gemma-3-1b-it,0.0,tablejoin,data_analysis,587e13e04d18246f787cc8d41da67701eb1343795150a63b1996c5ec8270b20e
5546,gemma-3-4b-it,0.0,tablejoin,data_analysis,587e13e04d18246f787cc8d41da67701eb1343795150a63b1996c5ec8270b20e
5547,llama-3.1-70b-instruct,0.0,tablejoin,data_analysis,587e13e04d18246f787cc8d41da67701eb1343795150a63b1996c5ec8270b20e
5548,llama-3.1-8b-instruct,0.0,tablejoin,data_analysis,587e13e04d18246f787cc8d41da67701eb1343795150a63b1996c5ec8270b20e
5549,llama-3.2-1b-instruct,0.0,tablejoin,data_analysis,587e13e04d18246f787cc8d41da67701eb1343795150a63b1996c5ec8270b20e
5550,llama-3.2-3b-instruct,0.0,tablejoin,data_analysis,587e13e04d18246f787cc8d41da67701eb1343795150a63b1996c5ec8270b20e
5551,mistral-24b,0.0,tablejoin,data_analysis,587e13e04d18246f787cc8d41da67701eb1343795150a63b1996c5ec8270b20e
5552,mistral-7b,0.0,tablejoin,data_analysis,587e13e04d18246f787cc8d41da67701eb1343795150a63b1996c5ec8270b20e
5553,qwen-2.5-3b-instruct,0.0,tablejoin,data_analysis,587e13e04d18246f787cc8d41da67701eb1343795150a63b1996c5ec8270b20e
5554,qwen-32b,0.0,tablejoin,data_analysis,587e13e04d18246f787cc8d41da67701eb1343795150a63b1996c5ec8270b20e
5555,gemma-3-12b-it,0.0,tablejoin,data_analysis,75fca1a433c6e663241c1941e6034cd7625cd4b5981159c7f4ad74703df98b53
5556,gemma-3-1b-it,0.0,tablejoin,data_analysis,75fca1a433c6e663241c1941e6034cd7625cd4b5981159c7f4ad74703df98b53
5557,gemma-3-4b-it,0.0,tablejoin,data_analysis,75fca1a433c6e663241c1941e6034cd7625cd4b5981159c7f4ad74703df98b53
5558,llama-3.1-70b-instruct,50.0,tablejoin,data_analysis,75fca1a433c6e663241c1941e6034cd7625cd4b5981159c7f4ad74703df98b53
5559,llama-3.1-8b-instruct,0.0,tablejoin,data_analysis,75fca1a433c6e663241c1941e6034cd7625cd4b5981159c7f4ad74703df98b53
5560,llama-3.2-1b-instruct,0.0,tablejoin,data_analysis,75fca1a433c6e663241c1941e6034cd7625cd4b5981159c7f4ad74703df98b53
5561,llama-3.2-3b-instruct,0.0,tablejoin,data_analysis,75fca1a433c6e663241c1941e6034cd7625cd4b5981159c7f4ad74703df98b53
5562,mistral-24b,0.0,tablejoin,data_analysis,75fca1a433c6e663241c1941e6034cd7625cd4b5981159c7f4ad74703df98b53
5563,mistral-7b,0.0,tablejoin,data_analysis,75fca1a433c6e663241c1941e6034cd7625cd4b5981159c7f4ad74703df98b53
5564,qwen-2.5-3b-instruct,0.0,tablejoin,data_analysis,75fca1a433c6e663241c1941e6034cd7625cd4b5981159c7f4ad74703df98b53
5565,qwen-32b,50.0,tablejoin,data_analysis,75fca1a433c6e663241c1941e6034cd7625cd4b5981159c7f4ad74703df98b53
5566,gemma-3-12b-it,0.0,tablejoin,data_analysis,7c99777b2f4c5a9c88cc1f04d0345ac7b1e9dea2c7ac74b3fbf683e59bbf38f4
5567,gemma-3-1b-it,0.0,tablejoin,data_analysis,7c99777b2f4c5a9c88cc1f04d0345ac7b1e9dea2c7ac74b3fbf683e59bbf38f4
5568,gemma-3-4b-it,0.0,tablejoin,data_analysis,7c99777b2f4c5a9c88cc1f04d0345ac7b1e9dea2c7ac74b3fbf683e59bbf38f4
5569,llama-3.1-70b-instruct,0.0,tablejoin,data_analysis,7c99777b2f4c5a9c88cc1f04d0345ac7b1e9dea2c7ac74b3fbf683e59bbf38f4
5570,llama-3.1-8b-instruct,0.0,tablejoin,data_analysis,7c99777b2f4c5a9c88cc1f04d0345ac7b1e9dea2c7ac74b3fbf683e59bbf38f4
5571,llama-3.2-1b-instruct,0.0,tablejoin,data_analysis,7c99777b2f4c5a9c88cc1f04d0345ac7b1e9dea2c7ac74b3fbf683e59bbf38f4
5572,llama-3.2-3b-instruct,0.0,tablejoin,data_analysis,7c99777b2f4c5a9c88cc1f04d0345ac7b1e9dea2c7ac74b3fbf683e59bbf38f4
5573,mistral-24b,0.0,tablejoin,data_analysis,7c99777b2f4c5a9c88cc1f04d0345ac7b1e9dea2c7ac74b3fbf683e59bbf38f4
5574,mistral-7b,0.0,tablejoin,data_analysis,7c99777b2f4c5a9c88cc1f04d0345ac7b1e9dea2c7ac74b3fbf683e59bbf38f4
5575,qwen-2.5-3b-instruct,20.0,tablejoin,data_analysis,7c99777b2f4c5a9c88cc1f04d0345ac7b1e9dea2c7ac74b3fbf683e59bbf38f4
5576,qwen-32b,0.0,tablejoin,data_analysis,7c99777b2f4c5a9c88cc1f04d0345ac7b1e9dea2c7ac74b3fbf683e59bbf38f4
5577,gemma-3-12b-it,67.0,tablejoin,data_analysis,7d3b232a7df622492efaa9230b09fe5a5e45c12d35ed346a99b6ec201497a1e3
5578,gemma-3-1b-it,0.0,tablejoin,data_analysis,7d3b232a7df622492efaa9230b09fe5a5e45c12d35ed346a99b6ec201497a1e3
5579,gemma-3-4b-it,0.0,tablejoin,data_analysis,7d3b232a7df622492efaa9230b09fe5a5e45c12d35ed346a99b6ec201497a1e3
5580,llama-3.1-70b-instruct,67.0,tablejoin,data_analysis,7d3b232a7df622492efaa9230b09fe5a5e45c12d35ed346a99b6ec201497a1e3
5581,llama-3.1-8b-instruct,0.0,tablejoin,data_analysis,7d3b232a7df622492efaa9230b09fe5a5e45c12d35ed346a99b6ec201497a1e3
5582,llama-3.2-1b-instruct,0.0,tablejoin,data_analysis,7d3b232a7df622492efaa9230b09fe5a5e45c12d35ed346a99b6ec201497a1e3
5583,llama-3.2-3b-instruct,0.0,tablejoin,data_analysis,7d3b232a7df622492efaa9230b09fe5a5e45c12d35ed346a99b6ec201497a1e3
5584,mistral-24b,67.0,tablejoin,data_analysis,7d3b232a7df622492efaa9230b09fe5a5e45c12d35ed346a99b6ec201497a1e3
5585,mistral-7b,0.0,tablejoin,data_analysis,7d3b232a7df622492efaa9230b09fe5a5e45c12d35ed346a99b6ec201497a1e3
5586,qwen-2.5-3b-instruct,28.999999999999996,tablejoin,data_analysis,7d3b232a7df622492efaa9230b09fe5a5e45c12d35ed346a99b6ec201497a1e3
5587,qwen-32b,67.0,tablejoin,data_analysis,7d3b232a7df622492efaa9230b09fe5a5e45c12d35ed346a99b6ec201497a1e3
5588,gemma-3-12b-it,0.0,tablejoin,data_analysis,8b842182b7cbb2b961d8cdc64a1b4b28aff1f8ed4f4dd3fb58e3533baa754043
5589,gemma-3-1b-it,0.0,tablejoin,data_analysis,8b842182b7cbb2b961d8cdc64a1b4b28aff1f8ed4f4dd3fb58e3533baa754043
5590,gemma-3-4b-it,0.0,tablejoin,data_analysis,8b842182b7cbb2b961d8cdc64a1b4b28aff1f8ed4f4dd3fb58e3533baa754043
5591,llama-3.1-70b-instruct,0.0,tablejoin,data_analysis,8b842182b7cbb2b961d8cdc64a1b4b28aff1f8ed4f4dd3fb58e3533baa754043
5592,llama-3.1-8b-instruct,0.0,tablejoin,data_analysis,8b842182b7cbb2b961d8cdc64a1b4b28aff1f8ed4f4dd3fb58e3533baa754043
5593,llama-3.2-1b-instruct,0.0,tablejoin,data_analysis,8b842182b7cbb2b961d8cdc64a1b4b28aff1f8ed4f4dd3fb58e3533baa754043
5594,llama-3.2-3b-instruct,0.0,tablejoin,data_analysis,8b842182b7cbb2b961d8cdc64a1b4b28aff1f8ed4f4dd3fb58e3533baa754043
5595,mistral-24b,0.0,tablejoin,data_analysis,8b842182b7cbb2b961d8cdc64a1b4b28aff1f8ed4f4dd3fb58e3533baa754043
5596,mistral-7b,0.0,tablejoin,data_analysis,8b842182b7cbb2b961d8cdc64a1b4b28aff1f8ed4f4dd3fb58e3533baa754043
5597,qwen-2.5-3b-instruct,0.0,tablejoin,data_analysis,8b842182b7cbb2b961d8cdc64a1b4b28aff1f8ed4f4dd3fb58e3533baa754043
5598,qwen-32b,0.0,tablejoin,data_analysis,8b842182b7cbb2b961d8cdc64a1b4b28aff1f8ed4f4dd3fb58e3533baa754043
5599,gemma-3-12b-it,100.0,tablejoin,data_analysis,9318064da8b360eff10f17cdbde9ee624a2112203d8239516e536a0e5bec44e9
5600,gemma-3-1b-it,0.0,tablejoin,data_analysis,9318064da8b360eff10f17cdbde9ee624a2112203d8239516e536a0e5bec44e9
5601,gemma-3-4b-it,67.0,tablejoin,data_analysis,9318064da8b360eff10f17cdbde9ee624a2112203d8239516e536a0e5bec44e9
5602,llama-3.1-70b-instruct,100.0,tablejoin,data_analysis,9318064da8b360eff10f17cdbde9ee624a2112203d8239516e536a0e5bec44e9
5603,llama-3.1-8b-instruct,0.0,tablejoin,data_analysis,9318064da8b360eff10f17cdbde9ee624a2112203d8239516e536a0e5bec44e9
5604,llama-3.2-1b-instruct,67.0,tablejoin,data_analysis,9318064da8b360eff10f17cdbde9ee624a2112203d8239516e536a0e5bec44e9
5605,llama-3.2-3b-instruct,0.0,tablejoin,data_analysis,9318064da8b360eff10f17cdbde9ee624a2112203d8239516e536a0e5bec44e9
5606,mistral-24b,100.0,tablejoin,data_analysis,9318064da8b360eff10f17cdbde9ee624a2112203d8239516e536a0e5bec44e9
5607,mistral-7b,67.0,tablejoin,data_analysis,9318064da8b360eff10f17cdbde9ee624a2112203d8239516e536a0e5bec44e9
5608,qwen-2.5-3b-instruct,67.0,tablejoin,data_analysis,9318064da8b360eff10f17cdbde9ee624a2112203d8239516e536a0e5bec44e9
5609,qwen-32b,0.0,tablejoin,data_analysis,9318064da8b360eff10f17cdbde9ee624a2112203d8239516e536a0e5bec44e9
5610,gemma-3-12b-it,0.0,tablejoin,data_analysis,9d53b3ca366bedc7b149a5d41a4dc5c52cd76f1989a0cb6020d304fef6eb8d8d
5611,gemma-3-1b-it,0.0,tablejoin,data_analysis,9d53b3ca366bedc7b149a5d41a4dc5c52cd76f1989a0cb6020d304fef6eb8d8d
5612,gemma-3-4b-it,0.0,tablejoin,data_analysis,9d53b3ca366bedc7b149a5d41a4dc5c52cd76f1989a0cb6020d304fef6eb8d8d
5613,llama-3.1-70b-instruct,50.0,tablejoin,data_analysis,9d53b3ca366bedc7b149a5d41a4dc5c52cd76f1989a0cb6020d304fef6eb8d8d
5614,llama-3.1-8b-instruct,0.0,tablejoin,data_analysis,9d53b3ca366bedc7b149a5d41a4dc5c52cd76f1989a0cb6020d304fef6eb8d8d
5615,llama-3.2-1b-instruct,0.0,tablejoin,data_analysis,9d53b3ca366bedc7b149a5d41a4dc5c52cd76f1989a0cb6020d304fef6eb8d8d
5616,llama-3.2-3b-instruct,0.0,tablejoin,data_analysis,9d53b3ca366bedc7b149a5d41a4dc5c52cd76f1989a0cb6020d304fef6eb8d8d
5617,mistral-24b,0.0,tablejoin,data_analysis,9d53b3ca366bedc7b149a5d41a4dc5c52cd76f1989a0cb6020d304fef6eb8d8d
5618,mistral-7b,0.0,tablejoin,data_analysis,9d53b3ca366bedc7b149a5d41a4dc5c52cd76f1989a0cb6020d304fef6eb8d8d
5619,qwen-2.5-3b-instruct,0.0,tablejoin,data_analysis,9d53b3ca366bedc7b149a5d41a4dc5c52cd76f1989a0cb6020d304fef6eb8d8d
5620,qwen-32b,50.0,tablejoin,data_analysis,9d53b3ca366bedc7b149a5d41a4dc5c52cd76f1989a0cb6020d304fef6eb8d8d
5621,gemma-3-12b-it,0.0,tablejoin,data_analysis,a215b90180b104679133c979614fe0feeb770b6a3d1df4d41065e15be2ed7051
5622,gemma-3-1b-it,0.0,tablejoin,data_analysis,a215b90180b104679133c979614fe0feeb770b6a3d1df4d41065e15be2ed7051
5623,gemma-3-4b-it,31.0,tablejoin,data_analysis,a215b90180b104679133c979614fe0feeb770b6a3d1df4d41065e15be2ed7051
5624,llama-3.1-70b-instruct,28.999999999999996,tablejoin,data_analysis,a215b90180b104679133c979614fe0feeb770b6a3d1df4d41065e15be2ed7051
5625,llama-3.1-8b-instruct,0.0,tablejoin,data_analysis,a215b90180b104679133c979614fe0feeb770b6a3d1df4d41065e15be2ed7051
5626,llama-3.2-1b-instruct,0.0,tablejoin,data_analysis,a215b90180b104679133c979614fe0feeb770b6a3d1df4d41065e15be2ed7051
5627,llama-3.2-3b-instruct,0.0,tablejoin,data_analysis,a215b90180b104679133c979614fe0feeb770b6a3d1df4d41065e15be2ed7051
5628,mistral-24b,44.0,tablejoin,data_analysis,a215b90180b104679133c979614fe0feeb770b6a3d1df4d41065e15be2ed7051
5629,mistral-7b,0.0,tablejoin,data_analysis,a215b90180b104679133c979614fe0feeb770b6a3d1df4d41065e15be2ed7051
5630,qwen-2.5-3b-instruct,15.0,tablejoin,data_analysis,a215b90180b104679133c979614fe0feeb770b6a3d1df4d41065e15be2ed7051
5631,qwen-32b,25.0,tablejoin,data_analysis,a215b90180b104679133c979614fe0feeb770b6a3d1df4d41065e15be2ed7051
5632,gemma-3-12b-it,0.0,tablejoin,data_analysis,a50e16a7dec04c766f864754305d6b28a99fe54602c7c913c525c067c405d279
5633,gemma-3-1b-it,0.0,tablejoin,data_analysis,a50e16a7dec04c766f864754305d6b28a99fe54602c7c913c525c067c405d279
5634,gemma-3-4b-it,0.0,tablejoin,data_analysis,a50e16a7dec04c766f864754305d6b28a99fe54602c7c913c525c067c405d279
5635,llama-3.1-70b-instruct,89.0,tablejoin,data_analysis,a50e16a7dec04c766f864754305d6b28a99fe54602c7c913c525c067c405d279
5636,llama-3.1-8b-instruct,0.0,tablejoin,data_analysis,a50e16a7dec04c766f864754305d6b28a99fe54602c7c913c525c067c405d279
5637,llama-3.2-1b-instruct,0.0,tablejoin,data_analysis,a50e16a7dec04c766f864754305d6b28a99fe54602c7c913c525c067c405d279
5638,llama-3.2-3b-instruct,0.0,tablejoin,data_analysis,a50e16a7dec04c766f864754305d6b28a99fe54602c7c913c525c067c405d279
5639,mistral-24b,0.0,tablejoin,data_analysis,a50e16a7dec04c766f864754305d6b28a99fe54602c7c913c525c067c405d279
5640,mistral-7b,0.0,tablejoin,data_analysis,a50e16a7dec04c766f864754305d6b28a99fe54602c7c913c525c067c405d279
5641,qwen-2.5-3b-instruct,14.000000000000002,tablejoin,data_analysis,a50e16a7dec04c766f864754305d6b28a99fe54602c7c913c525c067c405d279
5642,qwen-32b,91.0,tablejoin,data_analysis,a50e16a7dec04c766f864754305d6b28a99fe54602c7c913c525c067c405d279
5643,gemma-3-12b-it,0.0,tablejoin,data_analysis,a783dc9652728632d05f85ac5f944f71ffdfb2cc9dc6ea27e21ad80a96f44e48
5644,gemma-3-1b-it,0.0,tablejoin,data_analysis,a783dc9652728632d05f85ac5f944f71ffdfb2cc9dc6ea27e21ad80a96f44e48
5645,gemma-3-4b-it,0.0,tablejoin,data_analysis,a783dc9652728632d05f85ac5f944f71ffdfb2cc9dc6ea27e21ad80a96f44e48
5646,llama-3.1-70b-instruct,0.0,tablejoin,data_analysis,a783dc9652728632d05f85ac5f944f71ffdfb2cc9dc6ea27e21ad80a96f44e48
5647,llama-3.1-8b-instruct,0.0,tablejoin,data_analysis,a783dc9652728632d05f85ac5f944f71ffdfb2cc9dc6ea27e21ad80a96f44e48
5648,llama-3.2-1b-instruct,0.0,tablejoin,data_analysis,a783dc9652728632d05f85ac5f944f71ffdfb2cc9dc6ea27e21ad80a96f44e48
5649,llama-3.2-3b-instruct,0.0,tablejoin,data_analysis,a783dc9652728632d05f85ac5f944f71ffdfb2cc9dc6ea27e21ad80a96f44e48
5650,mistral-24b,0.0,tablejoin,data_analysis,a783dc9652728632d05f85ac5f944f71ffdfb2cc9dc6ea27e21ad80a96f44e48
5651,mistral-7b,0.0,tablejoin,data_analysis,a783dc9652728632d05f85ac5f944f71ffdfb2cc9dc6ea27e21ad80a96f44e48
5652,qwen-2.5-3b-instruct,13.0,tablejoin,data_analysis,a783dc9652728632d05f85ac5f944f71ffdfb2cc9dc6ea27e21ad80a96f44e48
5653,qwen-32b,0.0,tablejoin,data_analysis,a783dc9652728632d05f85ac5f944f71ffdfb2cc9dc6ea27e21ad80a96f44e48
5654,gemma-3-12b-it,0.0,tablejoin,data_analysis,a8995a220d4b23e751dded30067eb09897b7269b0ec3632762c9e97d41b80c95
5655,gemma-3-1b-it,0.0,tablejoin,data_analysis,a8995a220d4b23e751dded30067eb09897b7269b0ec3632762c9e97d41b80c95
5656,gemma-3-4b-it,0.0,tablejoin,data_analysis,a8995a220d4b23e751dded30067eb09897b7269b0ec3632762c9e97d41b80c95
5657,llama-3.1-70b-instruct,100.0,tablejoin,data_analysis,a8995a220d4b23e751dded30067eb09897b7269b0ec3632762c9e97d41b80c95
5658,llama-3.1-8b-instruct,0.0,tablejoin,data_analysis,a8995a220d4b23e751dded30067eb09897b7269b0ec3632762c9e97d41b80c95
5659,llama-3.2-1b-instruct,0.0,tablejoin,data_analysis,a8995a220d4b23e751dded30067eb09897b7269b0ec3632762c9e97d41b80c95
5660,llama-3.2-3b-instruct,0.0,tablejoin,data_analysis,a8995a220d4b23e751dded30067eb09897b7269b0ec3632762c9e97d41b80c95
5661,mistral-24b,100.0,tablejoin,data_analysis,a8995a220d4b23e751dded30067eb09897b7269b0ec3632762c9e97d41b80c95
5662,mistral-7b,0.0,tablejoin,data_analysis,a8995a220d4b23e751dded30067eb09897b7269b0ec3632762c9e97d41b80c95
5663,qwen-2.5-3b-instruct,0.0,tablejoin,data_analysis,a8995a220d4b23e751dded30067eb09897b7269b0ec3632762c9e97d41b80c95
5664,qwen-32b,100.0,tablejoin,data_analysis,a8995a220d4b23e751dded30067eb09897b7269b0ec3632762c9e97d41b80c95
5665,gemma-3-12b-it,0.0,tablejoin,data_analysis,a9622ef291b2ff5dac8ee5335d50d52a7bc8bd9fa001130fabaf3ae3d1505100
5666,gemma-3-1b-it,0.0,tablejoin,data_analysis,a9622ef291b2ff5dac8ee5335d50d52a7bc8bd9fa001130fabaf3ae3d1505100
5667,gemma-3-4b-it,0.0,tablejoin,data_analysis,a9622ef291b2ff5dac8ee5335d50d52a7bc8bd9fa001130fabaf3ae3d1505100
5668,llama-3.1-70b-instruct,100.0,tablejoin,data_analysis,a9622ef291b2ff5dac8ee5335d50d52a7bc8bd9fa001130fabaf3ae3d1505100
5669,llama-3.1-8b-instruct,0.0,tablejoin,data_analysis,a9622ef291b2ff5dac8ee5335d50d52a7bc8bd9fa001130fabaf3ae3d1505100
5670,llama-3.2-1b-instruct,0.0,tablejoin,data_analysis,a9622ef291b2ff5dac8ee5335d50d52a7bc8bd9fa001130fabaf3ae3d1505100
5671,llama-3.2-3b-instruct,0.0,tablejoin,data_analysis,a9622ef291b2ff5dac8ee5335d50d52a7bc8bd9fa001130fabaf3ae3d1505100
5672,mistral-24b,0.0,tablejoin,data_analysis,a9622ef291b2ff5dac8ee5335d50d52a7bc8bd9fa001130fabaf3ae3d1505100
5673,mistral-7b,0.0,tablejoin,data_analysis,a9622ef291b2ff5dac8ee5335d50d52a7bc8bd9fa001130fabaf3ae3d1505100
5674,qwen-2.5-3b-instruct,0.0,tablejoin,data_analysis,a9622ef291b2ff5dac8ee5335d50d52a7bc8bd9fa001130fabaf3ae3d1505100
5675,qwen-32b,100.0,tablejoin,data_analysis,a9622ef291b2ff5dac8ee5335d50d52a7bc8bd9fa001130fabaf3ae3d1505100
5676,gemma-3-12b-it,0.0,tablejoin,data_analysis,ac146c48d703160bded02521568583372fc6b10bdbd98f36f57fcff7d0790d10
5677,gemma-3-1b-it,0.0,tablejoin,data_analysis,ac146c48d703160bded02521568583372fc6b10bdbd98f36f57fcff7d0790d10
5678,gemma-3-4b-it,0.0,tablejoin,data_analysis,ac146c48d703160bded02521568583372fc6b10bdbd98f36f57fcff7d0790d10
5679,llama-3.1-70b-instruct,0.0,tablejoin,data_analysis,ac146c48d703160bded02521568583372fc6b10bdbd98f36f57fcff7d0790d10
5680,llama-3.1-8b-instruct,0.0,tablejoin,data_analysis,ac146c48d703160bded02521568583372fc6b10bdbd98f36f57fcff7d0790d10
5681,llama-3.2-1b-instruct,0.0,tablejoin,data_analysis,ac146c48d703160bded02521568583372fc6b10bdbd98f36f57fcff7d0790d10
5682,llama-3.2-3b-instruct,0.0,tablejoin,data_analysis,ac146c48d703160bded02521568583372fc6b10bdbd98f36f57fcff7d0790d10
5683,mistral-24b,40.0,tablejoin,data_analysis,ac146c48d703160bded02521568583372fc6b10bdbd98f36f57fcff7d0790d10
5684,mistral-7b,40.0,tablejoin,data_analysis,ac146c48d703160bded02521568583372fc6b10bdbd98f36f57fcff7d0790d10
5685,qwen-2.5-3b-instruct,0.0,tablejoin,data_analysis,ac146c48d703160bded02521568583372fc6b10bdbd98f36f57fcff7d0790d10
5686,qwen-32b,0.0,tablejoin,data_analysis,ac146c48d703160bded02521568583372fc6b10bdbd98f36f57fcff7d0790d10
5687,gemma-3-12b-it,0.0,tablejoin,data_analysis,ae4654298c694908b994dd999e784904f1c22e2978e6e958d71cf0e5d5ab5975
5688,gemma-3-1b-it,0.0,tablejoin,data_analysis,ae4654298c694908b994dd999e784904f1c22e2978e6e958d71cf0e5d5ab5975
5689,gemma-3-4b-it,0.0,tablejoin,data_analysis,ae4654298c694908b994dd999e784904f1c22e2978e6e958d71cf0e5d5ab5975
5690,llama-3.1-70b-instruct,80.0,tablejoin,data_analysis,ae4654298c694908b994dd999e784904f1c22e2978e6e958d71cf0e5d5ab5975
5691,llama-3.1-8b-instruct,0.0,tablejoin,data_analysis,ae4654298c694908b994dd999e784904f1c22e2978e6e958d71cf0e5d5ab5975
5692,llama-3.2-1b-instruct,0.0,tablejoin,data_analysis,ae4654298c694908b994dd999e784904f1c22e2978e6e958d71cf0e5d5ab5975
5693,llama-3.2-3b-instruct,0.0,tablejoin,data_analysis,ae4654298c694908b994dd999e784904f1c22e2978e6e958d71cf0e5d5ab5975
5694,mistral-24b,0.0,tablejoin,data_analysis,ae4654298c694908b994dd999e784904f1c22e2978e6e958d71cf0e5d5ab5975
5695,mistral-7b,0.0,tablejoin,data_analysis,ae4654298c694908b994dd999e784904f1c22e2978e6e958d71cf0e5d5ab5975
5696,qwen-2.5-3b-instruct,20.0,tablejoin,data_analysis,ae4654298c694908b994dd999e784904f1c22e2978e6e958d71cf0e5d5ab5975
5697,qwen-32b,40.0,tablejoin,data_analysis,ae4654298c694908b994dd999e784904f1c22e2978e6e958d71cf0e5d5ab5975
5698,gemma-3-12b-it,0.0,tablejoin,data_analysis,b2c9accaab7ee5cac67f482c19dcda8942fb409b25b604ef1136367f56d07fd0
5699,gemma-3-1b-it,0.0,tablejoin,data_analysis,b2c9accaab7ee5cac67f482c19dcda8942fb409b25b604ef1136367f56d07fd0
5700,gemma-3-4b-it,0.0,tablejoin,data_analysis,b2c9accaab7ee5cac67f482c19dcda8942fb409b25b604ef1136367f56d07fd0
5701,llama-3.1-70b-instruct,100.0,tablejoin,data_analysis,b2c9accaab7ee5cac67f482c19dcda8942fb409b25b604ef1136367f56d07fd0
5702,llama-3.1-8b-instruct,0.0,tablejoin,data_analysis,b2c9accaab7ee5cac67f482c19dcda8942fb409b25b604ef1136367f56d07fd0
5703,llama-3.2-1b-instruct,0.0,tablejoin,data_analysis,b2c9accaab7ee5cac67f482c19dcda8942fb409b25b604ef1136367f56d07fd0
5704,llama-3.2-3b-instruct,0.0,tablejoin,data_analysis,b2c9accaab7ee5cac67f482c19dcda8942fb409b25b604ef1136367f56d07fd0
5705,mistral-24b,0.0,tablejoin,data_analysis,b2c9accaab7ee5cac67f482c19dcda8942fb409b25b604ef1136367f56d07fd0
5706,mistral-7b,0.0,tablejoin,data_analysis,b2c9accaab7ee5cac67f482c19dcda8942fb409b25b604ef1136367f56d07fd0
5707,qwen-2.5-3b-instruct,50.0,tablejoin,data_analysis,b2c9accaab7ee5cac67f482c19dcda8942fb409b25b604ef1136367f56d07fd0
5708,qwen-32b,67.0,tablejoin,data_analysis,b2c9accaab7ee5cac67f482c19dcda8942fb409b25b604ef1136367f56d07fd0
5709,gemma-3-12b-it,0.0,tablejoin,data_analysis,b8a3e0f6c177bbef546e0dd490a0193b02124e193d5ffe093d86963449cba596
5710,gemma-3-1b-it,0.0,tablejoin,data_analysis,b8a3e0f6c177bbef546e0dd490a0193b02124e193d5ffe093d86963449cba596
5711,gemma-3-4b-it,0.0,tablejoin,data_analysis,b8a3e0f6c177bbef546e0dd490a0193b02124e193d5ffe093d86963449cba596
5712,llama-3.1-70b-instruct,0.0,tablejoin,data_analysis,b8a3e0f6c177bbef546e0dd490a0193b02124e193d5ffe093d86963449cba596
5713,llama-3.1-8b-instruct,0.0,tablejoin,data_analysis,b8a3e0f6c177bbef546e0dd490a0193b02124e193d5ffe093d86963449cba596
5714,llama-3.2-1b-instruct,0.0,tablejoin,data_analysis,b8a3e0f6c177bbef546e0dd490a0193b02124e193d5ffe093d86963449cba596
5715,llama-3.2-3b-instruct,0.0,tablejoin,data_analysis,b8a3e0f6c177bbef546e0dd490a0193b02124e193d5ffe093d86963449cba596
5716,mistral-24b,0.0,tablejoin,data_analysis,b8a3e0f6c177bbef546e0dd490a0193b02124e193d5ffe093d86963449cba596
5717,mistral-7b,0.0,tablejoin,data_analysis,b8a3e0f6c177bbef546e0dd490a0193b02124e193d5ffe093d86963449cba596
5718,qwen-2.5-3b-instruct,0.0,tablejoin,data_analysis,b8a3e0f6c177bbef546e0dd490a0193b02124e193d5ffe093d86963449cba596
5719,qwen-32b,0.0,tablejoin,data_analysis,b8a3e0f6c177bbef546e0dd490a0193b02124e193d5ffe093d86963449cba596
5720,gemma-3-12b-it,0.0,tablejoin,data_analysis,bd4b2031ad50538f365ac3312534d813fb7326fd90cf5056ac80b31d189cbb15
5721,gemma-3-1b-it,0.0,tablejoin,data_analysis,bd4b2031ad50538f365ac3312534d813fb7326fd90cf5056ac80b31d189cbb15
5722,gemma-3-4b-it,0.0,tablejoin,data_analysis,bd4b2031ad50538f365ac3312534d813fb7326fd90cf5056ac80b31d189cbb15
5723,llama-3.1-70b-instruct,22.0,tablejoin,data_analysis,bd4b2031ad50538f365ac3312534d813fb7326fd90cf5056ac80b31d189cbb15
5724,llama-3.1-8b-instruct,0.0,tablejoin,data_analysis,bd4b2031ad50538f365ac3312534d813fb7326fd90cf5056ac80b31d189cbb15
5725,llama-3.2-1b-instruct,0.0,tablejoin,data_analysis,bd4b2031ad50538f365ac3312534d813fb7326fd90cf5056ac80b31d189cbb15
5726,llama-3.2-3b-instruct,0.0,tablejoin,data_analysis,bd4b2031ad50538f365ac3312534d813fb7326fd90cf5056ac80b31d189cbb15
5727,mistral-24b,18.0,tablejoin,data_analysis,bd4b2031ad50538f365ac3312534d813fb7326fd90cf5056ac80b31d189cbb15
5728,mistral-7b,0.0,tablejoin,data_analysis,bd4b2031ad50538f365ac3312534d813fb7326fd90cf5056ac80b31d189cbb15
5729,qwen-2.5-3b-instruct,0.0,tablejoin,data_analysis,bd4b2031ad50538f365ac3312534d813fb7326fd90cf5056ac80b31d189cbb15
5730,qwen-32b,0.0,tablejoin,data_analysis,bd4b2031ad50538f365ac3312534d813fb7326fd90cf5056ac80b31d189cbb15
5731,gemma-3-12b-it,0.0,tablejoin,data_analysis,cb29bb1e6915d8366ff58783e47c9939d3d30712f2643cd23d6cbecc4210a2b2
5732,gemma-3-1b-it,0.0,tablejoin,data_analysis,cb29bb1e6915d8366ff58783e47c9939d3d30712f2643cd23d6cbecc4210a2b2
5733,gemma-3-4b-it,0.0,tablejoin,data_analysis,cb29bb1e6915d8366ff58783e47c9939d3d30712f2643cd23d6cbecc4210a2b2
5734,llama-3.1-70b-instruct,0.0,tablejoin,data_analysis,cb29bb1e6915d8366ff58783e47c9939d3d30712f2643cd23d6cbecc4210a2b2
5735,llama-3.1-8b-instruct,0.0,tablejoin,data_analysis,cb29bb1e6915d8366ff58783e47c9939d3d30712f2643cd23d6cbecc4210a2b2
5736,llama-3.2-1b-instruct,0.0,tablejoin,data_analysis,cb29bb1e6915d8366ff58783e47c9939d3d30712f2643cd23d6cbecc4210a2b2
5737,llama-3.2-3b-instruct,0.0,tablejoin,data_analysis,cb29bb1e6915d8366ff58783e47c9939d3d30712f2643cd23d6cbecc4210a2b2
5738,mistral-24b,0.0,tablejoin,data_analysis,cb29bb1e6915d8366ff58783e47c9939d3d30712f2643cd23d6cbecc4210a2b2
5739,mistral-7b,33.0,tablejoin,data_analysis,cb29bb1e6915d8366ff58783e47c9939d3d30712f2643cd23d6cbecc4210a2b2
5740,qwen-2.5-3b-instruct,0.0,tablejoin,data_analysis,cb29bb1e6915d8366ff58783e47c9939d3d30712f2643cd23d6cbecc4210a2b2
5741,qwen-32b,0.0,tablejoin,data_analysis,cb29bb1e6915d8366ff58783e47c9939d3d30712f2643cd23d6cbecc4210a2b2
5742,gemma-3-12b-it,18.0,tablejoin,data_analysis,d03bcee55bda5e582cc13547ab9bf898fbd1324fd5690481cc0d8a4ae9fd24f9
5743,gemma-3-1b-it,0.0,tablejoin,data_analysis,d03bcee55bda5e582cc13547ab9bf898fbd1324fd5690481cc0d8a4ae9fd24f9
5744,gemma-3-4b-it,0.0,tablejoin,data_analysis,d03bcee55bda5e582cc13547ab9bf898fbd1324fd5690481cc0d8a4ae9fd24f9
5745,llama-3.1-70b-instruct,50.0,tablejoin,data_analysis,d03bcee55bda5e582cc13547ab9bf898fbd1324fd5690481cc0d8a4ae9fd24f9
5746,llama-3.1-8b-instruct,0.0,tablejoin,data_analysis,d03bcee55bda5e582cc13547ab9bf898fbd1324fd5690481cc0d8a4ae9fd24f9
5747,llama-3.2-1b-instruct,0.0,tablejoin,data_analysis,d03bcee55bda5e582cc13547ab9bf898fbd1324fd5690481cc0d8a4ae9fd24f9
5748,llama-3.2-3b-instruct,0.0,tablejoin,data_analysis,d03bcee55bda5e582cc13547ab9bf898fbd1324fd5690481cc0d8a4ae9fd24f9
5749,mistral-24b,13.0,tablejoin,data_analysis,d03bcee55bda5e582cc13547ab9bf898fbd1324fd5690481cc0d8a4ae9fd24f9
5750,mistral-7b,0.0,tablejoin,data_analysis,d03bcee55bda5e582cc13547ab9bf898fbd1324fd5690481cc0d8a4ae9fd24f9
5751,qwen-2.5-3b-instruct,13.0,tablejoin,data_analysis,d03bcee55bda5e582cc13547ab9bf898fbd1324fd5690481cc0d8a4ae9fd24f9
5752,qwen-32b,0.0,tablejoin,data_analysis,d03bcee55bda5e582cc13547ab9bf898fbd1324fd5690481cc0d8a4ae9fd24f9
5753,gemma-3-12b-it,0.0,tablejoin,data_analysis,d4b2efd567053821eedf1ea3f759d4948f50264b94bd6ff37b18bc92e79d4fc1
5754,gemma-3-1b-it,0.0,tablejoin,data_analysis,d4b2efd567053821eedf1ea3f759d4948f50264b94bd6ff37b18bc92e79d4fc1
5755,gemma-3-4b-it,0.0,tablejoin,data_analysis,d4b2efd567053821eedf1ea3f759d4948f50264b94bd6ff37b18bc92e79d4fc1
5756,llama-3.1-70b-instruct,33.0,tablejoin,data_analysis,d4b2efd567053821eedf1ea3f759d4948f50264b94bd6ff37b18bc92e79d4fc1
5757,llama-3.1-8b-instruct,0.0,tablejoin,data_analysis,d4b2efd567053821eedf1ea3f759d4948f50264b94bd6ff37b18bc92e79d4fc1
5758,llama-3.2-1b-instruct,0.0,tablejoin,data_analysis,d4b2efd567053821eedf1ea3f759d4948f50264b94bd6ff37b18bc92e79d4fc1
5759,llama-3.2-3b-instruct,0.0,tablejoin,data_analysis,d4b2efd567053821eedf1ea3f759d4948f50264b94bd6ff37b18bc92e79d4fc1
5760,mistral-24b,0.0,tablejoin,data_analysis,d4b2efd567053821eedf1ea3f759d4948f50264b94bd6ff37b18bc92e79d4fc1
5761,mistral-7b,0.0,tablejoin,data_analysis,d4b2efd567053821eedf1ea3f759d4948f50264b94bd6ff37b18bc92e79d4fc1
5762,qwen-2.5-3b-instruct,0.0,tablejoin,data_analysis,d4b2efd567053821eedf1ea3f759d4948f50264b94bd6ff37b18bc92e79d4fc1
5763,qwen-32b,40.0,tablejoin,data_analysis,d4b2efd567053821eedf1ea3f759d4948f50264b94bd6ff37b18bc92e79d4fc1
5764,gemma-3-12b-it,0.0,tablejoin,data_analysis,d60522bc74ae4e6d7ba1a5e0401e53e4a3d7a7182fed328e72825445ceafba9d
5765,gemma-3-1b-it,0.0,tablejoin,data_analysis,d60522bc74ae4e6d7ba1a5e0401e53e4a3d7a7182fed328e72825445ceafba9d
5766,gemma-3-4b-it,0.0,tablejoin,data_analysis,d60522bc74ae4e6d7ba1a5e0401e53e4a3d7a7182fed328e72825445ceafba9d
5767,llama-3.1-70b-instruct,0.0,tablejoin,data_analysis,d60522bc74ae4e6d7ba1a5e0401e53e4a3d7a7182fed328e72825445ceafba9d
5768,llama-3.1-8b-instruct,0.0,tablejoin,data_analysis,d60522bc74ae4e6d7ba1a5e0401e53e4a3d7a7182fed328e72825445ceafba9d
5769,llama-3.2-1b-instruct,0.0,tablejoin,data_analysis,d60522bc74ae4e6d7ba1a5e0401e53e4a3d7a7182fed328e72825445ceafba9d
5770,llama-3.2-3b-instruct,0.0,tablejoin,data_analysis,d60522bc74ae4e6d7ba1a5e0401e53e4a3d7a7182fed328e72825445ceafba9d
5771,mistral-24b,0.0,tablejoin,data_analysis,d60522bc74ae4e6d7ba1a5e0401e53e4a3d7a7182fed328e72825445ceafba9d
5772,mistral-7b,0.0,tablejoin,data_analysis,d60522bc74ae4e6d7ba1a5e0401e53e4a3d7a7182fed328e72825445ceafba9d
5773,qwen-2.5-3b-instruct,0.0,tablejoin,data_analysis,d60522bc74ae4e6d7ba1a5e0401e53e4a3d7a7182fed328e72825445ceafba9d
5774,qwen-32b,0.0,tablejoin,data_analysis,d60522bc74ae4e6d7ba1a5e0401e53e4a3d7a7182fed328e72825445ceafba9d
5775,gemma-3-12b-it,0.0,tablejoin,data_analysis,d89584191190995d5cb7307c938dbfb201e3af17ed7f666c2afae0fe2ad55985
5776,gemma-3-1b-it,0.0,tablejoin,data_analysis,d89584191190995d5cb7307c938dbfb201e3af17ed7f666c2afae0fe2ad55985
5777,gemma-3-4b-it,0.0,tablejoin,data_analysis,d89584191190995d5cb7307c938dbfb201e3af17ed7f666c2afae0fe2ad55985
5778,llama-3.1-70b-instruct,33.0,tablejoin,data_analysis,d89584191190995d5cb7307c938dbfb201e3af17ed7f666c2afae0fe2ad55985
5779,llama-3.1-8b-instruct,0.0,tablejoin,data_analysis,d89584191190995d5cb7307c938dbfb201e3af17ed7f666c2afae0fe2ad55985
5780,llama-3.2-1b-instruct,0.0,tablejoin,data_analysis,d89584191190995d5cb7307c938dbfb201e3af17ed7f666c2afae0fe2ad55985
5781,llama-3.2-3b-instruct,0.0,tablejoin,data_analysis,d89584191190995d5cb7307c938dbfb201e3af17ed7f666c2afae0fe2ad55985
5782,mistral-24b,0.0,tablejoin,data_analysis,d89584191190995d5cb7307c938dbfb201e3af17ed7f666c2afae0fe2ad55985
5783,mistral-7b,25.0,tablejoin,data_analysis,d89584191190995d5cb7307c938dbfb201e3af17ed7f666c2afae0fe2ad55985
5784,qwen-2.5-3b-instruct,0.0,tablejoin,data_analysis,d89584191190995d5cb7307c938dbfb201e3af17ed7f666c2afae0fe2ad55985
5785,qwen-32b,25.0,tablejoin,data_analysis,d89584191190995d5cb7307c938dbfb201e3af17ed7f666c2afae0fe2ad55985
5786,gemma-3-12b-it,0.0,tablejoin,data_analysis,da9f424fc770103fa6b2639920d84fd8be3c448031ed96d13b975289356f4a67
5787,gemma-3-1b-it,0.0,tablejoin,data_analysis,da9f424fc770103fa6b2639920d84fd8be3c448031ed96d13b975289356f4a67
5788,gemma-3-4b-it,0.0,tablejoin,data_analysis,da9f424fc770103fa6b2639920d84fd8be3c448031ed96d13b975289356f4a67
5789,llama-3.1-70b-instruct,0.0,tablejoin,data_analysis,da9f424fc770103fa6b2639920d84fd8be3c448031ed96d13b975289356f4a67
5790,llama-3.1-8b-instruct,0.0,tablejoin,data_analysis,da9f424fc770103fa6b2639920d84fd8be3c448031ed96d13b975289356f4a67
5791,llama-3.2-1b-instruct,0.0,tablejoin,data_analysis,da9f424fc770103fa6b2639920d84fd8be3c448031ed96d13b975289356f4a67
5792,llama-3.2-3b-instruct,0.0,tablejoin,data_analysis,da9f424fc770103fa6b2639920d84fd8be3c448031ed96d13b975289356f4a67
5793,mistral-24b,18.0,tablejoin,data_analysis,da9f424fc770103fa6b2639920d84fd8be3c448031ed96d13b975289356f4a67
5794,mistral-7b,0.0,tablejoin,data_analysis,da9f424fc770103fa6b2639920d84fd8be3c448031ed96d13b975289356f4a67
5795,qwen-2.5-3b-instruct,0.0,tablejoin,data_analysis,da9f424fc770103fa6b2639920d84fd8be3c448031ed96d13b975289356f4a67
5796,qwen-32b,25.0,tablejoin,data_analysis,da9f424fc770103fa6b2639920d84fd8be3c448031ed96d13b975289356f4a67
5797,gemma-3-12b-it,15.0,tablejoin,data_analysis,dc753a46614f7f4d1c839d06ec864324f8b6142e30bf804dae6aae8b6eb91941
5798,gemma-3-1b-it,0.0,tablejoin,data_analysis,dc753a46614f7f4d1c839d06ec864324f8b6142e30bf804dae6aae8b6eb91941
5799,gemma-3-4b-it,14.000000000000002,tablejoin,data_analysis,dc753a46614f7f4d1c839d06ec864324f8b6142e30bf804dae6aae8b6eb91941
5800,llama-3.1-70b-instruct,14.000000000000002,tablejoin,data_analysis,dc753a46614f7f4d1c839d06ec864324f8b6142e30bf804dae6aae8b6eb91941
5801,llama-3.1-8b-instruct,0.0,tablejoin,data_analysis,dc753a46614f7f4d1c839d06ec864324f8b6142e30bf804dae6aae8b6eb91941
5802,llama-3.2-1b-instruct,0.0,tablejoin,data_analysis,dc753a46614f7f4d1c839d06ec864324f8b6142e30bf804dae6aae8b6eb91941
5803,llama-3.2-3b-instruct,0.0,tablejoin,data_analysis,dc753a46614f7f4d1c839d06ec864324f8b6142e30bf804dae6aae8b6eb91941
5804,mistral-24b,14.000000000000002,tablejoin,data_analysis,dc753a46614f7f4d1c839d06ec864324f8b6142e30bf804dae6aae8b6eb91941
5805,mistral-7b,13.0,tablejoin,data_analysis,dc753a46614f7f4d1c839d06ec864324f8b6142e30bf804dae6aae8b6eb91941
5806,qwen-2.5-3b-instruct,18.0,tablejoin,data_analysis,dc753a46614f7f4d1c839d06ec864324f8b6142e30bf804dae6aae8b6eb91941
5807,qwen-32b,0.0,tablejoin,data_analysis,dc753a46614f7f4d1c839d06ec864324f8b6142e30bf804dae6aae8b6eb91941
5808,gemma-3-12b-it,0.0,tablejoin,data_analysis,dd7ff515b9cd4c4a6e1d3fe3cb5e14c77123225c73193ce89c104b4f3f80cf22
5809,gemma-3-1b-it,0.0,tablejoin,data_analysis,dd7ff515b9cd4c4a6e1d3fe3cb5e14c77123225c73193ce89c104b4f3f80cf22
5810,gemma-3-4b-it,0.0,tablejoin,data_analysis,dd7ff515b9cd4c4a6e1d3fe3cb5e14c77123225c73193ce89c104b4f3f80cf22
5811,llama-3.1-70b-instruct,0.0,tablejoin,data_analysis,dd7ff515b9cd4c4a6e1d3fe3cb5e14c77123225c73193ce89c104b4f3f80cf22
5812,llama-3.1-8b-instruct,0.0,tablejoin,data_analysis,dd7ff515b9cd4c4a6e1d3fe3cb5e14c77123225c73193ce89c104b4f3f80cf22
5813,llama-3.2-1b-instruct,0.0,tablejoin,data_analysis,dd7ff515b9cd4c4a6e1d3fe3cb5e14c77123225c73193ce89c104b4f3f80cf22
5814,llama-3.2-3b-instruct,0.0,tablejoin,data_analysis,dd7ff515b9cd4c4a6e1d3fe3cb5e14c77123225c73193ce89c104b4f3f80cf22
5815,mistral-24b,0.0,tablejoin,data_analysis,dd7ff515b9cd4c4a6e1d3fe3cb5e14c77123225c73193ce89c104b4f3f80cf22
5816,mistral-7b,0.0,tablejoin,data_analysis,dd7ff515b9cd4c4a6e1d3fe3cb5e14c77123225c73193ce89c104b4f3f80cf22
5817,qwen-2.5-3b-instruct,0.0,tablejoin,data_analysis,dd7ff515b9cd4c4a6e1d3fe3cb5e14c77123225c73193ce89c104b4f3f80cf22
5818,qwen-32b,22.0,tablejoin,data_analysis,dd7ff515b9cd4c4a6e1d3fe3cb5e14c77123225c73193ce89c104b4f3f80cf22
5819,gemma-3-12b-it,0.0,tablejoin,data_analysis,e824359153d4fea96a9257ecceb44a3bb95dd0c84f95e2e3964ebdcdf8e8b32b
5820,gemma-3-1b-it,0.0,tablejoin,data_analysis,e824359153d4fea96a9257ecceb44a3bb95dd0c84f95e2e3964ebdcdf8e8b32b
5821,gemma-3-4b-it,0.0,tablejoin,data_analysis,e824359153d4fea96a9257ecceb44a3bb95dd0c84f95e2e3964ebdcdf8e8b32b
5822,llama-3.1-70b-instruct,0.0,tablejoin,data_analysis,e824359153d4fea96a9257ecceb44a3bb95dd0c84f95e2e3964ebdcdf8e8b32b
5823,llama-3.1-8b-instruct,0.0,tablejoin,data_analysis,e824359153d4fea96a9257ecceb44a3bb95dd0c84f95e2e3964ebdcdf8e8b32b
5824,llama-3.2-1b-instruct,0.0,tablejoin,data_analysis,e824359153d4fea96a9257ecceb44a3bb95dd0c84f95e2e3964ebdcdf8e8b32b
5825,llama-3.2-3b-instruct,0.0,tablejoin,data_analysis,e824359153d4fea96a9257ecceb44a3bb95dd0c84f95e2e3964ebdcdf8e8b32b
5826,mistral-24b,0.0,tablejoin,data_analysis,e824359153d4fea96a9257ecceb44a3bb95dd0c84f95e2e3964ebdcdf8e8b32b
5827,mistral-7b,0.0,tablejoin,data_analysis,e824359153d4fea96a9257ecceb44a3bb95dd0c84f95e2e3964ebdcdf8e8b32b
5828,qwen-2.5-3b-instruct,0.0,tablejoin,data_analysis,e824359153d4fea96a9257ecceb44a3bb95dd0c84f95e2e3964ebdcdf8e8b32b
5829,qwen-32b,0.0,tablejoin,data_analysis,e824359153d4fea96a9257ecceb44a3bb95dd0c84f95e2e3964ebdcdf8e8b32b
5830,gemma-3-12b-it,0.0,tablejoin,data_analysis,eeec6c1afcb16c44895a770343d4c21c6eb88d2902ac8dc1568a6940d9502610
5831,gemma-3-1b-it,0.0,tablejoin,data_analysis,eeec6c1afcb16c44895a770343d4c21c6eb88d2902ac8dc1568a6940d9502610
5832,gemma-3-4b-it,0.0,tablejoin,data_analysis,eeec6c1afcb16c44895a770343d4c21c6eb88d2902ac8dc1568a6940d9502610
5833,llama-3.1-70b-instruct,0.0,tablejoin,data_analysis,eeec6c1afcb16c44895a770343d4c21c6eb88d2902ac8dc1568a6940d9502610
5834,llama-3.1-8b-instruct,0.0,tablejoin,data_analysis,eeec6c1afcb16c44895a770343d4c21c6eb88d2902ac8dc1568a6940d9502610
5835,llama-3.2-1b-instruct,0.0,tablejoin,data_analysis,eeec6c1afcb16c44895a770343d4c21c6eb88d2902ac8dc1568a6940d9502610
5836,llama-3.2-3b-instruct,0.0,tablejoin,data_analysis,eeec6c1afcb16c44895a770343d4c21c6eb88d2902ac8dc1568a6940d9502610
5837,mistral-24b,25.0,tablejoin,data_analysis,eeec6c1afcb16c44895a770343d4c21c6eb88d2902ac8dc1568a6940d9502610
5838,mistral-7b,0.0,tablejoin,data_analysis,eeec6c1afcb16c44895a770343d4c21c6eb88d2902ac8dc1568a6940d9502610
5839,qwen-2.5-3b-instruct,25.0,tablejoin,data_analysis,eeec6c1afcb16c44895a770343d4c21c6eb88d2902ac8dc1568a6940d9502610
5840,qwen-32b,0.0,tablejoin,data_analysis,eeec6c1afcb16c44895a770343d4c21c6eb88d2902ac8dc1568a6940d9502610
5841,gemma-3-12b-it,0.0,tablejoin,data_analysis,fd0046f3c752ad7a6ce735aff42247b449563c3c664852793c698369c0046c93
5842,gemma-3-1b-it,0.0,tablejoin,data_analysis,fd0046f3c752ad7a6ce735aff42247b449563c3c664852793c698369c0046c93
5843,gemma-3-4b-it,0.0,tablejoin,data_analysis,fd0046f3c752ad7a6ce735aff42247b449563c3c664852793c698369c0046c93
5844,llama-3.1-70b-instruct,100.0,tablejoin,data_analysis,fd0046f3c752ad7a6ce735aff42247b449563c3c664852793c698369c0046c93
5845,llama-3.1-8b-instruct,0.0,tablejoin,data_analysis,fd0046f3c752ad7a6ce735aff42247b449563c3c664852793c698369c0046c93
5846,llama-3.2-1b-instruct,0.0,tablejoin,data_analysis,fd0046f3c752ad7a6ce735aff42247b449563c3c664852793c698369c0046c93
5847,llama-3.2-3b-instruct,0.0,tablejoin,data_analysis,fd0046f3c752ad7a6ce735aff42247b449563c3c664852793c698369c0046c93
5848,mistral-24b,100.0,tablejoin,data_analysis,fd0046f3c752ad7a6ce735aff42247b449563c3c664852793c698369c0046c93
5849,mistral-7b,0.0,tablejoin,data_analysis,fd0046f3c752ad7a6ce735aff42247b449563c3c664852793c698369c0046c93
5850,qwen-2.5-3b-instruct,0.0,tablejoin,data_analysis,fd0046f3c752ad7a6ce735aff42247b449563c3c664852793c698369c0046c93
5851,qwen-32b,100.0,tablejoin,data_analysis,fd0046f3c752ad7a6ce735aff42247b449563c3c664852793c698369c0046c93
5852,gemma-3-12b-it,0.0,cta,data_analysis,010107031fdf6e54fcac08ac186ff4f0a9018d887bf5920f921f14e80bd82633
5853,gemma-3-1b-it,0.0,cta,data_analysis,010107031fdf6e54fcac08ac186ff4f0a9018d887bf5920f921f14e80bd82633
5854,gemma-3-4b-it,100.0,cta,data_analysis,010107031fdf6e54fcac08ac186ff4f0a9018d887bf5920f921f14e80bd82633
5855,llama-3.1-70b-instruct,0.0,cta,data_analysis,010107031fdf6e54fcac08ac186ff4f0a9018d887bf5920f921f14e80bd82633
5856,llama-3.1-8b-instruct,0.0,cta,data_analysis,010107031fdf6e54fcac08ac186ff4f0a9018d887bf5920f921f14e80bd82633
5857,llama-3.2-1b-instruct,0.0,cta,data_analysis,010107031fdf6e54fcac08ac186ff4f0a9018d887bf5920f921f14e80bd82633
5858,llama-3.2-3b-instruct,0.0,cta,data_analysis,010107031fdf6e54fcac08ac186ff4f0a9018d887bf5920f921f14e80bd82633
5859,mistral-24b,0.0,cta,data_analysis,010107031fdf6e54fcac08ac186ff4f0a9018d887bf5920f921f14e80bd82633
5860,mistral-7b,0.0,cta,data_analysis,010107031fdf6e54fcac08ac186ff4f0a9018d887bf5920f921f14e80bd82633
5861,qwen-2.5-3b-instruct,0.0,cta,data_analysis,010107031fdf6e54fcac08ac186ff4f0a9018d887bf5920f921f14e80bd82633
5862,qwen-32b,0.0,cta,data_analysis,010107031fdf6e54fcac08ac186ff4f0a9018d887bf5920f921f14e80bd82633
5863,gemma-3-12b-it,0.0,cta,data_analysis,051ed5edf44bb798385076a1260de95b272dd2e0f5167dc78e514ce434af3ef6
5864,gemma-3-1b-it,0.0,cta,data_analysis,051ed5edf44bb798385076a1260de95b272dd2e0f5167dc78e514ce434af3ef6
5865,gemma-3-4b-it,0.0,cta,data_analysis,051ed5edf44bb798385076a1260de95b272dd2e0f5167dc78e514ce434af3ef6
5866,llama-3.1-70b-instruct,0.0,cta,data_analysis,051ed5edf44bb798385076a1260de95b272dd2e0f5167dc78e514ce434af3ef6
5867,llama-3.1-8b-instruct,0.0,cta,data_analysis,051ed5edf44bb798385076a1260de95b272dd2e0f5167dc78e514ce434af3ef6
5868,llama-3.2-1b-instruct,0.0,cta,data_analysis,051ed5edf44bb798385076a1260de95b272dd2e0f5167dc78e514ce434af3ef6
5869,llama-3.2-3b-instruct,0.0,cta,data_analysis,051ed5edf44bb798385076a1260de95b272dd2e0f5167dc78e514ce434af3ef6
5870,mistral-24b,0.0,cta,data_analysis,051ed5edf44bb798385076a1260de95b272dd2e0f5167dc78e514ce434af3ef6
5871,mistral-7b,0.0,cta,data_analysis,051ed5edf44bb798385076a1260de95b272dd2e0f5167dc78e514ce434af3ef6
5872,qwen-2.5-3b-instruct,0.0,cta,data_analysis,051ed5edf44bb798385076a1260de95b272dd2e0f5167dc78e514ce434af3ef6
5873,qwen-32b,0.0,cta,data_analysis,051ed5edf44bb798385076a1260de95b272dd2e0f5167dc78e514ce434af3ef6
5874,gemma-3-12b-it,100.0,cta,data_analysis,090b4fb6f42c01d28d3dd382ee3b06c9596078e719d863eb53fe16bc1a0ca910
5875,gemma-3-1b-it,100.0,cta,data_analysis,090b4fb6f42c01d28d3dd382ee3b06c9596078e719d863eb53fe16bc1a0ca910
5876,gemma-3-4b-it,100.0,cta,data_analysis,090b4fb6f42c01d28d3dd382ee3b06c9596078e719d863eb53fe16bc1a0ca910
5877,llama-3.1-70b-instruct,100.0,cta,data_analysis,090b4fb6f42c01d28d3dd382ee3b06c9596078e719d863eb53fe16bc1a0ca910
5878,llama-3.1-8b-instruct,100.0,cta,data_analysis,090b4fb6f42c01d28d3dd382ee3b06c9596078e719d863eb53fe16bc1a0ca910
5879,llama-3.2-1b-instruct,0.0,cta,data_analysis,090b4fb6f42c01d28d3dd382ee3b06c9596078e719d863eb53fe16bc1a0ca910
5880,llama-3.2-3b-instruct,100.0,cta,data_analysis,090b4fb6f42c01d28d3dd382ee3b06c9596078e719d863eb53fe16bc1a0ca910
5881,mistral-24b,100.0,cta,data_analysis,090b4fb6f42c01d28d3dd382ee3b06c9596078e719d863eb53fe16bc1a0ca910
5882,mistral-7b,100.0,cta,data_analysis,090b4fb6f42c01d28d3dd382ee3b06c9596078e719d863eb53fe16bc1a0ca910
5883,qwen-2.5-3b-instruct,100.0,cta,data_analysis,090b4fb6f42c01d28d3dd382ee3b06c9596078e719d863eb53fe16bc1a0ca910
5884,qwen-32b,100.0,cta,data_analysis,090b4fb6f42c01d28d3dd382ee3b06c9596078e719d863eb53fe16bc1a0ca910
5885,gemma-3-12b-it,0.0,cta,data_analysis,0e035026e0e096f6275c4e0699603f502f04d6c9904bc938b46df4dc6300116b
5886,gemma-3-1b-it,0.0,cta,data_analysis,0e035026e0e096f6275c4e0699603f502f04d6c9904bc938b46df4dc6300116b
5887,gemma-3-4b-it,100.0,cta,data_analysis,0e035026e0e096f6275c4e0699603f502f04d6c9904bc938b46df4dc6300116b
5888,llama-3.1-70b-instruct,0.0,cta,data_analysis,0e035026e0e096f6275c4e0699603f502f04d6c9904bc938b46df4dc6300116b
5889,llama-3.1-8b-instruct,0.0,cta,data_analysis,0e035026e0e096f6275c4e0699603f502f04d6c9904bc938b46df4dc6300116b
5890,llama-3.2-1b-instruct,0.0,cta,data_analysis,0e035026e0e096f6275c4e0699603f502f04d6c9904bc938b46df4dc6300116b
5891,llama-3.2-3b-instruct,0.0,cta,data_analysis,0e035026e0e096f6275c4e0699603f502f04d6c9904bc938b46df4dc6300116b
5892,mistral-24b,0.0,cta,data_analysis,0e035026e0e096f6275c4e0699603f502f04d6c9904bc938b46df4dc6300116b
5893,mistral-7b,100.0,cta,data_analysis,0e035026e0e096f6275c4e0699603f502f04d6c9904bc938b46df4dc6300116b
5894,qwen-2.5-3b-instruct,0.0,cta,data_analysis,0e035026e0e096f6275c4e0699603f502f04d6c9904bc938b46df4dc6300116b
5895,qwen-32b,0.0,cta,data_analysis,0e035026e0e096f6275c4e0699603f502f04d6c9904bc938b46df4dc6300116b
5896,gemma-3-12b-it,100.0,cta,data_analysis,13ca9b1d4d1937587bd2cc18ac8804a4c57d5e9066a6d7501d2f06ab33119cb6
5897,gemma-3-1b-it,0.0,cta,data_analysis,13ca9b1d4d1937587bd2cc18ac8804a4c57d5e9066a6d7501d2f06ab33119cb6
5898,gemma-3-4b-it,100.0,cta,data_analysis,13ca9b1d4d1937587bd2cc18ac8804a4c57d5e9066a6d7501d2f06ab33119cb6
5899,llama-3.1-70b-instruct,100.0,cta,data_analysis,13ca9b1d4d1937587bd2cc18ac8804a4c57d5e9066a6d7501d2f06ab33119cb6
5900,llama-3.1-8b-instruct,100.0,cta,data_analysis,13ca9b1d4d1937587bd2cc18ac8804a4c57d5e9066a6d7501d2f06ab33119cb6
5901,llama-3.2-1b-instruct,0.0,cta,data_analysis,13ca9b1d4d1937587bd2cc18ac8804a4c57d5e9066a6d7501d2f06ab33119cb6
5902,llama-3.2-3b-instruct,100.0,cta,data_analysis,13ca9b1d4d1937587bd2cc18ac8804a4c57d5e9066a6d7501d2f06ab33119cb6
5903,mistral-24b,100.0,cta,data_analysis,13ca9b1d4d1937587bd2cc18ac8804a4c57d5e9066a6d7501d2f06ab33119cb6
5904,mistral-7b,100.0,cta,data_analysis,13ca9b1d4d1937587bd2cc18ac8804a4c57d5e9066a6d7501d2f06ab33119cb6
5905,qwen-2.5-3b-instruct,100.0,cta,data_analysis,13ca9b1d4d1937587bd2cc18ac8804a4c57d5e9066a6d7501d2f06ab33119cb6
5906,qwen-32b,100.0,cta,data_analysis,13ca9b1d4d1937587bd2cc18ac8804a4c57d5e9066a6d7501d2f06ab33119cb6
5907,gemma-3-12b-it,0.0,cta,data_analysis,178c1f72e05a48d00980e3f21a6a33eb66c2c5fd87d78b72a92d4423cf3b3e40
5908,gemma-3-1b-it,0.0,cta,data_analysis,178c1f72e05a48d00980e3f21a6a33eb66c2c5fd87d78b72a92d4423cf3b3e40
5909,gemma-3-4b-it,0.0,cta,data_analysis,178c1f72e05a48d00980e3f21a6a33eb66c2c5fd87d78b72a92d4423cf3b3e40
5910,llama-3.1-70b-instruct,0.0,cta,data_analysis,178c1f72e05a48d00980e3f21a6a33eb66c2c5fd87d78b72a92d4423cf3b3e40
5911,llama-3.1-8b-instruct,0.0,cta,data_analysis,178c1f72e05a48d00980e3f21a6a33eb66c2c5fd87d78b72a92d4423cf3b3e40
5912,llama-3.2-1b-instruct,0.0,cta,data_analysis,178c1f72e05a48d00980e3f21a6a33eb66c2c5fd87d78b72a92d4423cf3b3e40
5913,llama-3.2-3b-instruct,0.0,cta,data_analysis,178c1f72e05a48d00980e3f21a6a33eb66c2c5fd87d78b72a92d4423cf3b3e40
5914,mistral-24b,0.0,cta,data_analysis,178c1f72e05a48d00980e3f21a6a33eb66c2c5fd87d78b72a92d4423cf3b3e40
5915,mistral-7b,0.0,cta,data_analysis,178c1f72e05a48d00980e3f21a6a33eb66c2c5fd87d78b72a92d4423cf3b3e40
5916,qwen-2.5-3b-instruct,0.0,cta,data_analysis,178c1f72e05a48d00980e3f21a6a33eb66c2c5fd87d78b72a92d4423cf3b3e40
5917,qwen-32b,0.0,cta,data_analysis,178c1f72e05a48d00980e3f21a6a33eb66c2c5fd87d78b72a92d4423cf3b3e40
5918,gemma-3-12b-it,100.0,cta,data_analysis,1845745b3354782800cff1a055131c3e64c58719dced8d96d69083ab210e0391
5919,gemma-3-1b-it,0.0,cta,data_analysis,1845745b3354782800cff1a055131c3e64c58719dced8d96d69083ab210e0391
5920,gemma-3-4b-it,100.0,cta,data_analysis,1845745b3354782800cff1a055131c3e64c58719dced8d96d69083ab210e0391
5921,llama-3.1-70b-instruct,100.0,cta,data_analysis,1845745b3354782800cff1a055131c3e64c58719dced8d96d69083ab210e0391
5922,llama-3.1-8b-instruct,0.0,cta,data_analysis,1845745b3354782800cff1a055131c3e64c58719dced8d96d69083ab210e0391
5923,llama-3.2-1b-instruct,0.0,cta,data_analysis,1845745b3354782800cff1a055131c3e64c58719dced8d96d69083ab210e0391
5924,llama-3.2-3b-instruct,0.0,cta,data_analysis,1845745b3354782800cff1a055131c3e64c58719dced8d96d69083ab210e0391
5925,mistral-24b,100.0,cta,data_analysis,1845745b3354782800cff1a055131c3e64c58719dced8d96d69083ab210e0391
5926,mistral-7b,100.0,cta,data_analysis,1845745b3354782800cff1a055131c3e64c58719dced8d96d69083ab210e0391
5927,qwen-2.5-3b-instruct,100.0,cta,data_analysis,1845745b3354782800cff1a055131c3e64c58719dced8d96d69083ab210e0391
5928,qwen-32b,100.0,cta,data_analysis,1845745b3354782800cff1a055131c3e64c58719dced8d96d69083ab210e0391
5929,gemma-3-12b-it,100.0,cta,data_analysis,25461ebb72e6daae6d0dc5815dcde9cd3fb2cf5150fe435f336775b00b45336d
5930,gemma-3-1b-it,100.0,cta,data_analysis,25461ebb72e6daae6d0dc5815dcde9cd3fb2cf5150fe435f336775b00b45336d
5931,gemma-3-4b-it,100.0,cta,data_analysis,25461ebb72e6daae6d0dc5815dcde9cd3fb2cf5150fe435f336775b00b45336d
5932,llama-3.1-70b-instruct,100.0,cta,data_analysis,25461ebb72e6daae6d0dc5815dcde9cd3fb2cf5150fe435f336775b00b45336d
5933,llama-3.1-8b-instruct,100.0,cta,data_analysis,25461ebb72e6daae6d0dc5815dcde9cd3fb2cf5150fe435f336775b00b45336d
5934,llama-3.2-1b-instruct,100.0,cta,data_analysis,25461ebb72e6daae6d0dc5815dcde9cd3fb2cf5150fe435f336775b00b45336d
5935,llama-3.2-3b-instruct,100.0,cta,data_analysis,25461ebb72e6daae6d0dc5815dcde9cd3fb2cf5150fe435f336775b00b45336d
5936,mistral-24b,100.0,cta,data_analysis,25461ebb72e6daae6d0dc5815dcde9cd3fb2cf5150fe435f336775b00b45336d
5937,mistral-7b,100.0,cta,data_analysis,25461ebb72e6daae6d0dc5815dcde9cd3fb2cf5150fe435f336775b00b45336d
5938,qwen-2.5-3b-instruct,100.0,cta,data_analysis,25461ebb72e6daae6d0dc5815dcde9cd3fb2cf5150fe435f336775b00b45336d
5939,qwen-32b,100.0,cta,data_analysis,25461ebb72e6daae6d0dc5815dcde9cd3fb2cf5150fe435f336775b00b45336d
5940,gemma-3-12b-it,0.0,cta,data_analysis,2a096cf1746e2653f40f60879ceed7f994e888a06a029a143dc3b160040e756f
5941,gemma-3-1b-it,0.0,cta,data_analysis,2a096cf1746e2653f40f60879ceed7f994e888a06a029a143dc3b160040e756f
5942,gemma-3-4b-it,0.0,cta,data_analysis,2a096cf1746e2653f40f60879ceed7f994e888a06a029a143dc3b160040e756f
5943,llama-3.1-70b-instruct,0.0,cta,data_analysis,2a096cf1746e2653f40f60879ceed7f994e888a06a029a143dc3b160040e756f
5944,llama-3.1-8b-instruct,0.0,cta,data_analysis,2a096cf1746e2653f40f60879ceed7f994e888a06a029a143dc3b160040e756f
5945,llama-3.2-1b-instruct,0.0,cta,data_analysis,2a096cf1746e2653f40f60879ceed7f994e888a06a029a143dc3b160040e756f
5946,llama-3.2-3b-instruct,0.0,cta,data_analysis,2a096cf1746e2653f40f60879ceed7f994e888a06a029a143dc3b160040e756f
5947,mistral-24b,0.0,cta,data_analysis,2a096cf1746e2653f40f60879ceed7f994e888a06a029a143dc3b160040e756f
5948,mistral-7b,0.0,cta,data_analysis,2a096cf1746e2653f40f60879ceed7f994e888a06a029a143dc3b160040e756f
5949,qwen-2.5-3b-instruct,0.0,cta,data_analysis,2a096cf1746e2653f40f60879ceed7f994e888a06a029a143dc3b160040e756f
5950,qwen-32b,0.0,cta,data_analysis,2a096cf1746e2653f40f60879ceed7f994e888a06a029a143dc3b160040e756f
5951,gemma-3-12b-it,0.0,cta,data_analysis,2c40553d646d1f2d657f5f982f49b9ca64dfd6e1b675965830c419412c6076c1
5952,gemma-3-1b-it,0.0,cta,data_analysis,2c40553d646d1f2d657f5f982f49b9ca64dfd6e1b675965830c419412c6076c1
5953,gemma-3-4b-it,0.0,cta,data_analysis,2c40553d646d1f2d657f5f982f49b9ca64dfd6e1b675965830c419412c6076c1
5954,llama-3.1-70b-instruct,0.0,cta,data_analysis,2c40553d646d1f2d657f5f982f49b9ca64dfd6e1b675965830c419412c6076c1
5955,llama-3.1-8b-instruct,0.0,cta,data_analysis,2c40553d646d1f2d657f5f982f49b9ca64dfd6e1b675965830c419412c6076c1
5956,llama-3.2-1b-instruct,0.0,cta,data_analysis,2c40553d646d1f2d657f5f982f49b9ca64dfd6e1b675965830c419412c6076c1
5957,llama-3.2-3b-instruct,0.0,cta,data_analysis,2c40553d646d1f2d657f5f982f49b9ca64dfd6e1b675965830c419412c6076c1
5958,mistral-24b,0.0,cta,data_analysis,2c40553d646d1f2d657f5f982f49b9ca64dfd6e1b675965830c419412c6076c1
5959,mistral-7b,0.0,cta,data_analysis,2c40553d646d1f2d657f5f982f49b9ca64dfd6e1b675965830c419412c6076c1
5960,qwen-2.5-3b-instruct,0.0,cta,data_analysis,2c40553d646d1f2d657f5f982f49b9ca64dfd6e1b675965830c419412c6076c1
5961,qwen-32b,0.0,cta,data_analysis,2c40553d646d1f2d657f5f982f49b9ca64dfd6e1b675965830c419412c6076c1
5962,gemma-3-12b-it,100.0,cta,data_analysis,2cbf1cc153f0500650d2b4ce15643bc7319268df28b56624014250dc8fe28b07
5963,gemma-3-1b-it,100.0,cta,data_analysis,2cbf1cc153f0500650d2b4ce15643bc7319268df28b56624014250dc8fe28b07
5964,gemma-3-4b-it,100.0,cta,data_analysis,2cbf1cc153f0500650d2b4ce15643bc7319268df28b56624014250dc8fe28b07
5965,llama-3.1-70b-instruct,100.0,cta,data_analysis,2cbf1cc153f0500650d2b4ce15643bc7319268df28b56624014250dc8fe28b07
5966,llama-3.1-8b-instruct,100.0,cta,data_analysis,2cbf1cc153f0500650d2b4ce15643bc7319268df28b56624014250dc8fe28b07
5967,llama-3.2-1b-instruct,100.0,cta,data_analysis,2cbf1cc153f0500650d2b4ce15643bc7319268df28b56624014250dc8fe28b07
5968,llama-3.2-3b-instruct,100.0,cta,data_analysis,2cbf1cc153f0500650d2b4ce15643bc7319268df28b56624014250dc8fe28b07
5969,mistral-24b,100.0,cta,data_analysis,2cbf1cc153f0500650d2b4ce15643bc7319268df28b56624014250dc8fe28b07
5970,mistral-7b,100.0,cta,data_analysis,2cbf1cc153f0500650d2b4ce15643bc7319268df28b56624014250dc8fe28b07
5971,qwen-2.5-3b-instruct,100.0,cta,data_analysis,2cbf1cc153f0500650d2b4ce15643bc7319268df28b56624014250dc8fe28b07
5972,qwen-32b,100.0,cta,data_analysis,2cbf1cc153f0500650d2b4ce15643bc7319268df28b56624014250dc8fe28b07
5973,gemma-3-12b-it,0.0,cta,data_analysis,2cf1d19bf1e2c876de558ca796e1f48a65342d6927b11970b750152085d50ec7
5974,gemma-3-1b-it,100.0,cta,data_analysis,2cf1d19bf1e2c876de558ca796e1f48a65342d6927b11970b750152085d50ec7
5975,gemma-3-4b-it,0.0,cta,data_analysis,2cf1d19bf1e2c876de558ca796e1f48a65342d6927b11970b750152085d50ec7
5976,llama-3.1-70b-instruct,0.0,cta,data_analysis,2cf1d19bf1e2c876de558ca796e1f48a65342d6927b11970b750152085d50ec7
5977,llama-3.1-8b-instruct,0.0,cta,data_analysis,2cf1d19bf1e2c876de558ca796e1f48a65342d6927b11970b750152085d50ec7
5978,llama-3.2-1b-instruct,100.0,cta,data_analysis,2cf1d19bf1e2c876de558ca796e1f48a65342d6927b11970b750152085d50ec7
5979,llama-3.2-3b-instruct,0.0,cta,data_analysis,2cf1d19bf1e2c876de558ca796e1f48a65342d6927b11970b750152085d50ec7
5980,mistral-24b,0.0,cta,data_analysis,2cf1d19bf1e2c876de558ca796e1f48a65342d6927b11970b750152085d50ec7
5981,mistral-7b,0.0,cta,data_analysis,2cf1d19bf1e2c876de558ca796e1f48a65342d6927b11970b750152085d50ec7
5982,qwen-2.5-3b-instruct,0.0,cta,data_analysis,2cf1d19bf1e2c876de558ca796e1f48a65342d6927b11970b750152085d50ec7
5983,qwen-32b,0.0,cta,data_analysis,2cf1d19bf1e2c876de558ca796e1f48a65342d6927b11970b750152085d50ec7
5984,gemma-3-12b-it,0.0,cta,data_analysis,3a3c5b4774627ce2884a00d76ebda25faae4b9ac1e76da7ae81513a08531af21
5985,gemma-3-1b-it,0.0,cta,data_analysis,3a3c5b4774627ce2884a00d76ebda25faae4b9ac1e76da7ae81513a08531af21
5986,gemma-3-4b-it,0.0,cta,data_analysis,3a3c5b4774627ce2884a00d76ebda25faae4b9ac1e76da7ae81513a08531af21
5987,llama-3.1-70b-instruct,0.0,cta,data_analysis,3a3c5b4774627ce2884a00d76ebda25faae4b9ac1e76da7ae81513a08531af21
5988,llama-3.1-8b-instruct,0.0,cta,data_analysis,3a3c5b4774627ce2884a00d76ebda25faae4b9ac1e76da7ae81513a08531af21
5989,llama-3.2-1b-instruct,0.0,cta,data_analysis,3a3c5b4774627ce2884a00d76ebda25faae4b9ac1e76da7ae81513a08531af21
5990,llama-3.2-3b-instruct,0.0,cta,data_analysis,3a3c5b4774627ce2884a00d76ebda25faae4b9ac1e76da7ae81513a08531af21
5991,mistral-24b,0.0,cta,data_analysis,3a3c5b4774627ce2884a00d76ebda25faae4b9ac1e76da7ae81513a08531af21
5992,mistral-7b,0.0,cta,data_analysis,3a3c5b4774627ce2884a00d76ebda25faae4b9ac1e76da7ae81513a08531af21
5993,qwen-2.5-3b-instruct,0.0,cta,data_analysis,3a3c5b4774627ce2884a00d76ebda25faae4b9ac1e76da7ae81513a08531af21
5994,qwen-32b,0.0,cta,data_analysis,3a3c5b4774627ce2884a00d76ebda25faae4b9ac1e76da7ae81513a08531af21
5995,gemma-3-12b-it,0.0,cta,data_analysis,3f7b12f0c920812c39c3217750021c9e9153c1934d4673e5aaf481be74f89aa9
5996,gemma-3-1b-it,0.0,cta,data_analysis,3f7b12f0c920812c39c3217750021c9e9153c1934d4673e5aaf481be74f89aa9
5997,gemma-3-4b-it,100.0,cta,data_analysis,3f7b12f0c920812c39c3217750021c9e9153c1934d4673e5aaf481be74f89aa9
5998,llama-3.1-70b-instruct,0.0,cta,data_analysis,3f7b12f0c920812c39c3217750021c9e9153c1934d4673e5aaf481be74f89aa9
5999,llama-3.1-8b-instruct,0.0,cta,data_analysis,3f7b12f0c920812c39c3217750021c9e9153c1934d4673e5aaf481be74f89aa9
6000,llama-3.2-1b-instruct,0.0,cta,data_analysis,3f7b12f0c920812c39c3217750021c9e9153c1934d4673e5aaf481be74f89aa9
6001,llama-3.2-3b-instruct,0.0,cta,data_analysis,3f7b12f0c920812c39c3217750021c9e9153c1934d4673e5aaf481be74f89aa9
6002,mistral-24b,0.0,cta,data_analysis,3f7b12f0c920812c39c3217750021c9e9153c1934d4673e5aaf481be74f89aa9
6003,mistral-7b,0.0,cta,data_analysis,3f7b12f0c920812c39c3217750021c9e9153c1934d4673e5aaf481be74f89aa9
6004,qwen-2.5-3b-instruct,0.0,cta,data_analysis,3f7b12f0c920812c39c3217750021c9e9153c1934d4673e5aaf481be74f89aa9
6005,qwen-32b,0.0,cta,data_analysis,3f7b12f0c920812c39c3217750021c9e9153c1934d4673e5aaf481be74f89aa9
6006,gemma-3-12b-it,100.0,cta,data_analysis,43b7ccbcb6eef8606b1b0aaf4c1c858948f75df49caa0589f74a107a9eaf1ea8
6007,gemma-3-1b-it,100.0,cta,data_analysis,43b7ccbcb6eef8606b1b0aaf4c1c858948f75df49caa0589f74a107a9eaf1ea8
6008,gemma-3-4b-it,100.0,cta,data_analysis,43b7ccbcb6eef8606b1b0aaf4c1c858948f75df49caa0589f74a107a9eaf1ea8
6009,llama-3.1-70b-instruct,100.0,cta,data_analysis,43b7ccbcb6eef8606b1b0aaf4c1c858948f75df49caa0589f74a107a9eaf1ea8
6010,llama-3.1-8b-instruct,100.0,cta,data_analysis,43b7ccbcb6eef8606b1b0aaf4c1c858948f75df49caa0589f74a107a9eaf1ea8
6011,llama-3.2-1b-instruct,100.0,cta,data_analysis,43b7ccbcb6eef8606b1b0aaf4c1c858948f75df49caa0589f74a107a9eaf1ea8
6012,llama-3.2-3b-instruct,100.0,cta,data_analysis,43b7ccbcb6eef8606b1b0aaf4c1c858948f75df49caa0589f74a107a9eaf1ea8
6013,mistral-24b,100.0,cta,data_analysis,43b7ccbcb6eef8606b1b0aaf4c1c858948f75df49caa0589f74a107a9eaf1ea8
6014,mistral-7b,100.0,cta,data_analysis,43b7ccbcb6eef8606b1b0aaf4c1c858948f75df49caa0589f74a107a9eaf1ea8
6015,qwen-2.5-3b-instruct,100.0,cta,data_analysis,43b7ccbcb6eef8606b1b0aaf4c1c858948f75df49caa0589f74a107a9eaf1ea8
6016,qwen-32b,100.0,cta,data_analysis,43b7ccbcb6eef8606b1b0aaf4c1c858948f75df49caa0589f74a107a9eaf1ea8
6017,gemma-3-12b-it,0.0,cta,data_analysis,48dd183d63a78a751541e8d237cfbfaeeba2df8cd7f0d6fe58324d74aad9ff3b
6018,gemma-3-1b-it,0.0,cta,data_analysis,48dd183d63a78a751541e8d237cfbfaeeba2df8cd7f0d6fe58324d74aad9ff3b
6019,gemma-3-4b-it,0.0,cta,data_analysis,48dd183d63a78a751541e8d237cfbfaeeba2df8cd7f0d6fe58324d74aad9ff3b
6020,llama-3.1-70b-instruct,0.0,cta,data_analysis,48dd183d63a78a751541e8d237cfbfaeeba2df8cd7f0d6fe58324d74aad9ff3b
6021,llama-3.1-8b-instruct,0.0,cta,data_analysis,48dd183d63a78a751541e8d237cfbfaeeba2df8cd7f0d6fe58324d74aad9ff3b
6022,llama-3.2-1b-instruct,0.0,cta,data_analysis,48dd183d63a78a751541e8d237cfbfaeeba2df8cd7f0d6fe58324d74aad9ff3b
6023,llama-3.2-3b-instruct,0.0,cta,data_analysis,48dd183d63a78a751541e8d237cfbfaeeba2df8cd7f0d6fe58324d74aad9ff3b
6024,mistral-24b,0.0,cta,data_analysis,48dd183d63a78a751541e8d237cfbfaeeba2df8cd7f0d6fe58324d74aad9ff3b
6025,mistral-7b,0.0,cta,data_analysis,48dd183d63a78a751541e8d237cfbfaeeba2df8cd7f0d6fe58324d74aad9ff3b
6026,qwen-2.5-3b-instruct,0.0,cta,data_analysis,48dd183d63a78a751541e8d237cfbfaeeba2df8cd7f0d6fe58324d74aad9ff3b
6027,qwen-32b,0.0,cta,data_analysis,48dd183d63a78a751541e8d237cfbfaeeba2df8cd7f0d6fe58324d74aad9ff3b
6028,gemma-3-12b-it,100.0,cta,data_analysis,537b9002304148b4aef6f995c3012d9ae159196ab216bfb6fa7ef40f5585cddb
6029,gemma-3-1b-it,100.0,cta,data_analysis,537b9002304148b4aef6f995c3012d9ae159196ab216bfb6fa7ef40f5585cddb
6030,gemma-3-4b-it,100.0,cta,data_analysis,537b9002304148b4aef6f995c3012d9ae159196ab216bfb6fa7ef40f5585cddb
6031,llama-3.1-70b-instruct,100.0,cta,data_analysis,537b9002304148b4aef6f995c3012d9ae159196ab216bfb6fa7ef40f5585cddb
6032,llama-3.1-8b-instruct,100.0,cta,data_analysis,537b9002304148b4aef6f995c3012d9ae159196ab216bfb6fa7ef40f5585cddb
6033,llama-3.2-1b-instruct,100.0,cta,data_analysis,537b9002304148b4aef6f995c3012d9ae159196ab216bfb6fa7ef40f5585cddb
6034,llama-3.2-3b-instruct,100.0,cta,data_analysis,537b9002304148b4aef6f995c3012d9ae159196ab216bfb6fa7ef40f5585cddb
6035,mistral-24b,100.0,cta,data_analysis,537b9002304148b4aef6f995c3012d9ae159196ab216bfb6fa7ef40f5585cddb
6036,mistral-7b,100.0,cta,data_analysis,537b9002304148b4aef6f995c3012d9ae159196ab216bfb6fa7ef40f5585cddb
6037,qwen-2.5-3b-instruct,100.0,cta,data_analysis,537b9002304148b4aef6f995c3012d9ae159196ab216bfb6fa7ef40f5585cddb
6038,qwen-32b,100.0,cta,data_analysis,537b9002304148b4aef6f995c3012d9ae159196ab216bfb6fa7ef40f5585cddb
6039,gemma-3-12b-it,100.0,cta,data_analysis,567d5f634453da734fb7ceab3bbea4dd283ac19a125102fe9b533ca5e0e388e5
6040,gemma-3-1b-it,0.0,cta,data_analysis,567d5f634453da734fb7ceab3bbea4dd283ac19a125102fe9b533ca5e0e388e5
6041,gemma-3-4b-it,100.0,cta,data_analysis,567d5f634453da734fb7ceab3bbea4dd283ac19a125102fe9b533ca5e0e388e5
6042,llama-3.1-70b-instruct,100.0,cta,data_analysis,567d5f634453da734fb7ceab3bbea4dd283ac19a125102fe9b533ca5e0e388e5
6043,llama-3.1-8b-instruct,100.0,cta,data_analysis,567d5f634453da734fb7ceab3bbea4dd283ac19a125102fe9b533ca5e0e388e5
6044,llama-3.2-1b-instruct,0.0,cta,data_analysis,567d5f634453da734fb7ceab3bbea4dd283ac19a125102fe9b533ca5e0e388e5
6045,llama-3.2-3b-instruct,0.0,cta,data_analysis,567d5f634453da734fb7ceab3bbea4dd283ac19a125102fe9b533ca5e0e388e5
6046,mistral-24b,100.0,cta,data_analysis,567d5f634453da734fb7ceab3bbea4dd283ac19a125102fe9b533ca5e0e388e5
6047,mistral-7b,100.0,cta,data_analysis,567d5f634453da734fb7ceab3bbea4dd283ac19a125102fe9b533ca5e0e388e5
6048,qwen-2.5-3b-instruct,100.0,cta,data_analysis,567d5f634453da734fb7ceab3bbea4dd283ac19a125102fe9b533ca5e0e388e5
6049,qwen-32b,100.0,cta,data_analysis,567d5f634453da734fb7ceab3bbea4dd283ac19a125102fe9b533ca5e0e388e5
6050,gemma-3-12b-it,0.0,cta,data_analysis,58223a1f18c3cda82967cc3ba7d24813209e41470aee583167ee938ae01d3d21
6051,gemma-3-1b-it,0.0,cta,data_analysis,58223a1f18c3cda82967cc3ba7d24813209e41470aee583167ee938ae01d3d21
6052,gemma-3-4b-it,0.0,cta,data_analysis,58223a1f18c3cda82967cc3ba7d24813209e41470aee583167ee938ae01d3d21
6053,llama-3.1-70b-instruct,0.0,cta,data_analysis,58223a1f18c3cda82967cc3ba7d24813209e41470aee583167ee938ae01d3d21
6054,llama-3.1-8b-instruct,0.0,cta,data_analysis,58223a1f18c3cda82967cc3ba7d24813209e41470aee583167ee938ae01d3d21
6055,llama-3.2-1b-instruct,0.0,cta,data_analysis,58223a1f18c3cda82967cc3ba7d24813209e41470aee583167ee938ae01d3d21
6056,llama-3.2-3b-instruct,0.0,cta,data_analysis,58223a1f18c3cda82967cc3ba7d24813209e41470aee583167ee938ae01d3d21
6057,mistral-24b,0.0,cta,data_analysis,58223a1f18c3cda82967cc3ba7d24813209e41470aee583167ee938ae01d3d21
6058,mistral-7b,0.0,cta,data_analysis,58223a1f18c3cda82967cc3ba7d24813209e41470aee583167ee938ae01d3d21
6059,qwen-2.5-3b-instruct,0.0,cta,data_analysis,58223a1f18c3cda82967cc3ba7d24813209e41470aee583167ee938ae01d3d21
6060,qwen-32b,0.0,cta,data_analysis,58223a1f18c3cda82967cc3ba7d24813209e41470aee583167ee938ae01d3d21
6061,gemma-3-12b-it,100.0,cta,data_analysis,5c3dfa6b8c0ecd07ea0091b21fb237ade69bdce3c3a9cdeed307bee1e968ce2b
6062,gemma-3-1b-it,0.0,cta,data_analysis,5c3dfa6b8c0ecd07ea0091b21fb237ade69bdce3c3a9cdeed307bee1e968ce2b
6063,gemma-3-4b-it,100.0,cta,data_analysis,5c3dfa6b8c0ecd07ea0091b21fb237ade69bdce3c3a9cdeed307bee1e968ce2b
6064,llama-3.1-70b-instruct,100.0,cta,data_analysis,5c3dfa6b8c0ecd07ea0091b21fb237ade69bdce3c3a9cdeed307bee1e968ce2b
6065,llama-3.1-8b-instruct,100.0,cta,data_analysis,5c3dfa6b8c0ecd07ea0091b21fb237ade69bdce3c3a9cdeed307bee1e968ce2b
6066,llama-3.2-1b-instruct,0.0,cta,data_analysis,5c3dfa6b8c0ecd07ea0091b21fb237ade69bdce3c3a9cdeed307bee1e968ce2b
6067,llama-3.2-3b-instruct,0.0,cta,data_analysis,5c3dfa6b8c0ecd07ea0091b21fb237ade69bdce3c3a9cdeed307bee1e968ce2b
6068,mistral-24b,100.0,cta,data_analysis,5c3dfa6b8c0ecd07ea0091b21fb237ade69bdce3c3a9cdeed307bee1e968ce2b
6069,mistral-7b,100.0,cta,data_analysis,5c3dfa6b8c0ecd07ea0091b21fb237ade69bdce3c3a9cdeed307bee1e968ce2b
6070,qwen-2.5-3b-instruct,100.0,cta,data_analysis,5c3dfa6b8c0ecd07ea0091b21fb237ade69bdce3c3a9cdeed307bee1e968ce2b
6071,qwen-32b,100.0,cta,data_analysis,5c3dfa6b8c0ecd07ea0091b21fb237ade69bdce3c3a9cdeed307bee1e968ce2b
6072,gemma-3-12b-it,100.0,cta,data_analysis,5d098d85a099630e19fe3b715500589f0face5dafeffdf9cb3c23f5259600aa3
6073,gemma-3-1b-it,0.0,cta,data_analysis,5d098d85a099630e19fe3b715500589f0face5dafeffdf9cb3c23f5259600aa3
6074,gemma-3-4b-it,100.0,cta,data_analysis,5d098d85a099630e19fe3b715500589f0face5dafeffdf9cb3c23f5259600aa3
6075,llama-3.1-70b-instruct,100.0,cta,data_analysis,5d098d85a099630e19fe3b715500589f0face5dafeffdf9cb3c23f5259600aa3
6076,llama-3.1-8b-instruct,100.0,cta,data_analysis,5d098d85a099630e19fe3b715500589f0face5dafeffdf9cb3c23f5259600aa3
6077,llama-3.2-1b-instruct,0.0,cta,data_analysis,5d098d85a099630e19fe3b715500589f0face5dafeffdf9cb3c23f5259600aa3
6078,llama-3.2-3b-instruct,100.0,cta,data_analysis,5d098d85a099630e19fe3b715500589f0face5dafeffdf9cb3c23f5259600aa3
6079,mistral-24b,100.0,cta,data_analysis,5d098d85a099630e19fe3b715500589f0face5dafeffdf9cb3c23f5259600aa3
6080,mistral-7b,100.0,cta,data_analysis,5d098d85a099630e19fe3b715500589f0face5dafeffdf9cb3c23f5259600aa3
6081,qwen-2.5-3b-instruct,0.0,cta,data_analysis,5d098d85a099630e19fe3b715500589f0face5dafeffdf9cb3c23f5259600aa3
6082,qwen-32b,100.0,cta,data_analysis,5d098d85a099630e19fe3b715500589f0face5dafeffdf9cb3c23f5259600aa3
6083,gemma-3-12b-it,0.0,cta,data_analysis,5f2869cd7e61c776c9b5ceb1ee3f92fd09cb1b636d76bf32e573d6a8a8faced0
6084,gemma-3-1b-it,0.0,cta,data_analysis,5f2869cd7e61c776c9b5ceb1ee3f92fd09cb1b636d76bf32e573d6a8a8faced0
6085,gemma-3-4b-it,0.0,cta,data_analysis,5f2869cd7e61c776c9b5ceb1ee3f92fd09cb1b636d76bf32e573d6a8a8faced0
6086,llama-3.1-70b-instruct,0.0,cta,data_analysis,5f2869cd7e61c776c9b5ceb1ee3f92fd09cb1b636d76bf32e573d6a8a8faced0
6087,llama-3.1-8b-instruct,0.0,cta,data_analysis,5f2869cd7e61c776c9b5ceb1ee3f92fd09cb1b636d76bf32e573d6a8a8faced0
6088,llama-3.2-1b-instruct,0.0,cta,data_analysis,5f2869cd7e61c776c9b5ceb1ee3f92fd09cb1b636d76bf32e573d6a8a8faced0
6089,llama-3.2-3b-instruct,0.0,cta,data_analysis,5f2869cd7e61c776c9b5ceb1ee3f92fd09cb1b636d76bf32e573d6a8a8faced0
6090,mistral-24b,0.0,cta,data_analysis,5f2869cd7e61c776c9b5ceb1ee3f92fd09cb1b636d76bf32e573d6a8a8faced0
6091,mistral-7b,0.0,cta,data_analysis,5f2869cd7e61c776c9b5ceb1ee3f92fd09cb1b636d76bf32e573d6a8a8faced0
6092,qwen-2.5-3b-instruct,0.0,cta,data_analysis,5f2869cd7e61c776c9b5ceb1ee3f92fd09cb1b636d76bf32e573d6a8a8faced0
6093,qwen-32b,0.0,cta,data_analysis,5f2869cd7e61c776c9b5ceb1ee3f92fd09cb1b636d76bf32e573d6a8a8faced0
6094,gemma-3-12b-it,0.0,cta,data_analysis,602d69fbe97264184593d70751ac8421a674ccc32daa16d0a251266d600e41b6
6095,gemma-3-1b-it,0.0,cta,data_analysis,602d69fbe97264184593d70751ac8421a674ccc32daa16d0a251266d600e41b6
6096,gemma-3-4b-it,0.0,cta,data_analysis,602d69fbe97264184593d70751ac8421a674ccc32daa16d0a251266d600e41b6
6097,llama-3.1-70b-instruct,0.0,cta,data_analysis,602d69fbe97264184593d70751ac8421a674ccc32daa16d0a251266d600e41b6
6098,llama-3.1-8b-instruct,0.0,cta,data_analysis,602d69fbe97264184593d70751ac8421a674ccc32daa16d0a251266d600e41b6
6099,llama-3.2-1b-instruct,0.0,cta,data_analysis,602d69fbe97264184593d70751ac8421a674ccc32daa16d0a251266d600e41b6
6100,llama-3.2-3b-instruct,0.0,cta,data_analysis,602d69fbe97264184593d70751ac8421a674ccc32daa16d0a251266d600e41b6
6101,mistral-24b,0.0,cta,data_analysis,602d69fbe97264184593d70751ac8421a674ccc32daa16d0a251266d600e41b6
6102,mistral-7b,0.0,cta,data_analysis,602d69fbe97264184593d70751ac8421a674ccc32daa16d0a251266d600e41b6
6103,qwen-2.5-3b-instruct,0.0,cta,data_analysis,602d69fbe97264184593d70751ac8421a674ccc32daa16d0a251266d600e41b6
6104,qwen-32b,0.0,cta,data_analysis,602d69fbe97264184593d70751ac8421a674ccc32daa16d0a251266d600e41b6
6105,gemma-3-12b-it,0.0,cta,data_analysis,60d902d2b18d8ed747f135fd78d13c2da523d6067ed3865723d5e34a99abdf61
6106,gemma-3-1b-it,0.0,cta,data_analysis,60d902d2b18d8ed747f135fd78d13c2da523d6067ed3865723d5e34a99abdf61
6107,gemma-3-4b-it,0.0,cta,data_analysis,60d902d2b18d8ed747f135fd78d13c2da523d6067ed3865723d5e34a99abdf61
6108,llama-3.1-70b-instruct,0.0,cta,data_analysis,60d902d2b18d8ed747f135fd78d13c2da523d6067ed3865723d5e34a99abdf61
6109,llama-3.1-8b-instruct,0.0,cta,data_analysis,60d902d2b18d8ed747f135fd78d13c2da523d6067ed3865723d5e34a99abdf61
6110,llama-3.2-1b-instruct,0.0,cta,data_analysis,60d902d2b18d8ed747f135fd78d13c2da523d6067ed3865723d5e34a99abdf61
6111,llama-3.2-3b-instruct,0.0,cta,data_analysis,60d902d2b18d8ed747f135fd78d13c2da523d6067ed3865723d5e34a99abdf61
6112,mistral-24b,0.0,cta,data_analysis,60d902d2b18d8ed747f135fd78d13c2da523d6067ed3865723d5e34a99abdf61
6113,mistral-7b,0.0,cta,data_analysis,60d902d2b18d8ed747f135fd78d13c2da523d6067ed3865723d5e34a99abdf61
6114,qwen-2.5-3b-instruct,0.0,cta,data_analysis,60d902d2b18d8ed747f135fd78d13c2da523d6067ed3865723d5e34a99abdf61
6115,qwen-32b,0.0,cta,data_analysis,60d902d2b18d8ed747f135fd78d13c2da523d6067ed3865723d5e34a99abdf61
6116,gemma-3-12b-it,100.0,cta,data_analysis,666f26a703b286a7d31f2f46070307d6aa9e9644fcc24482de85820bfe2ad341
6117,gemma-3-1b-it,100.0,cta,data_analysis,666f26a703b286a7d31f2f46070307d6aa9e9644fcc24482de85820bfe2ad341
6118,gemma-3-4b-it,100.0,cta,data_analysis,666f26a703b286a7d31f2f46070307d6aa9e9644fcc24482de85820bfe2ad341
6119,llama-3.1-70b-instruct,100.0,cta,data_analysis,666f26a703b286a7d31f2f46070307d6aa9e9644fcc24482de85820bfe2ad341
6120,llama-3.1-8b-instruct,100.0,cta,data_analysis,666f26a703b286a7d31f2f46070307d6aa9e9644fcc24482de85820bfe2ad341
6121,llama-3.2-1b-instruct,100.0,cta,data_analysis,666f26a703b286a7d31f2f46070307d6aa9e9644fcc24482de85820bfe2ad341
6122,llama-3.2-3b-instruct,100.0,cta,data_analysis,666f26a703b286a7d31f2f46070307d6aa9e9644fcc24482de85820bfe2ad341
6123,mistral-24b,100.0,cta,data_analysis,666f26a703b286a7d31f2f46070307d6aa9e9644fcc24482de85820bfe2ad341
6124,mistral-7b,100.0,cta,data_analysis,666f26a703b286a7d31f2f46070307d6aa9e9644fcc24482de85820bfe2ad341
6125,qwen-2.5-3b-instruct,0.0,cta,data_analysis,666f26a703b286a7d31f2f46070307d6aa9e9644fcc24482de85820bfe2ad341
6126,qwen-32b,100.0,cta,data_analysis,666f26a703b286a7d31f2f46070307d6aa9e9644fcc24482de85820bfe2ad341
6127,gemma-3-12b-it,100.0,cta,data_analysis,6674aadb0c124d37c4b10b3a8fb1fef68aa6e697c6c8b315f07244721921136f
6128,gemma-3-1b-it,0.0,cta,data_analysis,6674aadb0c124d37c4b10b3a8fb1fef68aa6e697c6c8b315f07244721921136f
6129,gemma-3-4b-it,100.0,cta,data_analysis,6674aadb0c124d37c4b10b3a8fb1fef68aa6e697c6c8b315f07244721921136f
6130,llama-3.1-70b-instruct,0.0,cta,data_analysis,6674aadb0c124d37c4b10b3a8fb1fef68aa6e697c6c8b315f07244721921136f
6131,llama-3.1-8b-instruct,0.0,cta,data_analysis,6674aadb0c124d37c4b10b3a8fb1fef68aa6e697c6c8b315f07244721921136f
6132,llama-3.2-1b-instruct,0.0,cta,data_analysis,6674aadb0c124d37c4b10b3a8fb1fef68aa6e697c6c8b315f07244721921136f
6133,llama-3.2-3b-instruct,0.0,cta,data_analysis,6674aadb0c124d37c4b10b3a8fb1fef68aa6e697c6c8b315f07244721921136f
6134,mistral-24b,0.0,cta,data_analysis,6674aadb0c124d37c4b10b3a8fb1fef68aa6e697c6c8b315f07244721921136f
6135,mistral-7b,0.0,cta,data_analysis,6674aadb0c124d37c4b10b3a8fb1fef68aa6e697c6c8b315f07244721921136f
6136,qwen-2.5-3b-instruct,0.0,cta,data_analysis,6674aadb0c124d37c4b10b3a8fb1fef68aa6e697c6c8b315f07244721921136f
6137,qwen-32b,100.0,cta,data_analysis,6674aadb0c124d37c4b10b3a8fb1fef68aa6e697c6c8b315f07244721921136f
6138,gemma-3-12b-it,100.0,cta,data_analysis,710e9427be77576c22d1e45a519a3e25c804d22150ca272b321b7c6916bb08c7
6139,gemma-3-1b-it,100.0,cta,data_analysis,710e9427be77576c22d1e45a519a3e25c804d22150ca272b321b7c6916bb08c7
6140,gemma-3-4b-it,100.0,cta,data_analysis,710e9427be77576c22d1e45a519a3e25c804d22150ca272b321b7c6916bb08c7
6141,llama-3.1-70b-instruct,100.0,cta,data_analysis,710e9427be77576c22d1e45a519a3e25c804d22150ca272b321b7c6916bb08c7
6142,llama-3.1-8b-instruct,100.0,cta,data_analysis,710e9427be77576c22d1e45a519a3e25c804d22150ca272b321b7c6916bb08c7
6143,llama-3.2-1b-instruct,100.0,cta,data_analysis,710e9427be77576c22d1e45a519a3e25c804d22150ca272b321b7c6916bb08c7
6144,llama-3.2-3b-instruct,100.0,cta,data_analysis,710e9427be77576c22d1e45a519a3e25c804d22150ca272b321b7c6916bb08c7
6145,mistral-24b,100.0,cta,data_analysis,710e9427be77576c22d1e45a519a3e25c804d22150ca272b321b7c6916bb08c7
6146,mistral-7b,100.0,cta,data_analysis,710e9427be77576c22d1e45a519a3e25c804d22150ca272b321b7c6916bb08c7
6147,qwen-2.5-3b-instruct,100.0,cta,data_analysis,710e9427be77576c22d1e45a519a3e25c804d22150ca272b321b7c6916bb08c7
6148,qwen-32b,100.0,cta,data_analysis,710e9427be77576c22d1e45a519a3e25c804d22150ca272b321b7c6916bb08c7
6149,gemma-3-12b-it,100.0,cta,data_analysis,71fb9aae0aa1fd2fd7b0a41ffa1c2235cd23ab372bb1d1d039e7ebf150aad656
6150,gemma-3-1b-it,0.0,cta,data_analysis,71fb9aae0aa1fd2fd7b0a41ffa1c2235cd23ab372bb1d1d039e7ebf150aad656
6151,gemma-3-4b-it,0.0,cta,data_analysis,71fb9aae0aa1fd2fd7b0a41ffa1c2235cd23ab372bb1d1d039e7ebf150aad656
6152,llama-3.1-70b-instruct,100.0,cta,data_analysis,71fb9aae0aa1fd2fd7b0a41ffa1c2235cd23ab372bb1d1d039e7ebf150aad656
6153,llama-3.1-8b-instruct,0.0,cta,data_analysis,71fb9aae0aa1fd2fd7b0a41ffa1c2235cd23ab372bb1d1d039e7ebf150aad656
6154,llama-3.2-1b-instruct,0.0,cta,data_analysis,71fb9aae0aa1fd2fd7b0a41ffa1c2235cd23ab372bb1d1d039e7ebf150aad656
6155,llama-3.2-3b-instruct,0.0,cta,data_analysis,71fb9aae0aa1fd2fd7b0a41ffa1c2235cd23ab372bb1d1d039e7ebf150aad656
6156,mistral-24b,0.0,cta,data_analysis,71fb9aae0aa1fd2fd7b0a41ffa1c2235cd23ab372bb1d1d039e7ebf150aad656
6157,mistral-7b,0.0,cta,data_analysis,71fb9aae0aa1fd2fd7b0a41ffa1c2235cd23ab372bb1d1d039e7ebf150aad656
6158,qwen-2.5-3b-instruct,0.0,cta,data_analysis,71fb9aae0aa1fd2fd7b0a41ffa1c2235cd23ab372bb1d1d039e7ebf150aad656
6159,qwen-32b,0.0,cta,data_analysis,71fb9aae0aa1fd2fd7b0a41ffa1c2235cd23ab372bb1d1d039e7ebf150aad656
6160,gemma-3-12b-it,100.0,cta,data_analysis,76b0d923c1e41da8c302c906ce9b145c4f648e04442ee224d899de34e2a09c27
6161,gemma-3-1b-it,0.0,cta,data_analysis,76b0d923c1e41da8c302c906ce9b145c4f648e04442ee224d899de34e2a09c27
6162,gemma-3-4b-it,100.0,cta,data_analysis,76b0d923c1e41da8c302c906ce9b145c4f648e04442ee224d899de34e2a09c27
6163,llama-3.1-70b-instruct,100.0,cta,data_analysis,76b0d923c1e41da8c302c906ce9b145c4f648e04442ee224d899de34e2a09c27
6164,llama-3.1-8b-instruct,100.0,cta,data_analysis,76b0d923c1e41da8c302c906ce9b145c4f648e04442ee224d899de34e2a09c27
6165,llama-3.2-1b-instruct,100.0,cta,data_analysis,76b0d923c1e41da8c302c906ce9b145c4f648e04442ee224d899de34e2a09c27
6166,llama-3.2-3b-instruct,0.0,cta,data_analysis,76b0d923c1e41da8c302c906ce9b145c4f648e04442ee224d899de34e2a09c27
6167,mistral-24b,100.0,cta,data_analysis,76b0d923c1e41da8c302c906ce9b145c4f648e04442ee224d899de34e2a09c27
6168,mistral-7b,100.0,cta,data_analysis,76b0d923c1e41da8c302c906ce9b145c4f648e04442ee224d899de34e2a09c27
6169,qwen-2.5-3b-instruct,100.0,cta,data_analysis,76b0d923c1e41da8c302c906ce9b145c4f648e04442ee224d899de34e2a09c27
6170,qwen-32b,100.0,cta,data_analysis,76b0d923c1e41da8c302c906ce9b145c4f648e04442ee224d899de34e2a09c27
6171,gemma-3-12b-it,0.0,cta,data_analysis,7a5f7b3b6f5972d4a6c9a42a1e3f6cd73e2f8cb7cb57685a964ff9d6cd43a03d
6172,gemma-3-1b-it,0.0,cta,data_analysis,7a5f7b3b6f5972d4a6c9a42a1e3f6cd73e2f8cb7cb57685a964ff9d6cd43a03d
6173,gemma-3-4b-it,0.0,cta,data_analysis,7a5f7b3b6f5972d4a6c9a42a1e3f6cd73e2f8cb7cb57685a964ff9d6cd43a03d
6174,llama-3.1-70b-instruct,0.0,cta,data_analysis,7a5f7b3b6f5972d4a6c9a42a1e3f6cd73e2f8cb7cb57685a964ff9d6cd43a03d
6175,llama-3.1-8b-instruct,0.0,cta,data_analysis,7a5f7b3b6f5972d4a6c9a42a1e3f6cd73e2f8cb7cb57685a964ff9d6cd43a03d
6176,llama-3.2-1b-instruct,0.0,cta,data_analysis,7a5f7b3b6f5972d4a6c9a42a1e3f6cd73e2f8cb7cb57685a964ff9d6cd43a03d
6177,llama-3.2-3b-instruct,0.0,cta,data_analysis,7a5f7b3b6f5972d4a6c9a42a1e3f6cd73e2f8cb7cb57685a964ff9d6cd43a03d
6178,mistral-24b,100.0,cta,data_analysis,7a5f7b3b6f5972d4a6c9a42a1e3f6cd73e2f8cb7cb57685a964ff9d6cd43a03d
6179,mistral-7b,0.0,cta,data_analysis,7a5f7b3b6f5972d4a6c9a42a1e3f6cd73e2f8cb7cb57685a964ff9d6cd43a03d
6180,qwen-2.5-3b-instruct,0.0,cta,data_analysis,7a5f7b3b6f5972d4a6c9a42a1e3f6cd73e2f8cb7cb57685a964ff9d6cd43a03d
6181,qwen-32b,100.0,cta,data_analysis,7a5f7b3b6f5972d4a6c9a42a1e3f6cd73e2f8cb7cb57685a964ff9d6cd43a03d
6182,gemma-3-12b-it,0.0,cta,data_analysis,811f288b7c362542153770a32060519cf59d30d4c61368bb9abea3a56f873a09
6183,gemma-3-1b-it,0.0,cta,data_analysis,811f288b7c362542153770a32060519cf59d30d4c61368bb9abea3a56f873a09
6184,gemma-3-4b-it,0.0,cta,data_analysis,811f288b7c362542153770a32060519cf59d30d4c61368bb9abea3a56f873a09
6185,llama-3.1-70b-instruct,0.0,cta,data_analysis,811f288b7c362542153770a32060519cf59d30d4c61368bb9abea3a56f873a09
6186,llama-3.1-8b-instruct,0.0,cta,data_analysis,811f288b7c362542153770a32060519cf59d30d4c61368bb9abea3a56f873a09
6187,llama-3.2-1b-instruct,0.0,cta,data_analysis,811f288b7c362542153770a32060519cf59d30d4c61368bb9abea3a56f873a09
6188,llama-3.2-3b-instruct,0.0,cta,data_analysis,811f288b7c362542153770a32060519cf59d30d4c61368bb9abea3a56f873a09
6189,mistral-24b,0.0,cta,data_analysis,811f288b7c362542153770a32060519cf59d30d4c61368bb9abea3a56f873a09
6190,mistral-7b,0.0,cta,data_analysis,811f288b7c362542153770a32060519cf59d30d4c61368bb9abea3a56f873a09
6191,qwen-2.5-3b-instruct,0.0,cta,data_analysis,811f288b7c362542153770a32060519cf59d30d4c61368bb9abea3a56f873a09
6192,qwen-32b,0.0,cta,data_analysis,811f288b7c362542153770a32060519cf59d30d4c61368bb9abea3a56f873a09
6193,gemma-3-12b-it,0.0,cta,data_analysis,842cec572ddb0d7d642abdc3919a6b340a6787b4128d37184ad9d69095bdf875
6194,gemma-3-1b-it,0.0,cta,data_analysis,842cec572ddb0d7d642abdc3919a6b340a6787b4128d37184ad9d69095bdf875
6195,gemma-3-4b-it,0.0,cta,data_analysis,842cec572ddb0d7d642abdc3919a6b340a6787b4128d37184ad9d69095bdf875
6196,llama-3.1-70b-instruct,0.0,cta,data_analysis,842cec572ddb0d7d642abdc3919a6b340a6787b4128d37184ad9d69095bdf875
6197,llama-3.1-8b-instruct,0.0,cta,data_analysis,842cec572ddb0d7d642abdc3919a6b340a6787b4128d37184ad9d69095bdf875
6198,llama-3.2-1b-instruct,0.0,cta,data_analysis,842cec572ddb0d7d642abdc3919a6b340a6787b4128d37184ad9d69095bdf875
6199,llama-3.2-3b-instruct,0.0,cta,data_analysis,842cec572ddb0d7d642abdc3919a6b340a6787b4128d37184ad9d69095bdf875
6200,mistral-24b,0.0,cta,data_analysis,842cec572ddb0d7d642abdc3919a6b340a6787b4128d37184ad9d69095bdf875
6201,mistral-7b,0.0,cta,data_analysis,842cec572ddb0d7d642abdc3919a6b340a6787b4128d37184ad9d69095bdf875
6202,qwen-2.5-3b-instruct,0.0,cta,data_analysis,842cec572ddb0d7d642abdc3919a6b340a6787b4128d37184ad9d69095bdf875
6203,qwen-32b,100.0,cta,data_analysis,842cec572ddb0d7d642abdc3919a6b340a6787b4128d37184ad9d69095bdf875
6204,gemma-3-12b-it,100.0,cta,data_analysis,901488c5b80e759ac79c75455b21b7680ecd546d5529c76483a65dd96a3dab82
6205,gemma-3-1b-it,0.0,cta,data_analysis,901488c5b80e759ac79c75455b21b7680ecd546d5529c76483a65dd96a3dab82
6206,gemma-3-4b-it,0.0,cta,data_analysis,901488c5b80e759ac79c75455b21b7680ecd546d5529c76483a65dd96a3dab82
6207,llama-3.1-70b-instruct,100.0,cta,data_analysis,901488c5b80e759ac79c75455b21b7680ecd546d5529c76483a65dd96a3dab82
6208,llama-3.1-8b-instruct,100.0,cta,data_analysis,901488c5b80e759ac79c75455b21b7680ecd546d5529c76483a65dd96a3dab82
6209,llama-3.2-1b-instruct,0.0,cta,data_analysis,901488c5b80e759ac79c75455b21b7680ecd546d5529c76483a65dd96a3dab82
6210,llama-3.2-3b-instruct,0.0,cta,data_analysis,901488c5b80e759ac79c75455b21b7680ecd546d5529c76483a65dd96a3dab82
6211,mistral-24b,100.0,cta,data_analysis,901488c5b80e759ac79c75455b21b7680ecd546d5529c76483a65dd96a3dab82
6212,mistral-7b,100.0,cta,data_analysis,901488c5b80e759ac79c75455b21b7680ecd546d5529c76483a65dd96a3dab82
6213,qwen-2.5-3b-instruct,100.0,cta,data_analysis,901488c5b80e759ac79c75455b21b7680ecd546d5529c76483a65dd96a3dab82
6214,qwen-32b,100.0,cta,data_analysis,901488c5b80e759ac79c75455b21b7680ecd546d5529c76483a65dd96a3dab82
6215,gemma-3-12b-it,0.0,cta,data_analysis,9c74edf111b76d22e29f59efc87f353419396850fea9cecb6d1f3535d7370cea
6216,gemma-3-1b-it,0.0,cta,data_analysis,9c74edf111b76d22e29f59efc87f353419396850fea9cecb6d1f3535d7370cea
6217,gemma-3-4b-it,0.0,cta,data_analysis,9c74edf111b76d22e29f59efc87f353419396850fea9cecb6d1f3535d7370cea
6218,llama-3.1-70b-instruct,0.0,cta,data_analysis,9c74edf111b76d22e29f59efc87f353419396850fea9cecb6d1f3535d7370cea
6219,llama-3.1-8b-instruct,0.0,cta,data_analysis,9c74edf111b76d22e29f59efc87f353419396850fea9cecb6d1f3535d7370cea
6220,llama-3.2-1b-instruct,0.0,cta,data_analysis,9c74edf111b76d22e29f59efc87f353419396850fea9cecb6d1f3535d7370cea
6221,llama-3.2-3b-instruct,0.0,cta,data_analysis,9c74edf111b76d22e29f59efc87f353419396850fea9cecb6d1f3535d7370cea
6222,mistral-24b,0.0,cta,data_analysis,9c74edf111b76d22e29f59efc87f353419396850fea9cecb6d1f3535d7370cea
6223,mistral-7b,0.0,cta,data_analysis,9c74edf111b76d22e29f59efc87f353419396850fea9cecb6d1f3535d7370cea
6224,qwen-2.5-3b-instruct,0.0,cta,data_analysis,9c74edf111b76d22e29f59efc87f353419396850fea9cecb6d1f3535d7370cea
6225,qwen-32b,0.0,cta,data_analysis,9c74edf111b76d22e29f59efc87f353419396850fea9cecb6d1f3535d7370cea
6226,gemma-3-12b-it,100.0,cta,data_analysis,9ed22ed7d6c73a08f9522684d4996821054dde714067e644bf8225fe9f2817ff
6227,gemma-3-1b-it,0.0,cta,data_analysis,9ed22ed7d6c73a08f9522684d4996821054dde714067e644bf8225fe9f2817ff
6228,gemma-3-4b-it,0.0,cta,data_analysis,9ed22ed7d6c73a08f9522684d4996821054dde714067e644bf8225fe9f2817ff
6229,llama-3.1-70b-instruct,100.0,cta,data_analysis,9ed22ed7d6c73a08f9522684d4996821054dde714067e644bf8225fe9f2817ff
6230,llama-3.1-8b-instruct,100.0,cta,data_analysis,9ed22ed7d6c73a08f9522684d4996821054dde714067e644bf8225fe9f2817ff
6231,llama-3.2-1b-instruct,0.0,cta,data_analysis,9ed22ed7d6c73a08f9522684d4996821054dde714067e644bf8225fe9f2817ff
6232,llama-3.2-3b-instruct,0.0,cta,data_analysis,9ed22ed7d6c73a08f9522684d4996821054dde714067e644bf8225fe9f2817ff
6233,mistral-24b,100.0,cta,data_analysis,9ed22ed7d6c73a08f9522684d4996821054dde714067e644bf8225fe9f2817ff
6234,mistral-7b,100.0,cta,data_analysis,9ed22ed7d6c73a08f9522684d4996821054dde714067e644bf8225fe9f2817ff
6235,qwen-2.5-3b-instruct,0.0,cta,data_analysis,9ed22ed7d6c73a08f9522684d4996821054dde714067e644bf8225fe9f2817ff
6236,qwen-32b,100.0,cta,data_analysis,9ed22ed7d6c73a08f9522684d4996821054dde714067e644bf8225fe9f2817ff
6237,gemma-3-12b-it,100.0,cta,data_analysis,a0ef4e780ad34fa8a80b2ce6367a36c65899cfeb5e610e896857e49bc240e45e
6238,gemma-3-1b-it,100.0,cta,data_analysis,a0ef4e780ad34fa8a80b2ce6367a36c65899cfeb5e610e896857e49bc240e45e
6239,gemma-3-4b-it,100.0,cta,data_analysis,a0ef4e780ad34fa8a80b2ce6367a36c65899cfeb5e610e896857e49bc240e45e
6240,llama-3.1-70b-instruct,100.0,cta,data_analysis,a0ef4e780ad34fa8a80b2ce6367a36c65899cfeb5e610e896857e49bc240e45e
6241,llama-3.1-8b-instruct,100.0,cta,data_analysis,a0ef4e780ad34fa8a80b2ce6367a36c65899cfeb5e610e896857e49bc240e45e
6242,llama-3.2-1b-instruct,0.0,cta,data_analysis,a0ef4e780ad34fa8a80b2ce6367a36c65899cfeb5e610e896857e49bc240e45e
6243,llama-3.2-3b-instruct,100.0,cta,data_analysis,a0ef4e780ad34fa8a80b2ce6367a36c65899cfeb5e610e896857e49bc240e45e
6244,mistral-24b,100.0,cta,data_analysis,a0ef4e780ad34fa8a80b2ce6367a36c65899cfeb5e610e896857e49bc240e45e
6245,mistral-7b,100.0,cta,data_analysis,a0ef4e780ad34fa8a80b2ce6367a36c65899cfeb5e610e896857e49bc240e45e
6246,qwen-2.5-3b-instruct,100.0,cta,data_analysis,a0ef4e780ad34fa8a80b2ce6367a36c65899cfeb5e610e896857e49bc240e45e
6247,qwen-32b,100.0,cta,data_analysis,a0ef4e780ad34fa8a80b2ce6367a36c65899cfeb5e610e896857e49bc240e45e
6248,gemma-3-12b-it,0.0,cta,data_analysis,a435d97ba2ea930c89581870ce3bdc86e96e6399ce7fc3ef7ed19bf88f3771a6
6249,gemma-3-1b-it,0.0,cta,data_analysis,a435d97ba2ea930c89581870ce3bdc86e96e6399ce7fc3ef7ed19bf88f3771a6
6250,gemma-3-4b-it,0.0,cta,data_analysis,a435d97ba2ea930c89581870ce3bdc86e96e6399ce7fc3ef7ed19bf88f3771a6
6251,llama-3.1-70b-instruct,0.0,cta,data_analysis,a435d97ba2ea930c89581870ce3bdc86e96e6399ce7fc3ef7ed19bf88f3771a6
6252,llama-3.1-8b-instruct,0.0,cta,data_analysis,a435d97ba2ea930c89581870ce3bdc86e96e6399ce7fc3ef7ed19bf88f3771a6
6253,llama-3.2-1b-instruct,100.0,cta,data_analysis,a435d97ba2ea930c89581870ce3bdc86e96e6399ce7fc3ef7ed19bf88f3771a6
6254,llama-3.2-3b-instruct,100.0,cta,data_analysis,a435d97ba2ea930c89581870ce3bdc86e96e6399ce7fc3ef7ed19bf88f3771a6
6255,mistral-24b,0.0,cta,data_analysis,a435d97ba2ea930c89581870ce3bdc86e96e6399ce7fc3ef7ed19bf88f3771a6
6256,mistral-7b,0.0,cta,data_analysis,a435d97ba2ea930c89581870ce3bdc86e96e6399ce7fc3ef7ed19bf88f3771a6
6257,qwen-2.5-3b-instruct,0.0,cta,data_analysis,a435d97ba2ea930c89581870ce3bdc86e96e6399ce7fc3ef7ed19bf88f3771a6
6258,qwen-32b,0.0,cta,data_analysis,a435d97ba2ea930c89581870ce3bdc86e96e6399ce7fc3ef7ed19bf88f3771a6
6259,gemma-3-12b-it,100.0,cta,data_analysis,aaa722230f998bcba4bfe53b5843b770a09c16203c4de187c1b810c8167b6471
6260,gemma-3-1b-it,0.0,cta,data_analysis,aaa722230f998bcba4bfe53b5843b770a09c16203c4de187c1b810c8167b6471
6261,gemma-3-4b-it,0.0,cta,data_analysis,aaa722230f998bcba4bfe53b5843b770a09c16203c4de187c1b810c8167b6471
6262,llama-3.1-70b-instruct,100.0,cta,data_analysis,aaa722230f998bcba4bfe53b5843b770a09c16203c4de187c1b810c8167b6471
6263,llama-3.1-8b-instruct,100.0,cta,data_analysis,aaa722230f998bcba4bfe53b5843b770a09c16203c4de187c1b810c8167b6471
6264,llama-3.2-1b-instruct,0.0,cta,data_analysis,aaa722230f998bcba4bfe53b5843b770a09c16203c4de187c1b810c8167b6471
6265,llama-3.2-3b-instruct,100.0,cta,data_analysis,aaa722230f998bcba4bfe53b5843b770a09c16203c4de187c1b810c8167b6471
6266,mistral-24b,0.0,cta,data_analysis,aaa722230f998bcba4bfe53b5843b770a09c16203c4de187c1b810c8167b6471
6267,mistral-7b,100.0,cta,data_analysis,aaa722230f998bcba4bfe53b5843b770a09c16203c4de187c1b810c8167b6471
6268,qwen-2.5-3b-instruct,0.0,cta,data_analysis,aaa722230f998bcba4bfe53b5843b770a09c16203c4de187c1b810c8167b6471
6269,qwen-32b,100.0,cta,data_analysis,aaa722230f998bcba4bfe53b5843b770a09c16203c4de187c1b810c8167b6471
6270,gemma-3-12b-it,100.0,cta,data_analysis,ae6113bfce471464f03e7ff173b9a9e13a8bb431439c41d82100097c5d61dd7d
6271,gemma-3-1b-it,0.0,cta,data_analysis,ae6113bfce471464f03e7ff173b9a9e13a8bb431439c41d82100097c5d61dd7d
6272,gemma-3-4b-it,0.0,cta,data_analysis,ae6113bfce471464f03e7ff173b9a9e13a8bb431439c41d82100097c5d61dd7d
6273,llama-3.1-70b-instruct,100.0,cta,data_analysis,ae6113bfce471464f03e7ff173b9a9e13a8bb431439c41d82100097c5d61dd7d
6274,llama-3.1-8b-instruct,0.0,cta,data_analysis,ae6113bfce471464f03e7ff173b9a9e13a8bb431439c41d82100097c5d61dd7d
6275,llama-3.2-1b-instruct,0.0,cta,data_analysis,ae6113bfce471464f03e7ff173b9a9e13a8bb431439c41d82100097c5d61dd7d
6276,llama-3.2-3b-instruct,100.0,cta,data_analysis,ae6113bfce471464f03e7ff173b9a9e13a8bb431439c41d82100097c5d61dd7d
6277,mistral-24b,0.0,cta,data_analysis,ae6113bfce471464f03e7ff173b9a9e13a8bb431439c41d82100097c5d61dd7d
6278,mistral-7b,100.0,cta,data_analysis,ae6113bfce471464f03e7ff173b9a9e13a8bb431439c41d82100097c5d61dd7d
6279,qwen-2.5-3b-instruct,0.0,cta,data_analysis,ae6113bfce471464f03e7ff173b9a9e13a8bb431439c41d82100097c5d61dd7d
6280,qwen-32b,0.0,cta,data_analysis,ae6113bfce471464f03e7ff173b9a9e13a8bb431439c41d82100097c5d61dd7d
6281,gemma-3-12b-it,0.0,cta,data_analysis,b75684697587c1ce05a1377916ae8da11e579e9e8a3d9e693a955a1dc8522f2e
6282,gemma-3-1b-it,0.0,cta,data_analysis,b75684697587c1ce05a1377916ae8da11e579e9e8a3d9e693a955a1dc8522f2e
6283,gemma-3-4b-it,0.0,cta,data_analysis,b75684697587c1ce05a1377916ae8da11e579e9e8a3d9e693a955a1dc8522f2e
6284,llama-3.1-70b-instruct,0.0,cta,data_analysis,b75684697587c1ce05a1377916ae8da11e579e9e8a3d9e693a955a1dc8522f2e
6285,llama-3.1-8b-instruct,0.0,cta,data_analysis,b75684697587c1ce05a1377916ae8da11e579e9e8a3d9e693a955a1dc8522f2e
6286,llama-3.2-1b-instruct,0.0,cta,data_analysis,b75684697587c1ce05a1377916ae8da11e579e9e8a3d9e693a955a1dc8522f2e
6287,llama-3.2-3b-instruct,0.0,cta,data_analysis,b75684697587c1ce05a1377916ae8da11e579e9e8a3d9e693a955a1dc8522f2e
6288,mistral-24b,0.0,cta,data_analysis,b75684697587c1ce05a1377916ae8da11e579e9e8a3d9e693a955a1dc8522f2e
6289,mistral-7b,0.0,cta,data_analysis,b75684697587c1ce05a1377916ae8da11e579e9e8a3d9e693a955a1dc8522f2e
6290,qwen-2.5-3b-instruct,0.0,cta,data_analysis,b75684697587c1ce05a1377916ae8da11e579e9e8a3d9e693a955a1dc8522f2e
6291,qwen-32b,0.0,cta,data_analysis,b75684697587c1ce05a1377916ae8da11e579e9e8a3d9e693a955a1dc8522f2e
6292,gemma-3-12b-it,0.0,cta,data_analysis,bb6b6f851602827f90538249a5eb7dffa6755060c85a51cd16b13500bbaf57d1
6293,gemma-3-1b-it,0.0,cta,data_analysis,bb6b6f851602827f90538249a5eb7dffa6755060c85a51cd16b13500bbaf57d1
6294,gemma-3-4b-it,0.0,cta,data_analysis,bb6b6f851602827f90538249a5eb7dffa6755060c85a51cd16b13500bbaf57d1
6295,llama-3.1-70b-instruct,0.0,cta,data_analysis,bb6b6f851602827f90538249a5eb7dffa6755060c85a51cd16b13500bbaf57d1
6296,llama-3.1-8b-instruct,0.0,cta,data_analysis,bb6b6f851602827f90538249a5eb7dffa6755060c85a51cd16b13500bbaf57d1
6297,llama-3.2-1b-instruct,0.0,cta,data_analysis,bb6b6f851602827f90538249a5eb7dffa6755060c85a51cd16b13500bbaf57d1
6298,llama-3.2-3b-instruct,0.0,cta,data_analysis,bb6b6f851602827f90538249a5eb7dffa6755060c85a51cd16b13500bbaf57d1
6299,mistral-24b,0.0,cta,data_analysis,bb6b6f851602827f90538249a5eb7dffa6755060c85a51cd16b13500bbaf57d1
6300,mistral-7b,0.0,cta,data_analysis,bb6b6f851602827f90538249a5eb7dffa6755060c85a51cd16b13500bbaf57d1
6301,qwen-2.5-3b-instruct,0.0,cta,data_analysis,bb6b6f851602827f90538249a5eb7dffa6755060c85a51cd16b13500bbaf57d1
6302,qwen-32b,0.0,cta,data_analysis,bb6b6f851602827f90538249a5eb7dffa6755060c85a51cd16b13500bbaf57d1
6303,gemma-3-12b-it,100.0,cta,data_analysis,c6e1c2339d66267100fd9c9851f6fb488e0e91054519c789bc30206a8bf0f175
6304,gemma-3-1b-it,0.0,cta,data_analysis,c6e1c2339d66267100fd9c9851f6fb488e0e91054519c789bc30206a8bf0f175
6305,gemma-3-4b-it,100.0,cta,data_analysis,c6e1c2339d66267100fd9c9851f6fb488e0e91054519c789bc30206a8bf0f175
6306,llama-3.1-70b-instruct,100.0,cta,data_analysis,c6e1c2339d66267100fd9c9851f6fb488e0e91054519c789bc30206a8bf0f175
6307,llama-3.1-8b-instruct,100.0,cta,data_analysis,c6e1c2339d66267100fd9c9851f6fb488e0e91054519c789bc30206a8bf0f175
6308,llama-3.2-1b-instruct,0.0,cta,data_analysis,c6e1c2339d66267100fd9c9851f6fb488e0e91054519c789bc30206a8bf0f175
6309,llama-3.2-3b-instruct,0.0,cta,data_analysis,c6e1c2339d66267100fd9c9851f6fb488e0e91054519c789bc30206a8bf0f175
6310,mistral-24b,100.0,cta,data_analysis,c6e1c2339d66267100fd9c9851f6fb488e0e91054519c789bc30206a8bf0f175
6311,mistral-7b,100.0,cta,data_analysis,c6e1c2339d66267100fd9c9851f6fb488e0e91054519c789bc30206a8bf0f175
6312,qwen-2.5-3b-instruct,100.0,cta,data_analysis,c6e1c2339d66267100fd9c9851f6fb488e0e91054519c789bc30206a8bf0f175
6313,qwen-32b,100.0,cta,data_analysis,c6e1c2339d66267100fd9c9851f6fb488e0e91054519c789bc30206a8bf0f175
6314,gemma-3-12b-it,100.0,cta,data_analysis,cc82520bd9c7eeb5f06c9f7ebf1dd59b89bfd90d91080f88d49bd069250152e5
6315,gemma-3-1b-it,0.0,cta,data_analysis,cc82520bd9c7eeb5f06c9f7ebf1dd59b89bfd90d91080f88d49bd069250152e5
6316,gemma-3-4b-it,0.0,cta,data_analysis,cc82520bd9c7eeb5f06c9f7ebf1dd59b89bfd90d91080f88d49bd069250152e5
6317,llama-3.1-70b-instruct,100.0,cta,data_analysis,cc82520bd9c7eeb5f06c9f7ebf1dd59b89bfd90d91080f88d49bd069250152e5
6318,llama-3.1-8b-instruct,100.0,cta,data_analysis,cc82520bd9c7eeb5f06c9f7ebf1dd59b89bfd90d91080f88d49bd069250152e5
6319,llama-3.2-1b-instruct,0.0,cta,data_analysis,cc82520bd9c7eeb5f06c9f7ebf1dd59b89bfd90d91080f88d49bd069250152e5
6320,llama-3.2-3b-instruct,0.0,cta,data_analysis,cc82520bd9c7eeb5f06c9f7ebf1dd59b89bfd90d91080f88d49bd069250152e5
6321,mistral-24b,0.0,cta,data_analysis,cc82520bd9c7eeb5f06c9f7ebf1dd59b89bfd90d91080f88d49bd069250152e5
6322,mistral-7b,0.0,cta,data_analysis,cc82520bd9c7eeb5f06c9f7ebf1dd59b89bfd90d91080f88d49bd069250152e5
6323,qwen-2.5-3b-instruct,0.0,cta,data_analysis,cc82520bd9c7eeb5f06c9f7ebf1dd59b89bfd90d91080f88d49bd069250152e5
6324,qwen-32b,100.0,cta,data_analysis,cc82520bd9c7eeb5f06c9f7ebf1dd59b89bfd90d91080f88d49bd069250152e5
6325,gemma-3-12b-it,100.0,cta,data_analysis,cea94c94a9f19381ae78825923b0c72cf9f16907bd0213bea6beca953a70b085
6326,gemma-3-1b-it,0.0,cta,data_analysis,cea94c94a9f19381ae78825923b0c72cf9f16907bd0213bea6beca953a70b085
6327,gemma-3-4b-it,100.0,cta,data_analysis,cea94c94a9f19381ae78825923b0c72cf9f16907bd0213bea6beca953a70b085
6328,llama-3.1-70b-instruct,100.0,cta,data_analysis,cea94c94a9f19381ae78825923b0c72cf9f16907bd0213bea6beca953a70b085
6329,llama-3.1-8b-instruct,100.0,cta,data_analysis,cea94c94a9f19381ae78825923b0c72cf9f16907bd0213bea6beca953a70b085
6330,llama-3.2-1b-instruct,100.0,cta,data_analysis,cea94c94a9f19381ae78825923b0c72cf9f16907bd0213bea6beca953a70b085
6331,llama-3.2-3b-instruct,100.0,cta,data_analysis,cea94c94a9f19381ae78825923b0c72cf9f16907bd0213bea6beca953a70b085
6332,mistral-24b,100.0,cta,data_analysis,cea94c94a9f19381ae78825923b0c72cf9f16907bd0213bea6beca953a70b085
6333,mistral-7b,100.0,cta,data_analysis,cea94c94a9f19381ae78825923b0c72cf9f16907bd0213bea6beca953a70b085
6334,qwen-2.5-3b-instruct,100.0,cta,data_analysis,cea94c94a9f19381ae78825923b0c72cf9f16907bd0213bea6beca953a70b085
6335,qwen-32b,100.0,cta,data_analysis,cea94c94a9f19381ae78825923b0c72cf9f16907bd0213bea6beca953a70b085
6336,gemma-3-12b-it,0.0,cta,data_analysis,d3d910189e70e5e5edd9a3f76420da1e8a5578b966ceef1c3936fb6b8e456551
6337,gemma-3-1b-it,0.0,cta,data_analysis,d3d910189e70e5e5edd9a3f76420da1e8a5578b966ceef1c3936fb6b8e456551
6338,gemma-3-4b-it,0.0,cta,data_analysis,d3d910189e70e5e5edd9a3f76420da1e8a5578b966ceef1c3936fb6b8e456551
6339,llama-3.1-70b-instruct,0.0,cta,data_analysis,d3d910189e70e5e5edd9a3f76420da1e8a5578b966ceef1c3936fb6b8e456551
6340,llama-3.1-8b-instruct,0.0,cta,data_analysis,d3d910189e70e5e5edd9a3f76420da1e8a5578b966ceef1c3936fb6b8e456551
6341,llama-3.2-1b-instruct,0.0,cta,data_analysis,d3d910189e70e5e5edd9a3f76420da1e8a5578b966ceef1c3936fb6b8e456551
6342,llama-3.2-3b-instruct,0.0,cta,data_analysis,d3d910189e70e5e5edd9a3f76420da1e8a5578b966ceef1c3936fb6b8e456551
6343,mistral-24b,0.0,cta,data_analysis,d3d910189e70e5e5edd9a3f76420da1e8a5578b966ceef1c3936fb6b8e456551
6344,mistral-7b,0.0,cta,data_analysis,d3d910189e70e5e5edd9a3f76420da1e8a5578b966ceef1c3936fb6b8e456551
6345,qwen-2.5-3b-instruct,0.0,cta,data_analysis,d3d910189e70e5e5edd9a3f76420da1e8a5578b966ceef1c3936fb6b8e456551
6346,qwen-32b,0.0,cta,data_analysis,d3d910189e70e5e5edd9a3f76420da1e8a5578b966ceef1c3936fb6b8e456551
6347,gemma-3-12b-it,100.0,cta,data_analysis,d4ec8efff8fdcc6db682bb2c9dc2b5284ea7ca5d0f79663832e203e3d52bd125
6348,gemma-3-1b-it,0.0,cta,data_analysis,d4ec8efff8fdcc6db682bb2c9dc2b5284ea7ca5d0f79663832e203e3d52bd125
6349,gemma-3-4b-it,0.0,cta,data_analysis,d4ec8efff8fdcc6db682bb2c9dc2b5284ea7ca5d0f79663832e203e3d52bd125
6350,llama-3.1-70b-instruct,100.0,cta,data_analysis,d4ec8efff8fdcc6db682bb2c9dc2b5284ea7ca5d0f79663832e203e3d52bd125
6351,llama-3.1-8b-instruct,0.0,cta,data_analysis,d4ec8efff8fdcc6db682bb2c9dc2b5284ea7ca5d0f79663832e203e3d52bd125
6352,llama-3.2-1b-instruct,0.0,cta,data_analysis,d4ec8efff8fdcc6db682bb2c9dc2b5284ea7ca5d0f79663832e203e3d52bd125
6353,llama-3.2-3b-instruct,0.0,cta,data_analysis,d4ec8efff8fdcc6db682bb2c9dc2b5284ea7ca5d0f79663832e203e3d52bd125
6354,mistral-24b,100.0,cta,data_analysis,d4ec8efff8fdcc6db682bb2c9dc2b5284ea7ca5d0f79663832e203e3d52bd125
6355,mistral-7b,0.0,cta,data_analysis,d4ec8efff8fdcc6db682bb2c9dc2b5284ea7ca5d0f79663832e203e3d52bd125
6356,qwen-2.5-3b-instruct,100.0,cta,data_analysis,d4ec8efff8fdcc6db682bb2c9dc2b5284ea7ca5d0f79663832e203e3d52bd125
6357,qwen-32b,100.0,cta,data_analysis,d4ec8efff8fdcc6db682bb2c9dc2b5284ea7ca5d0f79663832e203e3d52bd125
6358,gemma-3-12b-it,0.0,cta,data_analysis,ea6612af21a179810783dc4c8f39584a5f287099d46855b0b44b3d706ef349f7
6359,gemma-3-1b-it,0.0,cta,data_analysis,ea6612af21a179810783dc4c8f39584a5f287099d46855b0b44b3d706ef349f7
6360,gemma-3-4b-it,0.0,cta,data_analysis,ea6612af21a179810783dc4c8f39584a5f287099d46855b0b44b3d706ef349f7
6361,llama-3.1-70b-instruct,0.0,cta,data_analysis,ea6612af21a179810783dc4c8f39584a5f287099d46855b0b44b3d706ef349f7
6362,llama-3.1-8b-instruct,0.0,cta,data_analysis,ea6612af21a179810783dc4c8f39584a5f287099d46855b0b44b3d706ef349f7
6363,llama-3.2-1b-instruct,0.0,cta,data_analysis,ea6612af21a179810783dc4c8f39584a5f287099d46855b0b44b3d706ef349f7
6364,llama-3.2-3b-instruct,0.0,cta,data_analysis,ea6612af21a179810783dc4c8f39584a5f287099d46855b0b44b3d706ef349f7
6365,mistral-24b,0.0,cta,data_analysis,ea6612af21a179810783dc4c8f39584a5f287099d46855b0b44b3d706ef349f7
6366,mistral-7b,0.0,cta,data_analysis,ea6612af21a179810783dc4c8f39584a5f287099d46855b0b44b3d706ef349f7
6367,qwen-2.5-3b-instruct,0.0,cta,data_analysis,ea6612af21a179810783dc4c8f39584a5f287099d46855b0b44b3d706ef349f7
6368,qwen-32b,0.0,cta,data_analysis,ea6612af21a179810783dc4c8f39584a5f287099d46855b0b44b3d706ef349f7
6369,gemma-3-12b-it,100.0,cta,data_analysis,f6239269d04fcfd9a96e904b2016c00b132487ce74c331d77b829d5cdb6f5df7
6370,gemma-3-1b-it,0.0,cta,data_analysis,f6239269d04fcfd9a96e904b2016c00b132487ce74c331d77b829d5cdb6f5df7
6371,gemma-3-4b-it,100.0,cta,data_analysis,f6239269d04fcfd9a96e904b2016c00b132487ce74c331d77b829d5cdb6f5df7
6372,llama-3.1-70b-instruct,100.0,cta,data_analysis,f6239269d04fcfd9a96e904b2016c00b132487ce74c331d77b829d5cdb6f5df7
6373,llama-3.1-8b-instruct,100.0,cta,data_analysis,f6239269d04fcfd9a96e904b2016c00b132487ce74c331d77b829d5cdb6f5df7
6374,llama-3.2-1b-instruct,100.0,cta,data_analysis,f6239269d04fcfd9a96e904b2016c00b132487ce74c331d77b829d5cdb6f5df7
6375,llama-3.2-3b-instruct,100.0,cta,data_analysis,f6239269d04fcfd9a96e904b2016c00b132487ce74c331d77b829d5cdb6f5df7
6376,mistral-24b,100.0,cta,data_analysis,f6239269d04fcfd9a96e904b2016c00b132487ce74c331d77b829d5cdb6f5df7
6377,mistral-7b,100.0,cta,data_analysis,f6239269d04fcfd9a96e904b2016c00b132487ce74c331d77b829d5cdb6f5df7
6378,qwen-2.5-3b-instruct,100.0,cta,data_analysis,f6239269d04fcfd9a96e904b2016c00b132487ce74c331d77b829d5cdb6f5df7
6379,qwen-32b,100.0,cta,data_analysis,f6239269d04fcfd9a96e904b2016c00b132487ce74c331d77b829d5cdb6f5df7
6380,gemma-3-12b-it,100.0,cta,data_analysis,f9bcb466e175b91a55ff30f1265ad410a93737012e3e6c8f288adcd3525f5d7e
6381,gemma-3-1b-it,100.0,cta,data_analysis,f9bcb466e175b91a55ff30f1265ad410a93737012e3e6c8f288adcd3525f5d7e
6382,gemma-3-4b-it,100.0,cta,data_analysis,f9bcb466e175b91a55ff30f1265ad410a93737012e3e6c8f288adcd3525f5d7e
6383,llama-3.1-70b-instruct,100.0,cta,data_analysis,f9bcb466e175b91a55ff30f1265ad410a93737012e3e6c8f288adcd3525f5d7e
6384,llama-3.1-8b-instruct,100.0,cta,data_analysis,f9bcb466e175b91a55ff30f1265ad410a93737012e3e6c8f288adcd3525f5d7e
6385,llama-3.2-1b-instruct,0.0,cta,data_analysis,f9bcb466e175b91a55ff30f1265ad410a93737012e3e6c8f288adcd3525f5d7e
6386,llama-3.2-3b-instruct,100.0,cta,data_analysis,f9bcb466e175b91a55ff30f1265ad410a93737012e3e6c8f288adcd3525f5d7e
6387,mistral-24b,100.0,cta,data_analysis,f9bcb466e175b91a55ff30f1265ad410a93737012e3e6c8f288adcd3525f5d7e
6388,mistral-7b,100.0,cta,data_analysis,f9bcb466e175b91a55ff30f1265ad410a93737012e3e6c8f288adcd3525f5d7e
6389,qwen-2.5-3b-instruct,100.0,cta,data_analysis,f9bcb466e175b91a55ff30f1265ad410a93737012e3e6c8f288adcd3525f5d7e
6390,qwen-32b,100.0,cta,data_analysis,f9bcb466e175b91a55ff30f1265ad410a93737012e3e6c8f288adcd3525f5d7e
6391,gemma-3-12b-it,0.0,cta,data_analysis,fb965026ca12eae296ee0e5a21c0f7f2691e7f27a829c7d6b69b3d659257222a
6392,gemma-3-1b-it,0.0,cta,data_analysis,fb965026ca12eae296ee0e5a21c0f7f2691e7f27a829c7d6b69b3d659257222a
6393,gemma-3-4b-it,0.0,cta,data_analysis,fb965026ca12eae296ee0e5a21c0f7f2691e7f27a829c7d6b69b3d659257222a
6394,llama-3.1-70b-instruct,0.0,cta,data_analysis,fb965026ca12eae296ee0e5a21c0f7f2691e7f27a829c7d6b69b3d659257222a
6395,llama-3.1-8b-instruct,0.0,cta,data_analysis,fb965026ca12eae296ee0e5a21c0f7f2691e7f27a829c7d6b69b3d659257222a
6396,llama-3.2-1b-instruct,0.0,cta,data_analysis,fb965026ca12eae296ee0e5a21c0f7f2691e7f27a829c7d6b69b3d659257222a
6397,llama-3.2-3b-instruct,0.0,cta,data_analysis,fb965026ca12eae296ee0e5a21c0f7f2691e7f27a829c7d6b69b3d659257222a
6398,mistral-24b,0.0,cta,data_analysis,fb965026ca12eae296ee0e5a21c0f7f2691e7f27a829c7d6b69b3d659257222a
6399,mistral-7b,0.0,cta,data_analysis,fb965026ca12eae296ee0e5a21c0f7f2691e7f27a829c7d6b69b3d659257222a
6400,qwen-2.5-3b-instruct,0.0,cta,data_analysis,fb965026ca12eae296ee0e5a21c0f7f2691e7f27a829c7d6b69b3d659257222a
6401,qwen-32b,0.0,cta,data_analysis,fb965026ca12eae296ee0e5a21c0f7f2691e7f27a829c7d6b69b3d659257222a
6402,gemma-3-12b-it,0.0,zebra_puzzle,reasoning,0405cc3d80d24b05c54ae0284daac12f64b8ec440dfc3ab8e35b0970f414e91e
6403,gemma-3-1b-it,0.0,zebra_puzzle,reasoning,0405cc3d80d24b05c54ae0284daac12f64b8ec440dfc3ab8e35b0970f414e91e
6404,gemma-3-4b-it,0.0,zebra_puzzle,reasoning,0405cc3d80d24b05c54ae0284daac12f64b8ec440dfc3ab8e35b0970f414e91e
6405,llama-3.1-70b-instruct,37.5,zebra_puzzle,reasoning,0405cc3d80d24b05c54ae0284daac12f64b8ec440dfc3ab8e35b0970f414e91e
6406,llama-3.1-8b-instruct,0.0,zebra_puzzle,reasoning,0405cc3d80d24b05c54ae0284daac12f64b8ec440dfc3ab8e35b0970f414e91e
6407,llama-3.2-1b-instruct,0.0,zebra_puzzle,reasoning,0405cc3d80d24b05c54ae0284daac12f64b8ec440dfc3ab8e35b0970f414e91e
6408,llama-3.2-3b-instruct,25.0,zebra_puzzle,reasoning,0405cc3d80d24b05c54ae0284daac12f64b8ec440dfc3ab8e35b0970f414e91e
6409,mistral-24b,25.0,zebra_puzzle,reasoning,0405cc3d80d24b05c54ae0284daac12f64b8ec440dfc3ab8e35b0970f414e91e
6410,mistral-7b,12.5,zebra_puzzle,reasoning,0405cc3d80d24b05c54ae0284daac12f64b8ec440dfc3ab8e35b0970f414e91e
6411,qwen-2.5-3b-instruct,25.0,zebra_puzzle,reasoning,0405cc3d80d24b05c54ae0284daac12f64b8ec440dfc3ab8e35b0970f414e91e
6412,qwen-32b,37.5,zebra_puzzle,reasoning,0405cc3d80d24b05c54ae0284daac12f64b8ec440dfc3ab8e35b0970f414e91e
6413,gemma-3-12b-it,0.0,zebra_puzzle,reasoning,04207d46453963ade715fc168f3ef781edc3f5355fc03090911cb355fb73867c
6414,gemma-3-1b-it,0.0,zebra_puzzle,reasoning,04207d46453963ade715fc168f3ef781edc3f5355fc03090911cb355fb73867c
6415,gemma-3-4b-it,37.5,zebra_puzzle,reasoning,04207d46453963ade715fc168f3ef781edc3f5355fc03090911cb355fb73867c
6416,llama-3.1-70b-instruct,12.5,zebra_puzzle,reasoning,04207d46453963ade715fc168f3ef781edc3f5355fc03090911cb355fb73867c
6417,llama-3.1-8b-instruct,0.0,zebra_puzzle,reasoning,04207d46453963ade715fc168f3ef781edc3f5355fc03090911cb355fb73867c
6418,llama-3.2-1b-instruct,12.5,zebra_puzzle,reasoning,04207d46453963ade715fc168f3ef781edc3f5355fc03090911cb355fb73867c
6419,llama-3.2-3b-instruct,0.0,zebra_puzzle,reasoning,04207d46453963ade715fc168f3ef781edc3f5355fc03090911cb355fb73867c
6420,mistral-24b,0.0,zebra_puzzle,reasoning,04207d46453963ade715fc168f3ef781edc3f5355fc03090911cb355fb73867c
6421,mistral-7b,12.5,zebra_puzzle,reasoning,04207d46453963ade715fc168f3ef781edc3f5355fc03090911cb355fb73867c
6422,qwen-2.5-3b-instruct,37.5,zebra_puzzle,reasoning,04207d46453963ade715fc168f3ef781edc3f5355fc03090911cb355fb73867c
6423,qwen-32b,25.0,zebra_puzzle,reasoning,04207d46453963ade715fc168f3ef781edc3f5355fc03090911cb355fb73867c
6424,gemma-3-12b-it,0.0,zebra_puzzle,reasoning,1fdd436a43f1a7d242602871b37275ee09a69a64094f619b91bee96095846452
6425,gemma-3-1b-it,0.0,zebra_puzzle,reasoning,1fdd436a43f1a7d242602871b37275ee09a69a64094f619b91bee96095846452
6426,gemma-3-4b-it,0.0,zebra_puzzle,reasoning,1fdd436a43f1a7d242602871b37275ee09a69a64094f619b91bee96095846452
6427,llama-3.1-70b-instruct,25.0,zebra_puzzle,reasoning,1fdd436a43f1a7d242602871b37275ee09a69a64094f619b91bee96095846452
6428,llama-3.1-8b-instruct,0.0,zebra_puzzle,reasoning,1fdd436a43f1a7d242602871b37275ee09a69a64094f619b91bee96095846452
6429,llama-3.2-1b-instruct,0.0,zebra_puzzle,reasoning,1fdd436a43f1a7d242602871b37275ee09a69a64094f619b91bee96095846452
6430,llama-3.2-3b-instruct,0.0,zebra_puzzle,reasoning,1fdd436a43f1a7d242602871b37275ee09a69a64094f619b91bee96095846452
6431,mistral-24b,12.5,zebra_puzzle,reasoning,1fdd436a43f1a7d242602871b37275ee09a69a64094f619b91bee96095846452
6432,mistral-7b,37.5,zebra_puzzle,reasoning,1fdd436a43f1a7d242602871b37275ee09a69a64094f619b91bee96095846452
6433,qwen-2.5-3b-instruct,37.5,zebra_puzzle,reasoning,1fdd436a43f1a7d242602871b37275ee09a69a64094f619b91bee96095846452
6434,qwen-32b,37.5,zebra_puzzle,reasoning,1fdd436a43f1a7d242602871b37275ee09a69a64094f619b91bee96095846452
6435,gemma-3-12b-it,25.0,zebra_puzzle,reasoning,20d48b97e524cd64f82b0e4fb3c597a37bae1d9357e9b2c93aad96b4c70e098e
6436,gemma-3-1b-it,25.0,zebra_puzzle,reasoning,20d48b97e524cd64f82b0e4fb3c597a37bae1d9357e9b2c93aad96b4c70e098e
6437,gemma-3-4b-it,37.5,zebra_puzzle,reasoning,20d48b97e524cd64f82b0e4fb3c597a37bae1d9357e9b2c93aad96b4c70e098e
6438,llama-3.1-70b-instruct,100.0,zebra_puzzle,reasoning,20d48b97e524cd64f82b0e4fb3c597a37bae1d9357e9b2c93aad96b4c70e098e
6439,llama-3.1-8b-instruct,100.0,zebra_puzzle,reasoning,20d48b97e524cd64f82b0e4fb3c597a37bae1d9357e9b2c93aad96b4c70e098e
6440,llama-3.2-1b-instruct,0.0,zebra_puzzle,reasoning,20d48b97e524cd64f82b0e4fb3c597a37bae1d9357e9b2c93aad96b4c70e098e
6441,llama-3.2-3b-instruct,12.5,zebra_puzzle,reasoning,20d48b97e524cd64f82b0e4fb3c597a37bae1d9357e9b2c93aad96b4c70e098e
6442,mistral-24b,25.0,zebra_puzzle,reasoning,20d48b97e524cd64f82b0e4fb3c597a37bae1d9357e9b2c93aad96b4c70e098e
6443,mistral-7b,37.5,zebra_puzzle,reasoning,20d48b97e524cd64f82b0e4fb3c597a37bae1d9357e9b2c93aad96b4c70e098e
6444,qwen-2.5-3b-instruct,100.0,zebra_puzzle,reasoning,20d48b97e524cd64f82b0e4fb3c597a37bae1d9357e9b2c93aad96b4c70e098e
6445,qwen-32b,25.0,zebra_puzzle,reasoning,20d48b97e524cd64f82b0e4fb3c597a37bae1d9357e9b2c93aad96b4c70e098e
6446,gemma-3-12b-it,0.0,zebra_puzzle,reasoning,2102018493646d369865e04813606d3170a25f31f0fad3aece558969b56f97d0
6447,gemma-3-1b-it,0.0,zebra_puzzle,reasoning,2102018493646d369865e04813606d3170a25f31f0fad3aece558969b56f97d0
6448,gemma-3-4b-it,0.0,zebra_puzzle,reasoning,2102018493646d369865e04813606d3170a25f31f0fad3aece558969b56f97d0
6449,llama-3.1-70b-instruct,25.0,zebra_puzzle,reasoning,2102018493646d369865e04813606d3170a25f31f0fad3aece558969b56f97d0
6450,llama-3.1-8b-instruct,12.5,zebra_puzzle,reasoning,2102018493646d369865e04813606d3170a25f31f0fad3aece558969b56f97d0
6451,llama-3.2-1b-instruct,0.0,zebra_puzzle,reasoning,2102018493646d369865e04813606d3170a25f31f0fad3aece558969b56f97d0
6452,llama-3.2-3b-instruct,0.0,zebra_puzzle,reasoning,2102018493646d369865e04813606d3170a25f31f0fad3aece558969b56f97d0
6453,mistral-24b,0.0,zebra_puzzle,reasoning,2102018493646d369865e04813606d3170a25f31f0fad3aece558969b56f97d0
6454,mistral-7b,0.0,zebra_puzzle,reasoning,2102018493646d369865e04813606d3170a25f31f0fad3aece558969b56f97d0
6455,qwen-2.5-3b-instruct,12.5,zebra_puzzle,reasoning,2102018493646d369865e04813606d3170a25f31f0fad3aece558969b56f97d0
6456,qwen-32b,0.0,zebra_puzzle,reasoning,2102018493646d369865e04813606d3170a25f31f0fad3aece558969b56f97d0
6457,gemma-3-12b-it,0.0,zebra_puzzle,reasoning,2a886a49a7c9afb9b30d299d6de0b67558ae1076da4178faaf08e8b24d4a2994
6458,gemma-3-1b-it,0.0,zebra_puzzle,reasoning,2a886a49a7c9afb9b30d299d6de0b67558ae1076da4178faaf08e8b24d4a2994
6459,gemma-3-4b-it,0.0,zebra_puzzle,reasoning,2a886a49a7c9afb9b30d299d6de0b67558ae1076da4178faaf08e8b24d4a2994
6460,llama-3.1-70b-instruct,0.0,zebra_puzzle,reasoning,2a886a49a7c9afb9b30d299d6de0b67558ae1076da4178faaf08e8b24d4a2994
6461,llama-3.1-8b-instruct,0.0,zebra_puzzle,reasoning,2a886a49a7c9afb9b30d299d6de0b67558ae1076da4178faaf08e8b24d4a2994
6462,llama-3.2-1b-instruct,0.0,zebra_puzzle,reasoning,2a886a49a7c9afb9b30d299d6de0b67558ae1076da4178faaf08e8b24d4a2994
6463,llama-3.2-3b-instruct,0.0,zebra_puzzle,reasoning,2a886a49a7c9afb9b30d299d6de0b67558ae1076da4178faaf08e8b24d4a2994
6464,mistral-24b,0.0,zebra_puzzle,reasoning,2a886a49a7c9afb9b30d299d6de0b67558ae1076da4178faaf08e8b24d4a2994
6465,mistral-7b,0.0,zebra_puzzle,reasoning,2a886a49a7c9afb9b30d299d6de0b67558ae1076da4178faaf08e8b24d4a2994
6466,qwen-2.5-3b-instruct,12.5,zebra_puzzle,reasoning,2a886a49a7c9afb9b30d299d6de0b67558ae1076da4178faaf08e8b24d4a2994
6467,qwen-32b,0.0,zebra_puzzle,reasoning,2a886a49a7c9afb9b30d299d6de0b67558ae1076da4178faaf08e8b24d4a2994
6468,gemma-3-12b-it,0.0,zebra_puzzle,reasoning,320bb578a63d6412919fcb69b962e8419d8782f1a4ebe54758cac3cc2474c82b
6469,gemma-3-1b-it,0.0,zebra_puzzle,reasoning,320bb578a63d6412919fcb69b962e8419d8782f1a4ebe54758cac3cc2474c82b
6470,gemma-3-4b-it,0.0,zebra_puzzle,reasoning,320bb578a63d6412919fcb69b962e8419d8782f1a4ebe54758cac3cc2474c82b
6471,llama-3.1-70b-instruct,0.0,zebra_puzzle,reasoning,320bb578a63d6412919fcb69b962e8419d8782f1a4ebe54758cac3cc2474c82b
6472,llama-3.1-8b-instruct,25.0,zebra_puzzle,reasoning,320bb578a63d6412919fcb69b962e8419d8782f1a4ebe54758cac3cc2474c82b
6473,llama-3.2-1b-instruct,0.0,zebra_puzzle,reasoning,320bb578a63d6412919fcb69b962e8419d8782f1a4ebe54758cac3cc2474c82b
6474,llama-3.2-3b-instruct,0.0,zebra_puzzle,reasoning,320bb578a63d6412919fcb69b962e8419d8782f1a4ebe54758cac3cc2474c82b
6475,mistral-24b,37.5,zebra_puzzle,reasoning,320bb578a63d6412919fcb69b962e8419d8782f1a4ebe54758cac3cc2474c82b
6476,mistral-7b,25.0,zebra_puzzle,reasoning,320bb578a63d6412919fcb69b962e8419d8782f1a4ebe54758cac3cc2474c82b
6477,qwen-2.5-3b-instruct,25.0,zebra_puzzle,reasoning,320bb578a63d6412919fcb69b962e8419d8782f1a4ebe54758cac3cc2474c82b
6478,qwen-32b,100.0,zebra_puzzle,reasoning,320bb578a63d6412919fcb69b962e8419d8782f1a4ebe54758cac3cc2474c82b
6479,gemma-3-12b-it,12.5,zebra_puzzle,reasoning,363d6a519f6ce7572b752357e5008d054f34fb01ff1e8864326889bd2b24f626
6480,gemma-3-1b-it,0.0,zebra_puzzle,reasoning,363d6a519f6ce7572b752357e5008d054f34fb01ff1e8864326889bd2b24f626
6481,gemma-3-4b-it,0.0,zebra_puzzle,reasoning,363d6a519f6ce7572b752357e5008d054f34fb01ff1e8864326889bd2b24f626
6482,llama-3.1-70b-instruct,0.0,zebra_puzzle,reasoning,363d6a519f6ce7572b752357e5008d054f34fb01ff1e8864326889bd2b24f626
6483,llama-3.1-8b-instruct,37.5,zebra_puzzle,reasoning,363d6a519f6ce7572b752357e5008d054f34fb01ff1e8864326889bd2b24f626
6484,llama-3.2-1b-instruct,12.5,zebra_puzzle,reasoning,363d6a519f6ce7572b752357e5008d054f34fb01ff1e8864326889bd2b24f626
6485,llama-3.2-3b-instruct,0.0,zebra_puzzle,reasoning,363d6a519f6ce7572b752357e5008d054f34fb01ff1e8864326889bd2b24f626
6486,mistral-24b,12.5,zebra_puzzle,reasoning,363d6a519f6ce7572b752357e5008d054f34fb01ff1e8864326889bd2b24f626
6487,mistral-7b,12.5,zebra_puzzle,reasoning,363d6a519f6ce7572b752357e5008d054f34fb01ff1e8864326889bd2b24f626
6488,qwen-2.5-3b-instruct,0.0,zebra_puzzle,reasoning,363d6a519f6ce7572b752357e5008d054f34fb01ff1e8864326889bd2b24f626
6489,qwen-32b,37.5,zebra_puzzle,reasoning,363d6a519f6ce7572b752357e5008d054f34fb01ff1e8864326889bd2b24f626
6490,gemma-3-12b-it,25.0,zebra_puzzle,reasoning,40a8ca9e0abcfe1a1ddcdcc44ca837131ed669f51eafcb1d27b361da7d8d1165
6491,gemma-3-1b-it,0.0,zebra_puzzle,reasoning,40a8ca9e0abcfe1a1ddcdcc44ca837131ed669f51eafcb1d27b361da7d8d1165
6492,gemma-3-4b-it,12.5,zebra_puzzle,reasoning,40a8ca9e0abcfe1a1ddcdcc44ca837131ed669f51eafcb1d27b361da7d8d1165
6493,llama-3.1-70b-instruct,25.0,zebra_puzzle,reasoning,40a8ca9e0abcfe1a1ddcdcc44ca837131ed669f51eafcb1d27b361da7d8d1165
6494,llama-3.1-8b-instruct,25.0,zebra_puzzle,reasoning,40a8ca9e0abcfe1a1ddcdcc44ca837131ed669f51eafcb1d27b361da7d8d1165
6495,llama-3.2-1b-instruct,0.0,zebra_puzzle,reasoning,40a8ca9e0abcfe1a1ddcdcc44ca837131ed669f51eafcb1d27b361da7d8d1165
6496,llama-3.2-3b-instruct,0.0,zebra_puzzle,reasoning,40a8ca9e0abcfe1a1ddcdcc44ca837131ed669f51eafcb1d27b361da7d8d1165
6497,mistral-24b,12.5,zebra_puzzle,reasoning,40a8ca9e0abcfe1a1ddcdcc44ca837131ed669f51eafcb1d27b361da7d8d1165
6498,mistral-7b,25.0,zebra_puzzle,reasoning,40a8ca9e0abcfe1a1ddcdcc44ca837131ed669f51eafcb1d27b361da7d8d1165
6499,qwen-2.5-3b-instruct,0.0,zebra_puzzle,reasoning,40a8ca9e0abcfe1a1ddcdcc44ca837131ed669f51eafcb1d27b361da7d8d1165
6500,qwen-32b,12.5,zebra_puzzle,reasoning,40a8ca9e0abcfe1a1ddcdcc44ca837131ed669f51eafcb1d27b361da7d8d1165
6501,gemma-3-12b-it,0.0,zebra_puzzle,reasoning,4d307a56c0beed06090c18b6a431f82f1292d895bdc3186452a36eb33bc6f095
6502,gemma-3-1b-it,0.0,zebra_puzzle,reasoning,4d307a56c0beed06090c18b6a431f82f1292d895bdc3186452a36eb33bc6f095
6503,gemma-3-4b-it,0.0,zebra_puzzle,reasoning,4d307a56c0beed06090c18b6a431f82f1292d895bdc3186452a36eb33bc6f095
6504,llama-3.1-70b-instruct,12.5,zebra_puzzle,reasoning,4d307a56c0beed06090c18b6a431f82f1292d895bdc3186452a36eb33bc6f095
6505,llama-3.1-8b-instruct,0.0,zebra_puzzle,reasoning,4d307a56c0beed06090c18b6a431f82f1292d895bdc3186452a36eb33bc6f095
6506,llama-3.2-1b-instruct,0.0,zebra_puzzle,reasoning,4d307a56c0beed06090c18b6a431f82f1292d895bdc3186452a36eb33bc6f095
6507,llama-3.2-3b-instruct,0.0,zebra_puzzle,reasoning,4d307a56c0beed06090c18b6a431f82f1292d895bdc3186452a36eb33bc6f095
6508,mistral-24b,25.0,zebra_puzzle,reasoning,4d307a56c0beed06090c18b6a431f82f1292d895bdc3186452a36eb33bc6f095
6509,mistral-7b,0.0,zebra_puzzle,reasoning,4d307a56c0beed06090c18b6a431f82f1292d895bdc3186452a36eb33bc6f095
6510,qwen-2.5-3b-instruct,0.0,zebra_puzzle,reasoning,4d307a56c0beed06090c18b6a431f82f1292d895bdc3186452a36eb33bc6f095
6511,qwen-32b,25.0,zebra_puzzle,reasoning,4d307a56c0beed06090c18b6a431f82f1292d895bdc3186452a36eb33bc6f095
6512,gemma-3-12b-it,0.0,zebra_puzzle,reasoning,5089fbc10efdb431bffe2c78c406a442285ebf32fca0ccadc6898b7d2b9b5891
6513,gemma-3-1b-it,0.0,zebra_puzzle,reasoning,5089fbc10efdb431bffe2c78c406a442285ebf32fca0ccadc6898b7d2b9b5891
6514,gemma-3-4b-it,0.0,zebra_puzzle,reasoning,5089fbc10efdb431bffe2c78c406a442285ebf32fca0ccadc6898b7d2b9b5891
6515,llama-3.1-70b-instruct,0.0,zebra_puzzle,reasoning,5089fbc10efdb431bffe2c78c406a442285ebf32fca0ccadc6898b7d2b9b5891
6516,llama-3.1-8b-instruct,0.0,zebra_puzzle,reasoning,5089fbc10efdb431bffe2c78c406a442285ebf32fca0ccadc6898b7d2b9b5891
6517,llama-3.2-1b-instruct,0.0,zebra_puzzle,reasoning,5089fbc10efdb431bffe2c78c406a442285ebf32fca0ccadc6898b7d2b9b5891
6518,llama-3.2-3b-instruct,0.0,zebra_puzzle,reasoning,5089fbc10efdb431bffe2c78c406a442285ebf32fca0ccadc6898b7d2b9b5891
6519,mistral-24b,0.0,zebra_puzzle,reasoning,5089fbc10efdb431bffe2c78c406a442285ebf32fca0ccadc6898b7d2b9b5891
6520,mistral-7b,0.0,zebra_puzzle,reasoning,5089fbc10efdb431bffe2c78c406a442285ebf32fca0ccadc6898b7d2b9b5891
6521,qwen-2.5-3b-instruct,0.0,zebra_puzzle,reasoning,5089fbc10efdb431bffe2c78c406a442285ebf32fca0ccadc6898b7d2b9b5891
6522,qwen-32b,0.0,zebra_puzzle,reasoning,5089fbc10efdb431bffe2c78c406a442285ebf32fca0ccadc6898b7d2b9b5891
6523,gemma-3-12b-it,12.5,zebra_puzzle,reasoning,51c63d38da594f139bba62f7fc0391fe5bfff81b15282260dba35e281d22ec38
6524,gemma-3-1b-it,12.5,zebra_puzzle,reasoning,51c63d38da594f139bba62f7fc0391fe5bfff81b15282260dba35e281d22ec38
6525,gemma-3-4b-it,0.0,zebra_puzzle,reasoning,51c63d38da594f139bba62f7fc0391fe5bfff81b15282260dba35e281d22ec38
6526,llama-3.1-70b-instruct,12.5,zebra_puzzle,reasoning,51c63d38da594f139bba62f7fc0391fe5bfff81b15282260dba35e281d22ec38
6527,llama-3.1-8b-instruct,25.0,zebra_puzzle,reasoning,51c63d38da594f139bba62f7fc0391fe5bfff81b15282260dba35e281d22ec38
6528,llama-3.2-1b-instruct,0.0,zebra_puzzle,reasoning,51c63d38da594f139bba62f7fc0391fe5bfff81b15282260dba35e281d22ec38
6529,llama-3.2-3b-instruct,12.5,zebra_puzzle,reasoning,51c63d38da594f139bba62f7fc0391fe5bfff81b15282260dba35e281d22ec38
6530,mistral-24b,12.5,zebra_puzzle,reasoning,51c63d38da594f139bba62f7fc0391fe5bfff81b15282260dba35e281d22ec38
6531,mistral-7b,25.0,zebra_puzzle,reasoning,51c63d38da594f139bba62f7fc0391fe5bfff81b15282260dba35e281d22ec38
6532,qwen-2.5-3b-instruct,37.5,zebra_puzzle,reasoning,51c63d38da594f139bba62f7fc0391fe5bfff81b15282260dba35e281d22ec38
6533,qwen-32b,12.5,zebra_puzzle,reasoning,51c63d38da594f139bba62f7fc0391fe5bfff81b15282260dba35e281d22ec38
6534,gemma-3-12b-it,12.5,zebra_puzzle,reasoning,56ecba920668f36eb6a07e04c7e8478344029034ff2b1034be54c3934e083329
6535,gemma-3-1b-it,0.0,zebra_puzzle,reasoning,56ecba920668f36eb6a07e04c7e8478344029034ff2b1034be54c3934e083329
6536,gemma-3-4b-it,0.0,zebra_puzzle,reasoning,56ecba920668f36eb6a07e04c7e8478344029034ff2b1034be54c3934e083329
6537,llama-3.1-70b-instruct,25.0,zebra_puzzle,reasoning,56ecba920668f36eb6a07e04c7e8478344029034ff2b1034be54c3934e083329
6538,llama-3.1-8b-instruct,0.0,zebra_puzzle,reasoning,56ecba920668f36eb6a07e04c7e8478344029034ff2b1034be54c3934e083329
6539,llama-3.2-1b-instruct,0.0,zebra_puzzle,reasoning,56ecba920668f36eb6a07e04c7e8478344029034ff2b1034be54c3934e083329
6540,llama-3.2-3b-instruct,12.5,zebra_puzzle,reasoning,56ecba920668f36eb6a07e04c7e8478344029034ff2b1034be54c3934e083329
6541,mistral-24b,12.5,zebra_puzzle,reasoning,56ecba920668f36eb6a07e04c7e8478344029034ff2b1034be54c3934e083329
6542,mistral-7b,12.5,zebra_puzzle,reasoning,56ecba920668f36eb6a07e04c7e8478344029034ff2b1034be54c3934e083329
6543,qwen-2.5-3b-instruct,25.0,zebra_puzzle,reasoning,56ecba920668f36eb6a07e04c7e8478344029034ff2b1034be54c3934e083329
6544,qwen-32b,37.5,zebra_puzzle,reasoning,56ecba920668f36eb6a07e04c7e8478344029034ff2b1034be54c3934e083329
6545,gemma-3-12b-it,0.0,zebra_puzzle,reasoning,5c484e793c5fbab10f9d42025bd34db662a33f04ccf3f2157fad7fba1d3fe843
6546,gemma-3-1b-it,0.0,zebra_puzzle,reasoning,5c484e793c5fbab10f9d42025bd34db662a33f04ccf3f2157fad7fba1d3fe843
6547,gemma-3-4b-it,0.0,zebra_puzzle,reasoning,5c484e793c5fbab10f9d42025bd34db662a33f04ccf3f2157fad7fba1d3fe843
6548,llama-3.1-70b-instruct,0.0,zebra_puzzle,reasoning,5c484e793c5fbab10f9d42025bd34db662a33f04ccf3f2157fad7fba1d3fe843
6549,llama-3.1-8b-instruct,0.0,zebra_puzzle,reasoning,5c484e793c5fbab10f9d42025bd34db662a33f04ccf3f2157fad7fba1d3fe843
6550,llama-3.2-1b-instruct,0.0,zebra_puzzle,reasoning,5c484e793c5fbab10f9d42025bd34db662a33f04ccf3f2157fad7fba1d3fe843
6551,llama-3.2-3b-instruct,0.0,zebra_puzzle,reasoning,5c484e793c5fbab10f9d42025bd34db662a33f04ccf3f2157fad7fba1d3fe843
6552,mistral-24b,0.0,zebra_puzzle,reasoning,5c484e793c5fbab10f9d42025bd34db662a33f04ccf3f2157fad7fba1d3fe843
6553,mistral-7b,0.0,zebra_puzzle,reasoning,5c484e793c5fbab10f9d42025bd34db662a33f04ccf3f2157fad7fba1d3fe843
6554,qwen-2.5-3b-instruct,0.0,zebra_puzzle,reasoning,5c484e793c5fbab10f9d42025bd34db662a33f04ccf3f2157fad7fba1d3fe843
6555,qwen-32b,12.5,zebra_puzzle,reasoning,5c484e793c5fbab10f9d42025bd34db662a33f04ccf3f2157fad7fba1d3fe843
6556,gemma-3-12b-it,0.0,zebra_puzzle,reasoning,5dfee88d04c7497f9f4ee44138fed2f9298ed523ed05bde479293eb0cb06ee2f
6557,gemma-3-1b-it,0.0,zebra_puzzle,reasoning,5dfee88d04c7497f9f4ee44138fed2f9298ed523ed05bde479293eb0cb06ee2f
6558,gemma-3-4b-it,0.0,zebra_puzzle,reasoning,5dfee88d04c7497f9f4ee44138fed2f9298ed523ed05bde479293eb0cb06ee2f
6559,llama-3.1-70b-instruct,0.0,zebra_puzzle,reasoning,5dfee88d04c7497f9f4ee44138fed2f9298ed523ed05bde479293eb0cb06ee2f
6560,llama-3.1-8b-instruct,0.0,zebra_puzzle,reasoning,5dfee88d04c7497f9f4ee44138fed2f9298ed523ed05bde479293eb0cb06ee2f
6561,llama-3.2-1b-instruct,0.0,zebra_puzzle,reasoning,5dfee88d04c7497f9f4ee44138fed2f9298ed523ed05bde479293eb0cb06ee2f
6562,llama-3.2-3b-instruct,0.0,zebra_puzzle,reasoning,5dfee88d04c7497f9f4ee44138fed2f9298ed523ed05bde479293eb0cb06ee2f
6563,mistral-24b,0.0,zebra_puzzle,reasoning,5dfee88d04c7497f9f4ee44138fed2f9298ed523ed05bde479293eb0cb06ee2f
6564,mistral-7b,0.0,zebra_puzzle,reasoning,5dfee88d04c7497f9f4ee44138fed2f9298ed523ed05bde479293eb0cb06ee2f
6565,qwen-2.5-3b-instruct,12.5,zebra_puzzle,reasoning,5dfee88d04c7497f9f4ee44138fed2f9298ed523ed05bde479293eb0cb06ee2f
6566,qwen-32b,12.5,zebra_puzzle,reasoning,5dfee88d04c7497f9f4ee44138fed2f9298ed523ed05bde479293eb0cb06ee2f
6567,gemma-3-12b-it,0.0,zebra_puzzle,reasoning,608656e6120f3941c236aa3291c9fe64a52a1fda70be7d0814a1104a88af33ff
6568,gemma-3-1b-it,0.0,zebra_puzzle,reasoning,608656e6120f3941c236aa3291c9fe64a52a1fda70be7d0814a1104a88af33ff
6569,gemma-3-4b-it,0.0,zebra_puzzle,reasoning,608656e6120f3941c236aa3291c9fe64a52a1fda70be7d0814a1104a88af33ff
6570,llama-3.1-70b-instruct,0.0,zebra_puzzle,reasoning,608656e6120f3941c236aa3291c9fe64a52a1fda70be7d0814a1104a88af33ff
6571,llama-3.1-8b-instruct,0.0,zebra_puzzle,reasoning,608656e6120f3941c236aa3291c9fe64a52a1fda70be7d0814a1104a88af33ff
6572,llama-3.2-1b-instruct,0.0,zebra_puzzle,reasoning,608656e6120f3941c236aa3291c9fe64a52a1fda70be7d0814a1104a88af33ff
6573,llama-3.2-3b-instruct,0.0,zebra_puzzle,reasoning,608656e6120f3941c236aa3291c9fe64a52a1fda70be7d0814a1104a88af33ff
6574,mistral-24b,0.0,zebra_puzzle,reasoning,608656e6120f3941c236aa3291c9fe64a52a1fda70be7d0814a1104a88af33ff
6575,mistral-7b,12.5,zebra_puzzle,reasoning,608656e6120f3941c236aa3291c9fe64a52a1fda70be7d0814a1104a88af33ff
6576,qwen-2.5-3b-instruct,12.5,zebra_puzzle,reasoning,608656e6120f3941c236aa3291c9fe64a52a1fda70be7d0814a1104a88af33ff
6577,qwen-32b,0.0,zebra_puzzle,reasoning,608656e6120f3941c236aa3291c9fe64a52a1fda70be7d0814a1104a88af33ff
6578,gemma-3-12b-it,0.0,zebra_puzzle,reasoning,6bd178380f1808eadda3b1565ac385a0ed891cb438a611a8142e9002ac35bbe4
6579,gemma-3-1b-it,0.0,zebra_puzzle,reasoning,6bd178380f1808eadda3b1565ac385a0ed891cb438a611a8142e9002ac35bbe4
6580,gemma-3-4b-it,0.0,zebra_puzzle,reasoning,6bd178380f1808eadda3b1565ac385a0ed891cb438a611a8142e9002ac35bbe4
6581,llama-3.1-70b-instruct,0.0,zebra_puzzle,reasoning,6bd178380f1808eadda3b1565ac385a0ed891cb438a611a8142e9002ac35bbe4
6582,llama-3.1-8b-instruct,0.0,zebra_puzzle,reasoning,6bd178380f1808eadda3b1565ac385a0ed891cb438a611a8142e9002ac35bbe4
6583,llama-3.2-1b-instruct,0.0,zebra_puzzle,reasoning,6bd178380f1808eadda3b1565ac385a0ed891cb438a611a8142e9002ac35bbe4
6584,llama-3.2-3b-instruct,0.0,zebra_puzzle,reasoning,6bd178380f1808eadda3b1565ac385a0ed891cb438a611a8142e9002ac35bbe4
6585,mistral-24b,0.0,zebra_puzzle,reasoning,6bd178380f1808eadda3b1565ac385a0ed891cb438a611a8142e9002ac35bbe4
6586,mistral-7b,0.0,zebra_puzzle,reasoning,6bd178380f1808eadda3b1565ac385a0ed891cb438a611a8142e9002ac35bbe4
6587,qwen-2.5-3b-instruct,12.5,zebra_puzzle,reasoning,6bd178380f1808eadda3b1565ac385a0ed891cb438a611a8142e9002ac35bbe4
6588,qwen-32b,12.5,zebra_puzzle,reasoning,6bd178380f1808eadda3b1565ac385a0ed891cb438a611a8142e9002ac35bbe4
6589,gemma-3-12b-it,12.5,zebra_puzzle,reasoning,709c3cb6f68c39f7fac17d28cbfef62a41eb2ab52cb44d2b35c402395d0126c4
6590,gemma-3-1b-it,0.0,zebra_puzzle,reasoning,709c3cb6f68c39f7fac17d28cbfef62a41eb2ab52cb44d2b35c402395d0126c4
6591,gemma-3-4b-it,0.0,zebra_puzzle,reasoning,709c3cb6f68c39f7fac17d28cbfef62a41eb2ab52cb44d2b35c402395d0126c4
6592,llama-3.1-70b-instruct,12.5,zebra_puzzle,reasoning,709c3cb6f68c39f7fac17d28cbfef62a41eb2ab52cb44d2b35c402395d0126c4
6593,llama-3.1-8b-instruct,0.0,zebra_puzzle,reasoning,709c3cb6f68c39f7fac17d28cbfef62a41eb2ab52cb44d2b35c402395d0126c4
6594,llama-3.2-1b-instruct,0.0,zebra_puzzle,reasoning,709c3cb6f68c39f7fac17d28cbfef62a41eb2ab52cb44d2b35c402395d0126c4
6595,llama-3.2-3b-instruct,0.0,zebra_puzzle,reasoning,709c3cb6f68c39f7fac17d28cbfef62a41eb2ab52cb44d2b35c402395d0126c4
6596,mistral-24b,0.0,zebra_puzzle,reasoning,709c3cb6f68c39f7fac17d28cbfef62a41eb2ab52cb44d2b35c402395d0126c4
6597,mistral-7b,25.0,zebra_puzzle,reasoning,709c3cb6f68c39f7fac17d28cbfef62a41eb2ab52cb44d2b35c402395d0126c4
6598,qwen-2.5-3b-instruct,0.0,zebra_puzzle,reasoning,709c3cb6f68c39f7fac17d28cbfef62a41eb2ab52cb44d2b35c402395d0126c4
6599,qwen-32b,12.5,zebra_puzzle,reasoning,709c3cb6f68c39f7fac17d28cbfef62a41eb2ab52cb44d2b35c402395d0126c4
6600,gemma-3-12b-it,12.5,zebra_puzzle,reasoning,743aa0ae2d518d95d45ab8b77a7e9ffde5a03c07da8a6af9e81a4e3689aeef0c
6601,gemma-3-1b-it,0.0,zebra_puzzle,reasoning,743aa0ae2d518d95d45ab8b77a7e9ffde5a03c07da8a6af9e81a4e3689aeef0c
6602,gemma-3-4b-it,0.0,zebra_puzzle,reasoning,743aa0ae2d518d95d45ab8b77a7e9ffde5a03c07da8a6af9e81a4e3689aeef0c
6603,llama-3.1-70b-instruct,37.5,zebra_puzzle,reasoning,743aa0ae2d518d95d45ab8b77a7e9ffde5a03c07da8a6af9e81a4e3689aeef0c
6604,llama-3.1-8b-instruct,0.0,zebra_puzzle,reasoning,743aa0ae2d518d95d45ab8b77a7e9ffde5a03c07da8a6af9e81a4e3689aeef0c
6605,llama-3.2-1b-instruct,0.0,zebra_puzzle,reasoning,743aa0ae2d518d95d45ab8b77a7e9ffde5a03c07da8a6af9e81a4e3689aeef0c
6606,llama-3.2-3b-instruct,25.0,zebra_puzzle,reasoning,743aa0ae2d518d95d45ab8b77a7e9ffde5a03c07da8a6af9e81a4e3689aeef0c
6607,mistral-24b,25.0,zebra_puzzle,reasoning,743aa0ae2d518d95d45ab8b77a7e9ffde5a03c07da8a6af9e81a4e3689aeef0c
6608,mistral-7b,0.0,zebra_puzzle,reasoning,743aa0ae2d518d95d45ab8b77a7e9ffde5a03c07da8a6af9e81a4e3689aeef0c
6609,qwen-2.5-3b-instruct,12.5,zebra_puzzle,reasoning,743aa0ae2d518d95d45ab8b77a7e9ffde5a03c07da8a6af9e81a4e3689aeef0c
6610,qwen-32b,37.5,zebra_puzzle,reasoning,743aa0ae2d518d95d45ab8b77a7e9ffde5a03c07da8a6af9e81a4e3689aeef0c
6611,gemma-3-12b-it,0.0,zebra_puzzle,reasoning,7456b78b84937f3f7d137c1af263bfbb1987075e6d093f1bcaf89751e9d30b9c
6612,gemma-3-1b-it,0.0,zebra_puzzle,reasoning,7456b78b84937f3f7d137c1af263bfbb1987075e6d093f1bcaf89751e9d30b9c
6613,gemma-3-4b-it,0.0,zebra_puzzle,reasoning,7456b78b84937f3f7d137c1af263bfbb1987075e6d093f1bcaf89751e9d30b9c
6614,llama-3.1-70b-instruct,12.5,zebra_puzzle,reasoning,7456b78b84937f3f7d137c1af263bfbb1987075e6d093f1bcaf89751e9d30b9c
6615,llama-3.1-8b-instruct,0.0,zebra_puzzle,reasoning,7456b78b84937f3f7d137c1af263bfbb1987075e6d093f1bcaf89751e9d30b9c
6616,llama-3.2-1b-instruct,0.0,zebra_puzzle,reasoning,7456b78b84937f3f7d137c1af263bfbb1987075e6d093f1bcaf89751e9d30b9c
6617,llama-3.2-3b-instruct,0.0,zebra_puzzle,reasoning,7456b78b84937f3f7d137c1af263bfbb1987075e6d093f1bcaf89751e9d30b9c
6618,mistral-24b,0.0,zebra_puzzle,reasoning,7456b78b84937f3f7d137c1af263bfbb1987075e6d093f1bcaf89751e9d30b9c
6619,mistral-7b,12.5,zebra_puzzle,reasoning,7456b78b84937f3f7d137c1af263bfbb1987075e6d093f1bcaf89751e9d30b9c
6620,qwen-2.5-3b-instruct,12.5,zebra_puzzle,reasoning,7456b78b84937f3f7d137c1af263bfbb1987075e6d093f1bcaf89751e9d30b9c
6621,qwen-32b,25.0,zebra_puzzle,reasoning,7456b78b84937f3f7d137c1af263bfbb1987075e6d093f1bcaf89751e9d30b9c
6622,gemma-3-12b-it,12.5,zebra_puzzle,reasoning,763d6bf2ce815f919798705460bf9199302ffc581f1aec7031275ec60bdb36a3
6623,gemma-3-1b-it,0.0,zebra_puzzle,reasoning,763d6bf2ce815f919798705460bf9199302ffc581f1aec7031275ec60bdb36a3
6624,gemma-3-4b-it,0.0,zebra_puzzle,reasoning,763d6bf2ce815f919798705460bf9199302ffc581f1aec7031275ec60bdb36a3
6625,llama-3.1-70b-instruct,0.0,zebra_puzzle,reasoning,763d6bf2ce815f919798705460bf9199302ffc581f1aec7031275ec60bdb36a3
6626,llama-3.1-8b-instruct,0.0,zebra_puzzle,reasoning,763d6bf2ce815f919798705460bf9199302ffc581f1aec7031275ec60bdb36a3
6627,llama-3.2-1b-instruct,0.0,zebra_puzzle,reasoning,763d6bf2ce815f919798705460bf9199302ffc581f1aec7031275ec60bdb36a3
6628,llama-3.2-3b-instruct,0.0,zebra_puzzle,reasoning,763d6bf2ce815f919798705460bf9199302ffc581f1aec7031275ec60bdb36a3
6629,mistral-24b,12.5,zebra_puzzle,reasoning,763d6bf2ce815f919798705460bf9199302ffc581f1aec7031275ec60bdb36a3
6630,mistral-7b,25.0,zebra_puzzle,reasoning,763d6bf2ce815f919798705460bf9199302ffc581f1aec7031275ec60bdb36a3
6631,qwen-2.5-3b-instruct,0.0,zebra_puzzle,reasoning,763d6bf2ce815f919798705460bf9199302ffc581f1aec7031275ec60bdb36a3
6632,qwen-32b,0.0,zebra_puzzle,reasoning,763d6bf2ce815f919798705460bf9199302ffc581f1aec7031275ec60bdb36a3
6633,gemma-3-12b-it,0.0,zebra_puzzle,reasoning,7f1b41d1cdf3a3cf65c6107f8bb29f112137dc875cff80dc667c4cab83c4037a
6634,gemma-3-1b-it,0.0,zebra_puzzle,reasoning,7f1b41d1cdf3a3cf65c6107f8bb29f112137dc875cff80dc667c4cab83c4037a
6635,gemma-3-4b-it,0.0,zebra_puzzle,reasoning,7f1b41d1cdf3a3cf65c6107f8bb29f112137dc875cff80dc667c4cab83c4037a
6636,llama-3.1-70b-instruct,0.0,zebra_puzzle,reasoning,7f1b41d1cdf3a3cf65c6107f8bb29f112137dc875cff80dc667c4cab83c4037a
6637,llama-3.1-8b-instruct,0.0,zebra_puzzle,reasoning,7f1b41d1cdf3a3cf65c6107f8bb29f112137dc875cff80dc667c4cab83c4037a
6638,llama-3.2-1b-instruct,0.0,zebra_puzzle,reasoning,7f1b41d1cdf3a3cf65c6107f8bb29f112137dc875cff80dc667c4cab83c4037a
6639,llama-3.2-3b-instruct,12.5,zebra_puzzle,reasoning,7f1b41d1cdf3a3cf65c6107f8bb29f112137dc875cff80dc667c4cab83c4037a
6640,mistral-24b,12.5,zebra_puzzle,reasoning,7f1b41d1cdf3a3cf65c6107f8bb29f112137dc875cff80dc667c4cab83c4037a
6641,mistral-7b,0.0,zebra_puzzle,reasoning,7f1b41d1cdf3a3cf65c6107f8bb29f112137dc875cff80dc667c4cab83c4037a
6642,qwen-2.5-3b-instruct,12.5,zebra_puzzle,reasoning,7f1b41d1cdf3a3cf65c6107f8bb29f112137dc875cff80dc667c4cab83c4037a
6643,qwen-32b,25.0,zebra_puzzle,reasoning,7f1b41d1cdf3a3cf65c6107f8bb29f112137dc875cff80dc667c4cab83c4037a
6644,gemma-3-12b-it,100.0,zebra_puzzle,reasoning,84650f1042abf3d267bb79b6d1e1d899d27327a11ab81f1079121734a68306b1
6645,gemma-3-1b-it,12.5,zebra_puzzle,reasoning,84650f1042abf3d267bb79b6d1e1d899d27327a11ab81f1079121734a68306b1
6646,gemma-3-4b-it,100.0,zebra_puzzle,reasoning,84650f1042abf3d267bb79b6d1e1d899d27327a11ab81f1079121734a68306b1
6647,llama-3.1-70b-instruct,100.0,zebra_puzzle,reasoning,84650f1042abf3d267bb79b6d1e1d899d27327a11ab81f1079121734a68306b1
6648,llama-3.1-8b-instruct,37.5,zebra_puzzle,reasoning,84650f1042abf3d267bb79b6d1e1d899d27327a11ab81f1079121734a68306b1
6649,llama-3.2-1b-instruct,12.5,zebra_puzzle,reasoning,84650f1042abf3d267bb79b6d1e1d899d27327a11ab81f1079121734a68306b1
6650,llama-3.2-3b-instruct,0.0,zebra_puzzle,reasoning,84650f1042abf3d267bb79b6d1e1d899d27327a11ab81f1079121734a68306b1
6651,mistral-24b,37.5,zebra_puzzle,reasoning,84650f1042abf3d267bb79b6d1e1d899d27327a11ab81f1079121734a68306b1
6652,mistral-7b,25.0,zebra_puzzle,reasoning,84650f1042abf3d267bb79b6d1e1d899d27327a11ab81f1079121734a68306b1
6653,qwen-2.5-3b-instruct,100.0,zebra_puzzle,reasoning,84650f1042abf3d267bb79b6d1e1d899d27327a11ab81f1079121734a68306b1
6654,qwen-32b,100.0,zebra_puzzle,reasoning,84650f1042abf3d267bb79b6d1e1d899d27327a11ab81f1079121734a68306b1
6655,gemma-3-12b-it,25.0,zebra_puzzle,reasoning,8701a5c0c217906a7982be7725249353ee02d5fad80c6f8fc9ad22241072b89d
6656,gemma-3-1b-it,0.0,zebra_puzzle,reasoning,8701a5c0c217906a7982be7725249353ee02d5fad80c6f8fc9ad22241072b89d
6657,gemma-3-4b-it,0.0,zebra_puzzle,reasoning,8701a5c0c217906a7982be7725249353ee02d5fad80c6f8fc9ad22241072b89d
6658,llama-3.1-70b-instruct,37.5,zebra_puzzle,reasoning,8701a5c0c217906a7982be7725249353ee02d5fad80c6f8fc9ad22241072b89d
6659,llama-3.1-8b-instruct,37.5,zebra_puzzle,reasoning,8701a5c0c217906a7982be7725249353ee02d5fad80c6f8fc9ad22241072b89d
6660,llama-3.2-1b-instruct,0.0,zebra_puzzle,reasoning,8701a5c0c217906a7982be7725249353ee02d5fad80c6f8fc9ad22241072b89d
6661,llama-3.2-3b-instruct,12.5,zebra_puzzle,reasoning,8701a5c0c217906a7982be7725249353ee02d5fad80c6f8fc9ad22241072b89d
6662,mistral-24b,0.0,zebra_puzzle,reasoning,8701a5c0c217906a7982be7725249353ee02d5fad80c6f8fc9ad22241072b89d
6663,mistral-7b,0.0,zebra_puzzle,reasoning,8701a5c0c217906a7982be7725249353ee02d5fad80c6f8fc9ad22241072b89d
6664,qwen-2.5-3b-instruct,25.0,zebra_puzzle,reasoning,8701a5c0c217906a7982be7725249353ee02d5fad80c6f8fc9ad22241072b89d
6665,qwen-32b,25.0,zebra_puzzle,reasoning,8701a5c0c217906a7982be7725249353ee02d5fad80c6f8fc9ad22241072b89d
6666,gemma-3-12b-it,0.0,zebra_puzzle,reasoning,87af7bdf47fa02d0fc18d13cf81cda012d1edb0c3458a2dd4ab4f9ca3113988c
6667,gemma-3-1b-it,0.0,zebra_puzzle,reasoning,87af7bdf47fa02d0fc18d13cf81cda012d1edb0c3458a2dd4ab4f9ca3113988c
6668,gemma-3-4b-it,0.0,zebra_puzzle,reasoning,87af7bdf47fa02d0fc18d13cf81cda012d1edb0c3458a2dd4ab4f9ca3113988c
6669,llama-3.1-70b-instruct,12.5,zebra_puzzle,reasoning,87af7bdf47fa02d0fc18d13cf81cda012d1edb0c3458a2dd4ab4f9ca3113988c
6670,llama-3.1-8b-instruct,0.0,zebra_puzzle,reasoning,87af7bdf47fa02d0fc18d13cf81cda012d1edb0c3458a2dd4ab4f9ca3113988c
6671,llama-3.2-1b-instruct,0.0,zebra_puzzle,reasoning,87af7bdf47fa02d0fc18d13cf81cda012d1edb0c3458a2dd4ab4f9ca3113988c
6672,llama-3.2-3b-instruct,12.5,zebra_puzzle,reasoning,87af7bdf47fa02d0fc18d13cf81cda012d1edb0c3458a2dd4ab4f9ca3113988c
6673,mistral-24b,25.0,zebra_puzzle,reasoning,87af7bdf47fa02d0fc18d13cf81cda012d1edb0c3458a2dd4ab4f9ca3113988c
6674,mistral-7b,25.0,zebra_puzzle,reasoning,87af7bdf47fa02d0fc18d13cf81cda012d1edb0c3458a2dd4ab4f9ca3113988c
6675,qwen-2.5-3b-instruct,12.5,zebra_puzzle,reasoning,87af7bdf47fa02d0fc18d13cf81cda012d1edb0c3458a2dd4ab4f9ca3113988c
6676,qwen-32b,0.0,zebra_puzzle,reasoning,87af7bdf47fa02d0fc18d13cf81cda012d1edb0c3458a2dd4ab4f9ca3113988c
6677,gemma-3-12b-it,100.0,zebra_puzzle,reasoning,930606531700715407d47b8b266765f6f2275e72730c5be078477fe6c666cca2
6678,gemma-3-1b-it,0.0,zebra_puzzle,reasoning,930606531700715407d47b8b266765f6f2275e72730c5be078477fe6c666cca2
6679,gemma-3-4b-it,0.0,zebra_puzzle,reasoning,930606531700715407d47b8b266765f6f2275e72730c5be078477fe6c666cca2
6680,llama-3.1-70b-instruct,37.5,zebra_puzzle,reasoning,930606531700715407d47b8b266765f6f2275e72730c5be078477fe6c666cca2
6681,llama-3.1-8b-instruct,12.5,zebra_puzzle,reasoning,930606531700715407d47b8b266765f6f2275e72730c5be078477fe6c666cca2
6682,llama-3.2-1b-instruct,0.0,zebra_puzzle,reasoning,930606531700715407d47b8b266765f6f2275e72730c5be078477fe6c666cca2
6683,llama-3.2-3b-instruct,0.0,zebra_puzzle,reasoning,930606531700715407d47b8b266765f6f2275e72730c5be078477fe6c666cca2
6684,mistral-24b,25.0,zebra_puzzle,reasoning,930606531700715407d47b8b266765f6f2275e72730c5be078477fe6c666cca2
6685,mistral-7b,25.0,zebra_puzzle,reasoning,930606531700715407d47b8b266765f6f2275e72730c5be078477fe6c666cca2
6686,qwen-2.5-3b-instruct,25.0,zebra_puzzle,reasoning,930606531700715407d47b8b266765f6f2275e72730c5be078477fe6c666cca2
6687,qwen-32b,0.0,zebra_puzzle,reasoning,930606531700715407d47b8b266765f6f2275e72730c5be078477fe6c666cca2
6688,gemma-3-12b-it,0.0,zebra_puzzle,reasoning,95af6ecc707197ef62b26adf0f0b5eb0ac8a4335b304bc0b77b87feffc1b5fc3
6689,gemma-3-1b-it,0.0,zebra_puzzle,reasoning,95af6ecc707197ef62b26adf0f0b5eb0ac8a4335b304bc0b77b87feffc1b5fc3
6690,gemma-3-4b-it,0.0,zebra_puzzle,reasoning,95af6ecc707197ef62b26adf0f0b5eb0ac8a4335b304bc0b77b87feffc1b5fc3
6691,llama-3.1-70b-instruct,0.0,zebra_puzzle,reasoning,95af6ecc707197ef62b26adf0f0b5eb0ac8a4335b304bc0b77b87feffc1b5fc3
6692,llama-3.1-8b-instruct,25.0,zebra_puzzle,reasoning,95af6ecc707197ef62b26adf0f0b5eb0ac8a4335b304bc0b77b87feffc1b5fc3
6693,llama-3.2-1b-instruct,0.0,zebra_puzzle,reasoning,95af6ecc707197ef62b26adf0f0b5eb0ac8a4335b304bc0b77b87feffc1b5fc3
6694,llama-3.2-3b-instruct,0.0,zebra_puzzle,reasoning,95af6ecc707197ef62b26adf0f0b5eb0ac8a4335b304bc0b77b87feffc1b5fc3
6695,mistral-24b,25.0,zebra_puzzle,reasoning,95af6ecc707197ef62b26adf0f0b5eb0ac8a4335b304bc0b77b87feffc1b5fc3
6696,mistral-7b,0.0,zebra_puzzle,reasoning,95af6ecc707197ef62b26adf0f0b5eb0ac8a4335b304bc0b77b87feffc1b5fc3
6697,qwen-2.5-3b-instruct,25.0,zebra_puzzle,reasoning,95af6ecc707197ef62b26adf0f0b5eb0ac8a4335b304bc0b77b87feffc1b5fc3
6698,qwen-32b,12.5,zebra_puzzle,reasoning,95af6ecc707197ef62b26adf0f0b5eb0ac8a4335b304bc0b77b87feffc1b5fc3
6699,gemma-3-12b-it,25.0,zebra_puzzle,reasoning,977a0ea5fc1727ca664cd2af90b5c4a2f36648891e8f5b6ad047512df081a4d8
6700,gemma-3-1b-it,0.0,zebra_puzzle,reasoning,977a0ea5fc1727ca664cd2af90b5c4a2f36648891e8f5b6ad047512df081a4d8
6701,gemma-3-4b-it,0.0,zebra_puzzle,reasoning,977a0ea5fc1727ca664cd2af90b5c4a2f36648891e8f5b6ad047512df081a4d8
6702,llama-3.1-70b-instruct,0.0,zebra_puzzle,reasoning,977a0ea5fc1727ca664cd2af90b5c4a2f36648891e8f5b6ad047512df081a4d8
6703,llama-3.1-8b-instruct,0.0,zebra_puzzle,reasoning,977a0ea5fc1727ca664cd2af90b5c4a2f36648891e8f5b6ad047512df081a4d8
6704,llama-3.2-1b-instruct,0.0,zebra_puzzle,reasoning,977a0ea5fc1727ca664cd2af90b5c4a2f36648891e8f5b6ad047512df081a4d8
6705,llama-3.2-3b-instruct,0.0,zebra_puzzle,reasoning,977a0ea5fc1727ca664cd2af90b5c4a2f36648891e8f5b6ad047512df081a4d8
6706,mistral-24b,25.0,zebra_puzzle,reasoning,977a0ea5fc1727ca664cd2af90b5c4a2f36648891e8f5b6ad047512df081a4d8
6707,mistral-7b,12.5,zebra_puzzle,reasoning,977a0ea5fc1727ca664cd2af90b5c4a2f36648891e8f5b6ad047512df081a4d8
6708,qwen-2.5-3b-instruct,12.5,zebra_puzzle,reasoning,977a0ea5fc1727ca664cd2af90b5c4a2f36648891e8f5b6ad047512df081a4d8
6709,qwen-32b,37.5,zebra_puzzle,reasoning,977a0ea5fc1727ca664cd2af90b5c4a2f36648891e8f5b6ad047512df081a4d8
6710,gemma-3-12b-it,12.5,zebra_puzzle,reasoning,9aafbce875263fd96f7bec10666dde3534e82b01bc2545cf9d4ade501ea943f0
6711,gemma-3-1b-it,12.5,zebra_puzzle,reasoning,9aafbce875263fd96f7bec10666dde3534e82b01bc2545cf9d4ade501ea943f0
6712,gemma-3-4b-it,0.0,zebra_puzzle,reasoning,9aafbce875263fd96f7bec10666dde3534e82b01bc2545cf9d4ade501ea943f0
6713,llama-3.1-70b-instruct,0.0,zebra_puzzle,reasoning,9aafbce875263fd96f7bec10666dde3534e82b01bc2545cf9d4ade501ea943f0
6714,llama-3.1-8b-instruct,0.0,zebra_puzzle,reasoning,9aafbce875263fd96f7bec10666dde3534e82b01bc2545cf9d4ade501ea943f0
6715,llama-3.2-1b-instruct,0.0,zebra_puzzle,reasoning,9aafbce875263fd96f7bec10666dde3534e82b01bc2545cf9d4ade501ea943f0
6716,llama-3.2-3b-instruct,0.0,zebra_puzzle,reasoning,9aafbce875263fd96f7bec10666dde3534e82b01bc2545cf9d4ade501ea943f0
6717,mistral-24b,0.0,zebra_puzzle,reasoning,9aafbce875263fd96f7bec10666dde3534e82b01bc2545cf9d4ade501ea943f0
6718,mistral-7b,0.0,zebra_puzzle,reasoning,9aafbce875263fd96f7bec10666dde3534e82b01bc2545cf9d4ade501ea943f0
6719,qwen-2.5-3b-instruct,0.0,zebra_puzzle,reasoning,9aafbce875263fd96f7bec10666dde3534e82b01bc2545cf9d4ade501ea943f0
6720,qwen-32b,0.0,zebra_puzzle,reasoning,9aafbce875263fd96f7bec10666dde3534e82b01bc2545cf9d4ade501ea943f0
6721,gemma-3-12b-it,0.0,zebra_puzzle,reasoning,9e3c878ffe6ee807e3b01746de0f4a8da254e96c865f7b518ddc1b16f564ce9c
6722,gemma-3-1b-it,0.0,zebra_puzzle,reasoning,9e3c878ffe6ee807e3b01746de0f4a8da254e96c865f7b518ddc1b16f564ce9c
6723,gemma-3-4b-it,0.0,zebra_puzzle,reasoning,9e3c878ffe6ee807e3b01746de0f4a8da254e96c865f7b518ddc1b16f564ce9c
6724,llama-3.1-70b-instruct,0.0,zebra_puzzle,reasoning,9e3c878ffe6ee807e3b01746de0f4a8da254e96c865f7b518ddc1b16f564ce9c
6725,llama-3.1-8b-instruct,0.0,zebra_puzzle,reasoning,9e3c878ffe6ee807e3b01746de0f4a8da254e96c865f7b518ddc1b16f564ce9c
6726,llama-3.2-1b-instruct,0.0,zebra_puzzle,reasoning,9e3c878ffe6ee807e3b01746de0f4a8da254e96c865f7b518ddc1b16f564ce9c
6727,llama-3.2-3b-instruct,0.0,zebra_puzzle,reasoning,9e3c878ffe6ee807e3b01746de0f4a8da254e96c865f7b518ddc1b16f564ce9c
6728,mistral-24b,25.0,zebra_puzzle,reasoning,9e3c878ffe6ee807e3b01746de0f4a8da254e96c865f7b518ddc1b16f564ce9c
6729,mistral-7b,25.0,zebra_puzzle,reasoning,9e3c878ffe6ee807e3b01746de0f4a8da254e96c865f7b518ddc1b16f564ce9c
6730,qwen-2.5-3b-instruct,12.5,zebra_puzzle,reasoning,9e3c878ffe6ee807e3b01746de0f4a8da254e96c865f7b518ddc1b16f564ce9c
6731,qwen-32b,0.0,zebra_puzzle,reasoning,9e3c878ffe6ee807e3b01746de0f4a8da254e96c865f7b518ddc1b16f564ce9c
6732,gemma-3-12b-it,0.0,zebra_puzzle,reasoning,afb99e750d3a60adef0795fffb10a9c7639d06be30c5119c1003238abc6f9b46
6733,gemma-3-1b-it,0.0,zebra_puzzle,reasoning,afb99e750d3a60adef0795fffb10a9c7639d06be30c5119c1003238abc6f9b46
6734,gemma-3-4b-it,0.0,zebra_puzzle,reasoning,afb99e750d3a60adef0795fffb10a9c7639d06be30c5119c1003238abc6f9b46
6735,llama-3.1-70b-instruct,25.0,zebra_puzzle,reasoning,afb99e750d3a60adef0795fffb10a9c7639d06be30c5119c1003238abc6f9b46
6736,llama-3.1-8b-instruct,0.0,zebra_puzzle,reasoning,afb99e750d3a60adef0795fffb10a9c7639d06be30c5119c1003238abc6f9b46
6737,llama-3.2-1b-instruct,0.0,zebra_puzzle,reasoning,afb99e750d3a60adef0795fffb10a9c7639d06be30c5119c1003238abc6f9b46
6738,llama-3.2-3b-instruct,0.0,zebra_puzzle,reasoning,afb99e750d3a60adef0795fffb10a9c7639d06be30c5119c1003238abc6f9b46
6739,mistral-24b,12.5,zebra_puzzle,reasoning,afb99e750d3a60adef0795fffb10a9c7639d06be30c5119c1003238abc6f9b46
6740,mistral-7b,0.0,zebra_puzzle,reasoning,afb99e750d3a60adef0795fffb10a9c7639d06be30c5119c1003238abc6f9b46
6741,qwen-2.5-3b-instruct,0.0,zebra_puzzle,reasoning,afb99e750d3a60adef0795fffb10a9c7639d06be30c5119c1003238abc6f9b46
6742,qwen-32b,37.5,zebra_puzzle,reasoning,afb99e750d3a60adef0795fffb10a9c7639d06be30c5119c1003238abc6f9b46
6743,gemma-3-12b-it,12.5,zebra_puzzle,reasoning,b1a413b03774b8811bb97c0b238c16c3c122217a11aa51425918bd5315b0935b
6744,gemma-3-1b-it,0.0,zebra_puzzle,reasoning,b1a413b03774b8811bb97c0b238c16c3c122217a11aa51425918bd5315b0935b
6745,gemma-3-4b-it,0.0,zebra_puzzle,reasoning,b1a413b03774b8811bb97c0b238c16c3c122217a11aa51425918bd5315b0935b
6746,llama-3.1-70b-instruct,25.0,zebra_puzzle,reasoning,b1a413b03774b8811bb97c0b238c16c3c122217a11aa51425918bd5315b0935b
6747,llama-3.1-8b-instruct,0.0,zebra_puzzle,reasoning,b1a413b03774b8811bb97c0b238c16c3c122217a11aa51425918bd5315b0935b
6748,llama-3.2-1b-instruct,0.0,zebra_puzzle,reasoning,b1a413b03774b8811bb97c0b238c16c3c122217a11aa51425918bd5315b0935b
6749,llama-3.2-3b-instruct,0.0,zebra_puzzle,reasoning,b1a413b03774b8811bb97c0b238c16c3c122217a11aa51425918bd5315b0935b
6750,mistral-24b,12.5,zebra_puzzle,reasoning,b1a413b03774b8811bb97c0b238c16c3c122217a11aa51425918bd5315b0935b
6751,mistral-7b,12.5,zebra_puzzle,reasoning,b1a413b03774b8811bb97c0b238c16c3c122217a11aa51425918bd5315b0935b
6752,qwen-2.5-3b-instruct,0.0,zebra_puzzle,reasoning,b1a413b03774b8811bb97c0b238c16c3c122217a11aa51425918bd5315b0935b
6753,qwen-32b,37.5,zebra_puzzle,reasoning,b1a413b03774b8811bb97c0b238c16c3c122217a11aa51425918bd5315b0935b
6754,gemma-3-12b-it,37.5,zebra_puzzle,reasoning,b1b1678a4f290c8ab2b85f957a0cdbba93ef0c97d1e7ab4663e46e92ebac70e8
6755,gemma-3-1b-it,0.0,zebra_puzzle,reasoning,b1b1678a4f290c8ab2b85f957a0cdbba93ef0c97d1e7ab4663e46e92ebac70e8
6756,gemma-3-4b-it,100.0,zebra_puzzle,reasoning,b1b1678a4f290c8ab2b85f957a0cdbba93ef0c97d1e7ab4663e46e92ebac70e8
6757,llama-3.1-70b-instruct,37.5,zebra_puzzle,reasoning,b1b1678a4f290c8ab2b85f957a0cdbba93ef0c97d1e7ab4663e46e92ebac70e8
6758,llama-3.1-8b-instruct,25.0,zebra_puzzle,reasoning,b1b1678a4f290c8ab2b85f957a0cdbba93ef0c97d1e7ab4663e46e92ebac70e8
6759,llama-3.2-1b-instruct,0.0,zebra_puzzle,reasoning,b1b1678a4f290c8ab2b85f957a0cdbba93ef0c97d1e7ab4663e46e92ebac70e8
6760,llama-3.2-3b-instruct,12.5,zebra_puzzle,reasoning,b1b1678a4f290c8ab2b85f957a0cdbba93ef0c97d1e7ab4663e46e92ebac70e8
6761,mistral-24b,100.0,zebra_puzzle,reasoning,b1b1678a4f290c8ab2b85f957a0cdbba93ef0c97d1e7ab4663e46e92ebac70e8
6762,mistral-7b,0.0,zebra_puzzle,reasoning,b1b1678a4f290c8ab2b85f957a0cdbba93ef0c97d1e7ab4663e46e92ebac70e8
6763,qwen-2.5-3b-instruct,25.0,zebra_puzzle,reasoning,b1b1678a4f290c8ab2b85f957a0cdbba93ef0c97d1e7ab4663e46e92ebac70e8
6764,qwen-32b,100.0,zebra_puzzle,reasoning,b1b1678a4f290c8ab2b85f957a0cdbba93ef0c97d1e7ab4663e46e92ebac70e8
6765,gemma-3-12b-it,12.5,zebra_puzzle,reasoning,b7b7e331df4614775210ef5e524ed7f20c5fec6655fb0dd179c94e4d71170862
6766,gemma-3-1b-it,0.0,zebra_puzzle,reasoning,b7b7e331df4614775210ef5e524ed7f20c5fec6655fb0dd179c94e4d71170862
6767,gemma-3-4b-it,0.0,zebra_puzzle,reasoning,b7b7e331df4614775210ef5e524ed7f20c5fec6655fb0dd179c94e4d71170862
6768,llama-3.1-70b-instruct,12.5,zebra_puzzle,reasoning,b7b7e331df4614775210ef5e524ed7f20c5fec6655fb0dd179c94e4d71170862
6769,llama-3.1-8b-instruct,0.0,zebra_puzzle,reasoning,b7b7e331df4614775210ef5e524ed7f20c5fec6655fb0dd179c94e4d71170862
6770,llama-3.2-1b-instruct,0.0,zebra_puzzle,reasoning,b7b7e331df4614775210ef5e524ed7f20c5fec6655fb0dd179c94e4d71170862
6771,llama-3.2-3b-instruct,0.0,zebra_puzzle,reasoning,b7b7e331df4614775210ef5e524ed7f20c5fec6655fb0dd179c94e4d71170862
6772,mistral-24b,0.0,zebra_puzzle,reasoning,b7b7e331df4614775210ef5e524ed7f20c5fec6655fb0dd179c94e4d71170862
6773,mistral-7b,12.5,zebra_puzzle,reasoning,b7b7e331df4614775210ef5e524ed7f20c5fec6655fb0dd179c94e4d71170862
6774,qwen-2.5-3b-instruct,12.5,zebra_puzzle,reasoning,b7b7e331df4614775210ef5e524ed7f20c5fec6655fb0dd179c94e4d71170862
6775,qwen-32b,12.5,zebra_puzzle,reasoning,b7b7e331df4614775210ef5e524ed7f20c5fec6655fb0dd179c94e4d71170862
6776,gemma-3-12b-it,0.0,zebra_puzzle,reasoning,ba951e86124110cf1c9d030b2dc025be31e42c1cf4fdf23558d2834937e956dc
6777,gemma-3-1b-it,0.0,zebra_puzzle,reasoning,ba951e86124110cf1c9d030b2dc025be31e42c1cf4fdf23558d2834937e956dc
6778,gemma-3-4b-it,0.0,zebra_puzzle,reasoning,ba951e86124110cf1c9d030b2dc025be31e42c1cf4fdf23558d2834937e956dc
6779,llama-3.1-70b-instruct,0.0,zebra_puzzle,reasoning,ba951e86124110cf1c9d030b2dc025be31e42c1cf4fdf23558d2834937e956dc
6780,llama-3.1-8b-instruct,0.0,zebra_puzzle,reasoning,ba951e86124110cf1c9d030b2dc025be31e42c1cf4fdf23558d2834937e956dc
6781,llama-3.2-1b-instruct,0.0,zebra_puzzle,reasoning,ba951e86124110cf1c9d030b2dc025be31e42c1cf4fdf23558d2834937e956dc
6782,llama-3.2-3b-instruct,0.0,zebra_puzzle,reasoning,ba951e86124110cf1c9d030b2dc025be31e42c1cf4fdf23558d2834937e956dc
6783,mistral-24b,100.0,zebra_puzzle,reasoning,ba951e86124110cf1c9d030b2dc025be31e42c1cf4fdf23558d2834937e956dc
6784,mistral-7b,12.5,zebra_puzzle,reasoning,ba951e86124110cf1c9d030b2dc025be31e42c1cf4fdf23558d2834937e956dc
6785,qwen-2.5-3b-instruct,25.0,zebra_puzzle,reasoning,ba951e86124110cf1c9d030b2dc025be31e42c1cf4fdf23558d2834937e956dc
6786,qwen-32b,12.5,zebra_puzzle,reasoning,ba951e86124110cf1c9d030b2dc025be31e42c1cf4fdf23558d2834937e956dc
6787,gemma-3-12b-it,37.5,zebra_puzzle,reasoning,bd14ba82d1fe813dcdf6c16f0f868e5f3fe92e4cee9cf5eb3fd5cb6f03d68517
6788,gemma-3-1b-it,0.0,zebra_puzzle,reasoning,bd14ba82d1fe813dcdf6c16f0f868e5f3fe92e4cee9cf5eb3fd5cb6f03d68517
6789,gemma-3-4b-it,12.5,zebra_puzzle,reasoning,bd14ba82d1fe813dcdf6c16f0f868e5f3fe92e4cee9cf5eb3fd5cb6f03d68517
6790,llama-3.1-70b-instruct,100.0,zebra_puzzle,reasoning,bd14ba82d1fe813dcdf6c16f0f868e5f3fe92e4cee9cf5eb3fd5cb6f03d68517
6791,llama-3.1-8b-instruct,100.0,zebra_puzzle,reasoning,bd14ba82d1fe813dcdf6c16f0f868e5f3fe92e4cee9cf5eb3fd5cb6f03d68517
6792,llama-3.2-1b-instruct,0.0,zebra_puzzle,reasoning,bd14ba82d1fe813dcdf6c16f0f868e5f3fe92e4cee9cf5eb3fd5cb6f03d68517
6793,llama-3.2-3b-instruct,0.0,zebra_puzzle,reasoning,bd14ba82d1fe813dcdf6c16f0f868e5f3fe92e4cee9cf5eb3fd5cb6f03d68517
6794,mistral-24b,100.0,zebra_puzzle,reasoning,bd14ba82d1fe813dcdf6c16f0f868e5f3fe92e4cee9cf5eb3fd5cb6f03d68517
6795,mistral-7b,12.5,zebra_puzzle,reasoning,bd14ba82d1fe813dcdf6c16f0f868e5f3fe92e4cee9cf5eb3fd5cb6f03d68517
6796,qwen-2.5-3b-instruct,25.0,zebra_puzzle,reasoning,bd14ba82d1fe813dcdf6c16f0f868e5f3fe92e4cee9cf5eb3fd5cb6f03d68517
6797,qwen-32b,37.5,zebra_puzzle,reasoning,bd14ba82d1fe813dcdf6c16f0f868e5f3fe92e4cee9cf5eb3fd5cb6f03d68517
6798,gemma-3-12b-it,100.0,zebra_puzzle,reasoning,bd6776bfffbd81eaa021c33ffbd833e0c75ee50c5827094ccb469d421cd5b8ab
6799,gemma-3-1b-it,0.0,zebra_puzzle,reasoning,bd6776bfffbd81eaa021c33ffbd833e0c75ee50c5827094ccb469d421cd5b8ab
6800,gemma-3-4b-it,0.0,zebra_puzzle,reasoning,bd6776bfffbd81eaa021c33ffbd833e0c75ee50c5827094ccb469d421cd5b8ab
6801,llama-3.1-70b-instruct,25.0,zebra_puzzle,reasoning,bd6776bfffbd81eaa021c33ffbd833e0c75ee50c5827094ccb469d421cd5b8ab
6802,llama-3.1-8b-instruct,0.0,zebra_puzzle,reasoning,bd6776bfffbd81eaa021c33ffbd833e0c75ee50c5827094ccb469d421cd5b8ab
6803,llama-3.2-1b-instruct,0.0,zebra_puzzle,reasoning,bd6776bfffbd81eaa021c33ffbd833e0c75ee50c5827094ccb469d421cd5b8ab
6804,llama-3.2-3b-instruct,0.0,zebra_puzzle,reasoning,bd6776bfffbd81eaa021c33ffbd833e0c75ee50c5827094ccb469d421cd5b8ab
6805,mistral-24b,25.0,zebra_puzzle,reasoning,bd6776bfffbd81eaa021c33ffbd833e0c75ee50c5827094ccb469d421cd5b8ab
6806,mistral-7b,12.5,zebra_puzzle,reasoning,bd6776bfffbd81eaa021c33ffbd833e0c75ee50c5827094ccb469d421cd5b8ab
6807,qwen-2.5-3b-instruct,25.0,zebra_puzzle,reasoning,bd6776bfffbd81eaa021c33ffbd833e0c75ee50c5827094ccb469d421cd5b8ab
6808,qwen-32b,37.5,zebra_puzzle,reasoning,bd6776bfffbd81eaa021c33ffbd833e0c75ee50c5827094ccb469d421cd5b8ab
6809,gemma-3-12b-it,37.5,zebra_puzzle,reasoning,c24b803db62ad2d9d955c80d77e58682273b4ac70c9694af759ac319c0985dc2
6810,gemma-3-1b-it,0.0,zebra_puzzle,reasoning,c24b803db62ad2d9d955c80d77e58682273b4ac70c9694af759ac319c0985dc2
6811,gemma-3-4b-it,25.0,zebra_puzzle,reasoning,c24b803db62ad2d9d955c80d77e58682273b4ac70c9694af759ac319c0985dc2
6812,llama-3.1-70b-instruct,100.0,zebra_puzzle,reasoning,c24b803db62ad2d9d955c80d77e58682273b4ac70c9694af759ac319c0985dc2
6813,llama-3.1-8b-instruct,0.0,zebra_puzzle,reasoning,c24b803db62ad2d9d955c80d77e58682273b4ac70c9694af759ac319c0985dc2
6814,llama-3.2-1b-instruct,0.0,zebra_puzzle,reasoning,c24b803db62ad2d9d955c80d77e58682273b4ac70c9694af759ac319c0985dc2
6815,llama-3.2-3b-instruct,0.0,zebra_puzzle,reasoning,c24b803db62ad2d9d955c80d77e58682273b4ac70c9694af759ac319c0985dc2
6816,mistral-24b,37.5,zebra_puzzle,reasoning,c24b803db62ad2d9d955c80d77e58682273b4ac70c9694af759ac319c0985dc2
6817,mistral-7b,12.5,zebra_puzzle,reasoning,c24b803db62ad2d9d955c80d77e58682273b4ac70c9694af759ac319c0985dc2
6818,qwen-2.5-3b-instruct,0.0,zebra_puzzle,reasoning,c24b803db62ad2d9d955c80d77e58682273b4ac70c9694af759ac319c0985dc2
6819,qwen-32b,37.5,zebra_puzzle,reasoning,c24b803db62ad2d9d955c80d77e58682273b4ac70c9694af759ac319c0985dc2
6820,gemma-3-12b-it,0.0,zebra_puzzle,reasoning,c29eb6b3c9fd3f67fba90afc62b89640ba6b6aa5f74bb2efd8d5650af6b78ff6
6821,gemma-3-1b-it,0.0,zebra_puzzle,reasoning,c29eb6b3c9fd3f67fba90afc62b89640ba6b6aa5f74bb2efd8d5650af6b78ff6
6822,gemma-3-4b-it,0.0,zebra_puzzle,reasoning,c29eb6b3c9fd3f67fba90afc62b89640ba6b6aa5f74bb2efd8d5650af6b78ff6
6823,llama-3.1-70b-instruct,0.0,zebra_puzzle,reasoning,c29eb6b3c9fd3f67fba90afc62b89640ba6b6aa5f74bb2efd8d5650af6b78ff6
6824,llama-3.1-8b-instruct,0.0,zebra_puzzle,reasoning,c29eb6b3c9fd3f67fba90afc62b89640ba6b6aa5f74bb2efd8d5650af6b78ff6
6825,llama-3.2-1b-instruct,0.0,zebra_puzzle,reasoning,c29eb6b3c9fd3f67fba90afc62b89640ba6b6aa5f74bb2efd8d5650af6b78ff6
6826,llama-3.2-3b-instruct,0.0,zebra_puzzle,reasoning,c29eb6b3c9fd3f67fba90afc62b89640ba6b6aa5f74bb2efd8d5650af6b78ff6
6827,mistral-24b,0.0,zebra_puzzle,reasoning,c29eb6b3c9fd3f67fba90afc62b89640ba6b6aa5f74bb2efd8d5650af6b78ff6
6828,mistral-7b,12.5,zebra_puzzle,reasoning,c29eb6b3c9fd3f67fba90afc62b89640ba6b6aa5f74bb2efd8d5650af6b78ff6
6829,qwen-2.5-3b-instruct,0.0,zebra_puzzle,reasoning,c29eb6b3c9fd3f67fba90afc62b89640ba6b6aa5f74bb2efd8d5650af6b78ff6
6830,qwen-32b,0.0,zebra_puzzle,reasoning,c29eb6b3c9fd3f67fba90afc62b89640ba6b6aa5f74bb2efd8d5650af6b78ff6
6831,gemma-3-12b-it,25.0,zebra_puzzle,reasoning,c2b235761e06ab22ef1bfba7fa61461b6f6536e5b2a7709674193c7cc96b192c
6832,gemma-3-1b-it,0.0,zebra_puzzle,reasoning,c2b235761e06ab22ef1bfba7fa61461b6f6536e5b2a7709674193c7cc96b192c
6833,gemma-3-4b-it,0.0,zebra_puzzle,reasoning,c2b235761e06ab22ef1bfba7fa61461b6f6536e5b2a7709674193c7cc96b192c
6834,llama-3.1-70b-instruct,0.0,zebra_puzzle,reasoning,c2b235761e06ab22ef1bfba7fa61461b6f6536e5b2a7709674193c7cc96b192c
6835,llama-3.1-8b-instruct,0.0,zebra_puzzle,reasoning,c2b235761e06ab22ef1bfba7fa61461b6f6536e5b2a7709674193c7cc96b192c
6836,llama-3.2-1b-instruct,0.0,zebra_puzzle,reasoning,c2b235761e06ab22ef1bfba7fa61461b6f6536e5b2a7709674193c7cc96b192c
6837,llama-3.2-3b-instruct,0.0,zebra_puzzle,reasoning,c2b235761e06ab22ef1bfba7fa61461b6f6536e5b2a7709674193c7cc96b192c
6838,mistral-24b,12.5,zebra_puzzle,reasoning,c2b235761e06ab22ef1bfba7fa61461b6f6536e5b2a7709674193c7cc96b192c
6839,mistral-7b,0.0,zebra_puzzle,reasoning,c2b235761e06ab22ef1bfba7fa61461b6f6536e5b2a7709674193c7cc96b192c
6840,qwen-2.5-3b-instruct,0.0,zebra_puzzle,reasoning,c2b235761e06ab22ef1bfba7fa61461b6f6536e5b2a7709674193c7cc96b192c
6841,qwen-32b,0.0,zebra_puzzle,reasoning,c2b235761e06ab22ef1bfba7fa61461b6f6536e5b2a7709674193c7cc96b192c
6842,gemma-3-12b-it,12.5,zebra_puzzle,reasoning,c833574b0ff6e8609bee19b36fabc48501cdcd9a64b99cd0422f54ada1acc53d
6843,gemma-3-1b-it,0.0,zebra_puzzle,reasoning,c833574b0ff6e8609bee19b36fabc48501cdcd9a64b99cd0422f54ada1acc53d
6844,gemma-3-4b-it,0.0,zebra_puzzle,reasoning,c833574b0ff6e8609bee19b36fabc48501cdcd9a64b99cd0422f54ada1acc53d
6845,llama-3.1-70b-instruct,12.5,zebra_puzzle,reasoning,c833574b0ff6e8609bee19b36fabc48501cdcd9a64b99cd0422f54ada1acc53d
6846,llama-3.1-8b-instruct,0.0,zebra_puzzle,reasoning,c833574b0ff6e8609bee19b36fabc48501cdcd9a64b99cd0422f54ada1acc53d
6847,llama-3.2-1b-instruct,0.0,zebra_puzzle,reasoning,c833574b0ff6e8609bee19b36fabc48501cdcd9a64b99cd0422f54ada1acc53d
6848,llama-3.2-3b-instruct,0.0,zebra_puzzle,reasoning,c833574b0ff6e8609bee19b36fabc48501cdcd9a64b99cd0422f54ada1acc53d
6849,mistral-24b,0.0,zebra_puzzle,reasoning,c833574b0ff6e8609bee19b36fabc48501cdcd9a64b99cd0422f54ada1acc53d
6850,mistral-7b,12.5,zebra_puzzle,reasoning,c833574b0ff6e8609bee19b36fabc48501cdcd9a64b99cd0422f54ada1acc53d
6851,qwen-2.5-3b-instruct,0.0,zebra_puzzle,reasoning,c833574b0ff6e8609bee19b36fabc48501cdcd9a64b99cd0422f54ada1acc53d
6852,qwen-32b,0.0,zebra_puzzle,reasoning,c833574b0ff6e8609bee19b36fabc48501cdcd9a64b99cd0422f54ada1acc53d
6853,gemma-3-12b-it,37.5,zebra_puzzle,reasoning,c89fdda34dcddd50a92fd79332f22c31b7f0fd94d3ce05062fd7a874bd36e224
6854,gemma-3-1b-it,0.0,zebra_puzzle,reasoning,c89fdda34dcddd50a92fd79332f22c31b7f0fd94d3ce05062fd7a874bd36e224
6855,gemma-3-4b-it,0.0,zebra_puzzle,reasoning,c89fdda34dcddd50a92fd79332f22c31b7f0fd94d3ce05062fd7a874bd36e224
6856,llama-3.1-70b-instruct,100.0,zebra_puzzle,reasoning,c89fdda34dcddd50a92fd79332f22c31b7f0fd94d3ce05062fd7a874bd36e224
6857,llama-3.1-8b-instruct,0.0,zebra_puzzle,reasoning,c89fdda34dcddd50a92fd79332f22c31b7f0fd94d3ce05062fd7a874bd36e224
6858,llama-3.2-1b-instruct,0.0,zebra_puzzle,reasoning,c89fdda34dcddd50a92fd79332f22c31b7f0fd94d3ce05062fd7a874bd36e224
6859,llama-3.2-3b-instruct,0.0,zebra_puzzle,reasoning,c89fdda34dcddd50a92fd79332f22c31b7f0fd94d3ce05062fd7a874bd36e224
6860,mistral-24b,37.5,zebra_puzzle,reasoning,c89fdda34dcddd50a92fd79332f22c31b7f0fd94d3ce05062fd7a874bd36e224
6861,mistral-7b,25.0,zebra_puzzle,reasoning,c89fdda34dcddd50a92fd79332f22c31b7f0fd94d3ce05062fd7a874bd36e224
6862,qwen-2.5-3b-instruct,25.0,zebra_puzzle,reasoning,c89fdda34dcddd50a92fd79332f22c31b7f0fd94d3ce05062fd7a874bd36e224
6863,qwen-32b,37.5,zebra_puzzle,reasoning,c89fdda34dcddd50a92fd79332f22c31b7f0fd94d3ce05062fd7a874bd36e224
6864,gemma-3-12b-it,25.0,zebra_puzzle,reasoning,d60075facb5ecdbc3618620e77f29db9dc5f24b11eb789c771b3180b48866fbf
6865,gemma-3-1b-it,0.0,zebra_puzzle,reasoning,d60075facb5ecdbc3618620e77f29db9dc5f24b11eb789c771b3180b48866fbf
6866,gemma-3-4b-it,0.0,zebra_puzzle,reasoning,d60075facb5ecdbc3618620e77f29db9dc5f24b11eb789c771b3180b48866fbf
6867,llama-3.1-70b-instruct,12.5,zebra_puzzle,reasoning,d60075facb5ecdbc3618620e77f29db9dc5f24b11eb789c771b3180b48866fbf
6868,llama-3.1-8b-instruct,0.0,zebra_puzzle,reasoning,d60075facb5ecdbc3618620e77f29db9dc5f24b11eb789c771b3180b48866fbf
6869,llama-3.2-1b-instruct,0.0,zebra_puzzle,reasoning,d60075facb5ecdbc3618620e77f29db9dc5f24b11eb789c771b3180b48866fbf
6870,llama-3.2-3b-instruct,0.0,zebra_puzzle,reasoning,d60075facb5ecdbc3618620e77f29db9dc5f24b11eb789c771b3180b48866fbf
6871,mistral-24b,37.5,zebra_puzzle,reasoning,d60075facb5ecdbc3618620e77f29db9dc5f24b11eb789c771b3180b48866fbf
6872,mistral-7b,0.0,zebra_puzzle,reasoning,d60075facb5ecdbc3618620e77f29db9dc5f24b11eb789c771b3180b48866fbf
6873,qwen-2.5-3b-instruct,0.0,zebra_puzzle,reasoning,d60075facb5ecdbc3618620e77f29db9dc5f24b11eb789c771b3180b48866fbf
6874,qwen-32b,37.5,zebra_puzzle,reasoning,d60075facb5ecdbc3618620e77f29db9dc5f24b11eb789c771b3180b48866fbf
6875,gemma-3-12b-it,12.5,zebra_puzzle,reasoning,d977e70d05f737b3df36dbe997420820c43a0c43cfb0ff32290d45667b53987d
6876,gemma-3-1b-it,12.5,zebra_puzzle,reasoning,d977e70d05f737b3df36dbe997420820c43a0c43cfb0ff32290d45667b53987d
6877,gemma-3-4b-it,0.0,zebra_puzzle,reasoning,d977e70d05f737b3df36dbe997420820c43a0c43cfb0ff32290d45667b53987d
6878,llama-3.1-70b-instruct,100.0,zebra_puzzle,reasoning,d977e70d05f737b3df36dbe997420820c43a0c43cfb0ff32290d45667b53987d
6879,llama-3.1-8b-instruct,37.5,zebra_puzzle,reasoning,d977e70d05f737b3df36dbe997420820c43a0c43cfb0ff32290d45667b53987d
6880,llama-3.2-1b-instruct,0.0,zebra_puzzle,reasoning,d977e70d05f737b3df36dbe997420820c43a0c43cfb0ff32290d45667b53987d
6881,llama-3.2-3b-instruct,0.0,zebra_puzzle,reasoning,d977e70d05f737b3df36dbe997420820c43a0c43cfb0ff32290d45667b53987d
6882,mistral-24b,100.0,zebra_puzzle,reasoning,d977e70d05f737b3df36dbe997420820c43a0c43cfb0ff32290d45667b53987d
6883,mistral-7b,0.0,zebra_puzzle,reasoning,d977e70d05f737b3df36dbe997420820c43a0c43cfb0ff32290d45667b53987d
6884,qwen-2.5-3b-instruct,12.5,zebra_puzzle,reasoning,d977e70d05f737b3df36dbe997420820c43a0c43cfb0ff32290d45667b53987d
6885,qwen-32b,12.5,zebra_puzzle,reasoning,d977e70d05f737b3df36dbe997420820c43a0c43cfb0ff32290d45667b53987d
6886,gemma-3-12b-it,0.0,zebra_puzzle,reasoning,d99123f5dae428ffc74487c853ff6a440a5d3f3ffdc47006175db53ff4a5054c
6887,gemma-3-1b-it,0.0,zebra_puzzle,reasoning,d99123f5dae428ffc74487c853ff6a440a5d3f3ffdc47006175db53ff4a5054c
6888,gemma-3-4b-it,0.0,zebra_puzzle,reasoning,d99123f5dae428ffc74487c853ff6a440a5d3f3ffdc47006175db53ff4a5054c
6889,llama-3.1-70b-instruct,0.0,zebra_puzzle,reasoning,d99123f5dae428ffc74487c853ff6a440a5d3f3ffdc47006175db53ff4a5054c
6890,llama-3.1-8b-instruct,12.5,zebra_puzzle,reasoning,d99123f5dae428ffc74487c853ff6a440a5d3f3ffdc47006175db53ff4a5054c
6891,llama-3.2-1b-instruct,0.0,zebra_puzzle,reasoning,d99123f5dae428ffc74487c853ff6a440a5d3f3ffdc47006175db53ff4a5054c
6892,llama-3.2-3b-instruct,0.0,zebra_puzzle,reasoning,d99123f5dae428ffc74487c853ff6a440a5d3f3ffdc47006175db53ff4a5054c
6893,mistral-24b,0.0,zebra_puzzle,reasoning,d99123f5dae428ffc74487c853ff6a440a5d3f3ffdc47006175db53ff4a5054c
6894,mistral-7b,0.0,zebra_puzzle,reasoning,d99123f5dae428ffc74487c853ff6a440a5d3f3ffdc47006175db53ff4a5054c
6895,qwen-2.5-3b-instruct,0.0,zebra_puzzle,reasoning,d99123f5dae428ffc74487c853ff6a440a5d3f3ffdc47006175db53ff4a5054c
6896,qwen-32b,12.5,zebra_puzzle,reasoning,d99123f5dae428ffc74487c853ff6a440a5d3f3ffdc47006175db53ff4a5054c
6897,gemma-3-12b-it,0.0,zebra_puzzle,reasoning,db55a7cc2ceaa32778ecbb91aecaca4b905b0de218f9a2080a2b3548bbf507b0
6898,gemma-3-1b-it,0.0,zebra_puzzle,reasoning,db55a7cc2ceaa32778ecbb91aecaca4b905b0de218f9a2080a2b3548bbf507b0
6899,gemma-3-4b-it,25.0,zebra_puzzle,reasoning,db55a7cc2ceaa32778ecbb91aecaca4b905b0de218f9a2080a2b3548bbf507b0
6900,llama-3.1-70b-instruct,25.0,zebra_puzzle,reasoning,db55a7cc2ceaa32778ecbb91aecaca4b905b0de218f9a2080a2b3548bbf507b0
6901,llama-3.1-8b-instruct,0.0,zebra_puzzle,reasoning,db55a7cc2ceaa32778ecbb91aecaca4b905b0de218f9a2080a2b3548bbf507b0
6902,llama-3.2-1b-instruct,0.0,zebra_puzzle,reasoning,db55a7cc2ceaa32778ecbb91aecaca4b905b0de218f9a2080a2b3548bbf507b0
6903,llama-3.2-3b-instruct,12.5,zebra_puzzle,reasoning,db55a7cc2ceaa32778ecbb91aecaca4b905b0de218f9a2080a2b3548bbf507b0
6904,mistral-24b,0.0,zebra_puzzle,reasoning,db55a7cc2ceaa32778ecbb91aecaca4b905b0de218f9a2080a2b3548bbf507b0
6905,mistral-7b,0.0,zebra_puzzle,reasoning,db55a7cc2ceaa32778ecbb91aecaca4b905b0de218f9a2080a2b3548bbf507b0
6906,qwen-2.5-3b-instruct,12.5,zebra_puzzle,reasoning,db55a7cc2ceaa32778ecbb91aecaca4b905b0de218f9a2080a2b3548bbf507b0
6907,qwen-32b,25.0,zebra_puzzle,reasoning,db55a7cc2ceaa32778ecbb91aecaca4b905b0de218f9a2080a2b3548bbf507b0
6908,gemma-3-12b-it,25.0,zebra_puzzle,reasoning,ed015ab9a9b9c84e1b5d45695a46f91880ced969877640ef9eafd4c231a8960a
6909,gemma-3-1b-it,0.0,zebra_puzzle,reasoning,ed015ab9a9b9c84e1b5d45695a46f91880ced969877640ef9eafd4c231a8960a
6910,gemma-3-4b-it,0.0,zebra_puzzle,reasoning,ed015ab9a9b9c84e1b5d45695a46f91880ced969877640ef9eafd4c231a8960a
6911,llama-3.1-70b-instruct,12.5,zebra_puzzle,reasoning,ed015ab9a9b9c84e1b5d45695a46f91880ced969877640ef9eafd4c231a8960a
6912,llama-3.1-8b-instruct,0.0,zebra_puzzle,reasoning,ed015ab9a9b9c84e1b5d45695a46f91880ced969877640ef9eafd4c231a8960a
6913,llama-3.2-1b-instruct,0.0,zebra_puzzle,reasoning,ed015ab9a9b9c84e1b5d45695a46f91880ced969877640ef9eafd4c231a8960a
6914,llama-3.2-3b-instruct,0.0,zebra_puzzle,reasoning,ed015ab9a9b9c84e1b5d45695a46f91880ced969877640ef9eafd4c231a8960a
6915,mistral-24b,0.0,zebra_puzzle,reasoning,ed015ab9a9b9c84e1b5d45695a46f91880ced969877640ef9eafd4c231a8960a
6916,mistral-7b,0.0,zebra_puzzle,reasoning,ed015ab9a9b9c84e1b5d45695a46f91880ced969877640ef9eafd4c231a8960a
6917,qwen-2.5-3b-instruct,12.5,zebra_puzzle,reasoning,ed015ab9a9b9c84e1b5d45695a46f91880ced969877640ef9eafd4c231a8960a
6918,qwen-32b,12.5,zebra_puzzle,reasoning,ed015ab9a9b9c84e1b5d45695a46f91880ced969877640ef9eafd4c231a8960a
6919,gemma-3-12b-it,0.0,zebra_puzzle,reasoning,f2a25baff529a325a0f93fcf29e64033e6948c329881365655b38d8f778cd21f
6920,gemma-3-1b-it,0.0,zebra_puzzle,reasoning,f2a25baff529a325a0f93fcf29e64033e6948c329881365655b38d8f778cd21f
6921,gemma-3-4b-it,0.0,zebra_puzzle,reasoning,f2a25baff529a325a0f93fcf29e64033e6948c329881365655b38d8f778cd21f
6922,llama-3.1-70b-instruct,25.0,zebra_puzzle,reasoning,f2a25baff529a325a0f93fcf29e64033e6948c329881365655b38d8f778cd21f
6923,llama-3.1-8b-instruct,0.0,zebra_puzzle,reasoning,f2a25baff529a325a0f93fcf29e64033e6948c329881365655b38d8f778cd21f
6924,llama-3.2-1b-instruct,0.0,zebra_puzzle,reasoning,f2a25baff529a325a0f93fcf29e64033e6948c329881365655b38d8f778cd21f
6925,llama-3.2-3b-instruct,0.0,zebra_puzzle,reasoning,f2a25baff529a325a0f93fcf29e64033e6948c329881365655b38d8f778cd21f
6926,mistral-24b,37.5,zebra_puzzle,reasoning,f2a25baff529a325a0f93fcf29e64033e6948c329881365655b38d8f778cd21f
6927,mistral-7b,12.5,zebra_puzzle,reasoning,f2a25baff529a325a0f93fcf29e64033e6948c329881365655b38d8f778cd21f
6928,qwen-2.5-3b-instruct,25.0,zebra_puzzle,reasoning,f2a25baff529a325a0f93fcf29e64033e6948c329881365655b38d8f778cd21f
6929,qwen-32b,0.0,zebra_puzzle,reasoning,f2a25baff529a325a0f93fcf29e64033e6948c329881365655b38d8f778cd21f
6930,gemma-3-12b-it,12.5,zebra_puzzle,reasoning,f615242a775befba0edf3bed427a71ec3fcf68313cb17992cedcdd58c2f78d37
6931,gemma-3-1b-it,12.5,zebra_puzzle,reasoning,f615242a775befba0edf3bed427a71ec3fcf68313cb17992cedcdd58c2f78d37
6932,gemma-3-4b-it,0.0,zebra_puzzle,reasoning,f615242a775befba0edf3bed427a71ec3fcf68313cb17992cedcdd58c2f78d37
6933,llama-3.1-70b-instruct,0.0,zebra_puzzle,reasoning,f615242a775befba0edf3bed427a71ec3fcf68313cb17992cedcdd58c2f78d37
6934,llama-3.1-8b-instruct,0.0,zebra_puzzle,reasoning,f615242a775befba0edf3bed427a71ec3fcf68313cb17992cedcdd58c2f78d37
6935,llama-3.2-1b-instruct,0.0,zebra_puzzle,reasoning,f615242a775befba0edf3bed427a71ec3fcf68313cb17992cedcdd58c2f78d37
6936,llama-3.2-3b-instruct,12.5,zebra_puzzle,reasoning,f615242a775befba0edf3bed427a71ec3fcf68313cb17992cedcdd58c2f78d37
6937,mistral-24b,37.5,zebra_puzzle,reasoning,f615242a775befba0edf3bed427a71ec3fcf68313cb17992cedcdd58c2f78d37
6938,mistral-7b,12.5,zebra_puzzle,reasoning,f615242a775befba0edf3bed427a71ec3fcf68313cb17992cedcdd58c2f78d37
6939,qwen-2.5-3b-instruct,25.0,zebra_puzzle,reasoning,f615242a775befba0edf3bed427a71ec3fcf68313cb17992cedcdd58c2f78d37
6940,qwen-32b,25.0,zebra_puzzle,reasoning,f615242a775befba0edf3bed427a71ec3fcf68313cb17992cedcdd58c2f78d37
6941,gemma-3-12b-it,100.0,zebra_puzzle,reasoning,fe37c4db2b25d85eb28bc39dc6c978c002216c9e26227d7a9389abad0dd230f0
6942,gemma-3-1b-it,0.0,zebra_puzzle,reasoning,fe37c4db2b25d85eb28bc39dc6c978c002216c9e26227d7a9389abad0dd230f0
6943,gemma-3-4b-it,25.0,zebra_puzzle,reasoning,fe37c4db2b25d85eb28bc39dc6c978c002216c9e26227d7a9389abad0dd230f0
6944,llama-3.1-70b-instruct,100.0,zebra_puzzle,reasoning,fe37c4db2b25d85eb28bc39dc6c978c002216c9e26227d7a9389abad0dd230f0
6945,llama-3.1-8b-instruct,0.0,zebra_puzzle,reasoning,fe37c4db2b25d85eb28bc39dc6c978c002216c9e26227d7a9389abad0dd230f0
6946,llama-3.2-1b-instruct,37.5,zebra_puzzle,reasoning,fe37c4db2b25d85eb28bc39dc6c978c002216c9e26227d7a9389abad0dd230f0
6947,llama-3.2-3b-instruct,25.0,zebra_puzzle,reasoning,fe37c4db2b25d85eb28bc39dc6c978c002216c9e26227d7a9389abad0dd230f0
6948,mistral-24b,100.0,zebra_puzzle,reasoning,fe37c4db2b25d85eb28bc39dc6c978c002216c9e26227d7a9389abad0dd230f0
6949,mistral-7b,0.0,zebra_puzzle,reasoning,fe37c4db2b25d85eb28bc39dc6c978c002216c9e26227d7a9389abad0dd230f0
6950,qwen-2.5-3b-instruct,37.5,zebra_puzzle,reasoning,fe37c4db2b25d85eb28bc39dc6c978c002216c9e26227d7a9389abad0dd230f0
6951,qwen-32b,100.0,zebra_puzzle,reasoning,fe37c4db2b25d85eb28bc39dc6c978c002216c9e26227d7a9389abad0dd230f0
6952,gemma-3-12b-it,0.0,spatial,reasoning,09719ca5e81c332df5d59ed37737c7351b5d68568933f4e7bbe08f0b22f2d030
6953,gemma-3-1b-it,0.0,spatial,reasoning,09719ca5e81c332df5d59ed37737c7351b5d68568933f4e7bbe08f0b22f2d030
6954,gemma-3-4b-it,0.0,spatial,reasoning,09719ca5e81c332df5d59ed37737c7351b5d68568933f4e7bbe08f0b22f2d030
6955,llama-3.1-70b-instruct,0.0,spatial,reasoning,09719ca5e81c332df5d59ed37737c7351b5d68568933f4e7bbe08f0b22f2d030
6956,llama-3.1-8b-instruct,0.0,spatial,reasoning,09719ca5e81c332df5d59ed37737c7351b5d68568933f4e7bbe08f0b22f2d030
6957,llama-3.2-1b-instruct,0.0,spatial,reasoning,09719ca5e81c332df5d59ed37737c7351b5d68568933f4e7bbe08f0b22f2d030
6958,llama-3.2-3b-instruct,0.0,spatial,reasoning,09719ca5e81c332df5d59ed37737c7351b5d68568933f4e7bbe08f0b22f2d030
6959,mistral-24b,0.0,spatial,reasoning,09719ca5e81c332df5d59ed37737c7351b5d68568933f4e7bbe08f0b22f2d030
6960,mistral-7b,0.0,spatial,reasoning,09719ca5e81c332df5d59ed37737c7351b5d68568933f4e7bbe08f0b22f2d030
6961,qwen-2.5-3b-instruct,0.0,spatial,reasoning,09719ca5e81c332df5d59ed37737c7351b5d68568933f4e7bbe08f0b22f2d030
6962,qwen-32b,0.0,spatial,reasoning,09719ca5e81c332df5d59ed37737c7351b5d68568933f4e7bbe08f0b22f2d030
6963,gemma-3-12b-it,0.0,spatial,reasoning,0b02d4ab897f5f7eae1f5715f159ba9309ae8e91ce0403d8df960db77253e36c
6964,gemma-3-1b-it,0.0,spatial,reasoning,0b02d4ab897f5f7eae1f5715f159ba9309ae8e91ce0403d8df960db77253e36c
6965,gemma-3-4b-it,0.0,spatial,reasoning,0b02d4ab897f5f7eae1f5715f159ba9309ae8e91ce0403d8df960db77253e36c
6966,llama-3.1-70b-instruct,0.0,spatial,reasoning,0b02d4ab897f5f7eae1f5715f159ba9309ae8e91ce0403d8df960db77253e36c
6967,llama-3.1-8b-instruct,0.0,spatial,reasoning,0b02d4ab897f5f7eae1f5715f159ba9309ae8e91ce0403d8df960db77253e36c
6968,llama-3.2-1b-instruct,0.0,spatial,reasoning,0b02d4ab897f5f7eae1f5715f159ba9309ae8e91ce0403d8df960db77253e36c
6969,llama-3.2-3b-instruct,0.0,spatial,reasoning,0b02d4ab897f5f7eae1f5715f159ba9309ae8e91ce0403d8df960db77253e36c
6970,mistral-24b,0.0,spatial,reasoning,0b02d4ab897f5f7eae1f5715f159ba9309ae8e91ce0403d8df960db77253e36c
6971,mistral-7b,0.0,spatial,reasoning,0b02d4ab897f5f7eae1f5715f159ba9309ae8e91ce0403d8df960db77253e36c
6972,qwen-2.5-3b-instruct,0.0,spatial,reasoning,0b02d4ab897f5f7eae1f5715f159ba9309ae8e91ce0403d8df960db77253e36c
6973,qwen-32b,0.0,spatial,reasoning,0b02d4ab897f5f7eae1f5715f159ba9309ae8e91ce0403d8df960db77253e36c
6974,gemma-3-12b-it,100.0,spatial,reasoning,115ee3f4cecb92009f145dd6ec96e9d05ce0b255f8a8a4d8bb686253be96aafc
6975,gemma-3-1b-it,0.0,spatial,reasoning,115ee3f4cecb92009f145dd6ec96e9d05ce0b255f8a8a4d8bb686253be96aafc
6976,gemma-3-4b-it,0.0,spatial,reasoning,115ee3f4cecb92009f145dd6ec96e9d05ce0b255f8a8a4d8bb686253be96aafc
6977,llama-3.1-70b-instruct,0.0,spatial,reasoning,115ee3f4cecb92009f145dd6ec96e9d05ce0b255f8a8a4d8bb686253be96aafc
6978,llama-3.1-8b-instruct,0.0,spatial,reasoning,115ee3f4cecb92009f145dd6ec96e9d05ce0b255f8a8a4d8bb686253be96aafc
6979,llama-3.2-1b-instruct,0.0,spatial,reasoning,115ee3f4cecb92009f145dd6ec96e9d05ce0b255f8a8a4d8bb686253be96aafc
6980,llama-3.2-3b-instruct,0.0,spatial,reasoning,115ee3f4cecb92009f145dd6ec96e9d05ce0b255f8a8a4d8bb686253be96aafc
6981,mistral-24b,0.0,spatial,reasoning,115ee3f4cecb92009f145dd6ec96e9d05ce0b255f8a8a4d8bb686253be96aafc
6982,mistral-7b,0.0,spatial,reasoning,115ee3f4cecb92009f145dd6ec96e9d05ce0b255f8a8a4d8bb686253be96aafc
6983,qwen-2.5-3b-instruct,0.0,spatial,reasoning,115ee3f4cecb92009f145dd6ec96e9d05ce0b255f8a8a4d8bb686253be96aafc
6984,qwen-32b,0.0,spatial,reasoning,115ee3f4cecb92009f145dd6ec96e9d05ce0b255f8a8a4d8bb686253be96aafc
6985,gemma-3-12b-it,100.0,spatial,reasoning,1262fb6265c5ffb34ffe11179c38b9cb0f86e1f2483cd7b8bc9965fb809dfaf6
6986,gemma-3-1b-it,0.0,spatial,reasoning,1262fb6265c5ffb34ffe11179c38b9cb0f86e1f2483cd7b8bc9965fb809dfaf6
6987,gemma-3-4b-it,0.0,spatial,reasoning,1262fb6265c5ffb34ffe11179c38b9cb0f86e1f2483cd7b8bc9965fb809dfaf6
6988,llama-3.1-70b-instruct,0.0,spatial,reasoning,1262fb6265c5ffb34ffe11179c38b9cb0f86e1f2483cd7b8bc9965fb809dfaf6
6989,llama-3.1-8b-instruct,0.0,spatial,reasoning,1262fb6265c5ffb34ffe11179c38b9cb0f86e1f2483cd7b8bc9965fb809dfaf6
6990,llama-3.2-1b-instruct,0.0,spatial,reasoning,1262fb6265c5ffb34ffe11179c38b9cb0f86e1f2483cd7b8bc9965fb809dfaf6
6991,llama-3.2-3b-instruct,0.0,spatial,reasoning,1262fb6265c5ffb34ffe11179c38b9cb0f86e1f2483cd7b8bc9965fb809dfaf6
6992,mistral-24b,0.0,spatial,reasoning,1262fb6265c5ffb34ffe11179c38b9cb0f86e1f2483cd7b8bc9965fb809dfaf6
6993,mistral-7b,0.0,spatial,reasoning,1262fb6265c5ffb34ffe11179c38b9cb0f86e1f2483cd7b8bc9965fb809dfaf6
6994,qwen-2.5-3b-instruct,0.0,spatial,reasoning,1262fb6265c5ffb34ffe11179c38b9cb0f86e1f2483cd7b8bc9965fb809dfaf6
6995,qwen-32b,0.0,spatial,reasoning,1262fb6265c5ffb34ffe11179c38b9cb0f86e1f2483cd7b8bc9965fb809dfaf6
6996,gemma-3-12b-it,100.0,spatial,reasoning,15a572d195b127489b50b0a4fc86c36a38fcfe6542ca3e2aa309e46f4d56edb5
6997,gemma-3-1b-it,100.0,spatial,reasoning,15a572d195b127489b50b0a4fc86c36a38fcfe6542ca3e2aa309e46f4d56edb5
6998,gemma-3-4b-it,0.0,spatial,reasoning,15a572d195b127489b50b0a4fc86c36a38fcfe6542ca3e2aa309e46f4d56edb5
6999,llama-3.1-70b-instruct,0.0,spatial,reasoning,15a572d195b127489b50b0a4fc86c36a38fcfe6542ca3e2aa309e46f4d56edb5
7000,llama-3.1-8b-instruct,100.0,spatial,reasoning,15a572d195b127489b50b0a4fc86c36a38fcfe6542ca3e2aa309e46f4d56edb5
7001,llama-3.2-1b-instruct,0.0,spatial,reasoning,15a572d195b127489b50b0a4fc86c36a38fcfe6542ca3e2aa309e46f4d56edb5
7002,llama-3.2-3b-instruct,0.0,spatial,reasoning,15a572d195b127489b50b0a4fc86c36a38fcfe6542ca3e2aa309e46f4d56edb5
7003,mistral-24b,100.0,spatial,reasoning,15a572d195b127489b50b0a4fc86c36a38fcfe6542ca3e2aa309e46f4d56edb5
7004,mistral-7b,0.0,spatial,reasoning,15a572d195b127489b50b0a4fc86c36a38fcfe6542ca3e2aa309e46f4d56edb5
7005,qwen-2.5-3b-instruct,0.0,spatial,reasoning,15a572d195b127489b50b0a4fc86c36a38fcfe6542ca3e2aa309e46f4d56edb5
7006,qwen-32b,100.0,spatial,reasoning,15a572d195b127489b50b0a4fc86c36a38fcfe6542ca3e2aa309e46f4d56edb5
7007,gemma-3-12b-it,0.0,spatial,reasoning,1836f6b0486252c504e3eb25ca060651488abc7952bb9cab58f8ce7c4fe2c5a2
7008,gemma-3-1b-it,0.0,spatial,reasoning,1836f6b0486252c504e3eb25ca060651488abc7952bb9cab58f8ce7c4fe2c5a2
7009,gemma-3-4b-it,0.0,spatial,reasoning,1836f6b0486252c504e3eb25ca060651488abc7952bb9cab58f8ce7c4fe2c5a2
7010,llama-3.1-70b-instruct,100.0,spatial,reasoning,1836f6b0486252c504e3eb25ca060651488abc7952bb9cab58f8ce7c4fe2c5a2
7011,llama-3.1-8b-instruct,100.0,spatial,reasoning,1836f6b0486252c504e3eb25ca060651488abc7952bb9cab58f8ce7c4fe2c5a2
7012,llama-3.2-1b-instruct,100.0,spatial,reasoning,1836f6b0486252c504e3eb25ca060651488abc7952bb9cab58f8ce7c4fe2c5a2
7013,llama-3.2-3b-instruct,0.0,spatial,reasoning,1836f6b0486252c504e3eb25ca060651488abc7952bb9cab58f8ce7c4fe2c5a2
7014,mistral-24b,0.0,spatial,reasoning,1836f6b0486252c504e3eb25ca060651488abc7952bb9cab58f8ce7c4fe2c5a2
7015,mistral-7b,100.0,spatial,reasoning,1836f6b0486252c504e3eb25ca060651488abc7952bb9cab58f8ce7c4fe2c5a2
7016,qwen-2.5-3b-instruct,0.0,spatial,reasoning,1836f6b0486252c504e3eb25ca060651488abc7952bb9cab58f8ce7c4fe2c5a2
7017,qwen-32b,100.0,spatial,reasoning,1836f6b0486252c504e3eb25ca060651488abc7952bb9cab58f8ce7c4fe2c5a2
7018,gemma-3-12b-it,0.0,spatial,reasoning,1985f3a3dbdf7959e2992119cf87da6bce6322f5fc0cf02575aaed641793b72c
7019,gemma-3-1b-it,0.0,spatial,reasoning,1985f3a3dbdf7959e2992119cf87da6bce6322f5fc0cf02575aaed641793b72c
7020,gemma-3-4b-it,0.0,spatial,reasoning,1985f3a3dbdf7959e2992119cf87da6bce6322f5fc0cf02575aaed641793b72c
7021,llama-3.1-70b-instruct,0.0,spatial,reasoning,1985f3a3dbdf7959e2992119cf87da6bce6322f5fc0cf02575aaed641793b72c
7022,llama-3.1-8b-instruct,0.0,spatial,reasoning,1985f3a3dbdf7959e2992119cf87da6bce6322f5fc0cf02575aaed641793b72c
7023,llama-3.2-1b-instruct,0.0,spatial,reasoning,1985f3a3dbdf7959e2992119cf87da6bce6322f5fc0cf02575aaed641793b72c
7024,llama-3.2-3b-instruct,100.0,spatial,reasoning,1985f3a3dbdf7959e2992119cf87da6bce6322f5fc0cf02575aaed641793b72c
7025,mistral-24b,0.0,spatial,reasoning,1985f3a3dbdf7959e2992119cf87da6bce6322f5fc0cf02575aaed641793b72c
7026,mistral-7b,0.0,spatial,reasoning,1985f3a3dbdf7959e2992119cf87da6bce6322f5fc0cf02575aaed641793b72c
7027,qwen-2.5-3b-instruct,0.0,spatial,reasoning,1985f3a3dbdf7959e2992119cf87da6bce6322f5fc0cf02575aaed641793b72c
7028,qwen-32b,0.0,spatial,reasoning,1985f3a3dbdf7959e2992119cf87da6bce6322f5fc0cf02575aaed641793b72c
7029,gemma-3-12b-it,0.0,spatial,reasoning,1b317054fbe9c5448203b80b37b98eee6bf845143de64477ba2b8d6172168652
7030,gemma-3-1b-it,0.0,spatial,reasoning,1b317054fbe9c5448203b80b37b98eee6bf845143de64477ba2b8d6172168652
7031,gemma-3-4b-it,0.0,spatial,reasoning,1b317054fbe9c5448203b80b37b98eee6bf845143de64477ba2b8d6172168652
7032,llama-3.1-70b-instruct,100.0,spatial,reasoning,1b317054fbe9c5448203b80b37b98eee6bf845143de64477ba2b8d6172168652
7033,llama-3.1-8b-instruct,0.0,spatial,reasoning,1b317054fbe9c5448203b80b37b98eee6bf845143de64477ba2b8d6172168652
7034,llama-3.2-1b-instruct,0.0,spatial,reasoning,1b317054fbe9c5448203b80b37b98eee6bf845143de64477ba2b8d6172168652
7035,llama-3.2-3b-instruct,0.0,spatial,reasoning,1b317054fbe9c5448203b80b37b98eee6bf845143de64477ba2b8d6172168652
7036,mistral-24b,0.0,spatial,reasoning,1b317054fbe9c5448203b80b37b98eee6bf845143de64477ba2b8d6172168652
7037,mistral-7b,0.0,spatial,reasoning,1b317054fbe9c5448203b80b37b98eee6bf845143de64477ba2b8d6172168652
7038,qwen-2.5-3b-instruct,0.0,spatial,reasoning,1b317054fbe9c5448203b80b37b98eee6bf845143de64477ba2b8d6172168652
7039,qwen-32b,0.0,spatial,reasoning,1b317054fbe9c5448203b80b37b98eee6bf845143de64477ba2b8d6172168652
7040,gemma-3-12b-it,0.0,spatial,reasoning,1c6eda54001bf87aa1b9d833e89448168f0c3020a026b618ba346b18afa6ef26
7041,gemma-3-1b-it,0.0,spatial,reasoning,1c6eda54001bf87aa1b9d833e89448168f0c3020a026b618ba346b18afa6ef26
7042,gemma-3-4b-it,0.0,spatial,reasoning,1c6eda54001bf87aa1b9d833e89448168f0c3020a026b618ba346b18afa6ef26
7043,llama-3.1-70b-instruct,100.0,spatial,reasoning,1c6eda54001bf87aa1b9d833e89448168f0c3020a026b618ba346b18afa6ef26
7044,llama-3.1-8b-instruct,0.0,spatial,reasoning,1c6eda54001bf87aa1b9d833e89448168f0c3020a026b618ba346b18afa6ef26
7045,llama-3.2-1b-instruct,0.0,spatial,reasoning,1c6eda54001bf87aa1b9d833e89448168f0c3020a026b618ba346b18afa6ef26
7046,llama-3.2-3b-instruct,0.0,spatial,reasoning,1c6eda54001bf87aa1b9d833e89448168f0c3020a026b618ba346b18afa6ef26
7047,mistral-24b,0.0,spatial,reasoning,1c6eda54001bf87aa1b9d833e89448168f0c3020a026b618ba346b18afa6ef26
7048,mistral-7b,0.0,spatial,reasoning,1c6eda54001bf87aa1b9d833e89448168f0c3020a026b618ba346b18afa6ef26
7049,qwen-2.5-3b-instruct,0.0,spatial,reasoning,1c6eda54001bf87aa1b9d833e89448168f0c3020a026b618ba346b18afa6ef26
7050,qwen-32b,0.0,spatial,reasoning,1c6eda54001bf87aa1b9d833e89448168f0c3020a026b618ba346b18afa6ef26
7051,gemma-3-12b-it,0.0,spatial,reasoning,27780ecab68b99ba747722d3e536086049ba4a8fc768b1357c0e20871a92e41c
7052,gemma-3-1b-it,0.0,spatial,reasoning,27780ecab68b99ba747722d3e536086049ba4a8fc768b1357c0e20871a92e41c
7053,gemma-3-4b-it,0.0,spatial,reasoning,27780ecab68b99ba747722d3e536086049ba4a8fc768b1357c0e20871a92e41c
7054,llama-3.1-70b-instruct,100.0,spatial,reasoning,27780ecab68b99ba747722d3e536086049ba4a8fc768b1357c0e20871a92e41c
7055,llama-3.1-8b-instruct,0.0,spatial,reasoning,27780ecab68b99ba747722d3e536086049ba4a8fc768b1357c0e20871a92e41c
7056,llama-3.2-1b-instruct,0.0,spatial,reasoning,27780ecab68b99ba747722d3e536086049ba4a8fc768b1357c0e20871a92e41c
7057,llama-3.2-3b-instruct,0.0,spatial,reasoning,27780ecab68b99ba747722d3e536086049ba4a8fc768b1357c0e20871a92e41c
7058,mistral-24b,0.0,spatial,reasoning,27780ecab68b99ba747722d3e536086049ba4a8fc768b1357c0e20871a92e41c
7059,mistral-7b,0.0,spatial,reasoning,27780ecab68b99ba747722d3e536086049ba4a8fc768b1357c0e20871a92e41c
7060,qwen-2.5-3b-instruct,0.0,spatial,reasoning,27780ecab68b99ba747722d3e536086049ba4a8fc768b1357c0e20871a92e41c
7061,qwen-32b,0.0,spatial,reasoning,27780ecab68b99ba747722d3e536086049ba4a8fc768b1357c0e20871a92e41c
7062,gemma-3-12b-it,100.0,spatial,reasoning,27eb08badf45383af3d99130de55ffe01e5723504d6d5fca8f9a7f672aad7e82
7063,gemma-3-1b-it,0.0,spatial,reasoning,27eb08badf45383af3d99130de55ffe01e5723504d6d5fca8f9a7f672aad7e82
7064,gemma-3-4b-it,100.0,spatial,reasoning,27eb08badf45383af3d99130de55ffe01e5723504d6d5fca8f9a7f672aad7e82
7065,llama-3.1-70b-instruct,100.0,spatial,reasoning,27eb08badf45383af3d99130de55ffe01e5723504d6d5fca8f9a7f672aad7e82
7066,llama-3.1-8b-instruct,100.0,spatial,reasoning,27eb08badf45383af3d99130de55ffe01e5723504d6d5fca8f9a7f672aad7e82
7067,llama-3.2-1b-instruct,0.0,spatial,reasoning,27eb08badf45383af3d99130de55ffe01e5723504d6d5fca8f9a7f672aad7e82
7068,llama-3.2-3b-instruct,0.0,spatial,reasoning,27eb08badf45383af3d99130de55ffe01e5723504d6d5fca8f9a7f672aad7e82
7069,mistral-24b,100.0,spatial,reasoning,27eb08badf45383af3d99130de55ffe01e5723504d6d5fca8f9a7f672aad7e82
7070,mistral-7b,100.0,spatial,reasoning,27eb08badf45383af3d99130de55ffe01e5723504d6d5fca8f9a7f672aad7e82
7071,qwen-2.5-3b-instruct,0.0,spatial,reasoning,27eb08badf45383af3d99130de55ffe01e5723504d6d5fca8f9a7f672aad7e82
7072,qwen-32b,100.0,spatial,reasoning,27eb08badf45383af3d99130de55ffe01e5723504d6d5fca8f9a7f672aad7e82
7073,gemma-3-12b-it,100.0,spatial,reasoning,34efb95856af4045015f9d8f46390d1ca13ae96c4aa4098a62da4b4d4cda2049
7074,gemma-3-1b-it,0.0,spatial,reasoning,34efb95856af4045015f9d8f46390d1ca13ae96c4aa4098a62da4b4d4cda2049
7075,gemma-3-4b-it,0.0,spatial,reasoning,34efb95856af4045015f9d8f46390d1ca13ae96c4aa4098a62da4b4d4cda2049
7076,llama-3.1-70b-instruct,100.0,spatial,reasoning,34efb95856af4045015f9d8f46390d1ca13ae96c4aa4098a62da4b4d4cda2049
7077,llama-3.1-8b-instruct,0.0,spatial,reasoning,34efb95856af4045015f9d8f46390d1ca13ae96c4aa4098a62da4b4d4cda2049
7078,llama-3.2-1b-instruct,0.0,spatial,reasoning,34efb95856af4045015f9d8f46390d1ca13ae96c4aa4098a62da4b4d4cda2049
7079,llama-3.2-3b-instruct,100.0,spatial,reasoning,34efb95856af4045015f9d8f46390d1ca13ae96c4aa4098a62da4b4d4cda2049
7080,mistral-24b,0.0,spatial,reasoning,34efb95856af4045015f9d8f46390d1ca13ae96c4aa4098a62da4b4d4cda2049
7081,mistral-7b,0.0,spatial,reasoning,34efb95856af4045015f9d8f46390d1ca13ae96c4aa4098a62da4b4d4cda2049
7082,qwen-2.5-3b-instruct,100.0,spatial,reasoning,34efb95856af4045015f9d8f46390d1ca13ae96c4aa4098a62da4b4d4cda2049
7083,qwen-32b,0.0,spatial,reasoning,34efb95856af4045015f9d8f46390d1ca13ae96c4aa4098a62da4b4d4cda2049
7084,gemma-3-12b-it,100.0,spatial,reasoning,36a9c56b72919f6ee03ed6e929a2e9abfb58b0084a8cab91119393f396faa26e
7085,gemma-3-1b-it,0.0,spatial,reasoning,36a9c56b72919f6ee03ed6e929a2e9abfb58b0084a8cab91119393f396faa26e
7086,gemma-3-4b-it,100.0,spatial,reasoning,36a9c56b72919f6ee03ed6e929a2e9abfb58b0084a8cab91119393f396faa26e
7087,llama-3.1-70b-instruct,100.0,spatial,reasoning,36a9c56b72919f6ee03ed6e929a2e9abfb58b0084a8cab91119393f396faa26e
7088,llama-3.1-8b-instruct,0.0,spatial,reasoning,36a9c56b72919f6ee03ed6e929a2e9abfb58b0084a8cab91119393f396faa26e
7089,llama-3.2-1b-instruct,0.0,spatial,reasoning,36a9c56b72919f6ee03ed6e929a2e9abfb58b0084a8cab91119393f396faa26e
7090,llama-3.2-3b-instruct,100.0,spatial,reasoning,36a9c56b72919f6ee03ed6e929a2e9abfb58b0084a8cab91119393f396faa26e
7091,mistral-24b,100.0,spatial,reasoning,36a9c56b72919f6ee03ed6e929a2e9abfb58b0084a8cab91119393f396faa26e
7092,mistral-7b,100.0,spatial,reasoning,36a9c56b72919f6ee03ed6e929a2e9abfb58b0084a8cab91119393f396faa26e
7093,qwen-2.5-3b-instruct,100.0,spatial,reasoning,36a9c56b72919f6ee03ed6e929a2e9abfb58b0084a8cab91119393f396faa26e
7094,qwen-32b,100.0,spatial,reasoning,36a9c56b72919f6ee03ed6e929a2e9abfb58b0084a8cab91119393f396faa26e
7095,gemma-3-12b-it,100.0,spatial,reasoning,3d118e7c265b1ddf3c22d8765dc0c224dec03fad27d51c9687b46d61b6c4d0e5
7096,gemma-3-1b-it,0.0,spatial,reasoning,3d118e7c265b1ddf3c22d8765dc0c224dec03fad27d51c9687b46d61b6c4d0e5
7097,gemma-3-4b-it,100.0,spatial,reasoning,3d118e7c265b1ddf3c22d8765dc0c224dec03fad27d51c9687b46d61b6c4d0e5
7098,llama-3.1-70b-instruct,100.0,spatial,reasoning,3d118e7c265b1ddf3c22d8765dc0c224dec03fad27d51c9687b46d61b6c4d0e5
7099,llama-3.1-8b-instruct,100.0,spatial,reasoning,3d118e7c265b1ddf3c22d8765dc0c224dec03fad27d51c9687b46d61b6c4d0e5
7100,llama-3.2-1b-instruct,100.0,spatial,reasoning,3d118e7c265b1ddf3c22d8765dc0c224dec03fad27d51c9687b46d61b6c4d0e5
7101,llama-3.2-3b-instruct,100.0,spatial,reasoning,3d118e7c265b1ddf3c22d8765dc0c224dec03fad27d51c9687b46d61b6c4d0e5
7102,mistral-24b,100.0,spatial,reasoning,3d118e7c265b1ddf3c22d8765dc0c224dec03fad27d51c9687b46d61b6c4d0e5
7103,mistral-7b,0.0,spatial,reasoning,3d118e7c265b1ddf3c22d8765dc0c224dec03fad27d51c9687b46d61b6c4d0e5
7104,qwen-2.5-3b-instruct,0.0,spatial,reasoning,3d118e7c265b1ddf3c22d8765dc0c224dec03fad27d51c9687b46d61b6c4d0e5
7105,qwen-32b,100.0,spatial,reasoning,3d118e7c265b1ddf3c22d8765dc0c224dec03fad27d51c9687b46d61b6c4d0e5
7106,gemma-3-12b-it,0.0,spatial,reasoning,407a91d3d4fa5ae79f9b36285582a7ad8738dcf8d9e2104faecb69fca08e07a6
7107,gemma-3-1b-it,0.0,spatial,reasoning,407a91d3d4fa5ae79f9b36285582a7ad8738dcf8d9e2104faecb69fca08e07a6
7108,gemma-3-4b-it,0.0,spatial,reasoning,407a91d3d4fa5ae79f9b36285582a7ad8738dcf8d9e2104faecb69fca08e07a6
7109,llama-3.1-70b-instruct,100.0,spatial,reasoning,407a91d3d4fa5ae79f9b36285582a7ad8738dcf8d9e2104faecb69fca08e07a6
7110,llama-3.1-8b-instruct,0.0,spatial,reasoning,407a91d3d4fa5ae79f9b36285582a7ad8738dcf8d9e2104faecb69fca08e07a6
7111,llama-3.2-1b-instruct,0.0,spatial,reasoning,407a91d3d4fa5ae79f9b36285582a7ad8738dcf8d9e2104faecb69fca08e07a6
7112,llama-3.2-3b-instruct,0.0,spatial,reasoning,407a91d3d4fa5ae79f9b36285582a7ad8738dcf8d9e2104faecb69fca08e07a6
7113,mistral-24b,0.0,spatial,reasoning,407a91d3d4fa5ae79f9b36285582a7ad8738dcf8d9e2104faecb69fca08e07a6
7114,mistral-7b,0.0,spatial,reasoning,407a91d3d4fa5ae79f9b36285582a7ad8738dcf8d9e2104faecb69fca08e07a6
7115,qwen-2.5-3b-instruct,0.0,spatial,reasoning,407a91d3d4fa5ae79f9b36285582a7ad8738dcf8d9e2104faecb69fca08e07a6
7116,qwen-32b,100.0,spatial,reasoning,407a91d3d4fa5ae79f9b36285582a7ad8738dcf8d9e2104faecb69fca08e07a6
7117,gemma-3-12b-it,0.0,spatial,reasoning,456279a44cb607b020cef649d614f567032f0f20376a7c1aac8ae8ca7c6216bc
7118,gemma-3-1b-it,0.0,spatial,reasoning,456279a44cb607b020cef649d614f567032f0f20376a7c1aac8ae8ca7c6216bc
7119,gemma-3-4b-it,0.0,spatial,reasoning,456279a44cb607b020cef649d614f567032f0f20376a7c1aac8ae8ca7c6216bc
7120,llama-3.1-70b-instruct,0.0,spatial,reasoning,456279a44cb607b020cef649d614f567032f0f20376a7c1aac8ae8ca7c6216bc
7121,llama-3.1-8b-instruct,0.0,spatial,reasoning,456279a44cb607b020cef649d614f567032f0f20376a7c1aac8ae8ca7c6216bc
7122,llama-3.2-1b-instruct,0.0,spatial,reasoning,456279a44cb607b020cef649d614f567032f0f20376a7c1aac8ae8ca7c6216bc
7123,llama-3.2-3b-instruct,0.0,spatial,reasoning,456279a44cb607b020cef649d614f567032f0f20376a7c1aac8ae8ca7c6216bc
7124,mistral-24b,0.0,spatial,reasoning,456279a44cb607b020cef649d614f567032f0f20376a7c1aac8ae8ca7c6216bc
7125,mistral-7b,0.0,spatial,reasoning,456279a44cb607b020cef649d614f567032f0f20376a7c1aac8ae8ca7c6216bc
7126,qwen-2.5-3b-instruct,0.0,spatial,reasoning,456279a44cb607b020cef649d614f567032f0f20376a7c1aac8ae8ca7c6216bc
7127,qwen-32b,0.0,spatial,reasoning,456279a44cb607b020cef649d614f567032f0f20376a7c1aac8ae8ca7c6216bc
7128,gemma-3-12b-it,100.0,spatial,reasoning,46c71f6c8010ba06139e2df649ad68b93d6386d40065301f33e9c3c6d04a81d0
7129,gemma-3-1b-it,0.0,spatial,reasoning,46c71f6c8010ba06139e2df649ad68b93d6386d40065301f33e9c3c6d04a81d0
7130,gemma-3-4b-it,0.0,spatial,reasoning,46c71f6c8010ba06139e2df649ad68b93d6386d40065301f33e9c3c6d04a81d0
7131,llama-3.1-70b-instruct,0.0,spatial,reasoning,46c71f6c8010ba06139e2df649ad68b93d6386d40065301f33e9c3c6d04a81d0
7132,llama-3.1-8b-instruct,0.0,spatial,reasoning,46c71f6c8010ba06139e2df649ad68b93d6386d40065301f33e9c3c6d04a81d0
7133,llama-3.2-1b-instruct,0.0,spatial,reasoning,46c71f6c8010ba06139e2df649ad68b93d6386d40065301f33e9c3c6d04a81d0
7134,llama-3.2-3b-instruct,0.0,spatial,reasoning,46c71f6c8010ba06139e2df649ad68b93d6386d40065301f33e9c3c6d04a81d0
7135,mistral-24b,0.0,spatial,reasoning,46c71f6c8010ba06139e2df649ad68b93d6386d40065301f33e9c3c6d04a81d0
7136,mistral-7b,0.0,spatial,reasoning,46c71f6c8010ba06139e2df649ad68b93d6386d40065301f33e9c3c6d04a81d0
7137,qwen-2.5-3b-instruct,0.0,spatial,reasoning,46c71f6c8010ba06139e2df649ad68b93d6386d40065301f33e9c3c6d04a81d0
7138,qwen-32b,0.0,spatial,reasoning,46c71f6c8010ba06139e2df649ad68b93d6386d40065301f33e9c3c6d04a81d0
7139,gemma-3-12b-it,100.0,spatial,reasoning,484f9d95e130b527cf40c85b560fc70edf30efc56fd57750ad78ee81f64deb47
7140,gemma-3-1b-it,0.0,spatial,reasoning,484f9d95e130b527cf40c85b560fc70edf30efc56fd57750ad78ee81f64deb47
7141,gemma-3-4b-it,100.0,spatial,reasoning,484f9d95e130b527cf40c85b560fc70edf30efc56fd57750ad78ee81f64deb47
7142,llama-3.1-70b-instruct,100.0,spatial,reasoning,484f9d95e130b527cf40c85b560fc70edf30efc56fd57750ad78ee81f64deb47
7143,llama-3.1-8b-instruct,100.0,spatial,reasoning,484f9d95e130b527cf40c85b560fc70edf30efc56fd57750ad78ee81f64deb47
7144,llama-3.2-1b-instruct,0.0,spatial,reasoning,484f9d95e130b527cf40c85b560fc70edf30efc56fd57750ad78ee81f64deb47
7145,llama-3.2-3b-instruct,0.0,spatial,reasoning,484f9d95e130b527cf40c85b560fc70edf30efc56fd57750ad78ee81f64deb47
7146,mistral-24b,0.0,spatial,reasoning,484f9d95e130b527cf40c85b560fc70edf30efc56fd57750ad78ee81f64deb47
7147,mistral-7b,0.0,spatial,reasoning,484f9d95e130b527cf40c85b560fc70edf30efc56fd57750ad78ee81f64deb47
7148,qwen-2.5-3b-instruct,0.0,spatial,reasoning,484f9d95e130b527cf40c85b560fc70edf30efc56fd57750ad78ee81f64deb47
7149,qwen-32b,100.0,spatial,reasoning,484f9d95e130b527cf40c85b560fc70edf30efc56fd57750ad78ee81f64deb47
7150,gemma-3-12b-it,100.0,spatial,reasoning,4c6e9d7cd2f5506ef5d07f1545dad8d1ca31bfd74ad3ca3e1a6d34accac62db2
7151,gemma-3-1b-it,0.0,spatial,reasoning,4c6e9d7cd2f5506ef5d07f1545dad8d1ca31bfd74ad3ca3e1a6d34accac62db2
7152,gemma-3-4b-it,0.0,spatial,reasoning,4c6e9d7cd2f5506ef5d07f1545dad8d1ca31bfd74ad3ca3e1a6d34accac62db2
7153,llama-3.1-70b-instruct,100.0,spatial,reasoning,4c6e9d7cd2f5506ef5d07f1545dad8d1ca31bfd74ad3ca3e1a6d34accac62db2
7154,llama-3.1-8b-instruct,100.0,spatial,reasoning,4c6e9d7cd2f5506ef5d07f1545dad8d1ca31bfd74ad3ca3e1a6d34accac62db2
7155,llama-3.2-1b-instruct,0.0,spatial,reasoning,4c6e9d7cd2f5506ef5d07f1545dad8d1ca31bfd74ad3ca3e1a6d34accac62db2
7156,llama-3.2-3b-instruct,100.0,spatial,reasoning,4c6e9d7cd2f5506ef5d07f1545dad8d1ca31bfd74ad3ca3e1a6d34accac62db2
7157,mistral-24b,0.0,spatial,reasoning,4c6e9d7cd2f5506ef5d07f1545dad8d1ca31bfd74ad3ca3e1a6d34accac62db2
7158,mistral-7b,0.0,spatial,reasoning,4c6e9d7cd2f5506ef5d07f1545dad8d1ca31bfd74ad3ca3e1a6d34accac62db2
7159,qwen-2.5-3b-instruct,100.0,spatial,reasoning,4c6e9d7cd2f5506ef5d07f1545dad8d1ca31bfd74ad3ca3e1a6d34accac62db2
7160,qwen-32b,100.0,spatial,reasoning,4c6e9d7cd2f5506ef5d07f1545dad8d1ca31bfd74ad3ca3e1a6d34accac62db2
7161,gemma-3-12b-it,0.0,spatial,reasoning,4f78225af2661b5b2f22f126fba54723cdbd02e16a8f89fe024f9f21fd54248b
7162,gemma-3-1b-it,0.0,spatial,reasoning,4f78225af2661b5b2f22f126fba54723cdbd02e16a8f89fe024f9f21fd54248b
7163,gemma-3-4b-it,0.0,spatial,reasoning,4f78225af2661b5b2f22f126fba54723cdbd02e16a8f89fe024f9f21fd54248b
7164,llama-3.1-70b-instruct,0.0,spatial,reasoning,4f78225af2661b5b2f22f126fba54723cdbd02e16a8f89fe024f9f21fd54248b
7165,llama-3.1-8b-instruct,0.0,spatial,reasoning,4f78225af2661b5b2f22f126fba54723cdbd02e16a8f89fe024f9f21fd54248b
7166,llama-3.2-1b-instruct,0.0,spatial,reasoning,4f78225af2661b5b2f22f126fba54723cdbd02e16a8f89fe024f9f21fd54248b
7167,llama-3.2-3b-instruct,0.0,spatial,reasoning,4f78225af2661b5b2f22f126fba54723cdbd02e16a8f89fe024f9f21fd54248b
7168,mistral-24b,0.0,spatial,reasoning,4f78225af2661b5b2f22f126fba54723cdbd02e16a8f89fe024f9f21fd54248b
7169,mistral-7b,0.0,spatial,reasoning,4f78225af2661b5b2f22f126fba54723cdbd02e16a8f89fe024f9f21fd54248b
7170,qwen-2.5-3b-instruct,100.0,spatial,reasoning,4f78225af2661b5b2f22f126fba54723cdbd02e16a8f89fe024f9f21fd54248b
7171,qwen-32b,0.0,spatial,reasoning,4f78225af2661b5b2f22f126fba54723cdbd02e16a8f89fe024f9f21fd54248b
7172,gemma-3-12b-it,0.0,spatial,reasoning,59979242f2437bc604ba87e9af3dd80878837a3ad01436d110fca1191f1dc0bb
7173,gemma-3-1b-it,0.0,spatial,reasoning,59979242f2437bc604ba87e9af3dd80878837a3ad01436d110fca1191f1dc0bb
7174,gemma-3-4b-it,0.0,spatial,reasoning,59979242f2437bc604ba87e9af3dd80878837a3ad01436d110fca1191f1dc0bb
7175,llama-3.1-70b-instruct,0.0,spatial,reasoning,59979242f2437bc604ba87e9af3dd80878837a3ad01436d110fca1191f1dc0bb
7176,llama-3.1-8b-instruct,0.0,spatial,reasoning,59979242f2437bc604ba87e9af3dd80878837a3ad01436d110fca1191f1dc0bb
7177,llama-3.2-1b-instruct,0.0,spatial,reasoning,59979242f2437bc604ba87e9af3dd80878837a3ad01436d110fca1191f1dc0bb
7178,llama-3.2-3b-instruct,0.0,spatial,reasoning,59979242f2437bc604ba87e9af3dd80878837a3ad01436d110fca1191f1dc0bb
7179,mistral-24b,0.0,spatial,reasoning,59979242f2437bc604ba87e9af3dd80878837a3ad01436d110fca1191f1dc0bb
7180,mistral-7b,0.0,spatial,reasoning,59979242f2437bc604ba87e9af3dd80878837a3ad01436d110fca1191f1dc0bb
7181,qwen-2.5-3b-instruct,0.0,spatial,reasoning,59979242f2437bc604ba87e9af3dd80878837a3ad01436d110fca1191f1dc0bb
7182,qwen-32b,0.0,spatial,reasoning,59979242f2437bc604ba87e9af3dd80878837a3ad01436d110fca1191f1dc0bb
7183,gemma-3-12b-it,0.0,spatial,reasoning,5b17944d153f760cf4f5fe4aa39dd623740cc12a79e4bcbd37ca9fecb95661f6
7184,gemma-3-1b-it,0.0,spatial,reasoning,5b17944d153f760cf4f5fe4aa39dd623740cc12a79e4bcbd37ca9fecb95661f6
7185,gemma-3-4b-it,0.0,spatial,reasoning,5b17944d153f760cf4f5fe4aa39dd623740cc12a79e4bcbd37ca9fecb95661f6
7186,llama-3.1-70b-instruct,0.0,spatial,reasoning,5b17944d153f760cf4f5fe4aa39dd623740cc12a79e4bcbd37ca9fecb95661f6
7187,llama-3.1-8b-instruct,0.0,spatial,reasoning,5b17944d153f760cf4f5fe4aa39dd623740cc12a79e4bcbd37ca9fecb95661f6
7188,llama-3.2-1b-instruct,0.0,spatial,reasoning,5b17944d153f760cf4f5fe4aa39dd623740cc12a79e4bcbd37ca9fecb95661f6
7189,llama-3.2-3b-instruct,0.0,spatial,reasoning,5b17944d153f760cf4f5fe4aa39dd623740cc12a79e4bcbd37ca9fecb95661f6
7190,mistral-24b,0.0,spatial,reasoning,5b17944d153f760cf4f5fe4aa39dd623740cc12a79e4bcbd37ca9fecb95661f6
7191,mistral-7b,0.0,spatial,reasoning,5b17944d153f760cf4f5fe4aa39dd623740cc12a79e4bcbd37ca9fecb95661f6
7192,qwen-2.5-3b-instruct,0.0,spatial,reasoning,5b17944d153f760cf4f5fe4aa39dd623740cc12a79e4bcbd37ca9fecb95661f6
7193,qwen-32b,0.0,spatial,reasoning,5b17944d153f760cf4f5fe4aa39dd623740cc12a79e4bcbd37ca9fecb95661f6
7194,gemma-3-12b-it,0.0,spatial,reasoning,5b5d24ca717950268327ba8a8a14ebd116476e226be68ff3663d577df7fa3ed1
7195,gemma-3-1b-it,0.0,spatial,reasoning,5b5d24ca717950268327ba8a8a14ebd116476e226be68ff3663d577df7fa3ed1
7196,gemma-3-4b-it,0.0,spatial,reasoning,5b5d24ca717950268327ba8a8a14ebd116476e226be68ff3663d577df7fa3ed1
7197,llama-3.1-70b-instruct,0.0,spatial,reasoning,5b5d24ca717950268327ba8a8a14ebd116476e226be68ff3663d577df7fa3ed1
7198,llama-3.1-8b-instruct,0.0,spatial,reasoning,5b5d24ca717950268327ba8a8a14ebd116476e226be68ff3663d577df7fa3ed1
7199,llama-3.2-1b-instruct,0.0,spatial,reasoning,5b5d24ca717950268327ba8a8a14ebd116476e226be68ff3663d577df7fa3ed1
7200,llama-3.2-3b-instruct,0.0,spatial,reasoning,5b5d24ca717950268327ba8a8a14ebd116476e226be68ff3663d577df7fa3ed1
7201,mistral-24b,0.0,spatial,reasoning,5b5d24ca717950268327ba8a8a14ebd116476e226be68ff3663d577df7fa3ed1
7202,mistral-7b,0.0,spatial,reasoning,5b5d24ca717950268327ba8a8a14ebd116476e226be68ff3663d577df7fa3ed1
7203,qwen-2.5-3b-instruct,0.0,spatial,reasoning,5b5d24ca717950268327ba8a8a14ebd116476e226be68ff3663d577df7fa3ed1
7204,qwen-32b,100.0,spatial,reasoning,5b5d24ca717950268327ba8a8a14ebd116476e226be68ff3663d577df7fa3ed1
7205,gemma-3-12b-it,0.0,spatial,reasoning,63c3148d263be7b923efb3780bb2a9b612643870ecbe7a84892d016a42b31fb4
7206,gemma-3-1b-it,0.0,spatial,reasoning,63c3148d263be7b923efb3780bb2a9b612643870ecbe7a84892d016a42b31fb4
7207,gemma-3-4b-it,0.0,spatial,reasoning,63c3148d263be7b923efb3780bb2a9b612643870ecbe7a84892d016a42b31fb4
7208,llama-3.1-70b-instruct,0.0,spatial,reasoning,63c3148d263be7b923efb3780bb2a9b612643870ecbe7a84892d016a42b31fb4
7209,llama-3.1-8b-instruct,0.0,spatial,reasoning,63c3148d263be7b923efb3780bb2a9b612643870ecbe7a84892d016a42b31fb4
7210,llama-3.2-1b-instruct,0.0,spatial,reasoning,63c3148d263be7b923efb3780bb2a9b612643870ecbe7a84892d016a42b31fb4
7211,llama-3.2-3b-instruct,0.0,spatial,reasoning,63c3148d263be7b923efb3780bb2a9b612643870ecbe7a84892d016a42b31fb4
7212,mistral-24b,0.0,spatial,reasoning,63c3148d263be7b923efb3780bb2a9b612643870ecbe7a84892d016a42b31fb4
7213,mistral-7b,0.0,spatial,reasoning,63c3148d263be7b923efb3780bb2a9b612643870ecbe7a84892d016a42b31fb4
7214,qwen-2.5-3b-instruct,0.0,spatial,reasoning,63c3148d263be7b923efb3780bb2a9b612643870ecbe7a84892d016a42b31fb4
7215,qwen-32b,0.0,spatial,reasoning,63c3148d263be7b923efb3780bb2a9b612643870ecbe7a84892d016a42b31fb4
7216,gemma-3-12b-it,0.0,spatial,reasoning,6882b248e31a65f287a7a2ab617b31ebfed771511e730697ceb43f0b5a3dd067
7217,gemma-3-1b-it,0.0,spatial,reasoning,6882b248e31a65f287a7a2ab617b31ebfed771511e730697ceb43f0b5a3dd067
7218,gemma-3-4b-it,100.0,spatial,reasoning,6882b248e31a65f287a7a2ab617b31ebfed771511e730697ceb43f0b5a3dd067
7219,llama-3.1-70b-instruct,0.0,spatial,reasoning,6882b248e31a65f287a7a2ab617b31ebfed771511e730697ceb43f0b5a3dd067
7220,llama-3.1-8b-instruct,0.0,spatial,reasoning,6882b248e31a65f287a7a2ab617b31ebfed771511e730697ceb43f0b5a3dd067
7221,llama-3.2-1b-instruct,0.0,spatial,reasoning,6882b248e31a65f287a7a2ab617b31ebfed771511e730697ceb43f0b5a3dd067
7222,llama-3.2-3b-instruct,0.0,spatial,reasoning,6882b248e31a65f287a7a2ab617b31ebfed771511e730697ceb43f0b5a3dd067
7223,mistral-24b,0.0,spatial,reasoning,6882b248e31a65f287a7a2ab617b31ebfed771511e730697ceb43f0b5a3dd067
7224,mistral-7b,0.0,spatial,reasoning,6882b248e31a65f287a7a2ab617b31ebfed771511e730697ceb43f0b5a3dd067
7225,qwen-2.5-3b-instruct,0.0,spatial,reasoning,6882b248e31a65f287a7a2ab617b31ebfed771511e730697ceb43f0b5a3dd067
7226,qwen-32b,0.0,spatial,reasoning,6882b248e31a65f287a7a2ab617b31ebfed771511e730697ceb43f0b5a3dd067
7227,gemma-3-12b-it,100.0,spatial,reasoning,69f8b6614de6be6712544c2ee92e323be657baea3072e5d8fe2b61b3fde4b6d2
7228,gemma-3-1b-it,0.0,spatial,reasoning,69f8b6614de6be6712544c2ee92e323be657baea3072e5d8fe2b61b3fde4b6d2
7229,gemma-3-4b-it,0.0,spatial,reasoning,69f8b6614de6be6712544c2ee92e323be657baea3072e5d8fe2b61b3fde4b6d2
7230,llama-3.1-70b-instruct,100.0,spatial,reasoning,69f8b6614de6be6712544c2ee92e323be657baea3072e5d8fe2b61b3fde4b6d2
7231,llama-3.1-8b-instruct,100.0,spatial,reasoning,69f8b6614de6be6712544c2ee92e323be657baea3072e5d8fe2b61b3fde4b6d2
7232,llama-3.2-1b-instruct,0.0,spatial,reasoning,69f8b6614de6be6712544c2ee92e323be657baea3072e5d8fe2b61b3fde4b6d2
7233,llama-3.2-3b-instruct,100.0,spatial,reasoning,69f8b6614de6be6712544c2ee92e323be657baea3072e5d8fe2b61b3fde4b6d2
7234,mistral-24b,0.0,spatial,reasoning,69f8b6614de6be6712544c2ee92e323be657baea3072e5d8fe2b61b3fde4b6d2
7235,mistral-7b,0.0,spatial,reasoning,69f8b6614de6be6712544c2ee92e323be657baea3072e5d8fe2b61b3fde4b6d2
7236,qwen-2.5-3b-instruct,0.0,spatial,reasoning,69f8b6614de6be6712544c2ee92e323be657baea3072e5d8fe2b61b3fde4b6d2
7237,qwen-32b,0.0,spatial,reasoning,69f8b6614de6be6712544c2ee92e323be657baea3072e5d8fe2b61b3fde4b6d2
7238,gemma-3-12b-it,0.0,spatial,reasoning,6a4ca003d6cce2477e549d195b01bf093e37784a9566afc8239f5169e32e3818
7239,gemma-3-1b-it,0.0,spatial,reasoning,6a4ca003d6cce2477e549d195b01bf093e37784a9566afc8239f5169e32e3818
7240,gemma-3-4b-it,0.0,spatial,reasoning,6a4ca003d6cce2477e549d195b01bf093e37784a9566afc8239f5169e32e3818
7241,llama-3.1-70b-instruct,0.0,spatial,reasoning,6a4ca003d6cce2477e549d195b01bf093e37784a9566afc8239f5169e32e3818
7242,llama-3.1-8b-instruct,0.0,spatial,reasoning,6a4ca003d6cce2477e549d195b01bf093e37784a9566afc8239f5169e32e3818
7243,llama-3.2-1b-instruct,0.0,spatial,reasoning,6a4ca003d6cce2477e549d195b01bf093e37784a9566afc8239f5169e32e3818
7244,llama-3.2-3b-instruct,0.0,spatial,reasoning,6a4ca003d6cce2477e549d195b01bf093e37784a9566afc8239f5169e32e3818
7245,mistral-24b,0.0,spatial,reasoning,6a4ca003d6cce2477e549d195b01bf093e37784a9566afc8239f5169e32e3818
7246,mistral-7b,0.0,spatial,reasoning,6a4ca003d6cce2477e549d195b01bf093e37784a9566afc8239f5169e32e3818
7247,qwen-2.5-3b-instruct,0.0,spatial,reasoning,6a4ca003d6cce2477e549d195b01bf093e37784a9566afc8239f5169e32e3818
7248,qwen-32b,0.0,spatial,reasoning,6a4ca003d6cce2477e549d195b01bf093e37784a9566afc8239f5169e32e3818
7249,gemma-3-12b-it,0.0,spatial,reasoning,7c59f01508ae8297658af14d0af57e4d1eaf95bed6fb729d27de2c45faf61eef
7250,gemma-3-1b-it,0.0,spatial,reasoning,7c59f01508ae8297658af14d0af57e4d1eaf95bed6fb729d27de2c45faf61eef
7251,gemma-3-4b-it,0.0,spatial,reasoning,7c59f01508ae8297658af14d0af57e4d1eaf95bed6fb729d27de2c45faf61eef
7252,llama-3.1-70b-instruct,100.0,spatial,reasoning,7c59f01508ae8297658af14d0af57e4d1eaf95bed6fb729d27de2c45faf61eef
7253,llama-3.1-8b-instruct,0.0,spatial,reasoning,7c59f01508ae8297658af14d0af57e4d1eaf95bed6fb729d27de2c45faf61eef
7254,llama-3.2-1b-instruct,0.0,spatial,reasoning,7c59f01508ae8297658af14d0af57e4d1eaf95bed6fb729d27de2c45faf61eef
7255,llama-3.2-3b-instruct,0.0,spatial,reasoning,7c59f01508ae8297658af14d0af57e4d1eaf95bed6fb729d27de2c45faf61eef
7256,mistral-24b,100.0,spatial,reasoning,7c59f01508ae8297658af14d0af57e4d1eaf95bed6fb729d27de2c45faf61eef
7257,mistral-7b,0.0,spatial,reasoning,7c59f01508ae8297658af14d0af57e4d1eaf95bed6fb729d27de2c45faf61eef
7258,qwen-2.5-3b-instruct,0.0,spatial,reasoning,7c59f01508ae8297658af14d0af57e4d1eaf95bed6fb729d27de2c45faf61eef
7259,qwen-32b,100.0,spatial,reasoning,7c59f01508ae8297658af14d0af57e4d1eaf95bed6fb729d27de2c45faf61eef
7260,gemma-3-12b-it,0.0,spatial,reasoning,92e4b2cc3b6a16e3e4ad52e89731bd602cb5bf42c884c540981284b28a415929
7261,gemma-3-1b-it,0.0,spatial,reasoning,92e4b2cc3b6a16e3e4ad52e89731bd602cb5bf42c884c540981284b28a415929
7262,gemma-3-4b-it,0.0,spatial,reasoning,92e4b2cc3b6a16e3e4ad52e89731bd602cb5bf42c884c540981284b28a415929
7263,llama-3.1-70b-instruct,0.0,spatial,reasoning,92e4b2cc3b6a16e3e4ad52e89731bd602cb5bf42c884c540981284b28a415929
7264,llama-3.1-8b-instruct,0.0,spatial,reasoning,92e4b2cc3b6a16e3e4ad52e89731bd602cb5bf42c884c540981284b28a415929
7265,llama-3.2-1b-instruct,0.0,spatial,reasoning,92e4b2cc3b6a16e3e4ad52e89731bd602cb5bf42c884c540981284b28a415929
7266,llama-3.2-3b-instruct,0.0,spatial,reasoning,92e4b2cc3b6a16e3e4ad52e89731bd602cb5bf42c884c540981284b28a415929
7267,mistral-24b,0.0,spatial,reasoning,92e4b2cc3b6a16e3e4ad52e89731bd602cb5bf42c884c540981284b28a415929
7268,mistral-7b,0.0,spatial,reasoning,92e4b2cc3b6a16e3e4ad52e89731bd602cb5bf42c884c540981284b28a415929
7269,qwen-2.5-3b-instruct,0.0,spatial,reasoning,92e4b2cc3b6a16e3e4ad52e89731bd602cb5bf42c884c540981284b28a415929
7270,qwen-32b,0.0,spatial,reasoning,92e4b2cc3b6a16e3e4ad52e89731bd602cb5bf42c884c540981284b28a415929
7271,gemma-3-12b-it,0.0,spatial,reasoning,95ef46b58759a1595006301bebb7be5edff15ad5fcaec453d3483c6d8d554b10
7272,gemma-3-1b-it,0.0,spatial,reasoning,95ef46b58759a1595006301bebb7be5edff15ad5fcaec453d3483c6d8d554b10
7273,gemma-3-4b-it,100.0,spatial,reasoning,95ef46b58759a1595006301bebb7be5edff15ad5fcaec453d3483c6d8d554b10
7274,llama-3.1-70b-instruct,0.0,spatial,reasoning,95ef46b58759a1595006301bebb7be5edff15ad5fcaec453d3483c6d8d554b10
7275,llama-3.1-8b-instruct,0.0,spatial,reasoning,95ef46b58759a1595006301bebb7be5edff15ad5fcaec453d3483c6d8d554b10
7276,llama-3.2-1b-instruct,0.0,spatial,reasoning,95ef46b58759a1595006301bebb7be5edff15ad5fcaec453d3483c6d8d554b10
7277,llama-3.2-3b-instruct,0.0,spatial,reasoning,95ef46b58759a1595006301bebb7be5edff15ad5fcaec453d3483c6d8d554b10
7278,mistral-24b,0.0,spatial,reasoning,95ef46b58759a1595006301bebb7be5edff15ad5fcaec453d3483c6d8d554b10
7279,mistral-7b,0.0,spatial,reasoning,95ef46b58759a1595006301bebb7be5edff15ad5fcaec453d3483c6d8d554b10
7280,qwen-2.5-3b-instruct,0.0,spatial,reasoning,95ef46b58759a1595006301bebb7be5edff15ad5fcaec453d3483c6d8d554b10
7281,qwen-32b,0.0,spatial,reasoning,95ef46b58759a1595006301bebb7be5edff15ad5fcaec453d3483c6d8d554b10
7282,gemma-3-12b-it,0.0,spatial,reasoning,9c7c693083342fc0622081516bebd935c7b1d08f3bea9969944d1ef2bf5864fc
7283,gemma-3-1b-it,0.0,spatial,reasoning,9c7c693083342fc0622081516bebd935c7b1d08f3bea9969944d1ef2bf5864fc
7284,gemma-3-4b-it,100.0,spatial,reasoning,9c7c693083342fc0622081516bebd935c7b1d08f3bea9969944d1ef2bf5864fc
7285,llama-3.1-70b-instruct,0.0,spatial,reasoning,9c7c693083342fc0622081516bebd935c7b1d08f3bea9969944d1ef2bf5864fc
7286,llama-3.1-8b-instruct,0.0,spatial,reasoning,9c7c693083342fc0622081516bebd935c7b1d08f3bea9969944d1ef2bf5864fc
7287,llama-3.2-1b-instruct,0.0,spatial,reasoning,9c7c693083342fc0622081516bebd935c7b1d08f3bea9969944d1ef2bf5864fc
7288,llama-3.2-3b-instruct,0.0,spatial,reasoning,9c7c693083342fc0622081516bebd935c7b1d08f3bea9969944d1ef2bf5864fc
7289,mistral-24b,100.0,spatial,reasoning,9c7c693083342fc0622081516bebd935c7b1d08f3bea9969944d1ef2bf5864fc
7290,mistral-7b,100.0,spatial,reasoning,9c7c693083342fc0622081516bebd935c7b1d08f3bea9969944d1ef2bf5864fc
7291,qwen-2.5-3b-instruct,0.0,spatial,reasoning,9c7c693083342fc0622081516bebd935c7b1d08f3bea9969944d1ef2bf5864fc
7292,qwen-32b,100.0,spatial,reasoning,9c7c693083342fc0622081516bebd935c7b1d08f3bea9969944d1ef2bf5864fc
7293,gemma-3-12b-it,0.0,spatial,reasoning,a0383235b91e3e448468d0764fedb901f39a8c7855b214ba364e6956722c89cf
7294,gemma-3-1b-it,0.0,spatial,reasoning,a0383235b91e3e448468d0764fedb901f39a8c7855b214ba364e6956722c89cf
7295,gemma-3-4b-it,0.0,spatial,reasoning,a0383235b91e3e448468d0764fedb901f39a8c7855b214ba364e6956722c89cf
7296,llama-3.1-70b-instruct,0.0,spatial,reasoning,a0383235b91e3e448468d0764fedb901f39a8c7855b214ba364e6956722c89cf
7297,llama-3.1-8b-instruct,0.0,spatial,reasoning,a0383235b91e3e448468d0764fedb901f39a8c7855b214ba364e6956722c89cf
7298,llama-3.2-1b-instruct,0.0,spatial,reasoning,a0383235b91e3e448468d0764fedb901f39a8c7855b214ba364e6956722c89cf
7299,llama-3.2-3b-instruct,0.0,spatial,reasoning,a0383235b91e3e448468d0764fedb901f39a8c7855b214ba364e6956722c89cf
7300,mistral-24b,0.0,spatial,reasoning,a0383235b91e3e448468d0764fedb901f39a8c7855b214ba364e6956722c89cf
7301,mistral-7b,0.0,spatial,reasoning,a0383235b91e3e448468d0764fedb901f39a8c7855b214ba364e6956722c89cf
7302,qwen-2.5-3b-instruct,0.0,spatial,reasoning,a0383235b91e3e448468d0764fedb901f39a8c7855b214ba364e6956722c89cf
7303,qwen-32b,0.0,spatial,reasoning,a0383235b91e3e448468d0764fedb901f39a8c7855b214ba364e6956722c89cf
7304,gemma-3-12b-it,0.0,spatial,reasoning,a07f06973712c26654d728911aaef7046af825e1d449c731aa7af32a94d9cbd1
7305,gemma-3-1b-it,0.0,spatial,reasoning,a07f06973712c26654d728911aaef7046af825e1d449c731aa7af32a94d9cbd1
7306,gemma-3-4b-it,0.0,spatial,reasoning,a07f06973712c26654d728911aaef7046af825e1d449c731aa7af32a94d9cbd1
7307,llama-3.1-70b-instruct,0.0,spatial,reasoning,a07f06973712c26654d728911aaef7046af825e1d449c731aa7af32a94d9cbd1
7308,llama-3.1-8b-instruct,0.0,spatial,reasoning,a07f06973712c26654d728911aaef7046af825e1d449c731aa7af32a94d9cbd1
7309,llama-3.2-1b-instruct,0.0,spatial,reasoning,a07f06973712c26654d728911aaef7046af825e1d449c731aa7af32a94d9cbd1
7310,llama-3.2-3b-instruct,0.0,spatial,reasoning,a07f06973712c26654d728911aaef7046af825e1d449c731aa7af32a94d9cbd1
7311,mistral-24b,0.0,spatial,reasoning,a07f06973712c26654d728911aaef7046af825e1d449c731aa7af32a94d9cbd1
7312,mistral-7b,0.0,spatial,reasoning,a07f06973712c26654d728911aaef7046af825e1d449c731aa7af32a94d9cbd1
7313,qwen-2.5-3b-instruct,0.0,spatial,reasoning,a07f06973712c26654d728911aaef7046af825e1d449c731aa7af32a94d9cbd1
7314,qwen-32b,0.0,spatial,reasoning,a07f06973712c26654d728911aaef7046af825e1d449c731aa7af32a94d9cbd1
7315,gemma-3-12b-it,100.0,spatial,reasoning,a0f4b0be2055ef97c455771f2de3eb3f41c9018603d96c93225be734b70dcdce
7316,gemma-3-1b-it,0.0,spatial,reasoning,a0f4b0be2055ef97c455771f2de3eb3f41c9018603d96c93225be734b70dcdce
7317,gemma-3-4b-it,0.0,spatial,reasoning,a0f4b0be2055ef97c455771f2de3eb3f41c9018603d96c93225be734b70dcdce
7318,llama-3.1-70b-instruct,0.0,spatial,reasoning,a0f4b0be2055ef97c455771f2de3eb3f41c9018603d96c93225be734b70dcdce
7319,llama-3.1-8b-instruct,0.0,spatial,reasoning,a0f4b0be2055ef97c455771f2de3eb3f41c9018603d96c93225be734b70dcdce
7320,llama-3.2-1b-instruct,0.0,spatial,reasoning,a0f4b0be2055ef97c455771f2de3eb3f41c9018603d96c93225be734b70dcdce
7321,llama-3.2-3b-instruct,0.0,spatial,reasoning,a0f4b0be2055ef97c455771f2de3eb3f41c9018603d96c93225be734b70dcdce
7322,mistral-24b,100.0,spatial,reasoning,a0f4b0be2055ef97c455771f2de3eb3f41c9018603d96c93225be734b70dcdce
7323,mistral-7b,100.0,spatial,reasoning,a0f4b0be2055ef97c455771f2de3eb3f41c9018603d96c93225be734b70dcdce
7324,qwen-2.5-3b-instruct,0.0,spatial,reasoning,a0f4b0be2055ef97c455771f2de3eb3f41c9018603d96c93225be734b70dcdce
7325,qwen-32b,0.0,spatial,reasoning,a0f4b0be2055ef97c455771f2de3eb3f41c9018603d96c93225be734b70dcdce
7326,gemma-3-12b-it,100.0,spatial,reasoning,a168a29cf1565ab72ef24b88e68655b3ef4320bba13fbd8be2cb947abf1a3159
7327,gemma-3-1b-it,0.0,spatial,reasoning,a168a29cf1565ab72ef24b88e68655b3ef4320bba13fbd8be2cb947abf1a3159
7328,gemma-3-4b-it,100.0,spatial,reasoning,a168a29cf1565ab72ef24b88e68655b3ef4320bba13fbd8be2cb947abf1a3159
7329,llama-3.1-70b-instruct,100.0,spatial,reasoning,a168a29cf1565ab72ef24b88e68655b3ef4320bba13fbd8be2cb947abf1a3159
7330,llama-3.1-8b-instruct,100.0,spatial,reasoning,a168a29cf1565ab72ef24b88e68655b3ef4320bba13fbd8be2cb947abf1a3159
7331,llama-3.2-1b-instruct,100.0,spatial,reasoning,a168a29cf1565ab72ef24b88e68655b3ef4320bba13fbd8be2cb947abf1a3159
7332,llama-3.2-3b-instruct,100.0,spatial,reasoning,a168a29cf1565ab72ef24b88e68655b3ef4320bba13fbd8be2cb947abf1a3159
7333,mistral-24b,100.0,spatial,reasoning,a168a29cf1565ab72ef24b88e68655b3ef4320bba13fbd8be2cb947abf1a3159
7334,mistral-7b,100.0,spatial,reasoning,a168a29cf1565ab72ef24b88e68655b3ef4320bba13fbd8be2cb947abf1a3159
7335,qwen-2.5-3b-instruct,100.0,spatial,reasoning,a168a29cf1565ab72ef24b88e68655b3ef4320bba13fbd8be2cb947abf1a3159
7336,qwen-32b,100.0,spatial,reasoning,a168a29cf1565ab72ef24b88e68655b3ef4320bba13fbd8be2cb947abf1a3159
7337,gemma-3-12b-it,0.0,spatial,reasoning,a62d773cf471eb77fefc4ae5ad852b13bd561ef41bfd1d7260ca08e8ee67be6a
7338,gemma-3-1b-it,0.0,spatial,reasoning,a62d773cf471eb77fefc4ae5ad852b13bd561ef41bfd1d7260ca08e8ee67be6a
7339,gemma-3-4b-it,0.0,spatial,reasoning,a62d773cf471eb77fefc4ae5ad852b13bd561ef41bfd1d7260ca08e8ee67be6a
7340,llama-3.1-70b-instruct,0.0,spatial,reasoning,a62d773cf471eb77fefc4ae5ad852b13bd561ef41bfd1d7260ca08e8ee67be6a
7341,llama-3.1-8b-instruct,0.0,spatial,reasoning,a62d773cf471eb77fefc4ae5ad852b13bd561ef41bfd1d7260ca08e8ee67be6a
7342,llama-3.2-1b-instruct,0.0,spatial,reasoning,a62d773cf471eb77fefc4ae5ad852b13bd561ef41bfd1d7260ca08e8ee67be6a
7343,llama-3.2-3b-instruct,0.0,spatial,reasoning,a62d773cf471eb77fefc4ae5ad852b13bd561ef41bfd1d7260ca08e8ee67be6a
7344,mistral-24b,0.0,spatial,reasoning,a62d773cf471eb77fefc4ae5ad852b13bd561ef41bfd1d7260ca08e8ee67be6a
7345,mistral-7b,0.0,spatial,reasoning,a62d773cf471eb77fefc4ae5ad852b13bd561ef41bfd1d7260ca08e8ee67be6a
7346,qwen-2.5-3b-instruct,0.0,spatial,reasoning,a62d773cf471eb77fefc4ae5ad852b13bd561ef41bfd1d7260ca08e8ee67be6a
7347,qwen-32b,0.0,spatial,reasoning,a62d773cf471eb77fefc4ae5ad852b13bd561ef41bfd1d7260ca08e8ee67be6a
7348,gemma-3-12b-it,100.0,spatial,reasoning,b7d1f1dff19c7a17f5bed438461607ab663b76b783a55ccdd2b5efb2236c4831
7349,gemma-3-1b-it,0.0,spatial,reasoning,b7d1f1dff19c7a17f5bed438461607ab663b76b783a55ccdd2b5efb2236c4831
7350,gemma-3-4b-it,0.0,spatial,reasoning,b7d1f1dff19c7a17f5bed438461607ab663b76b783a55ccdd2b5efb2236c4831
7351,llama-3.1-70b-instruct,100.0,spatial,reasoning,b7d1f1dff19c7a17f5bed438461607ab663b76b783a55ccdd2b5efb2236c4831
7352,llama-3.1-8b-instruct,0.0,spatial,reasoning,b7d1f1dff19c7a17f5bed438461607ab663b76b783a55ccdd2b5efb2236c4831
7353,llama-3.2-1b-instruct,100.0,spatial,reasoning,b7d1f1dff19c7a17f5bed438461607ab663b76b783a55ccdd2b5efb2236c4831
7354,llama-3.2-3b-instruct,100.0,spatial,reasoning,b7d1f1dff19c7a17f5bed438461607ab663b76b783a55ccdd2b5efb2236c4831
7355,mistral-24b,0.0,spatial,reasoning,b7d1f1dff19c7a17f5bed438461607ab663b76b783a55ccdd2b5efb2236c4831
7356,mistral-7b,0.0,spatial,reasoning,b7d1f1dff19c7a17f5bed438461607ab663b76b783a55ccdd2b5efb2236c4831
7357,qwen-2.5-3b-instruct,100.0,spatial,reasoning,b7d1f1dff19c7a17f5bed438461607ab663b76b783a55ccdd2b5efb2236c4831
7358,qwen-32b,0.0,spatial,reasoning,b7d1f1dff19c7a17f5bed438461607ab663b76b783a55ccdd2b5efb2236c4831
7359,gemma-3-12b-it,0.0,spatial,reasoning,bcb1f6fe1bb7acd221fff096a8c7158773496ea55c73c5cfd735bd0a8bacc6f1
7360,gemma-3-1b-it,100.0,spatial,reasoning,bcb1f6fe1bb7acd221fff096a8c7158773496ea55c73c5cfd735bd0a8bacc6f1
7361,gemma-3-4b-it,0.0,spatial,reasoning,bcb1f6fe1bb7acd221fff096a8c7158773496ea55c73c5cfd735bd0a8bacc6f1
7362,llama-3.1-70b-instruct,0.0,spatial,reasoning,bcb1f6fe1bb7acd221fff096a8c7158773496ea55c73c5cfd735bd0a8bacc6f1
7363,llama-3.1-8b-instruct,0.0,spatial,reasoning,bcb1f6fe1bb7acd221fff096a8c7158773496ea55c73c5cfd735bd0a8bacc6f1
7364,llama-3.2-1b-instruct,0.0,spatial,reasoning,bcb1f6fe1bb7acd221fff096a8c7158773496ea55c73c5cfd735bd0a8bacc6f1
7365,llama-3.2-3b-instruct,0.0,spatial,reasoning,bcb1f6fe1bb7acd221fff096a8c7158773496ea55c73c5cfd735bd0a8bacc6f1
7366,mistral-24b,0.0,spatial,reasoning,bcb1f6fe1bb7acd221fff096a8c7158773496ea55c73c5cfd735bd0a8bacc6f1
7367,mistral-7b,0.0,spatial,reasoning,bcb1f6fe1bb7acd221fff096a8c7158773496ea55c73c5cfd735bd0a8bacc6f1
7368,qwen-2.5-3b-instruct,0.0,spatial,reasoning,bcb1f6fe1bb7acd221fff096a8c7158773496ea55c73c5cfd735bd0a8bacc6f1
7369,qwen-32b,100.0,spatial,reasoning,bcb1f6fe1bb7acd221fff096a8c7158773496ea55c73c5cfd735bd0a8bacc6f1
7370,gemma-3-12b-it,100.0,spatial,reasoning,c8f81f9118ead46ae1d37dbfbecd6cbad05b5f2616aac56363cb16a283ab04c4
7371,gemma-3-1b-it,0.0,spatial,reasoning,c8f81f9118ead46ae1d37dbfbecd6cbad05b5f2616aac56363cb16a283ab04c4
7372,gemma-3-4b-it,0.0,spatial,reasoning,c8f81f9118ead46ae1d37dbfbecd6cbad05b5f2616aac56363cb16a283ab04c4
7373,llama-3.1-70b-instruct,100.0,spatial,reasoning,c8f81f9118ead46ae1d37dbfbecd6cbad05b5f2616aac56363cb16a283ab04c4
7374,llama-3.1-8b-instruct,0.0,spatial,reasoning,c8f81f9118ead46ae1d37dbfbecd6cbad05b5f2616aac56363cb16a283ab04c4
7375,llama-3.2-1b-instruct,0.0,spatial,reasoning,c8f81f9118ead46ae1d37dbfbecd6cbad05b5f2616aac56363cb16a283ab04c4
7376,llama-3.2-3b-instruct,0.0,spatial,reasoning,c8f81f9118ead46ae1d37dbfbecd6cbad05b5f2616aac56363cb16a283ab04c4
7377,mistral-24b,100.0,spatial,reasoning,c8f81f9118ead46ae1d37dbfbecd6cbad05b5f2616aac56363cb16a283ab04c4
7378,mistral-7b,0.0,spatial,reasoning,c8f81f9118ead46ae1d37dbfbecd6cbad05b5f2616aac56363cb16a283ab04c4
7379,qwen-2.5-3b-instruct,0.0,spatial,reasoning,c8f81f9118ead46ae1d37dbfbecd6cbad05b5f2616aac56363cb16a283ab04c4
7380,qwen-32b,100.0,spatial,reasoning,c8f81f9118ead46ae1d37dbfbecd6cbad05b5f2616aac56363cb16a283ab04c4
7381,gemma-3-12b-it,100.0,spatial,reasoning,caa1f15441c6447837f1d338425902b745a7181492776ebafd41b9a56ffbbfd7
7382,gemma-3-1b-it,0.0,spatial,reasoning,caa1f15441c6447837f1d338425902b745a7181492776ebafd41b9a56ffbbfd7
7383,gemma-3-4b-it,0.0,spatial,reasoning,caa1f15441c6447837f1d338425902b745a7181492776ebafd41b9a56ffbbfd7
7384,llama-3.1-70b-instruct,0.0,spatial,reasoning,caa1f15441c6447837f1d338425902b745a7181492776ebafd41b9a56ffbbfd7
7385,llama-3.1-8b-instruct,0.0,spatial,reasoning,caa1f15441c6447837f1d338425902b745a7181492776ebafd41b9a56ffbbfd7
7386,llama-3.2-1b-instruct,100.0,spatial,reasoning,caa1f15441c6447837f1d338425902b745a7181492776ebafd41b9a56ffbbfd7
7387,llama-3.2-3b-instruct,0.0,spatial,reasoning,caa1f15441c6447837f1d338425902b745a7181492776ebafd41b9a56ffbbfd7
7388,mistral-24b,100.0,spatial,reasoning,caa1f15441c6447837f1d338425902b745a7181492776ebafd41b9a56ffbbfd7
7389,mistral-7b,0.0,spatial,reasoning,caa1f15441c6447837f1d338425902b745a7181492776ebafd41b9a56ffbbfd7
7390,qwen-2.5-3b-instruct,0.0,spatial,reasoning,caa1f15441c6447837f1d338425902b745a7181492776ebafd41b9a56ffbbfd7
7391,qwen-32b,100.0,spatial,reasoning,caa1f15441c6447837f1d338425902b745a7181492776ebafd41b9a56ffbbfd7
7392,gemma-3-12b-it,0.0,spatial,reasoning,cc2313de96fe497b3d86c658a16621644ccc3549b3fad07dd885e13c32cc85fa
7393,gemma-3-1b-it,0.0,spatial,reasoning,cc2313de96fe497b3d86c658a16621644ccc3549b3fad07dd885e13c32cc85fa
7394,gemma-3-4b-it,0.0,spatial,reasoning,cc2313de96fe497b3d86c658a16621644ccc3549b3fad07dd885e13c32cc85fa
7395,llama-3.1-70b-instruct,0.0,spatial,reasoning,cc2313de96fe497b3d86c658a16621644ccc3549b3fad07dd885e13c32cc85fa
7396,llama-3.1-8b-instruct,0.0,spatial,reasoning,cc2313de96fe497b3d86c658a16621644ccc3549b3fad07dd885e13c32cc85fa
7397,llama-3.2-1b-instruct,0.0,spatial,reasoning,cc2313de96fe497b3d86c658a16621644ccc3549b3fad07dd885e13c32cc85fa
7398,llama-3.2-3b-instruct,0.0,spatial,reasoning,cc2313de96fe497b3d86c658a16621644ccc3549b3fad07dd885e13c32cc85fa
7399,mistral-24b,0.0,spatial,reasoning,cc2313de96fe497b3d86c658a16621644ccc3549b3fad07dd885e13c32cc85fa
7400,mistral-7b,0.0,spatial,reasoning,cc2313de96fe497b3d86c658a16621644ccc3549b3fad07dd885e13c32cc85fa
7401,qwen-2.5-3b-instruct,0.0,spatial,reasoning,cc2313de96fe497b3d86c658a16621644ccc3549b3fad07dd885e13c32cc85fa
7402,qwen-32b,0.0,spatial,reasoning,cc2313de96fe497b3d86c658a16621644ccc3549b3fad07dd885e13c32cc85fa
7403,gemma-3-12b-it,100.0,spatial,reasoning,d968c11d5c594e036b8cdcb02bfd1e3251d48d1b21d8a6f9ab86eb6926ac50f8
7404,gemma-3-1b-it,0.0,spatial,reasoning,d968c11d5c594e036b8cdcb02bfd1e3251d48d1b21d8a6f9ab86eb6926ac50f8
7405,gemma-3-4b-it,0.0,spatial,reasoning,d968c11d5c594e036b8cdcb02bfd1e3251d48d1b21d8a6f9ab86eb6926ac50f8
7406,llama-3.1-70b-instruct,100.0,spatial,reasoning,d968c11d5c594e036b8cdcb02bfd1e3251d48d1b21d8a6f9ab86eb6926ac50f8
7407,llama-3.1-8b-instruct,0.0,spatial,reasoning,d968c11d5c594e036b8cdcb02bfd1e3251d48d1b21d8a6f9ab86eb6926ac50f8
7408,llama-3.2-1b-instruct,0.0,spatial,reasoning,d968c11d5c594e036b8cdcb02bfd1e3251d48d1b21d8a6f9ab86eb6926ac50f8
7409,llama-3.2-3b-instruct,0.0,spatial,reasoning,d968c11d5c594e036b8cdcb02bfd1e3251d48d1b21d8a6f9ab86eb6926ac50f8
7410,mistral-24b,0.0,spatial,reasoning,d968c11d5c594e036b8cdcb02bfd1e3251d48d1b21d8a6f9ab86eb6926ac50f8
7411,mistral-7b,0.0,spatial,reasoning,d968c11d5c594e036b8cdcb02bfd1e3251d48d1b21d8a6f9ab86eb6926ac50f8
7412,qwen-2.5-3b-instruct,0.0,spatial,reasoning,d968c11d5c594e036b8cdcb02bfd1e3251d48d1b21d8a6f9ab86eb6926ac50f8
7413,qwen-32b,100.0,spatial,reasoning,d968c11d5c594e036b8cdcb02bfd1e3251d48d1b21d8a6f9ab86eb6926ac50f8
7414,gemma-3-12b-it,100.0,spatial,reasoning,e0df6bab9a48ea72072778dc1f8a804810438529347c88b5028b15045b20a203
7415,gemma-3-1b-it,0.0,spatial,reasoning,e0df6bab9a48ea72072778dc1f8a804810438529347c88b5028b15045b20a203
7416,gemma-3-4b-it,0.0,spatial,reasoning,e0df6bab9a48ea72072778dc1f8a804810438529347c88b5028b15045b20a203
7417,llama-3.1-70b-instruct,100.0,spatial,reasoning,e0df6bab9a48ea72072778dc1f8a804810438529347c88b5028b15045b20a203
7418,llama-3.1-8b-instruct,0.0,spatial,reasoning,e0df6bab9a48ea72072778dc1f8a804810438529347c88b5028b15045b20a203
7419,llama-3.2-1b-instruct,0.0,spatial,reasoning,e0df6bab9a48ea72072778dc1f8a804810438529347c88b5028b15045b20a203
7420,llama-3.2-3b-instruct,0.0,spatial,reasoning,e0df6bab9a48ea72072778dc1f8a804810438529347c88b5028b15045b20a203
7421,mistral-24b,0.0,spatial,reasoning,e0df6bab9a48ea72072778dc1f8a804810438529347c88b5028b15045b20a203
7422,mistral-7b,100.0,spatial,reasoning,e0df6bab9a48ea72072778dc1f8a804810438529347c88b5028b15045b20a203
7423,qwen-2.5-3b-instruct,0.0,spatial,reasoning,e0df6bab9a48ea72072778dc1f8a804810438529347c88b5028b15045b20a203
7424,qwen-32b,0.0,spatial,reasoning,e0df6bab9a48ea72072778dc1f8a804810438529347c88b5028b15045b20a203
7425,gemma-3-12b-it,100.0,spatial,reasoning,e8611ce738371fd1511c383176633a79942e685cf52cdf8a89b0daa138d28463
7426,gemma-3-1b-it,0.0,spatial,reasoning,e8611ce738371fd1511c383176633a79942e685cf52cdf8a89b0daa138d28463
7427,gemma-3-4b-it,0.0,spatial,reasoning,e8611ce738371fd1511c383176633a79942e685cf52cdf8a89b0daa138d28463
7428,llama-3.1-70b-instruct,100.0,spatial,reasoning,e8611ce738371fd1511c383176633a79942e685cf52cdf8a89b0daa138d28463
7429,llama-3.1-8b-instruct,0.0,spatial,reasoning,e8611ce738371fd1511c383176633a79942e685cf52cdf8a89b0daa138d28463
7430,llama-3.2-1b-instruct,0.0,spatial,reasoning,e8611ce738371fd1511c383176633a79942e685cf52cdf8a89b0daa138d28463
7431,llama-3.2-3b-instruct,0.0,spatial,reasoning,e8611ce738371fd1511c383176633a79942e685cf52cdf8a89b0daa138d28463
7432,mistral-24b,100.0,spatial,reasoning,e8611ce738371fd1511c383176633a79942e685cf52cdf8a89b0daa138d28463
7433,mistral-7b,0.0,spatial,reasoning,e8611ce738371fd1511c383176633a79942e685cf52cdf8a89b0daa138d28463
7434,qwen-2.5-3b-instruct,0.0,spatial,reasoning,e8611ce738371fd1511c383176633a79942e685cf52cdf8a89b0daa138d28463
7435,qwen-32b,100.0,spatial,reasoning,e8611ce738371fd1511c383176633a79942e685cf52cdf8a89b0daa138d28463
7436,gemma-3-12b-it,0.0,spatial,reasoning,efb9d081389f7fe028eb9a801d6751ab5cc6a2f4d09e21e1ca6c893e9b8f2fc5
7437,gemma-3-1b-it,0.0,spatial,reasoning,efb9d081389f7fe028eb9a801d6751ab5cc6a2f4d09e21e1ca6c893e9b8f2fc5
7438,gemma-3-4b-it,0.0,spatial,reasoning,efb9d081389f7fe028eb9a801d6751ab5cc6a2f4d09e21e1ca6c893e9b8f2fc5
7439,llama-3.1-70b-instruct,0.0,spatial,reasoning,efb9d081389f7fe028eb9a801d6751ab5cc6a2f4d09e21e1ca6c893e9b8f2fc5
7440,llama-3.1-8b-instruct,0.0,spatial,reasoning,efb9d081389f7fe028eb9a801d6751ab5cc6a2f4d09e21e1ca6c893e9b8f2fc5
7441,llama-3.2-1b-instruct,0.0,spatial,reasoning,efb9d081389f7fe028eb9a801d6751ab5cc6a2f4d09e21e1ca6c893e9b8f2fc5
7442,llama-3.2-3b-instruct,0.0,spatial,reasoning,efb9d081389f7fe028eb9a801d6751ab5cc6a2f4d09e21e1ca6c893e9b8f2fc5
7443,mistral-24b,0.0,spatial,reasoning,efb9d081389f7fe028eb9a801d6751ab5cc6a2f4d09e21e1ca6c893e9b8f2fc5
7444,mistral-7b,0.0,spatial,reasoning,efb9d081389f7fe028eb9a801d6751ab5cc6a2f4d09e21e1ca6c893e9b8f2fc5
7445,qwen-2.5-3b-instruct,0.0,spatial,reasoning,efb9d081389f7fe028eb9a801d6751ab5cc6a2f4d09e21e1ca6c893e9b8f2fc5
7446,qwen-32b,0.0,spatial,reasoning,efb9d081389f7fe028eb9a801d6751ab5cc6a2f4d09e21e1ca6c893e9b8f2fc5
7447,gemma-3-12b-it,0.0,spatial,reasoning,f2a76bdd345c47700ec8b8df974d871d3f2102114c24933b6da249af92ee7f33
7448,gemma-3-1b-it,0.0,spatial,reasoning,f2a76bdd345c47700ec8b8df974d871d3f2102114c24933b6da249af92ee7f33
7449,gemma-3-4b-it,0.0,spatial,reasoning,f2a76bdd345c47700ec8b8df974d871d3f2102114c24933b6da249af92ee7f33
7450,llama-3.1-70b-instruct,0.0,spatial,reasoning,f2a76bdd345c47700ec8b8df974d871d3f2102114c24933b6da249af92ee7f33
7451,llama-3.1-8b-instruct,0.0,spatial,reasoning,f2a76bdd345c47700ec8b8df974d871d3f2102114c24933b6da249af92ee7f33
7452,llama-3.2-1b-instruct,0.0,spatial,reasoning,f2a76bdd345c47700ec8b8df974d871d3f2102114c24933b6da249af92ee7f33
7453,llama-3.2-3b-instruct,100.0,spatial,reasoning,f2a76bdd345c47700ec8b8df974d871d3f2102114c24933b6da249af92ee7f33
7454,mistral-24b,0.0,spatial,reasoning,f2a76bdd345c47700ec8b8df974d871d3f2102114c24933b6da249af92ee7f33
7455,mistral-7b,100.0,spatial,reasoning,f2a76bdd345c47700ec8b8df974d871d3f2102114c24933b6da249af92ee7f33
7456,qwen-2.5-3b-instruct,0.0,spatial,reasoning,f2a76bdd345c47700ec8b8df974d871d3f2102114c24933b6da249af92ee7f33
7457,qwen-32b,0.0,spatial,reasoning,f2a76bdd345c47700ec8b8df974d871d3f2102114c24933b6da249af92ee7f33
7458,gemma-3-12b-it,0.0,spatial,reasoning,f32bae4c10c136c2e8c1180b6bd43c70aeb916935ff767779d95b3093354dd5b
7459,gemma-3-1b-it,0.0,spatial,reasoning,f32bae4c10c136c2e8c1180b6bd43c70aeb916935ff767779d95b3093354dd5b
7460,gemma-3-4b-it,0.0,spatial,reasoning,f32bae4c10c136c2e8c1180b6bd43c70aeb916935ff767779d95b3093354dd5b
7461,llama-3.1-70b-instruct,0.0,spatial,reasoning,f32bae4c10c136c2e8c1180b6bd43c70aeb916935ff767779d95b3093354dd5b
7462,llama-3.1-8b-instruct,0.0,spatial,reasoning,f32bae4c10c136c2e8c1180b6bd43c70aeb916935ff767779d95b3093354dd5b
7463,llama-3.2-1b-instruct,0.0,spatial,reasoning,f32bae4c10c136c2e8c1180b6bd43c70aeb916935ff767779d95b3093354dd5b
7464,llama-3.2-3b-instruct,0.0,spatial,reasoning,f32bae4c10c136c2e8c1180b6bd43c70aeb916935ff767779d95b3093354dd5b
7465,mistral-24b,0.0,spatial,reasoning,f32bae4c10c136c2e8c1180b6bd43c70aeb916935ff767779d95b3093354dd5b
7466,mistral-7b,0.0,spatial,reasoning,f32bae4c10c136c2e8c1180b6bd43c70aeb916935ff767779d95b3093354dd5b
7467,qwen-2.5-3b-instruct,0.0,spatial,reasoning,f32bae4c10c136c2e8c1180b6bd43c70aeb916935ff767779d95b3093354dd5b
7468,qwen-32b,0.0,spatial,reasoning,f32bae4c10c136c2e8c1180b6bd43c70aeb916935ff767779d95b3093354dd5b
7469,gemma-3-12b-it,0.0,spatial,reasoning,f8e84ee53942b7e6881fd483a404f6d2c875e816fd79f07cf4181d5d0e3a5b31
7470,gemma-3-1b-it,0.0,spatial,reasoning,f8e84ee53942b7e6881fd483a404f6d2c875e816fd79f07cf4181d5d0e3a5b31
7471,gemma-3-4b-it,0.0,spatial,reasoning,f8e84ee53942b7e6881fd483a404f6d2c875e816fd79f07cf4181d5d0e3a5b31
7472,llama-3.1-70b-instruct,0.0,spatial,reasoning,f8e84ee53942b7e6881fd483a404f6d2c875e816fd79f07cf4181d5d0e3a5b31
7473,llama-3.1-8b-instruct,0.0,spatial,reasoning,f8e84ee53942b7e6881fd483a404f6d2c875e816fd79f07cf4181d5d0e3a5b31
7474,llama-3.2-1b-instruct,0.0,spatial,reasoning,f8e84ee53942b7e6881fd483a404f6d2c875e816fd79f07cf4181d5d0e3a5b31
7475,llama-3.2-3b-instruct,0.0,spatial,reasoning,f8e84ee53942b7e6881fd483a404f6d2c875e816fd79f07cf4181d5d0e3a5b31
7476,mistral-24b,0.0,spatial,reasoning,f8e84ee53942b7e6881fd483a404f6d2c875e816fd79f07cf4181d5d0e3a5b31
7477,mistral-7b,0.0,spatial,reasoning,f8e84ee53942b7e6881fd483a404f6d2c875e816fd79f07cf4181d5d0e3a5b31
7478,qwen-2.5-3b-instruct,0.0,spatial,reasoning,f8e84ee53942b7e6881fd483a404f6d2c875e816fd79f07cf4181d5d0e3a5b31
7479,qwen-32b,0.0,spatial,reasoning,f8e84ee53942b7e6881fd483a404f6d2c875e816fd79f07cf4181d5d0e3a5b31
7480,gemma-3-12b-it,100.0,spatial,reasoning,fb970027cec594189294af351537cff1a9a860a8acad597f7f8854fc0ec8875e
7481,gemma-3-1b-it,0.0,spatial,reasoning,fb970027cec594189294af351537cff1a9a860a8acad597f7f8854fc0ec8875e
7482,gemma-3-4b-it,0.0,spatial,reasoning,fb970027cec594189294af351537cff1a9a860a8acad597f7f8854fc0ec8875e
7483,llama-3.1-70b-instruct,0.0,spatial,reasoning,fb970027cec594189294af351537cff1a9a860a8acad597f7f8854fc0ec8875e
7484,llama-3.1-8b-instruct,0.0,spatial,reasoning,fb970027cec594189294af351537cff1a9a860a8acad597f7f8854fc0ec8875e
7485,llama-3.2-1b-instruct,0.0,spatial,reasoning,fb970027cec594189294af351537cff1a9a860a8acad597f7f8854fc0ec8875e
7486,llama-3.2-3b-instruct,0.0,spatial,reasoning,fb970027cec594189294af351537cff1a9a860a8acad597f7f8854fc0ec8875e
7487,mistral-24b,100.0,spatial,reasoning,fb970027cec594189294af351537cff1a9a860a8acad597f7f8854fc0ec8875e
7488,mistral-7b,100.0,spatial,reasoning,fb970027cec594189294af351537cff1a9a860a8acad597f7f8854fc0ec8875e
7489,qwen-2.5-3b-instruct,0.0,spatial,reasoning,fb970027cec594189294af351537cff1a9a860a8acad597f7f8854fc0ec8875e
7490,qwen-32b,0.0,spatial,reasoning,fb970027cec594189294af351537cff1a9a860a8acad597f7f8854fc0ec8875e
7491,gemma-3-12b-it,0.0,spatial,reasoning,fd87ac63ae2222cc816095cc4f9cbecbdeb65eae64c9e92cccbae3514c7c7354
7492,gemma-3-1b-it,0.0,spatial,reasoning,fd87ac63ae2222cc816095cc4f9cbecbdeb65eae64c9e92cccbae3514c7c7354
7493,gemma-3-4b-it,0.0,spatial,reasoning,fd87ac63ae2222cc816095cc4f9cbecbdeb65eae64c9e92cccbae3514c7c7354
7494,llama-3.1-70b-instruct,0.0,spatial,reasoning,fd87ac63ae2222cc816095cc4f9cbecbdeb65eae64c9e92cccbae3514c7c7354
7495,llama-3.1-8b-instruct,0.0,spatial,reasoning,fd87ac63ae2222cc816095cc4f9cbecbdeb65eae64c9e92cccbae3514c7c7354
7496,llama-3.2-1b-instruct,0.0,spatial,reasoning,fd87ac63ae2222cc816095cc4f9cbecbdeb65eae64c9e92cccbae3514c7c7354
7497,llama-3.2-3b-instruct,100.0,spatial,reasoning,fd87ac63ae2222cc816095cc4f9cbecbdeb65eae64c9e92cccbae3514c7c7354
7498,mistral-24b,0.0,spatial,reasoning,fd87ac63ae2222cc816095cc4f9cbecbdeb65eae64c9e92cccbae3514c7c7354
7499,mistral-7b,0.0,spatial,reasoning,fd87ac63ae2222cc816095cc4f9cbecbdeb65eae64c9e92cccbae3514c7c7354
7500,qwen-2.5-3b-instruct,0.0,spatial,reasoning,fd87ac63ae2222cc816095cc4f9cbecbdeb65eae64c9e92cccbae3514c7c7354
7501,qwen-32b,100.0,spatial,reasoning,fd87ac63ae2222cc816095cc4f9cbecbdeb65eae64c9e92cccbae3514c7c7354
