,model,score,task,category,question_id
0,gemma-3-12b-it,100.0,AMPS_Hard,math,0036922c19213c53a71203a1c4f9b42892eaf0a545e85899771a98142732d7bc
1,gemma-3-1b-it,0.0,AMPS_Hard,math,0036922c19213c53a71203a1c4f9b42892eaf0a545e85899771a98142732d7bc
2,gemma-3-4b-it,0.0,AMPS_Hard,math,0036922c19213c53a71203a1c4f9b42892eaf0a545e85899771a98142732d7bc
3,llama-3.1-8b-instruct,0.0,AMPS_Hard,math,0036922c19213c53a71203a1c4f9b42892eaf0a545e85899771a98142732d7bc
4,llama-3.2-1b-instruct,0.0,AMPS_Hard,math,0036922c19213c53a71203a1c4f9b42892eaf0a545e85899771a98142732d7bc
5,llama-3.2-3b-instruct,0.0,AMPS_Hard,math,0036922c19213c53a71203a1c4f9b42892eaf0a545e85899771a98142732d7bc
6,mistral-24b,0.0,AMPS_Hard,math,0036922c19213c53a71203a1c4f9b42892eaf0a545e85899771a98142732d7bc
7,mistral-7b,0.0,AMPS_Hard,math,0036922c19213c53a71203a1c4f9b42892eaf0a545e85899771a98142732d7bc
8,qwen2.5-32b,100.0,AMPS_Hard,math,0036922c19213c53a71203a1c4f9b42892eaf0a545e85899771a98142732d7bc
9,qwen2.5-3b,0.0,AMPS_Hard,math,0036922c19213c53a71203a1c4f9b42892eaf0a545e85899771a98142732d7bc
10,gemma-3-12b-it,0.0,AMPS_Hard,math,059c609b46f7c681782c32d9a97514b357d3f468ab9cdffab45631e18aac9059
11,gemma-3-1b-it,0.0,AMPS_Hard,math,059c609b46f7c681782c32d9a97514b357d3f468ab9cdffab45631e18aac9059
12,gemma-3-4b-it,0.0,AMPS_Hard,math,059c609b46f7c681782c32d9a97514b357d3f468ab9cdffab45631e18aac9059
13,llama-3.1-8b-instruct,0.0,AMPS_Hard,math,059c609b46f7c681782c32d9a97514b357d3f468ab9cdffab45631e18aac9059
14,llama-3.2-1b-instruct,0.0,AMPS_Hard,math,059c609b46f7c681782c32d9a97514b357d3f468ab9cdffab45631e18aac9059
15,llama-3.2-3b-instruct,0.0,AMPS_Hard,math,059c609b46f7c681782c32d9a97514b357d3f468ab9cdffab45631e18aac9059
16,mistral-24b,0.0,AMPS_Hard,math,059c609b46f7c681782c32d9a97514b357d3f468ab9cdffab45631e18aac9059
17,mistral-7b,0.0,AMPS_Hard,math,059c609b46f7c681782c32d9a97514b357d3f468ab9cdffab45631e18aac9059
18,qwen2.5-32b,0.0,AMPS_Hard,math,059c609b46f7c681782c32d9a97514b357d3f468ab9cdffab45631e18aac9059
19,qwen2.5-3b,0.0,AMPS_Hard,math,059c609b46f7c681782c32d9a97514b357d3f468ab9cdffab45631e18aac9059
20,gemma-3-12b-it,0.0,AMPS_Hard,math,05db4067b068c41f0b33744b96818a21b35eacdbd3ea11d3bbc77fa36aa93b6f
21,gemma-3-1b-it,0.0,AMPS_Hard,math,05db4067b068c41f0b33744b96818a21b35eacdbd3ea11d3bbc77fa36aa93b6f
22,gemma-3-4b-it,0.0,AMPS_Hard,math,05db4067b068c41f0b33744b96818a21b35eacdbd3ea11d3bbc77fa36aa93b6f
23,llama-3.1-8b-instruct,0.0,AMPS_Hard,math,05db4067b068c41f0b33744b96818a21b35eacdbd3ea11d3bbc77fa36aa93b6f
24,llama-3.2-1b-instruct,0.0,AMPS_Hard,math,05db4067b068c41f0b33744b96818a21b35eacdbd3ea11d3bbc77fa36aa93b6f
25,llama-3.2-3b-instruct,0.0,AMPS_Hard,math,05db4067b068c41f0b33744b96818a21b35eacdbd3ea11d3bbc77fa36aa93b6f
26,mistral-24b,100.0,AMPS_Hard,math,05db4067b068c41f0b33744b96818a21b35eacdbd3ea11d3bbc77fa36aa93b6f
27,mistral-7b,0.0,AMPS_Hard,math,05db4067b068c41f0b33744b96818a21b35eacdbd3ea11d3bbc77fa36aa93b6f
28,qwen2.5-32b,100.0,AMPS_Hard,math,05db4067b068c41f0b33744b96818a21b35eacdbd3ea11d3bbc77fa36aa93b6f
29,qwen2.5-3b,0.0,AMPS_Hard,math,05db4067b068c41f0b33744b96818a21b35eacdbd3ea11d3bbc77fa36aa93b6f
30,gemma-3-12b-it,0.0,AMPS_Hard,math,080b4d03294a1de52d81d69ceeb61a54cb510da3eab70a73721faf32e0406ff3
31,gemma-3-1b-it,0.0,AMPS_Hard,math,080b4d03294a1de52d81d69ceeb61a54cb510da3eab70a73721faf32e0406ff3
32,gemma-3-4b-it,0.0,AMPS_Hard,math,080b4d03294a1de52d81d69ceeb61a54cb510da3eab70a73721faf32e0406ff3
33,llama-3.1-8b-instruct,0.0,AMPS_Hard,math,080b4d03294a1de52d81d69ceeb61a54cb510da3eab70a73721faf32e0406ff3
34,llama-3.2-1b-instruct,0.0,AMPS_Hard,math,080b4d03294a1de52d81d69ceeb61a54cb510da3eab70a73721faf32e0406ff3
35,llama-3.2-3b-instruct,0.0,AMPS_Hard,math,080b4d03294a1de52d81d69ceeb61a54cb510da3eab70a73721faf32e0406ff3
36,mistral-24b,0.0,AMPS_Hard,math,080b4d03294a1de52d81d69ceeb61a54cb510da3eab70a73721faf32e0406ff3
37,mistral-7b,0.0,AMPS_Hard,math,080b4d03294a1de52d81d69ceeb61a54cb510da3eab70a73721faf32e0406ff3
38,qwen2.5-32b,0.0,AMPS_Hard,math,080b4d03294a1de52d81d69ceeb61a54cb510da3eab70a73721faf32e0406ff3
39,qwen2.5-3b,100.0,AMPS_Hard,math,080b4d03294a1de52d81d69ceeb61a54cb510da3eab70a73721faf32e0406ff3
40,gemma-3-12b-it,0.0,AMPS_Hard,math,0850642fb0e65819176317438122e4ae23fee2ed44f3758ce653cdb944b947c3
41,gemma-3-1b-it,0.0,AMPS_Hard,math,0850642fb0e65819176317438122e4ae23fee2ed44f3758ce653cdb944b947c3
42,gemma-3-4b-it,0.0,AMPS_Hard,math,0850642fb0e65819176317438122e4ae23fee2ed44f3758ce653cdb944b947c3
43,llama-3.1-8b-instruct,0.0,AMPS_Hard,math,0850642fb0e65819176317438122e4ae23fee2ed44f3758ce653cdb944b947c3
44,llama-3.2-1b-instruct,0.0,AMPS_Hard,math,0850642fb0e65819176317438122e4ae23fee2ed44f3758ce653cdb944b947c3
45,llama-3.2-3b-instruct,0.0,AMPS_Hard,math,0850642fb0e65819176317438122e4ae23fee2ed44f3758ce653cdb944b947c3
46,mistral-24b,0.0,AMPS_Hard,math,0850642fb0e65819176317438122e4ae23fee2ed44f3758ce653cdb944b947c3
47,mistral-7b,0.0,AMPS_Hard,math,0850642fb0e65819176317438122e4ae23fee2ed44f3758ce653cdb944b947c3
48,qwen2.5-32b,0.0,AMPS_Hard,math,0850642fb0e65819176317438122e4ae23fee2ed44f3758ce653cdb944b947c3
49,qwen2.5-3b,0.0,AMPS_Hard,math,0850642fb0e65819176317438122e4ae23fee2ed44f3758ce653cdb944b947c3
50,gemma-3-12b-it,0.0,AMPS_Hard,math,08c98c31097ac2d060c40d72045738c275e9feaab86974666e87557c1b86fb30
51,gemma-3-1b-it,0.0,AMPS_Hard,math,08c98c31097ac2d060c40d72045738c275e9feaab86974666e87557c1b86fb30
52,gemma-3-4b-it,0.0,AMPS_Hard,math,08c98c31097ac2d060c40d72045738c275e9feaab86974666e87557c1b86fb30
53,llama-3.1-8b-instruct,0.0,AMPS_Hard,math,08c98c31097ac2d060c40d72045738c275e9feaab86974666e87557c1b86fb30
54,llama-3.2-1b-instruct,0.0,AMPS_Hard,math,08c98c31097ac2d060c40d72045738c275e9feaab86974666e87557c1b86fb30
55,llama-3.2-3b-instruct,0.0,AMPS_Hard,math,08c98c31097ac2d060c40d72045738c275e9feaab86974666e87557c1b86fb30
56,mistral-24b,0.0,AMPS_Hard,math,08c98c31097ac2d060c40d72045738c275e9feaab86974666e87557c1b86fb30
57,mistral-7b,0.0,AMPS_Hard,math,08c98c31097ac2d060c40d72045738c275e9feaab86974666e87557c1b86fb30
58,qwen2.5-32b,0.0,AMPS_Hard,math,08c98c31097ac2d060c40d72045738c275e9feaab86974666e87557c1b86fb30
59,qwen2.5-3b,0.0,AMPS_Hard,math,08c98c31097ac2d060c40d72045738c275e9feaab86974666e87557c1b86fb30
60,gemma-3-12b-it,0.0,AMPS_Hard,math,09dc173d887e37c39cef2242d0da8491e0c566db012ff8af6ec5443924a03f8e
61,gemma-3-1b-it,0.0,AMPS_Hard,math,09dc173d887e37c39cef2242d0da8491e0c566db012ff8af6ec5443924a03f8e
62,gemma-3-4b-it,0.0,AMPS_Hard,math,09dc173d887e37c39cef2242d0da8491e0c566db012ff8af6ec5443924a03f8e
63,llama-3.1-8b-instruct,0.0,AMPS_Hard,math,09dc173d887e37c39cef2242d0da8491e0c566db012ff8af6ec5443924a03f8e
64,llama-3.2-1b-instruct,0.0,AMPS_Hard,math,09dc173d887e37c39cef2242d0da8491e0c566db012ff8af6ec5443924a03f8e
65,llama-3.2-3b-instruct,0.0,AMPS_Hard,math,09dc173d887e37c39cef2242d0da8491e0c566db012ff8af6ec5443924a03f8e
66,mistral-24b,0.0,AMPS_Hard,math,09dc173d887e37c39cef2242d0da8491e0c566db012ff8af6ec5443924a03f8e
67,mistral-7b,0.0,AMPS_Hard,math,09dc173d887e37c39cef2242d0da8491e0c566db012ff8af6ec5443924a03f8e
68,qwen2.5-32b,100.0,AMPS_Hard,math,09dc173d887e37c39cef2242d0da8491e0c566db012ff8af6ec5443924a03f8e
69,qwen2.5-3b,0.0,AMPS_Hard,math,09dc173d887e37c39cef2242d0da8491e0c566db012ff8af6ec5443924a03f8e
70,gemma-3-12b-it,100.0,AMPS_Hard,math,0a3e062e9ac1b71fa3e72e0ebbcbbe15ba5a998827697b2ac9663753ae931aac
71,gemma-3-1b-it,0.0,AMPS_Hard,math,0a3e062e9ac1b71fa3e72e0ebbcbbe15ba5a998827697b2ac9663753ae931aac
72,gemma-3-4b-it,0.0,AMPS_Hard,math,0a3e062e9ac1b71fa3e72e0ebbcbbe15ba5a998827697b2ac9663753ae931aac
73,llama-3.1-8b-instruct,100.0,AMPS_Hard,math,0a3e062e9ac1b71fa3e72e0ebbcbbe15ba5a998827697b2ac9663753ae931aac
74,llama-3.2-1b-instruct,0.0,AMPS_Hard,math,0a3e062e9ac1b71fa3e72e0ebbcbbe15ba5a998827697b2ac9663753ae931aac
75,llama-3.2-3b-instruct,0.0,AMPS_Hard,math,0a3e062e9ac1b71fa3e72e0ebbcbbe15ba5a998827697b2ac9663753ae931aac
76,mistral-24b,0.0,AMPS_Hard,math,0a3e062e9ac1b71fa3e72e0ebbcbbe15ba5a998827697b2ac9663753ae931aac
77,mistral-7b,0.0,AMPS_Hard,math,0a3e062e9ac1b71fa3e72e0ebbcbbe15ba5a998827697b2ac9663753ae931aac
78,qwen2.5-32b,0.0,AMPS_Hard,math,0a3e062e9ac1b71fa3e72e0ebbcbbe15ba5a998827697b2ac9663753ae931aac
79,qwen2.5-3b,0.0,AMPS_Hard,math,0a3e062e9ac1b71fa3e72e0ebbcbbe15ba5a998827697b2ac9663753ae931aac
80,gemma-3-12b-it,100.0,AMPS_Hard,math,0eda6ea2c51124fa08ba73dd0ca455efc1cd3be03e7a374d0a5f03982ef6c47b
81,gemma-3-1b-it,100.0,AMPS_Hard,math,0eda6ea2c51124fa08ba73dd0ca455efc1cd3be03e7a374d0a5f03982ef6c47b
82,gemma-3-4b-it,0.0,AMPS_Hard,math,0eda6ea2c51124fa08ba73dd0ca455efc1cd3be03e7a374d0a5f03982ef6c47b
83,llama-3.1-8b-instruct,100.0,AMPS_Hard,math,0eda6ea2c51124fa08ba73dd0ca455efc1cd3be03e7a374d0a5f03982ef6c47b
84,llama-3.2-1b-instruct,100.0,AMPS_Hard,math,0eda6ea2c51124fa08ba73dd0ca455efc1cd3be03e7a374d0a5f03982ef6c47b
85,llama-3.2-3b-instruct,100.0,AMPS_Hard,math,0eda6ea2c51124fa08ba73dd0ca455efc1cd3be03e7a374d0a5f03982ef6c47b
86,mistral-24b,100.0,AMPS_Hard,math,0eda6ea2c51124fa08ba73dd0ca455efc1cd3be03e7a374d0a5f03982ef6c47b
87,mistral-7b,0.0,AMPS_Hard,math,0eda6ea2c51124fa08ba73dd0ca455efc1cd3be03e7a374d0a5f03982ef6c47b
88,qwen2.5-32b,100.0,AMPS_Hard,math,0eda6ea2c51124fa08ba73dd0ca455efc1cd3be03e7a374d0a5f03982ef6c47b
89,qwen2.5-3b,100.0,AMPS_Hard,math,0eda6ea2c51124fa08ba73dd0ca455efc1cd3be03e7a374d0a5f03982ef6c47b
90,gemma-3-12b-it,0.0,AMPS_Hard,math,141446ec0e41f16e627c8e9ec237758d981866c0c39f89cbe41903d9dd1aadac
91,gemma-3-1b-it,0.0,AMPS_Hard,math,141446ec0e41f16e627c8e9ec237758d981866c0c39f89cbe41903d9dd1aadac
92,gemma-3-4b-it,0.0,AMPS_Hard,math,141446ec0e41f16e627c8e9ec237758d981866c0c39f89cbe41903d9dd1aadac
93,llama-3.1-8b-instruct,0.0,AMPS_Hard,math,141446ec0e41f16e627c8e9ec237758d981866c0c39f89cbe41903d9dd1aadac
94,llama-3.2-1b-instruct,0.0,AMPS_Hard,math,141446ec0e41f16e627c8e9ec237758d981866c0c39f89cbe41903d9dd1aadac
95,llama-3.2-3b-instruct,0.0,AMPS_Hard,math,141446ec0e41f16e627c8e9ec237758d981866c0c39f89cbe41903d9dd1aadac
96,mistral-24b,0.0,AMPS_Hard,math,141446ec0e41f16e627c8e9ec237758d981866c0c39f89cbe41903d9dd1aadac
97,mistral-7b,0.0,AMPS_Hard,math,141446ec0e41f16e627c8e9ec237758d981866c0c39f89cbe41903d9dd1aadac
98,qwen2.5-32b,0.0,AMPS_Hard,math,141446ec0e41f16e627c8e9ec237758d981866c0c39f89cbe41903d9dd1aadac
99,qwen2.5-3b,0.0,AMPS_Hard,math,141446ec0e41f16e627c8e9ec237758d981866c0c39f89cbe41903d9dd1aadac
100,gemma-3-12b-it,0.0,AMPS_Hard,math,16e7a9bacba52188ecc9251cfe08ada7754088e00d8b9c099626ed84e41b3cda
101,gemma-3-1b-it,0.0,AMPS_Hard,math,16e7a9bacba52188ecc9251cfe08ada7754088e00d8b9c099626ed84e41b3cda
102,gemma-3-4b-it,0.0,AMPS_Hard,math,16e7a9bacba52188ecc9251cfe08ada7754088e00d8b9c099626ed84e41b3cda
103,llama-3.1-8b-instruct,0.0,AMPS_Hard,math,16e7a9bacba52188ecc9251cfe08ada7754088e00d8b9c099626ed84e41b3cda
104,llama-3.2-1b-instruct,0.0,AMPS_Hard,math,16e7a9bacba52188ecc9251cfe08ada7754088e00d8b9c099626ed84e41b3cda
105,llama-3.2-3b-instruct,0.0,AMPS_Hard,math,16e7a9bacba52188ecc9251cfe08ada7754088e00d8b9c099626ed84e41b3cda
106,mistral-24b,0.0,AMPS_Hard,math,16e7a9bacba52188ecc9251cfe08ada7754088e00d8b9c099626ed84e41b3cda
107,mistral-7b,0.0,AMPS_Hard,math,16e7a9bacba52188ecc9251cfe08ada7754088e00d8b9c099626ed84e41b3cda
108,qwen2.5-32b,0.0,AMPS_Hard,math,16e7a9bacba52188ecc9251cfe08ada7754088e00d8b9c099626ed84e41b3cda
109,qwen2.5-3b,0.0,AMPS_Hard,math,16e7a9bacba52188ecc9251cfe08ada7754088e00d8b9c099626ed84e41b3cda
110,gemma-3-12b-it,100.0,AMPS_Hard,math,16fc1a491a2f9711a014f639c65a78c4cb5c7a568da179d4ccbccfb1fcfc2d24
111,gemma-3-1b-it,0.0,AMPS_Hard,math,16fc1a491a2f9711a014f639c65a78c4cb5c7a568da179d4ccbccfb1fcfc2d24
112,gemma-3-4b-it,100.0,AMPS_Hard,math,16fc1a491a2f9711a014f639c65a78c4cb5c7a568da179d4ccbccfb1fcfc2d24
113,llama-3.1-8b-instruct,100.0,AMPS_Hard,math,16fc1a491a2f9711a014f639c65a78c4cb5c7a568da179d4ccbccfb1fcfc2d24
114,llama-3.2-1b-instruct,100.0,AMPS_Hard,math,16fc1a491a2f9711a014f639c65a78c4cb5c7a568da179d4ccbccfb1fcfc2d24
115,llama-3.2-3b-instruct,0.0,AMPS_Hard,math,16fc1a491a2f9711a014f639c65a78c4cb5c7a568da179d4ccbccfb1fcfc2d24
116,mistral-24b,100.0,AMPS_Hard,math,16fc1a491a2f9711a014f639c65a78c4cb5c7a568da179d4ccbccfb1fcfc2d24
117,mistral-7b,100.0,AMPS_Hard,math,16fc1a491a2f9711a014f639c65a78c4cb5c7a568da179d4ccbccfb1fcfc2d24
118,qwen2.5-32b,100.0,AMPS_Hard,math,16fc1a491a2f9711a014f639c65a78c4cb5c7a568da179d4ccbccfb1fcfc2d24
119,qwen2.5-3b,100.0,AMPS_Hard,math,16fc1a491a2f9711a014f639c65a78c4cb5c7a568da179d4ccbccfb1fcfc2d24
120,gemma-3-12b-it,0.0,AMPS_Hard,math,172a3ebc82eb26ef5ab3602c34d632265b608c43ae971768486b66f2c79cbf13
121,gemma-3-1b-it,0.0,AMPS_Hard,math,172a3ebc82eb26ef5ab3602c34d632265b608c43ae971768486b66f2c79cbf13
122,gemma-3-4b-it,0.0,AMPS_Hard,math,172a3ebc82eb26ef5ab3602c34d632265b608c43ae971768486b66f2c79cbf13
123,llama-3.1-8b-instruct,0.0,AMPS_Hard,math,172a3ebc82eb26ef5ab3602c34d632265b608c43ae971768486b66f2c79cbf13
124,llama-3.2-1b-instruct,0.0,AMPS_Hard,math,172a3ebc82eb26ef5ab3602c34d632265b608c43ae971768486b66f2c79cbf13
125,llama-3.2-3b-instruct,0.0,AMPS_Hard,math,172a3ebc82eb26ef5ab3602c34d632265b608c43ae971768486b66f2c79cbf13
126,mistral-24b,0.0,AMPS_Hard,math,172a3ebc82eb26ef5ab3602c34d632265b608c43ae971768486b66f2c79cbf13
127,mistral-7b,0.0,AMPS_Hard,math,172a3ebc82eb26ef5ab3602c34d632265b608c43ae971768486b66f2c79cbf13
128,qwen2.5-32b,0.0,AMPS_Hard,math,172a3ebc82eb26ef5ab3602c34d632265b608c43ae971768486b66f2c79cbf13
129,qwen2.5-3b,0.0,AMPS_Hard,math,172a3ebc82eb26ef5ab3602c34d632265b608c43ae971768486b66f2c79cbf13
130,gemma-3-12b-it,0.0,AMPS_Hard,math,1ce71e5cf0fa5fd2055d0a786be91fc4a6edccb4f9114ea29ff90563a35dd2dc
131,gemma-3-1b-it,100.0,AMPS_Hard,math,1ce71e5cf0fa5fd2055d0a786be91fc4a6edccb4f9114ea29ff90563a35dd2dc
132,gemma-3-4b-it,0.0,AMPS_Hard,math,1ce71e5cf0fa5fd2055d0a786be91fc4a6edccb4f9114ea29ff90563a35dd2dc
133,llama-3.1-8b-instruct,0.0,AMPS_Hard,math,1ce71e5cf0fa5fd2055d0a786be91fc4a6edccb4f9114ea29ff90563a35dd2dc
134,llama-3.2-1b-instruct,0.0,AMPS_Hard,math,1ce71e5cf0fa5fd2055d0a786be91fc4a6edccb4f9114ea29ff90563a35dd2dc
135,llama-3.2-3b-instruct,100.0,AMPS_Hard,math,1ce71e5cf0fa5fd2055d0a786be91fc4a6edccb4f9114ea29ff90563a35dd2dc
136,mistral-24b,100.0,AMPS_Hard,math,1ce71e5cf0fa5fd2055d0a786be91fc4a6edccb4f9114ea29ff90563a35dd2dc
137,mistral-7b,0.0,AMPS_Hard,math,1ce71e5cf0fa5fd2055d0a786be91fc4a6edccb4f9114ea29ff90563a35dd2dc
138,qwen2.5-32b,0.0,AMPS_Hard,math,1ce71e5cf0fa5fd2055d0a786be91fc4a6edccb4f9114ea29ff90563a35dd2dc
139,qwen2.5-3b,100.0,AMPS_Hard,math,1ce71e5cf0fa5fd2055d0a786be91fc4a6edccb4f9114ea29ff90563a35dd2dc
140,gemma-3-12b-it,0.0,AMPS_Hard,math,1f7c4e8e641d24e76abfa03615726236aada72f878a08014c9fa4f4cc3142cd9
141,gemma-3-1b-it,0.0,AMPS_Hard,math,1f7c4e8e641d24e76abfa03615726236aada72f878a08014c9fa4f4cc3142cd9
142,gemma-3-4b-it,100.0,AMPS_Hard,math,1f7c4e8e641d24e76abfa03615726236aada72f878a08014c9fa4f4cc3142cd9
143,llama-3.1-8b-instruct,0.0,AMPS_Hard,math,1f7c4e8e641d24e76abfa03615726236aada72f878a08014c9fa4f4cc3142cd9
144,llama-3.2-1b-instruct,0.0,AMPS_Hard,math,1f7c4e8e641d24e76abfa03615726236aada72f878a08014c9fa4f4cc3142cd9
145,llama-3.2-3b-instruct,0.0,AMPS_Hard,math,1f7c4e8e641d24e76abfa03615726236aada72f878a08014c9fa4f4cc3142cd9
146,mistral-24b,0.0,AMPS_Hard,math,1f7c4e8e641d24e76abfa03615726236aada72f878a08014c9fa4f4cc3142cd9
147,mistral-7b,0.0,AMPS_Hard,math,1f7c4e8e641d24e76abfa03615726236aada72f878a08014c9fa4f4cc3142cd9
148,qwen2.5-32b,0.0,AMPS_Hard,math,1f7c4e8e641d24e76abfa03615726236aada72f878a08014c9fa4f4cc3142cd9
149,qwen2.5-3b,0.0,AMPS_Hard,math,1f7c4e8e641d24e76abfa03615726236aada72f878a08014c9fa4f4cc3142cd9
150,gemma-3-12b-it,0.0,AMPS_Hard,math,22a38bfb413b5947af60a90709f4612bd09fc3701d4051e0fcc8fb004efa642d
151,gemma-3-1b-it,0.0,AMPS_Hard,math,22a38bfb413b5947af60a90709f4612bd09fc3701d4051e0fcc8fb004efa642d
152,gemma-3-4b-it,0.0,AMPS_Hard,math,22a38bfb413b5947af60a90709f4612bd09fc3701d4051e0fcc8fb004efa642d
153,llama-3.1-8b-instruct,0.0,AMPS_Hard,math,22a38bfb413b5947af60a90709f4612bd09fc3701d4051e0fcc8fb004efa642d
154,llama-3.2-1b-instruct,0.0,AMPS_Hard,math,22a38bfb413b5947af60a90709f4612bd09fc3701d4051e0fcc8fb004efa642d
155,llama-3.2-3b-instruct,0.0,AMPS_Hard,math,22a38bfb413b5947af60a90709f4612bd09fc3701d4051e0fcc8fb004efa642d
156,mistral-24b,0.0,AMPS_Hard,math,22a38bfb413b5947af60a90709f4612bd09fc3701d4051e0fcc8fb004efa642d
157,mistral-7b,0.0,AMPS_Hard,math,22a38bfb413b5947af60a90709f4612bd09fc3701d4051e0fcc8fb004efa642d
158,qwen2.5-32b,100.0,AMPS_Hard,math,22a38bfb413b5947af60a90709f4612bd09fc3701d4051e0fcc8fb004efa642d
159,qwen2.5-3b,0.0,AMPS_Hard,math,22a38bfb413b5947af60a90709f4612bd09fc3701d4051e0fcc8fb004efa642d
160,gemma-3-12b-it,0.0,AMPS_Hard,math,237421810b6e6cbfebd1d5fa853413e0e881261cd64991667eddb01996caea7a
161,gemma-3-1b-it,0.0,AMPS_Hard,math,237421810b6e6cbfebd1d5fa853413e0e881261cd64991667eddb01996caea7a
162,gemma-3-4b-it,0.0,AMPS_Hard,math,237421810b6e6cbfebd1d5fa853413e0e881261cd64991667eddb01996caea7a
163,llama-3.1-8b-instruct,0.0,AMPS_Hard,math,237421810b6e6cbfebd1d5fa853413e0e881261cd64991667eddb01996caea7a
164,llama-3.2-1b-instruct,0.0,AMPS_Hard,math,237421810b6e6cbfebd1d5fa853413e0e881261cd64991667eddb01996caea7a
165,llama-3.2-3b-instruct,0.0,AMPS_Hard,math,237421810b6e6cbfebd1d5fa853413e0e881261cd64991667eddb01996caea7a
166,mistral-24b,0.0,AMPS_Hard,math,237421810b6e6cbfebd1d5fa853413e0e881261cd64991667eddb01996caea7a
167,mistral-7b,0.0,AMPS_Hard,math,237421810b6e6cbfebd1d5fa853413e0e881261cd64991667eddb01996caea7a
168,qwen2.5-32b,0.0,AMPS_Hard,math,237421810b6e6cbfebd1d5fa853413e0e881261cd64991667eddb01996caea7a
169,qwen2.5-3b,0.0,AMPS_Hard,math,237421810b6e6cbfebd1d5fa853413e0e881261cd64991667eddb01996caea7a
170,gemma-3-12b-it,0.0,AMPS_Hard,math,237893b70dd8ba741a256b14f5e8557e23f38643a12c3ffd29e9e9af3136f737
171,gemma-3-1b-it,100.0,AMPS_Hard,math,237893b70dd8ba741a256b14f5e8557e23f38643a12c3ffd29e9e9af3136f737
172,gemma-3-4b-it,0.0,AMPS_Hard,math,237893b70dd8ba741a256b14f5e8557e23f38643a12c3ffd29e9e9af3136f737
173,llama-3.1-8b-instruct,100.0,AMPS_Hard,math,237893b70dd8ba741a256b14f5e8557e23f38643a12c3ffd29e9e9af3136f737
174,llama-3.2-1b-instruct,0.0,AMPS_Hard,math,237893b70dd8ba741a256b14f5e8557e23f38643a12c3ffd29e9e9af3136f737
175,llama-3.2-3b-instruct,0.0,AMPS_Hard,math,237893b70dd8ba741a256b14f5e8557e23f38643a12c3ffd29e9e9af3136f737
176,mistral-24b,100.0,AMPS_Hard,math,237893b70dd8ba741a256b14f5e8557e23f38643a12c3ffd29e9e9af3136f737
177,mistral-7b,0.0,AMPS_Hard,math,237893b70dd8ba741a256b14f5e8557e23f38643a12c3ffd29e9e9af3136f737
178,qwen2.5-32b,100.0,AMPS_Hard,math,237893b70dd8ba741a256b14f5e8557e23f38643a12c3ffd29e9e9af3136f737
179,qwen2.5-3b,100.0,AMPS_Hard,math,237893b70dd8ba741a256b14f5e8557e23f38643a12c3ffd29e9e9af3136f737
180,gemma-3-12b-it,0.0,AMPS_Hard,math,253a180a13ca7208af286f9fbc80295acf290ce1606af1b4e19a5e304467c967
181,gemma-3-1b-it,0.0,AMPS_Hard,math,253a180a13ca7208af286f9fbc80295acf290ce1606af1b4e19a5e304467c967
182,gemma-3-4b-it,0.0,AMPS_Hard,math,253a180a13ca7208af286f9fbc80295acf290ce1606af1b4e19a5e304467c967
183,llama-3.1-8b-instruct,0.0,AMPS_Hard,math,253a180a13ca7208af286f9fbc80295acf290ce1606af1b4e19a5e304467c967
184,llama-3.2-1b-instruct,0.0,AMPS_Hard,math,253a180a13ca7208af286f9fbc80295acf290ce1606af1b4e19a5e304467c967
185,llama-3.2-3b-instruct,0.0,AMPS_Hard,math,253a180a13ca7208af286f9fbc80295acf290ce1606af1b4e19a5e304467c967
186,mistral-24b,0.0,AMPS_Hard,math,253a180a13ca7208af286f9fbc80295acf290ce1606af1b4e19a5e304467c967
187,mistral-7b,0.0,AMPS_Hard,math,253a180a13ca7208af286f9fbc80295acf290ce1606af1b4e19a5e304467c967
188,qwen2.5-32b,100.0,AMPS_Hard,math,253a180a13ca7208af286f9fbc80295acf290ce1606af1b4e19a5e304467c967
189,qwen2.5-3b,0.0,AMPS_Hard,math,253a180a13ca7208af286f9fbc80295acf290ce1606af1b4e19a5e304467c967
190,gemma-3-12b-it,0.0,AMPS_Hard,math,2753cfaab5930d988ddbd7846c8d52031dd16dbd0fea15986bca800b2166711f
191,gemma-3-1b-it,0.0,AMPS_Hard,math,2753cfaab5930d988ddbd7846c8d52031dd16dbd0fea15986bca800b2166711f
192,gemma-3-4b-it,0.0,AMPS_Hard,math,2753cfaab5930d988ddbd7846c8d52031dd16dbd0fea15986bca800b2166711f
193,llama-3.1-8b-instruct,0.0,AMPS_Hard,math,2753cfaab5930d988ddbd7846c8d52031dd16dbd0fea15986bca800b2166711f
194,llama-3.2-1b-instruct,0.0,AMPS_Hard,math,2753cfaab5930d988ddbd7846c8d52031dd16dbd0fea15986bca800b2166711f
195,llama-3.2-3b-instruct,0.0,AMPS_Hard,math,2753cfaab5930d988ddbd7846c8d52031dd16dbd0fea15986bca800b2166711f
196,mistral-24b,0.0,AMPS_Hard,math,2753cfaab5930d988ddbd7846c8d52031dd16dbd0fea15986bca800b2166711f
197,mistral-7b,0.0,AMPS_Hard,math,2753cfaab5930d988ddbd7846c8d52031dd16dbd0fea15986bca800b2166711f
198,qwen2.5-32b,0.0,AMPS_Hard,math,2753cfaab5930d988ddbd7846c8d52031dd16dbd0fea15986bca800b2166711f
199,qwen2.5-3b,0.0,AMPS_Hard,math,2753cfaab5930d988ddbd7846c8d52031dd16dbd0fea15986bca800b2166711f
200,gemma-3-12b-it,100.0,AMPS_Hard,math,27a247790a1521877d1745861da74cb99a7d8e430be4a237b95140453b9c2eeb
201,gemma-3-1b-it,0.0,AMPS_Hard,math,27a247790a1521877d1745861da74cb99a7d8e430be4a237b95140453b9c2eeb
202,gemma-3-4b-it,100.0,AMPS_Hard,math,27a247790a1521877d1745861da74cb99a7d8e430be4a237b95140453b9c2eeb
203,llama-3.1-8b-instruct,100.0,AMPS_Hard,math,27a247790a1521877d1745861da74cb99a7d8e430be4a237b95140453b9c2eeb
204,llama-3.2-1b-instruct,0.0,AMPS_Hard,math,27a247790a1521877d1745861da74cb99a7d8e430be4a237b95140453b9c2eeb
205,llama-3.2-3b-instruct,0.0,AMPS_Hard,math,27a247790a1521877d1745861da74cb99a7d8e430be4a237b95140453b9c2eeb
206,mistral-24b,100.0,AMPS_Hard,math,27a247790a1521877d1745861da74cb99a7d8e430be4a237b95140453b9c2eeb
207,mistral-7b,0.0,AMPS_Hard,math,27a247790a1521877d1745861da74cb99a7d8e430be4a237b95140453b9c2eeb
208,qwen2.5-32b,100.0,AMPS_Hard,math,27a247790a1521877d1745861da74cb99a7d8e430be4a237b95140453b9c2eeb
209,qwen2.5-3b,100.0,AMPS_Hard,math,27a247790a1521877d1745861da74cb99a7d8e430be4a237b95140453b9c2eeb
210,gemma-3-12b-it,0.0,AMPS_Hard,math,27f1402e1642836d12b3b5ed58678f9874dca9d71ceca421302bd5e1d940658f
211,gemma-3-1b-it,0.0,AMPS_Hard,math,27f1402e1642836d12b3b5ed58678f9874dca9d71ceca421302bd5e1d940658f
212,gemma-3-4b-it,0.0,AMPS_Hard,math,27f1402e1642836d12b3b5ed58678f9874dca9d71ceca421302bd5e1d940658f
213,llama-3.1-8b-instruct,0.0,AMPS_Hard,math,27f1402e1642836d12b3b5ed58678f9874dca9d71ceca421302bd5e1d940658f
214,llama-3.2-1b-instruct,0.0,AMPS_Hard,math,27f1402e1642836d12b3b5ed58678f9874dca9d71ceca421302bd5e1d940658f
215,llama-3.2-3b-instruct,0.0,AMPS_Hard,math,27f1402e1642836d12b3b5ed58678f9874dca9d71ceca421302bd5e1d940658f
216,mistral-24b,0.0,AMPS_Hard,math,27f1402e1642836d12b3b5ed58678f9874dca9d71ceca421302bd5e1d940658f
217,mistral-7b,0.0,AMPS_Hard,math,27f1402e1642836d12b3b5ed58678f9874dca9d71ceca421302bd5e1d940658f
218,qwen2.5-32b,0.0,AMPS_Hard,math,27f1402e1642836d12b3b5ed58678f9874dca9d71ceca421302bd5e1d940658f
219,qwen2.5-3b,0.0,AMPS_Hard,math,27f1402e1642836d12b3b5ed58678f9874dca9d71ceca421302bd5e1d940658f
220,gemma-3-12b-it,0.0,AMPS_Hard,math,28614eb08dedcefd241feeccc171f294b886d1a1fe4253e0b047d5b5e3214dda
221,gemma-3-1b-it,0.0,AMPS_Hard,math,28614eb08dedcefd241feeccc171f294b886d1a1fe4253e0b047d5b5e3214dda
222,gemma-3-4b-it,0.0,AMPS_Hard,math,28614eb08dedcefd241feeccc171f294b886d1a1fe4253e0b047d5b5e3214dda
223,llama-3.1-8b-instruct,0.0,AMPS_Hard,math,28614eb08dedcefd241feeccc171f294b886d1a1fe4253e0b047d5b5e3214dda
224,llama-3.2-1b-instruct,0.0,AMPS_Hard,math,28614eb08dedcefd241feeccc171f294b886d1a1fe4253e0b047d5b5e3214dda
225,llama-3.2-3b-instruct,0.0,AMPS_Hard,math,28614eb08dedcefd241feeccc171f294b886d1a1fe4253e0b047d5b5e3214dda
226,mistral-24b,0.0,AMPS_Hard,math,28614eb08dedcefd241feeccc171f294b886d1a1fe4253e0b047d5b5e3214dda
227,mistral-7b,0.0,AMPS_Hard,math,28614eb08dedcefd241feeccc171f294b886d1a1fe4253e0b047d5b5e3214dda
228,qwen2.5-32b,0.0,AMPS_Hard,math,28614eb08dedcefd241feeccc171f294b886d1a1fe4253e0b047d5b5e3214dda
229,qwen2.5-3b,0.0,AMPS_Hard,math,28614eb08dedcefd241feeccc171f294b886d1a1fe4253e0b047d5b5e3214dda
230,gemma-3-12b-it,0.0,AMPS_Hard,math,2bf39d2a017c631acb9635c4dcf9666dd4ae647119d877deab34a5b3ff94b869
231,gemma-3-1b-it,100.0,AMPS_Hard,math,2bf39d2a017c631acb9635c4dcf9666dd4ae647119d877deab34a5b3ff94b869
232,gemma-3-4b-it,100.0,AMPS_Hard,math,2bf39d2a017c631acb9635c4dcf9666dd4ae647119d877deab34a5b3ff94b869
233,llama-3.1-8b-instruct,100.0,AMPS_Hard,math,2bf39d2a017c631acb9635c4dcf9666dd4ae647119d877deab34a5b3ff94b869
234,llama-3.2-1b-instruct,0.0,AMPS_Hard,math,2bf39d2a017c631acb9635c4dcf9666dd4ae647119d877deab34a5b3ff94b869
235,llama-3.2-3b-instruct,0.0,AMPS_Hard,math,2bf39d2a017c631acb9635c4dcf9666dd4ae647119d877deab34a5b3ff94b869
236,mistral-24b,0.0,AMPS_Hard,math,2bf39d2a017c631acb9635c4dcf9666dd4ae647119d877deab34a5b3ff94b869
237,mistral-7b,0.0,AMPS_Hard,math,2bf39d2a017c631acb9635c4dcf9666dd4ae647119d877deab34a5b3ff94b869
238,qwen2.5-32b,100.0,AMPS_Hard,math,2bf39d2a017c631acb9635c4dcf9666dd4ae647119d877deab34a5b3ff94b869
239,qwen2.5-3b,100.0,AMPS_Hard,math,2bf39d2a017c631acb9635c4dcf9666dd4ae647119d877deab34a5b3ff94b869
240,gemma-3-12b-it,0.0,AMPS_Hard,math,2c6778f2b9ecdbdab786f603148424b35498ae3096f7e8118d23a5327130416e
241,gemma-3-1b-it,0.0,AMPS_Hard,math,2c6778f2b9ecdbdab786f603148424b35498ae3096f7e8118d23a5327130416e
242,gemma-3-4b-it,0.0,AMPS_Hard,math,2c6778f2b9ecdbdab786f603148424b35498ae3096f7e8118d23a5327130416e
243,llama-3.1-8b-instruct,0.0,AMPS_Hard,math,2c6778f2b9ecdbdab786f603148424b35498ae3096f7e8118d23a5327130416e
244,llama-3.2-1b-instruct,0.0,AMPS_Hard,math,2c6778f2b9ecdbdab786f603148424b35498ae3096f7e8118d23a5327130416e
245,llama-3.2-3b-instruct,0.0,AMPS_Hard,math,2c6778f2b9ecdbdab786f603148424b35498ae3096f7e8118d23a5327130416e
246,mistral-24b,0.0,AMPS_Hard,math,2c6778f2b9ecdbdab786f603148424b35498ae3096f7e8118d23a5327130416e
247,mistral-7b,0.0,AMPS_Hard,math,2c6778f2b9ecdbdab786f603148424b35498ae3096f7e8118d23a5327130416e
248,qwen2.5-32b,0.0,AMPS_Hard,math,2c6778f2b9ecdbdab786f603148424b35498ae3096f7e8118d23a5327130416e
249,qwen2.5-3b,0.0,AMPS_Hard,math,2c6778f2b9ecdbdab786f603148424b35498ae3096f7e8118d23a5327130416e
250,gemma-3-12b-it,100.0,AMPS_Hard,math,2c8d111408d8f116bcf5b2994c2ea2d810e9810363943c385594d1ab8668b78e
251,gemma-3-1b-it,100.0,AMPS_Hard,math,2c8d111408d8f116bcf5b2994c2ea2d810e9810363943c385594d1ab8668b78e
252,gemma-3-4b-it,100.0,AMPS_Hard,math,2c8d111408d8f116bcf5b2994c2ea2d810e9810363943c385594d1ab8668b78e
253,llama-3.1-8b-instruct,0.0,AMPS_Hard,math,2c8d111408d8f116bcf5b2994c2ea2d810e9810363943c385594d1ab8668b78e
254,llama-3.2-1b-instruct,0.0,AMPS_Hard,math,2c8d111408d8f116bcf5b2994c2ea2d810e9810363943c385594d1ab8668b78e
255,llama-3.2-3b-instruct,0.0,AMPS_Hard,math,2c8d111408d8f116bcf5b2994c2ea2d810e9810363943c385594d1ab8668b78e
256,mistral-24b,0.0,AMPS_Hard,math,2c8d111408d8f116bcf5b2994c2ea2d810e9810363943c385594d1ab8668b78e
257,mistral-7b,0.0,AMPS_Hard,math,2c8d111408d8f116bcf5b2994c2ea2d810e9810363943c385594d1ab8668b78e
258,qwen2.5-32b,0.0,AMPS_Hard,math,2c8d111408d8f116bcf5b2994c2ea2d810e9810363943c385594d1ab8668b78e
259,qwen2.5-3b,0.0,AMPS_Hard,math,2c8d111408d8f116bcf5b2994c2ea2d810e9810363943c385594d1ab8668b78e
260,gemma-3-12b-it,0.0,AMPS_Hard,math,2cf0c39a1a6c55addb52232a77e7f714f0b1bac731c614f48baeb9cebde726c5
261,gemma-3-1b-it,0.0,AMPS_Hard,math,2cf0c39a1a6c55addb52232a77e7f714f0b1bac731c614f48baeb9cebde726c5
262,gemma-3-4b-it,100.0,AMPS_Hard,math,2cf0c39a1a6c55addb52232a77e7f714f0b1bac731c614f48baeb9cebde726c5
263,llama-3.1-8b-instruct,0.0,AMPS_Hard,math,2cf0c39a1a6c55addb52232a77e7f714f0b1bac731c614f48baeb9cebde726c5
264,llama-3.2-1b-instruct,0.0,AMPS_Hard,math,2cf0c39a1a6c55addb52232a77e7f714f0b1bac731c614f48baeb9cebde726c5
265,llama-3.2-3b-instruct,0.0,AMPS_Hard,math,2cf0c39a1a6c55addb52232a77e7f714f0b1bac731c614f48baeb9cebde726c5
266,mistral-24b,0.0,AMPS_Hard,math,2cf0c39a1a6c55addb52232a77e7f714f0b1bac731c614f48baeb9cebde726c5
267,mistral-7b,100.0,AMPS_Hard,math,2cf0c39a1a6c55addb52232a77e7f714f0b1bac731c614f48baeb9cebde726c5
268,qwen2.5-32b,0.0,AMPS_Hard,math,2cf0c39a1a6c55addb52232a77e7f714f0b1bac731c614f48baeb9cebde726c5
269,qwen2.5-3b,0.0,AMPS_Hard,math,2cf0c39a1a6c55addb52232a77e7f714f0b1bac731c614f48baeb9cebde726c5
270,gemma-3-12b-it,100.0,AMPS_Hard,math,30c13a445ddafa6093c665706fd6ad713b94a2bc07bd580b9b2c97b259da2d4b
271,gemma-3-1b-it,0.0,AMPS_Hard,math,30c13a445ddafa6093c665706fd6ad713b94a2bc07bd580b9b2c97b259da2d4b
272,gemma-3-4b-it,100.0,AMPS_Hard,math,30c13a445ddafa6093c665706fd6ad713b94a2bc07bd580b9b2c97b259da2d4b
273,llama-3.1-8b-instruct,0.0,AMPS_Hard,math,30c13a445ddafa6093c665706fd6ad713b94a2bc07bd580b9b2c97b259da2d4b
274,llama-3.2-1b-instruct,0.0,AMPS_Hard,math,30c13a445ddafa6093c665706fd6ad713b94a2bc07bd580b9b2c97b259da2d4b
275,llama-3.2-3b-instruct,0.0,AMPS_Hard,math,30c13a445ddafa6093c665706fd6ad713b94a2bc07bd580b9b2c97b259da2d4b
276,mistral-24b,0.0,AMPS_Hard,math,30c13a445ddafa6093c665706fd6ad713b94a2bc07bd580b9b2c97b259da2d4b
277,mistral-7b,0.0,AMPS_Hard,math,30c13a445ddafa6093c665706fd6ad713b94a2bc07bd580b9b2c97b259da2d4b
278,qwen2.5-32b,100.0,AMPS_Hard,math,30c13a445ddafa6093c665706fd6ad713b94a2bc07bd580b9b2c97b259da2d4b
279,qwen2.5-3b,0.0,AMPS_Hard,math,30c13a445ddafa6093c665706fd6ad713b94a2bc07bd580b9b2c97b259da2d4b
280,gemma-3-12b-it,0.0,AMPS_Hard,math,389abb8f40fc2e68f379348af87c9abfd506bfcf506bdcbc18f0c0ad3b238e85
281,gemma-3-1b-it,0.0,AMPS_Hard,math,389abb8f40fc2e68f379348af87c9abfd506bfcf506bdcbc18f0c0ad3b238e85
282,gemma-3-4b-it,0.0,AMPS_Hard,math,389abb8f40fc2e68f379348af87c9abfd506bfcf506bdcbc18f0c0ad3b238e85
283,llama-3.1-8b-instruct,0.0,AMPS_Hard,math,389abb8f40fc2e68f379348af87c9abfd506bfcf506bdcbc18f0c0ad3b238e85
284,llama-3.2-1b-instruct,0.0,AMPS_Hard,math,389abb8f40fc2e68f379348af87c9abfd506bfcf506bdcbc18f0c0ad3b238e85
285,llama-3.2-3b-instruct,0.0,AMPS_Hard,math,389abb8f40fc2e68f379348af87c9abfd506bfcf506bdcbc18f0c0ad3b238e85
286,mistral-24b,0.0,AMPS_Hard,math,389abb8f40fc2e68f379348af87c9abfd506bfcf506bdcbc18f0c0ad3b238e85
287,mistral-7b,0.0,AMPS_Hard,math,389abb8f40fc2e68f379348af87c9abfd506bfcf506bdcbc18f0c0ad3b238e85
288,qwen2.5-32b,0.0,AMPS_Hard,math,389abb8f40fc2e68f379348af87c9abfd506bfcf506bdcbc18f0c0ad3b238e85
289,qwen2.5-3b,0.0,AMPS_Hard,math,389abb8f40fc2e68f379348af87c9abfd506bfcf506bdcbc18f0c0ad3b238e85
290,gemma-3-12b-it,0.0,AMPS_Hard,math,390df766dea6530de723fbfa348d43441128d2e03e39d75591791c7d39186120
291,gemma-3-1b-it,0.0,AMPS_Hard,math,390df766dea6530de723fbfa348d43441128d2e03e39d75591791c7d39186120
292,gemma-3-4b-it,0.0,AMPS_Hard,math,390df766dea6530de723fbfa348d43441128d2e03e39d75591791c7d39186120
293,llama-3.1-8b-instruct,0.0,AMPS_Hard,math,390df766dea6530de723fbfa348d43441128d2e03e39d75591791c7d39186120
294,llama-3.2-1b-instruct,0.0,AMPS_Hard,math,390df766dea6530de723fbfa348d43441128d2e03e39d75591791c7d39186120
295,llama-3.2-3b-instruct,0.0,AMPS_Hard,math,390df766dea6530de723fbfa348d43441128d2e03e39d75591791c7d39186120
296,mistral-24b,0.0,AMPS_Hard,math,390df766dea6530de723fbfa348d43441128d2e03e39d75591791c7d39186120
297,mistral-7b,0.0,AMPS_Hard,math,390df766dea6530de723fbfa348d43441128d2e03e39d75591791c7d39186120
298,qwen2.5-32b,0.0,AMPS_Hard,math,390df766dea6530de723fbfa348d43441128d2e03e39d75591791c7d39186120
299,qwen2.5-3b,0.0,AMPS_Hard,math,390df766dea6530de723fbfa348d43441128d2e03e39d75591791c7d39186120
300,gemma-3-12b-it,100.0,AMPS_Hard,math,3c2d7a838127de586313c63d7867224a677249a9576b957152ce609124de23d4
301,gemma-3-1b-it,0.0,AMPS_Hard,math,3c2d7a838127de586313c63d7867224a677249a9576b957152ce609124de23d4
302,gemma-3-4b-it,0.0,AMPS_Hard,math,3c2d7a838127de586313c63d7867224a677249a9576b957152ce609124de23d4
303,llama-3.1-8b-instruct,100.0,AMPS_Hard,math,3c2d7a838127de586313c63d7867224a677249a9576b957152ce609124de23d4
304,llama-3.2-1b-instruct,0.0,AMPS_Hard,math,3c2d7a838127de586313c63d7867224a677249a9576b957152ce609124de23d4
305,llama-3.2-3b-instruct,100.0,AMPS_Hard,math,3c2d7a838127de586313c63d7867224a677249a9576b957152ce609124de23d4
306,mistral-24b,100.0,AMPS_Hard,math,3c2d7a838127de586313c63d7867224a677249a9576b957152ce609124de23d4
307,mistral-7b,0.0,AMPS_Hard,math,3c2d7a838127de586313c63d7867224a677249a9576b957152ce609124de23d4
308,qwen2.5-32b,100.0,AMPS_Hard,math,3c2d7a838127de586313c63d7867224a677249a9576b957152ce609124de23d4
309,qwen2.5-3b,100.0,AMPS_Hard,math,3c2d7a838127de586313c63d7867224a677249a9576b957152ce609124de23d4
310,gemma-3-12b-it,0.0,AMPS_Hard,math,3cdee33a05b94777870a69289db8a289e4ac5e7da79c4b6c915f0eed46e5ab59
311,gemma-3-1b-it,0.0,AMPS_Hard,math,3cdee33a05b94777870a69289db8a289e4ac5e7da79c4b6c915f0eed46e5ab59
312,gemma-3-4b-it,0.0,AMPS_Hard,math,3cdee33a05b94777870a69289db8a289e4ac5e7da79c4b6c915f0eed46e5ab59
313,llama-3.1-8b-instruct,0.0,AMPS_Hard,math,3cdee33a05b94777870a69289db8a289e4ac5e7da79c4b6c915f0eed46e5ab59
314,llama-3.2-1b-instruct,0.0,AMPS_Hard,math,3cdee33a05b94777870a69289db8a289e4ac5e7da79c4b6c915f0eed46e5ab59
315,llama-3.2-3b-instruct,0.0,AMPS_Hard,math,3cdee33a05b94777870a69289db8a289e4ac5e7da79c4b6c915f0eed46e5ab59
316,mistral-24b,0.0,AMPS_Hard,math,3cdee33a05b94777870a69289db8a289e4ac5e7da79c4b6c915f0eed46e5ab59
317,mistral-7b,0.0,AMPS_Hard,math,3cdee33a05b94777870a69289db8a289e4ac5e7da79c4b6c915f0eed46e5ab59
318,qwen2.5-32b,0.0,AMPS_Hard,math,3cdee33a05b94777870a69289db8a289e4ac5e7da79c4b6c915f0eed46e5ab59
319,qwen2.5-3b,0.0,AMPS_Hard,math,3cdee33a05b94777870a69289db8a289e4ac5e7da79c4b6c915f0eed46e5ab59
320,gemma-3-12b-it,100.0,AMPS_Hard,math,3e852f69528aa2be018ee0d76461a3afcdfe5dcab74b9f2abf93bd1342c6f52d
321,gemma-3-1b-it,0.0,AMPS_Hard,math,3e852f69528aa2be018ee0d76461a3afcdfe5dcab74b9f2abf93bd1342c6f52d
322,gemma-3-4b-it,100.0,AMPS_Hard,math,3e852f69528aa2be018ee0d76461a3afcdfe5dcab74b9f2abf93bd1342c6f52d
323,llama-3.1-8b-instruct,100.0,AMPS_Hard,math,3e852f69528aa2be018ee0d76461a3afcdfe5dcab74b9f2abf93bd1342c6f52d
324,llama-3.2-1b-instruct,0.0,AMPS_Hard,math,3e852f69528aa2be018ee0d76461a3afcdfe5dcab74b9f2abf93bd1342c6f52d
325,llama-3.2-3b-instruct,100.0,AMPS_Hard,math,3e852f69528aa2be018ee0d76461a3afcdfe5dcab74b9f2abf93bd1342c6f52d
326,mistral-24b,100.0,AMPS_Hard,math,3e852f69528aa2be018ee0d76461a3afcdfe5dcab74b9f2abf93bd1342c6f52d
327,mistral-7b,0.0,AMPS_Hard,math,3e852f69528aa2be018ee0d76461a3afcdfe5dcab74b9f2abf93bd1342c6f52d
328,qwen2.5-32b,100.0,AMPS_Hard,math,3e852f69528aa2be018ee0d76461a3afcdfe5dcab74b9f2abf93bd1342c6f52d
329,qwen2.5-3b,0.0,AMPS_Hard,math,3e852f69528aa2be018ee0d76461a3afcdfe5dcab74b9f2abf93bd1342c6f52d
330,gemma-3-12b-it,0.0,AMPS_Hard,math,402e56855bea7ba7f63c4dfd700c95432efeb626c6d303e4e51d5d4c9557db6a
331,gemma-3-1b-it,0.0,AMPS_Hard,math,402e56855bea7ba7f63c4dfd700c95432efeb626c6d303e4e51d5d4c9557db6a
332,gemma-3-4b-it,0.0,AMPS_Hard,math,402e56855bea7ba7f63c4dfd700c95432efeb626c6d303e4e51d5d4c9557db6a
333,llama-3.1-8b-instruct,100.0,AMPS_Hard,math,402e56855bea7ba7f63c4dfd700c95432efeb626c6d303e4e51d5d4c9557db6a
334,llama-3.2-1b-instruct,0.0,AMPS_Hard,math,402e56855bea7ba7f63c4dfd700c95432efeb626c6d303e4e51d5d4c9557db6a
335,llama-3.2-3b-instruct,0.0,AMPS_Hard,math,402e56855bea7ba7f63c4dfd700c95432efeb626c6d303e4e51d5d4c9557db6a
336,mistral-24b,0.0,AMPS_Hard,math,402e56855bea7ba7f63c4dfd700c95432efeb626c6d303e4e51d5d4c9557db6a
337,mistral-7b,0.0,AMPS_Hard,math,402e56855bea7ba7f63c4dfd700c95432efeb626c6d303e4e51d5d4c9557db6a
338,qwen2.5-32b,100.0,AMPS_Hard,math,402e56855bea7ba7f63c4dfd700c95432efeb626c6d303e4e51d5d4c9557db6a
339,qwen2.5-3b,100.0,AMPS_Hard,math,402e56855bea7ba7f63c4dfd700c95432efeb626c6d303e4e51d5d4c9557db6a
340,gemma-3-12b-it,0.0,AMPS_Hard,math,40c680dba7c76b7fc953156dc915d0a9d82582dd66bb8ba5f68f42d1ddd4e486
341,gemma-3-1b-it,0.0,AMPS_Hard,math,40c680dba7c76b7fc953156dc915d0a9d82582dd66bb8ba5f68f42d1ddd4e486
342,gemma-3-4b-it,0.0,AMPS_Hard,math,40c680dba7c76b7fc953156dc915d0a9d82582dd66bb8ba5f68f42d1ddd4e486
343,llama-3.1-8b-instruct,0.0,AMPS_Hard,math,40c680dba7c76b7fc953156dc915d0a9d82582dd66bb8ba5f68f42d1ddd4e486
344,llama-3.2-1b-instruct,0.0,AMPS_Hard,math,40c680dba7c76b7fc953156dc915d0a9d82582dd66bb8ba5f68f42d1ddd4e486
345,llama-3.2-3b-instruct,0.0,AMPS_Hard,math,40c680dba7c76b7fc953156dc915d0a9d82582dd66bb8ba5f68f42d1ddd4e486
346,mistral-24b,0.0,AMPS_Hard,math,40c680dba7c76b7fc953156dc915d0a9d82582dd66bb8ba5f68f42d1ddd4e486
347,mistral-7b,0.0,AMPS_Hard,math,40c680dba7c76b7fc953156dc915d0a9d82582dd66bb8ba5f68f42d1ddd4e486
348,qwen2.5-32b,100.0,AMPS_Hard,math,40c680dba7c76b7fc953156dc915d0a9d82582dd66bb8ba5f68f42d1ddd4e486
349,qwen2.5-3b,0.0,AMPS_Hard,math,40c680dba7c76b7fc953156dc915d0a9d82582dd66bb8ba5f68f42d1ddd4e486
350,gemma-3-12b-it,0.0,AMPS_Hard,math,4342367db683238b220484295aef67f84b6b4f0eb4df000be5c0519cac77698b
351,gemma-3-1b-it,0.0,AMPS_Hard,math,4342367db683238b220484295aef67f84b6b4f0eb4df000be5c0519cac77698b
352,gemma-3-4b-it,0.0,AMPS_Hard,math,4342367db683238b220484295aef67f84b6b4f0eb4df000be5c0519cac77698b
353,llama-3.1-8b-instruct,0.0,AMPS_Hard,math,4342367db683238b220484295aef67f84b6b4f0eb4df000be5c0519cac77698b
354,llama-3.2-1b-instruct,0.0,AMPS_Hard,math,4342367db683238b220484295aef67f84b6b4f0eb4df000be5c0519cac77698b
355,llama-3.2-3b-instruct,0.0,AMPS_Hard,math,4342367db683238b220484295aef67f84b6b4f0eb4df000be5c0519cac77698b
356,mistral-24b,0.0,AMPS_Hard,math,4342367db683238b220484295aef67f84b6b4f0eb4df000be5c0519cac77698b
357,mistral-7b,0.0,AMPS_Hard,math,4342367db683238b220484295aef67f84b6b4f0eb4df000be5c0519cac77698b
358,qwen2.5-32b,0.0,AMPS_Hard,math,4342367db683238b220484295aef67f84b6b4f0eb4df000be5c0519cac77698b
359,qwen2.5-3b,0.0,AMPS_Hard,math,4342367db683238b220484295aef67f84b6b4f0eb4df000be5c0519cac77698b
360,gemma-3-12b-it,0.0,AMPS_Hard,math,457dc1ce3126f4707cd06e29114df0625a4fc69051c5c41c1dd2d2853198d078
361,gemma-3-1b-it,0.0,AMPS_Hard,math,457dc1ce3126f4707cd06e29114df0625a4fc69051c5c41c1dd2d2853198d078
362,gemma-3-4b-it,0.0,AMPS_Hard,math,457dc1ce3126f4707cd06e29114df0625a4fc69051c5c41c1dd2d2853198d078
363,llama-3.1-8b-instruct,0.0,AMPS_Hard,math,457dc1ce3126f4707cd06e29114df0625a4fc69051c5c41c1dd2d2853198d078
364,llama-3.2-1b-instruct,0.0,AMPS_Hard,math,457dc1ce3126f4707cd06e29114df0625a4fc69051c5c41c1dd2d2853198d078
365,llama-3.2-3b-instruct,0.0,AMPS_Hard,math,457dc1ce3126f4707cd06e29114df0625a4fc69051c5c41c1dd2d2853198d078
366,mistral-24b,0.0,AMPS_Hard,math,457dc1ce3126f4707cd06e29114df0625a4fc69051c5c41c1dd2d2853198d078
367,mistral-7b,0.0,AMPS_Hard,math,457dc1ce3126f4707cd06e29114df0625a4fc69051c5c41c1dd2d2853198d078
368,qwen2.5-32b,0.0,AMPS_Hard,math,457dc1ce3126f4707cd06e29114df0625a4fc69051c5c41c1dd2d2853198d078
369,qwen2.5-3b,0.0,AMPS_Hard,math,457dc1ce3126f4707cd06e29114df0625a4fc69051c5c41c1dd2d2853198d078
370,gemma-3-12b-it,100.0,AMPS_Hard,math,4b65576e7570cec86d6abb988889fb71304f60a49ae08de443410b0aaa44f55b
371,gemma-3-1b-it,0.0,AMPS_Hard,math,4b65576e7570cec86d6abb988889fb71304f60a49ae08de443410b0aaa44f55b
372,gemma-3-4b-it,0.0,AMPS_Hard,math,4b65576e7570cec86d6abb988889fb71304f60a49ae08de443410b0aaa44f55b
373,llama-3.1-8b-instruct,0.0,AMPS_Hard,math,4b65576e7570cec86d6abb988889fb71304f60a49ae08de443410b0aaa44f55b
374,llama-3.2-1b-instruct,0.0,AMPS_Hard,math,4b65576e7570cec86d6abb988889fb71304f60a49ae08de443410b0aaa44f55b
375,llama-3.2-3b-instruct,0.0,AMPS_Hard,math,4b65576e7570cec86d6abb988889fb71304f60a49ae08de443410b0aaa44f55b
376,mistral-24b,100.0,AMPS_Hard,math,4b65576e7570cec86d6abb988889fb71304f60a49ae08de443410b0aaa44f55b
377,mistral-7b,0.0,AMPS_Hard,math,4b65576e7570cec86d6abb988889fb71304f60a49ae08de443410b0aaa44f55b
378,qwen2.5-32b,100.0,AMPS_Hard,math,4b65576e7570cec86d6abb988889fb71304f60a49ae08de443410b0aaa44f55b
379,qwen2.5-3b,100.0,AMPS_Hard,math,4b65576e7570cec86d6abb988889fb71304f60a49ae08de443410b0aaa44f55b
380,gemma-3-12b-it,100.0,AMPS_Hard,math,4ea921ae2fc435b17335f485b3dac0f53555130d876c862cf52c560476418f3c
381,gemma-3-1b-it,100.0,AMPS_Hard,math,4ea921ae2fc435b17335f485b3dac0f53555130d876c862cf52c560476418f3c
382,gemma-3-4b-it,100.0,AMPS_Hard,math,4ea921ae2fc435b17335f485b3dac0f53555130d876c862cf52c560476418f3c
383,llama-3.1-8b-instruct,0.0,AMPS_Hard,math,4ea921ae2fc435b17335f485b3dac0f53555130d876c862cf52c560476418f3c
384,llama-3.2-1b-instruct,0.0,AMPS_Hard,math,4ea921ae2fc435b17335f485b3dac0f53555130d876c862cf52c560476418f3c
385,llama-3.2-3b-instruct,0.0,AMPS_Hard,math,4ea921ae2fc435b17335f485b3dac0f53555130d876c862cf52c560476418f3c
386,mistral-24b,100.0,AMPS_Hard,math,4ea921ae2fc435b17335f485b3dac0f53555130d876c862cf52c560476418f3c
387,mistral-7b,0.0,AMPS_Hard,math,4ea921ae2fc435b17335f485b3dac0f53555130d876c862cf52c560476418f3c
388,qwen2.5-32b,100.0,AMPS_Hard,math,4ea921ae2fc435b17335f485b3dac0f53555130d876c862cf52c560476418f3c
389,qwen2.5-3b,100.0,AMPS_Hard,math,4ea921ae2fc435b17335f485b3dac0f53555130d876c862cf52c560476418f3c
390,gemma-3-12b-it,0.0,AMPS_Hard,math,54bd80737f1e5f1e0c43af7101b66ad883ed48c79dd719d75f082791a64dadc5
391,gemma-3-1b-it,0.0,AMPS_Hard,math,54bd80737f1e5f1e0c43af7101b66ad883ed48c79dd719d75f082791a64dadc5
392,gemma-3-4b-it,0.0,AMPS_Hard,math,54bd80737f1e5f1e0c43af7101b66ad883ed48c79dd719d75f082791a64dadc5
393,llama-3.1-8b-instruct,0.0,AMPS_Hard,math,54bd80737f1e5f1e0c43af7101b66ad883ed48c79dd719d75f082791a64dadc5
394,llama-3.2-1b-instruct,0.0,AMPS_Hard,math,54bd80737f1e5f1e0c43af7101b66ad883ed48c79dd719d75f082791a64dadc5
395,llama-3.2-3b-instruct,0.0,AMPS_Hard,math,54bd80737f1e5f1e0c43af7101b66ad883ed48c79dd719d75f082791a64dadc5
396,mistral-24b,0.0,AMPS_Hard,math,54bd80737f1e5f1e0c43af7101b66ad883ed48c79dd719d75f082791a64dadc5
397,mistral-7b,0.0,AMPS_Hard,math,54bd80737f1e5f1e0c43af7101b66ad883ed48c79dd719d75f082791a64dadc5
398,qwen2.5-32b,0.0,AMPS_Hard,math,54bd80737f1e5f1e0c43af7101b66ad883ed48c79dd719d75f082791a64dadc5
399,qwen2.5-3b,0.0,AMPS_Hard,math,54bd80737f1e5f1e0c43af7101b66ad883ed48c79dd719d75f082791a64dadc5
400,gemma-3-12b-it,0.0,AMPS_Hard,math,557da318a2322b7ad3c40053ccd03ce2375e469c47a1b6e86ea3de5cee15e2be
401,gemma-3-1b-it,0.0,AMPS_Hard,math,557da318a2322b7ad3c40053ccd03ce2375e469c47a1b6e86ea3de5cee15e2be
402,gemma-3-4b-it,100.0,AMPS_Hard,math,557da318a2322b7ad3c40053ccd03ce2375e469c47a1b6e86ea3de5cee15e2be
403,llama-3.1-8b-instruct,100.0,AMPS_Hard,math,557da318a2322b7ad3c40053ccd03ce2375e469c47a1b6e86ea3de5cee15e2be
404,llama-3.2-1b-instruct,0.0,AMPS_Hard,math,557da318a2322b7ad3c40053ccd03ce2375e469c47a1b6e86ea3de5cee15e2be
405,llama-3.2-3b-instruct,0.0,AMPS_Hard,math,557da318a2322b7ad3c40053ccd03ce2375e469c47a1b6e86ea3de5cee15e2be
406,mistral-24b,0.0,AMPS_Hard,math,557da318a2322b7ad3c40053ccd03ce2375e469c47a1b6e86ea3de5cee15e2be
407,mistral-7b,0.0,AMPS_Hard,math,557da318a2322b7ad3c40053ccd03ce2375e469c47a1b6e86ea3de5cee15e2be
408,qwen2.5-32b,100.0,AMPS_Hard,math,557da318a2322b7ad3c40053ccd03ce2375e469c47a1b6e86ea3de5cee15e2be
409,qwen2.5-3b,100.0,AMPS_Hard,math,557da318a2322b7ad3c40053ccd03ce2375e469c47a1b6e86ea3de5cee15e2be
410,gemma-3-12b-it,0.0,AMPS_Hard,math,57cffb227c0ea9275cbe8eb7a8287b2cf77c79591c79c4d67be5efae0fdeb480
411,gemma-3-1b-it,0.0,AMPS_Hard,math,57cffb227c0ea9275cbe8eb7a8287b2cf77c79591c79c4d67be5efae0fdeb480
412,gemma-3-4b-it,0.0,AMPS_Hard,math,57cffb227c0ea9275cbe8eb7a8287b2cf77c79591c79c4d67be5efae0fdeb480
413,llama-3.1-8b-instruct,0.0,AMPS_Hard,math,57cffb227c0ea9275cbe8eb7a8287b2cf77c79591c79c4d67be5efae0fdeb480
414,llama-3.2-1b-instruct,0.0,AMPS_Hard,math,57cffb227c0ea9275cbe8eb7a8287b2cf77c79591c79c4d67be5efae0fdeb480
415,llama-3.2-3b-instruct,0.0,AMPS_Hard,math,57cffb227c0ea9275cbe8eb7a8287b2cf77c79591c79c4d67be5efae0fdeb480
416,mistral-24b,0.0,AMPS_Hard,math,57cffb227c0ea9275cbe8eb7a8287b2cf77c79591c79c4d67be5efae0fdeb480
417,mistral-7b,0.0,AMPS_Hard,math,57cffb227c0ea9275cbe8eb7a8287b2cf77c79591c79c4d67be5efae0fdeb480
418,qwen2.5-32b,100.0,AMPS_Hard,math,57cffb227c0ea9275cbe8eb7a8287b2cf77c79591c79c4d67be5efae0fdeb480
419,qwen2.5-3b,0.0,AMPS_Hard,math,57cffb227c0ea9275cbe8eb7a8287b2cf77c79591c79c4d67be5efae0fdeb480
420,gemma-3-12b-it,0.0,AMPS_Hard,math,5cd9dc2d52b79df23bf9cd005a95ab484acd67e31e9c38266bdc863278d64cc9
421,gemma-3-1b-it,0.0,AMPS_Hard,math,5cd9dc2d52b79df23bf9cd005a95ab484acd67e31e9c38266bdc863278d64cc9
422,gemma-3-4b-it,0.0,AMPS_Hard,math,5cd9dc2d52b79df23bf9cd005a95ab484acd67e31e9c38266bdc863278d64cc9
423,llama-3.1-8b-instruct,0.0,AMPS_Hard,math,5cd9dc2d52b79df23bf9cd005a95ab484acd67e31e9c38266bdc863278d64cc9
424,llama-3.2-1b-instruct,0.0,AMPS_Hard,math,5cd9dc2d52b79df23bf9cd005a95ab484acd67e31e9c38266bdc863278d64cc9
425,llama-3.2-3b-instruct,0.0,AMPS_Hard,math,5cd9dc2d52b79df23bf9cd005a95ab484acd67e31e9c38266bdc863278d64cc9
426,mistral-24b,0.0,AMPS_Hard,math,5cd9dc2d52b79df23bf9cd005a95ab484acd67e31e9c38266bdc863278d64cc9
427,mistral-7b,0.0,AMPS_Hard,math,5cd9dc2d52b79df23bf9cd005a95ab484acd67e31e9c38266bdc863278d64cc9
428,qwen2.5-32b,100.0,AMPS_Hard,math,5cd9dc2d52b79df23bf9cd005a95ab484acd67e31e9c38266bdc863278d64cc9
429,qwen2.5-3b,0.0,AMPS_Hard,math,5cd9dc2d52b79df23bf9cd005a95ab484acd67e31e9c38266bdc863278d64cc9
430,gemma-3-12b-it,0.0,AMPS_Hard,math,5d047d1a07c96163a9341d6be658de0183ceb8299d34818607da21323eab41d9
431,gemma-3-1b-it,0.0,AMPS_Hard,math,5d047d1a07c96163a9341d6be658de0183ceb8299d34818607da21323eab41d9
432,gemma-3-4b-it,100.0,AMPS_Hard,math,5d047d1a07c96163a9341d6be658de0183ceb8299d34818607da21323eab41d9
433,llama-3.1-8b-instruct,0.0,AMPS_Hard,math,5d047d1a07c96163a9341d6be658de0183ceb8299d34818607da21323eab41d9
434,llama-3.2-1b-instruct,0.0,AMPS_Hard,math,5d047d1a07c96163a9341d6be658de0183ceb8299d34818607da21323eab41d9
435,llama-3.2-3b-instruct,0.0,AMPS_Hard,math,5d047d1a07c96163a9341d6be658de0183ceb8299d34818607da21323eab41d9
436,mistral-24b,0.0,AMPS_Hard,math,5d047d1a07c96163a9341d6be658de0183ceb8299d34818607da21323eab41d9
437,mistral-7b,0.0,AMPS_Hard,math,5d047d1a07c96163a9341d6be658de0183ceb8299d34818607da21323eab41d9
438,qwen2.5-32b,0.0,AMPS_Hard,math,5d047d1a07c96163a9341d6be658de0183ceb8299d34818607da21323eab41d9
439,qwen2.5-3b,0.0,AMPS_Hard,math,5d047d1a07c96163a9341d6be658de0183ceb8299d34818607da21323eab41d9
440,gemma-3-12b-it,100.0,AMPS_Hard,math,613bcfa8be07fa28ab064d1b9a1ecf1940630e36ec1574868c1d44ea6901fb93
441,gemma-3-1b-it,0.0,AMPS_Hard,math,613bcfa8be07fa28ab064d1b9a1ecf1940630e36ec1574868c1d44ea6901fb93
442,gemma-3-4b-it,100.0,AMPS_Hard,math,613bcfa8be07fa28ab064d1b9a1ecf1940630e36ec1574868c1d44ea6901fb93
443,llama-3.1-8b-instruct,0.0,AMPS_Hard,math,613bcfa8be07fa28ab064d1b9a1ecf1940630e36ec1574868c1d44ea6901fb93
444,llama-3.2-1b-instruct,0.0,AMPS_Hard,math,613bcfa8be07fa28ab064d1b9a1ecf1940630e36ec1574868c1d44ea6901fb93
445,llama-3.2-3b-instruct,0.0,AMPS_Hard,math,613bcfa8be07fa28ab064d1b9a1ecf1940630e36ec1574868c1d44ea6901fb93
446,mistral-24b,100.0,AMPS_Hard,math,613bcfa8be07fa28ab064d1b9a1ecf1940630e36ec1574868c1d44ea6901fb93
447,mistral-7b,0.0,AMPS_Hard,math,613bcfa8be07fa28ab064d1b9a1ecf1940630e36ec1574868c1d44ea6901fb93
448,qwen2.5-32b,100.0,AMPS_Hard,math,613bcfa8be07fa28ab064d1b9a1ecf1940630e36ec1574868c1d44ea6901fb93
449,qwen2.5-3b,100.0,AMPS_Hard,math,613bcfa8be07fa28ab064d1b9a1ecf1940630e36ec1574868c1d44ea6901fb93
450,gemma-3-12b-it,100.0,AMPS_Hard,math,63608f487c9f22541c1f8778ae6771658425d60d1c0819e1713d9bd3b0ce9252
451,gemma-3-1b-it,100.0,AMPS_Hard,math,63608f487c9f22541c1f8778ae6771658425d60d1c0819e1713d9bd3b0ce9252
452,gemma-3-4b-it,100.0,AMPS_Hard,math,63608f487c9f22541c1f8778ae6771658425d60d1c0819e1713d9bd3b0ce9252
453,llama-3.1-8b-instruct,0.0,AMPS_Hard,math,63608f487c9f22541c1f8778ae6771658425d60d1c0819e1713d9bd3b0ce9252
454,llama-3.2-1b-instruct,0.0,AMPS_Hard,math,63608f487c9f22541c1f8778ae6771658425d60d1c0819e1713d9bd3b0ce9252
455,llama-3.2-3b-instruct,100.0,AMPS_Hard,math,63608f487c9f22541c1f8778ae6771658425d60d1c0819e1713d9bd3b0ce9252
456,mistral-24b,0.0,AMPS_Hard,math,63608f487c9f22541c1f8778ae6771658425d60d1c0819e1713d9bd3b0ce9252
457,mistral-7b,0.0,AMPS_Hard,math,63608f487c9f22541c1f8778ae6771658425d60d1c0819e1713d9bd3b0ce9252
458,qwen2.5-32b,100.0,AMPS_Hard,math,63608f487c9f22541c1f8778ae6771658425d60d1c0819e1713d9bd3b0ce9252
459,qwen2.5-3b,100.0,AMPS_Hard,math,63608f487c9f22541c1f8778ae6771658425d60d1c0819e1713d9bd3b0ce9252
460,gemma-3-12b-it,0.0,AMPS_Hard,math,6b236c5d2b140ad4f5f89a7bab66558f544ca5dbc56712657c189ea0d3596c19
461,gemma-3-1b-it,0.0,AMPS_Hard,math,6b236c5d2b140ad4f5f89a7bab66558f544ca5dbc56712657c189ea0d3596c19
462,gemma-3-4b-it,0.0,AMPS_Hard,math,6b236c5d2b140ad4f5f89a7bab66558f544ca5dbc56712657c189ea0d3596c19
463,llama-3.1-8b-instruct,0.0,AMPS_Hard,math,6b236c5d2b140ad4f5f89a7bab66558f544ca5dbc56712657c189ea0d3596c19
464,llama-3.2-1b-instruct,0.0,AMPS_Hard,math,6b236c5d2b140ad4f5f89a7bab66558f544ca5dbc56712657c189ea0d3596c19
465,llama-3.2-3b-instruct,0.0,AMPS_Hard,math,6b236c5d2b140ad4f5f89a7bab66558f544ca5dbc56712657c189ea0d3596c19
466,mistral-24b,0.0,AMPS_Hard,math,6b236c5d2b140ad4f5f89a7bab66558f544ca5dbc56712657c189ea0d3596c19
467,mistral-7b,0.0,AMPS_Hard,math,6b236c5d2b140ad4f5f89a7bab66558f544ca5dbc56712657c189ea0d3596c19
468,qwen2.5-32b,0.0,AMPS_Hard,math,6b236c5d2b140ad4f5f89a7bab66558f544ca5dbc56712657c189ea0d3596c19
469,qwen2.5-3b,0.0,AMPS_Hard,math,6b236c5d2b140ad4f5f89a7bab66558f544ca5dbc56712657c189ea0d3596c19
470,gemma-3-12b-it,100.0,AMPS_Hard,math,6dc64d3890685a662e59cf870fff36f265f15e46d189d3c4feafb0f76d2ba224
471,gemma-3-1b-it,0.0,AMPS_Hard,math,6dc64d3890685a662e59cf870fff36f265f15e46d189d3c4feafb0f76d2ba224
472,gemma-3-4b-it,100.0,AMPS_Hard,math,6dc64d3890685a662e59cf870fff36f265f15e46d189d3c4feafb0f76d2ba224
473,llama-3.1-8b-instruct,100.0,AMPS_Hard,math,6dc64d3890685a662e59cf870fff36f265f15e46d189d3c4feafb0f76d2ba224
474,llama-3.2-1b-instruct,0.0,AMPS_Hard,math,6dc64d3890685a662e59cf870fff36f265f15e46d189d3c4feafb0f76d2ba224
475,llama-3.2-3b-instruct,0.0,AMPS_Hard,math,6dc64d3890685a662e59cf870fff36f265f15e46d189d3c4feafb0f76d2ba224
476,mistral-24b,0.0,AMPS_Hard,math,6dc64d3890685a662e59cf870fff36f265f15e46d189d3c4feafb0f76d2ba224
477,mistral-7b,0.0,AMPS_Hard,math,6dc64d3890685a662e59cf870fff36f265f15e46d189d3c4feafb0f76d2ba224
478,qwen2.5-32b,100.0,AMPS_Hard,math,6dc64d3890685a662e59cf870fff36f265f15e46d189d3c4feafb0f76d2ba224
479,qwen2.5-3b,100.0,AMPS_Hard,math,6dc64d3890685a662e59cf870fff36f265f15e46d189d3c4feafb0f76d2ba224
480,gemma-3-12b-it,0.0,AMPS_Hard,math,76513dc871c41174e02fa4e936b79b7f3293298423aca222ac96ed78db049e31
481,gemma-3-1b-it,0.0,AMPS_Hard,math,76513dc871c41174e02fa4e936b79b7f3293298423aca222ac96ed78db049e31
482,gemma-3-4b-it,0.0,AMPS_Hard,math,76513dc871c41174e02fa4e936b79b7f3293298423aca222ac96ed78db049e31
483,llama-3.1-8b-instruct,0.0,AMPS_Hard,math,76513dc871c41174e02fa4e936b79b7f3293298423aca222ac96ed78db049e31
484,llama-3.2-1b-instruct,0.0,AMPS_Hard,math,76513dc871c41174e02fa4e936b79b7f3293298423aca222ac96ed78db049e31
485,llama-3.2-3b-instruct,100.0,AMPS_Hard,math,76513dc871c41174e02fa4e936b79b7f3293298423aca222ac96ed78db049e31
486,mistral-24b,100.0,AMPS_Hard,math,76513dc871c41174e02fa4e936b79b7f3293298423aca222ac96ed78db049e31
487,mistral-7b,0.0,AMPS_Hard,math,76513dc871c41174e02fa4e936b79b7f3293298423aca222ac96ed78db049e31
488,qwen2.5-32b,100.0,AMPS_Hard,math,76513dc871c41174e02fa4e936b79b7f3293298423aca222ac96ed78db049e31
489,qwen2.5-3b,100.0,AMPS_Hard,math,76513dc871c41174e02fa4e936b79b7f3293298423aca222ac96ed78db049e31
490,gemma-3-12b-it,100.0,AMPS_Hard,math,76a560baa3e4a778f321033854ff4e1c22333fce2942359c7534950ad6e38e38
491,gemma-3-1b-it,0.0,AMPS_Hard,math,76a560baa3e4a778f321033854ff4e1c22333fce2942359c7534950ad6e38e38
492,gemma-3-4b-it,100.0,AMPS_Hard,math,76a560baa3e4a778f321033854ff4e1c22333fce2942359c7534950ad6e38e38
493,llama-3.1-8b-instruct,100.0,AMPS_Hard,math,76a560baa3e4a778f321033854ff4e1c22333fce2942359c7534950ad6e38e38
494,llama-3.2-1b-instruct,0.0,AMPS_Hard,math,76a560baa3e4a778f321033854ff4e1c22333fce2942359c7534950ad6e38e38
495,llama-3.2-3b-instruct,100.0,AMPS_Hard,math,76a560baa3e4a778f321033854ff4e1c22333fce2942359c7534950ad6e38e38
496,mistral-24b,100.0,AMPS_Hard,math,76a560baa3e4a778f321033854ff4e1c22333fce2942359c7534950ad6e38e38
497,mistral-7b,100.0,AMPS_Hard,math,76a560baa3e4a778f321033854ff4e1c22333fce2942359c7534950ad6e38e38
498,qwen2.5-32b,100.0,AMPS_Hard,math,76a560baa3e4a778f321033854ff4e1c22333fce2942359c7534950ad6e38e38
499,qwen2.5-3b,100.0,AMPS_Hard,math,76a560baa3e4a778f321033854ff4e1c22333fce2942359c7534950ad6e38e38
500,gemma-3-12b-it,0.0,AMPS_Hard,math,7994355f8431622faebca90825423f38be418071bf1e859aaafd76f2a3dddaf2
501,gemma-3-1b-it,0.0,AMPS_Hard,math,7994355f8431622faebca90825423f38be418071bf1e859aaafd76f2a3dddaf2
502,gemma-3-4b-it,0.0,AMPS_Hard,math,7994355f8431622faebca90825423f38be418071bf1e859aaafd76f2a3dddaf2
503,llama-3.1-8b-instruct,0.0,AMPS_Hard,math,7994355f8431622faebca90825423f38be418071bf1e859aaafd76f2a3dddaf2
504,llama-3.2-1b-instruct,0.0,AMPS_Hard,math,7994355f8431622faebca90825423f38be418071bf1e859aaafd76f2a3dddaf2
505,llama-3.2-3b-instruct,0.0,AMPS_Hard,math,7994355f8431622faebca90825423f38be418071bf1e859aaafd76f2a3dddaf2
506,mistral-24b,0.0,AMPS_Hard,math,7994355f8431622faebca90825423f38be418071bf1e859aaafd76f2a3dddaf2
507,mistral-7b,0.0,AMPS_Hard,math,7994355f8431622faebca90825423f38be418071bf1e859aaafd76f2a3dddaf2
508,qwen2.5-32b,0.0,AMPS_Hard,math,7994355f8431622faebca90825423f38be418071bf1e859aaafd76f2a3dddaf2
509,qwen2.5-3b,0.0,AMPS_Hard,math,7994355f8431622faebca90825423f38be418071bf1e859aaafd76f2a3dddaf2
510,gemma-3-12b-it,100.0,AMPS_Hard,math,799e4b2652eeb01424079c0e1e272609e0e564794c7a6af0ebd81ce075c3fc68
511,gemma-3-1b-it,0.0,AMPS_Hard,math,799e4b2652eeb01424079c0e1e272609e0e564794c7a6af0ebd81ce075c3fc68
512,gemma-3-4b-it,100.0,AMPS_Hard,math,799e4b2652eeb01424079c0e1e272609e0e564794c7a6af0ebd81ce075c3fc68
513,llama-3.1-8b-instruct,0.0,AMPS_Hard,math,799e4b2652eeb01424079c0e1e272609e0e564794c7a6af0ebd81ce075c3fc68
514,llama-3.2-1b-instruct,0.0,AMPS_Hard,math,799e4b2652eeb01424079c0e1e272609e0e564794c7a6af0ebd81ce075c3fc68
515,llama-3.2-3b-instruct,0.0,AMPS_Hard,math,799e4b2652eeb01424079c0e1e272609e0e564794c7a6af0ebd81ce075c3fc68
516,mistral-24b,0.0,AMPS_Hard,math,799e4b2652eeb01424079c0e1e272609e0e564794c7a6af0ebd81ce075c3fc68
517,mistral-7b,0.0,AMPS_Hard,math,799e4b2652eeb01424079c0e1e272609e0e564794c7a6af0ebd81ce075c3fc68
518,qwen2.5-32b,0.0,AMPS_Hard,math,799e4b2652eeb01424079c0e1e272609e0e564794c7a6af0ebd81ce075c3fc68
519,qwen2.5-3b,0.0,AMPS_Hard,math,799e4b2652eeb01424079c0e1e272609e0e564794c7a6af0ebd81ce075c3fc68
520,gemma-3-12b-it,100.0,AMPS_Hard,math,79fa8737d5b95f45c35b0c8a87b20c5a1eb73095eb32fee208e13de824d59d76
521,gemma-3-1b-it,0.0,AMPS_Hard,math,79fa8737d5b95f45c35b0c8a87b20c5a1eb73095eb32fee208e13de824d59d76
522,gemma-3-4b-it,100.0,AMPS_Hard,math,79fa8737d5b95f45c35b0c8a87b20c5a1eb73095eb32fee208e13de824d59d76
523,llama-3.1-8b-instruct,0.0,AMPS_Hard,math,79fa8737d5b95f45c35b0c8a87b20c5a1eb73095eb32fee208e13de824d59d76
524,llama-3.2-1b-instruct,0.0,AMPS_Hard,math,79fa8737d5b95f45c35b0c8a87b20c5a1eb73095eb32fee208e13de824d59d76
525,llama-3.2-3b-instruct,0.0,AMPS_Hard,math,79fa8737d5b95f45c35b0c8a87b20c5a1eb73095eb32fee208e13de824d59d76
526,mistral-24b,0.0,AMPS_Hard,math,79fa8737d5b95f45c35b0c8a87b20c5a1eb73095eb32fee208e13de824d59d76
527,mistral-7b,0.0,AMPS_Hard,math,79fa8737d5b95f45c35b0c8a87b20c5a1eb73095eb32fee208e13de824d59d76
528,qwen2.5-32b,0.0,AMPS_Hard,math,79fa8737d5b95f45c35b0c8a87b20c5a1eb73095eb32fee208e13de824d59d76
529,qwen2.5-3b,100.0,AMPS_Hard,math,79fa8737d5b95f45c35b0c8a87b20c5a1eb73095eb32fee208e13de824d59d76
530,gemma-3-12b-it,0.0,AMPS_Hard,math,813a2590ad5565a94924a64f20b51eb7b718954a970f422929df7bed73238167
531,gemma-3-1b-it,0.0,AMPS_Hard,math,813a2590ad5565a94924a64f20b51eb7b718954a970f422929df7bed73238167
532,gemma-3-4b-it,100.0,AMPS_Hard,math,813a2590ad5565a94924a64f20b51eb7b718954a970f422929df7bed73238167
533,llama-3.1-8b-instruct,0.0,AMPS_Hard,math,813a2590ad5565a94924a64f20b51eb7b718954a970f422929df7bed73238167
534,llama-3.2-1b-instruct,0.0,AMPS_Hard,math,813a2590ad5565a94924a64f20b51eb7b718954a970f422929df7bed73238167
535,llama-3.2-3b-instruct,0.0,AMPS_Hard,math,813a2590ad5565a94924a64f20b51eb7b718954a970f422929df7bed73238167
536,mistral-24b,0.0,AMPS_Hard,math,813a2590ad5565a94924a64f20b51eb7b718954a970f422929df7bed73238167
537,mistral-7b,0.0,AMPS_Hard,math,813a2590ad5565a94924a64f20b51eb7b718954a970f422929df7bed73238167
538,qwen2.5-32b,0.0,AMPS_Hard,math,813a2590ad5565a94924a64f20b51eb7b718954a970f422929df7bed73238167
539,qwen2.5-3b,100.0,AMPS_Hard,math,813a2590ad5565a94924a64f20b51eb7b718954a970f422929df7bed73238167
540,gemma-3-12b-it,100.0,AMPS_Hard,math,81f6df2fcbefbd9da4e06e0f7923194607cc834fd584b061f083af99342b8376
541,gemma-3-1b-it,0.0,AMPS_Hard,math,81f6df2fcbefbd9da4e06e0f7923194607cc834fd584b061f083af99342b8376
542,gemma-3-4b-it,100.0,AMPS_Hard,math,81f6df2fcbefbd9da4e06e0f7923194607cc834fd584b061f083af99342b8376
543,llama-3.1-8b-instruct,0.0,AMPS_Hard,math,81f6df2fcbefbd9da4e06e0f7923194607cc834fd584b061f083af99342b8376
544,llama-3.2-1b-instruct,0.0,AMPS_Hard,math,81f6df2fcbefbd9da4e06e0f7923194607cc834fd584b061f083af99342b8376
545,llama-3.2-3b-instruct,0.0,AMPS_Hard,math,81f6df2fcbefbd9da4e06e0f7923194607cc834fd584b061f083af99342b8376
546,mistral-24b,0.0,AMPS_Hard,math,81f6df2fcbefbd9da4e06e0f7923194607cc834fd584b061f083af99342b8376
547,mistral-7b,0.0,AMPS_Hard,math,81f6df2fcbefbd9da4e06e0f7923194607cc834fd584b061f083af99342b8376
548,qwen2.5-32b,100.0,AMPS_Hard,math,81f6df2fcbefbd9da4e06e0f7923194607cc834fd584b061f083af99342b8376
549,qwen2.5-3b,0.0,AMPS_Hard,math,81f6df2fcbefbd9da4e06e0f7923194607cc834fd584b061f083af99342b8376
550,gemma-3-12b-it,0.0,AMPS_Hard,math,94364865e2a3f0a22e639bc212a0241386415cc60e5fd2106d029ca23f997bf4
551,gemma-3-1b-it,0.0,AMPS_Hard,math,94364865e2a3f0a22e639bc212a0241386415cc60e5fd2106d029ca23f997bf4
552,gemma-3-4b-it,100.0,AMPS_Hard,math,94364865e2a3f0a22e639bc212a0241386415cc60e5fd2106d029ca23f997bf4
553,llama-3.1-8b-instruct,0.0,AMPS_Hard,math,94364865e2a3f0a22e639bc212a0241386415cc60e5fd2106d029ca23f997bf4
554,llama-3.2-1b-instruct,0.0,AMPS_Hard,math,94364865e2a3f0a22e639bc212a0241386415cc60e5fd2106d029ca23f997bf4
555,llama-3.2-3b-instruct,0.0,AMPS_Hard,math,94364865e2a3f0a22e639bc212a0241386415cc60e5fd2106d029ca23f997bf4
556,mistral-24b,100.0,AMPS_Hard,math,94364865e2a3f0a22e639bc212a0241386415cc60e5fd2106d029ca23f997bf4
557,mistral-7b,0.0,AMPS_Hard,math,94364865e2a3f0a22e639bc212a0241386415cc60e5fd2106d029ca23f997bf4
558,qwen2.5-32b,100.0,AMPS_Hard,math,94364865e2a3f0a22e639bc212a0241386415cc60e5fd2106d029ca23f997bf4
559,qwen2.5-3b,0.0,AMPS_Hard,math,94364865e2a3f0a22e639bc212a0241386415cc60e5fd2106d029ca23f997bf4
560,gemma-3-12b-it,0.0,AMPS_Hard,math,9aba49ea3701ec6cfe753dc8071b5e487d575b5f04e236e6cba9aecedf271f11
561,gemma-3-1b-it,0.0,AMPS_Hard,math,9aba49ea3701ec6cfe753dc8071b5e487d575b5f04e236e6cba9aecedf271f11
562,gemma-3-4b-it,0.0,AMPS_Hard,math,9aba49ea3701ec6cfe753dc8071b5e487d575b5f04e236e6cba9aecedf271f11
563,llama-3.1-8b-instruct,0.0,AMPS_Hard,math,9aba49ea3701ec6cfe753dc8071b5e487d575b5f04e236e6cba9aecedf271f11
564,llama-3.2-1b-instruct,0.0,AMPS_Hard,math,9aba49ea3701ec6cfe753dc8071b5e487d575b5f04e236e6cba9aecedf271f11
565,llama-3.2-3b-instruct,0.0,AMPS_Hard,math,9aba49ea3701ec6cfe753dc8071b5e487d575b5f04e236e6cba9aecedf271f11
566,mistral-24b,0.0,AMPS_Hard,math,9aba49ea3701ec6cfe753dc8071b5e487d575b5f04e236e6cba9aecedf271f11
567,mistral-7b,0.0,AMPS_Hard,math,9aba49ea3701ec6cfe753dc8071b5e487d575b5f04e236e6cba9aecedf271f11
568,qwen2.5-32b,0.0,AMPS_Hard,math,9aba49ea3701ec6cfe753dc8071b5e487d575b5f04e236e6cba9aecedf271f11
569,qwen2.5-3b,0.0,AMPS_Hard,math,9aba49ea3701ec6cfe753dc8071b5e487d575b5f04e236e6cba9aecedf271f11
570,gemma-3-12b-it,100.0,AMPS_Hard,math,9de987b7e2739f333b5225cee7b799461bc4697f2db715601a5f4cf5bd9af7cc
571,gemma-3-1b-it,100.0,AMPS_Hard,math,9de987b7e2739f333b5225cee7b799461bc4697f2db715601a5f4cf5bd9af7cc
572,gemma-3-4b-it,100.0,AMPS_Hard,math,9de987b7e2739f333b5225cee7b799461bc4697f2db715601a5f4cf5bd9af7cc
573,llama-3.1-8b-instruct,0.0,AMPS_Hard,math,9de987b7e2739f333b5225cee7b799461bc4697f2db715601a5f4cf5bd9af7cc
574,llama-3.2-1b-instruct,0.0,AMPS_Hard,math,9de987b7e2739f333b5225cee7b799461bc4697f2db715601a5f4cf5bd9af7cc
575,llama-3.2-3b-instruct,0.0,AMPS_Hard,math,9de987b7e2739f333b5225cee7b799461bc4697f2db715601a5f4cf5bd9af7cc
576,mistral-24b,0.0,AMPS_Hard,math,9de987b7e2739f333b5225cee7b799461bc4697f2db715601a5f4cf5bd9af7cc
577,mistral-7b,0.0,AMPS_Hard,math,9de987b7e2739f333b5225cee7b799461bc4697f2db715601a5f4cf5bd9af7cc
578,qwen2.5-32b,100.0,AMPS_Hard,math,9de987b7e2739f333b5225cee7b799461bc4697f2db715601a5f4cf5bd9af7cc
579,qwen2.5-3b,100.0,AMPS_Hard,math,9de987b7e2739f333b5225cee7b799461bc4697f2db715601a5f4cf5bd9af7cc
580,gemma-3-12b-it,0.0,AMPS_Hard,math,9e69bcbbbfdd17229a4b0897e20d66f4f4f22452efc9dcca75ba21c03b90ec09
581,gemma-3-1b-it,0.0,AMPS_Hard,math,9e69bcbbbfdd17229a4b0897e20d66f4f4f22452efc9dcca75ba21c03b90ec09
582,gemma-3-4b-it,0.0,AMPS_Hard,math,9e69bcbbbfdd17229a4b0897e20d66f4f4f22452efc9dcca75ba21c03b90ec09
583,llama-3.1-8b-instruct,0.0,AMPS_Hard,math,9e69bcbbbfdd17229a4b0897e20d66f4f4f22452efc9dcca75ba21c03b90ec09
584,llama-3.2-1b-instruct,0.0,AMPS_Hard,math,9e69bcbbbfdd17229a4b0897e20d66f4f4f22452efc9dcca75ba21c03b90ec09
585,llama-3.2-3b-instruct,0.0,AMPS_Hard,math,9e69bcbbbfdd17229a4b0897e20d66f4f4f22452efc9dcca75ba21c03b90ec09
586,mistral-24b,0.0,AMPS_Hard,math,9e69bcbbbfdd17229a4b0897e20d66f4f4f22452efc9dcca75ba21c03b90ec09
587,mistral-7b,0.0,AMPS_Hard,math,9e69bcbbbfdd17229a4b0897e20d66f4f4f22452efc9dcca75ba21c03b90ec09
588,qwen2.5-32b,0.0,AMPS_Hard,math,9e69bcbbbfdd17229a4b0897e20d66f4f4f22452efc9dcca75ba21c03b90ec09
589,qwen2.5-3b,0.0,AMPS_Hard,math,9e69bcbbbfdd17229a4b0897e20d66f4f4f22452efc9dcca75ba21c03b90ec09
590,gemma-3-12b-it,100.0,AMPS_Hard,math,9f1e08e09cb153db9c348cb9b42b199b076f70ab6725140389ab1947e2134c16
591,gemma-3-1b-it,0.0,AMPS_Hard,math,9f1e08e09cb153db9c348cb9b42b199b076f70ab6725140389ab1947e2134c16
592,gemma-3-4b-it,0.0,AMPS_Hard,math,9f1e08e09cb153db9c348cb9b42b199b076f70ab6725140389ab1947e2134c16
593,llama-3.1-8b-instruct,0.0,AMPS_Hard,math,9f1e08e09cb153db9c348cb9b42b199b076f70ab6725140389ab1947e2134c16
594,llama-3.2-1b-instruct,0.0,AMPS_Hard,math,9f1e08e09cb153db9c348cb9b42b199b076f70ab6725140389ab1947e2134c16
595,llama-3.2-3b-instruct,0.0,AMPS_Hard,math,9f1e08e09cb153db9c348cb9b42b199b076f70ab6725140389ab1947e2134c16
596,mistral-24b,100.0,AMPS_Hard,math,9f1e08e09cb153db9c348cb9b42b199b076f70ab6725140389ab1947e2134c16
597,mistral-7b,0.0,AMPS_Hard,math,9f1e08e09cb153db9c348cb9b42b199b076f70ab6725140389ab1947e2134c16
598,qwen2.5-32b,100.0,AMPS_Hard,math,9f1e08e09cb153db9c348cb9b42b199b076f70ab6725140389ab1947e2134c16
599,qwen2.5-3b,100.0,AMPS_Hard,math,9f1e08e09cb153db9c348cb9b42b199b076f70ab6725140389ab1947e2134c16
600,gemma-3-12b-it,0.0,AMPS_Hard,math,a1cccb6363eb69b14be1666c10b4e6f3626d7f7f39d101222b9d1c50a8fe50ed
601,gemma-3-1b-it,0.0,AMPS_Hard,math,a1cccb6363eb69b14be1666c10b4e6f3626d7f7f39d101222b9d1c50a8fe50ed
602,gemma-3-4b-it,0.0,AMPS_Hard,math,a1cccb6363eb69b14be1666c10b4e6f3626d7f7f39d101222b9d1c50a8fe50ed
603,llama-3.1-8b-instruct,0.0,AMPS_Hard,math,a1cccb6363eb69b14be1666c10b4e6f3626d7f7f39d101222b9d1c50a8fe50ed
604,llama-3.2-1b-instruct,0.0,AMPS_Hard,math,a1cccb6363eb69b14be1666c10b4e6f3626d7f7f39d101222b9d1c50a8fe50ed
605,llama-3.2-3b-instruct,0.0,AMPS_Hard,math,a1cccb6363eb69b14be1666c10b4e6f3626d7f7f39d101222b9d1c50a8fe50ed
606,mistral-24b,0.0,AMPS_Hard,math,a1cccb6363eb69b14be1666c10b4e6f3626d7f7f39d101222b9d1c50a8fe50ed
607,mistral-7b,0.0,AMPS_Hard,math,a1cccb6363eb69b14be1666c10b4e6f3626d7f7f39d101222b9d1c50a8fe50ed
608,qwen2.5-32b,100.0,AMPS_Hard,math,a1cccb6363eb69b14be1666c10b4e6f3626d7f7f39d101222b9d1c50a8fe50ed
609,qwen2.5-3b,0.0,AMPS_Hard,math,a1cccb6363eb69b14be1666c10b4e6f3626d7f7f39d101222b9d1c50a8fe50ed
610,gemma-3-12b-it,0.0,AMPS_Hard,math,a357d96731893796391aec9a4daafc89c857d94e72f7217eaeb820e2a9bd6a47
611,gemma-3-1b-it,0.0,AMPS_Hard,math,a357d96731893796391aec9a4daafc89c857d94e72f7217eaeb820e2a9bd6a47
612,gemma-3-4b-it,0.0,AMPS_Hard,math,a357d96731893796391aec9a4daafc89c857d94e72f7217eaeb820e2a9bd6a47
613,llama-3.1-8b-instruct,0.0,AMPS_Hard,math,a357d96731893796391aec9a4daafc89c857d94e72f7217eaeb820e2a9bd6a47
614,llama-3.2-1b-instruct,0.0,AMPS_Hard,math,a357d96731893796391aec9a4daafc89c857d94e72f7217eaeb820e2a9bd6a47
615,llama-3.2-3b-instruct,0.0,AMPS_Hard,math,a357d96731893796391aec9a4daafc89c857d94e72f7217eaeb820e2a9bd6a47
616,mistral-24b,0.0,AMPS_Hard,math,a357d96731893796391aec9a4daafc89c857d94e72f7217eaeb820e2a9bd6a47
617,mistral-7b,0.0,AMPS_Hard,math,a357d96731893796391aec9a4daafc89c857d94e72f7217eaeb820e2a9bd6a47
618,qwen2.5-32b,100.0,AMPS_Hard,math,a357d96731893796391aec9a4daafc89c857d94e72f7217eaeb820e2a9bd6a47
619,qwen2.5-3b,100.0,AMPS_Hard,math,a357d96731893796391aec9a4daafc89c857d94e72f7217eaeb820e2a9bd6a47
620,gemma-3-12b-it,0.0,AMPS_Hard,math,a430c98bb36dc61f96279cb541bc7a20fe3843f9d057c53e2291ea80e19ebd23
621,gemma-3-1b-it,0.0,AMPS_Hard,math,a430c98bb36dc61f96279cb541bc7a20fe3843f9d057c53e2291ea80e19ebd23
622,gemma-3-4b-it,100.0,AMPS_Hard,math,a430c98bb36dc61f96279cb541bc7a20fe3843f9d057c53e2291ea80e19ebd23
623,llama-3.1-8b-instruct,100.0,AMPS_Hard,math,a430c98bb36dc61f96279cb541bc7a20fe3843f9d057c53e2291ea80e19ebd23
624,llama-3.2-1b-instruct,0.0,AMPS_Hard,math,a430c98bb36dc61f96279cb541bc7a20fe3843f9d057c53e2291ea80e19ebd23
625,llama-3.2-3b-instruct,100.0,AMPS_Hard,math,a430c98bb36dc61f96279cb541bc7a20fe3843f9d057c53e2291ea80e19ebd23
626,mistral-24b,100.0,AMPS_Hard,math,a430c98bb36dc61f96279cb541bc7a20fe3843f9d057c53e2291ea80e19ebd23
627,mistral-7b,0.0,AMPS_Hard,math,a430c98bb36dc61f96279cb541bc7a20fe3843f9d057c53e2291ea80e19ebd23
628,qwen2.5-32b,100.0,AMPS_Hard,math,a430c98bb36dc61f96279cb541bc7a20fe3843f9d057c53e2291ea80e19ebd23
629,qwen2.5-3b,100.0,AMPS_Hard,math,a430c98bb36dc61f96279cb541bc7a20fe3843f9d057c53e2291ea80e19ebd23
630,gemma-3-12b-it,0.0,AMPS_Hard,math,a7076c4f5c58e9e81f7ef76e3fbf6ec7dd28f5fd9d644500f0d007cca4fd3367
631,gemma-3-1b-it,0.0,AMPS_Hard,math,a7076c4f5c58e9e81f7ef76e3fbf6ec7dd28f5fd9d644500f0d007cca4fd3367
632,gemma-3-4b-it,100.0,AMPS_Hard,math,a7076c4f5c58e9e81f7ef76e3fbf6ec7dd28f5fd9d644500f0d007cca4fd3367
633,llama-3.1-8b-instruct,0.0,AMPS_Hard,math,a7076c4f5c58e9e81f7ef76e3fbf6ec7dd28f5fd9d644500f0d007cca4fd3367
634,llama-3.2-1b-instruct,0.0,AMPS_Hard,math,a7076c4f5c58e9e81f7ef76e3fbf6ec7dd28f5fd9d644500f0d007cca4fd3367
635,llama-3.2-3b-instruct,0.0,AMPS_Hard,math,a7076c4f5c58e9e81f7ef76e3fbf6ec7dd28f5fd9d644500f0d007cca4fd3367
636,mistral-24b,0.0,AMPS_Hard,math,a7076c4f5c58e9e81f7ef76e3fbf6ec7dd28f5fd9d644500f0d007cca4fd3367
637,mistral-7b,0.0,AMPS_Hard,math,a7076c4f5c58e9e81f7ef76e3fbf6ec7dd28f5fd9d644500f0d007cca4fd3367
638,qwen2.5-32b,0.0,AMPS_Hard,math,a7076c4f5c58e9e81f7ef76e3fbf6ec7dd28f5fd9d644500f0d007cca4fd3367
639,qwen2.5-3b,0.0,AMPS_Hard,math,a7076c4f5c58e9e81f7ef76e3fbf6ec7dd28f5fd9d644500f0d007cca4fd3367
640,gemma-3-12b-it,100.0,AMPS_Hard,math,a9822a81de53b287b11ccab159be018e1085c75e8cf61640d5384e471451ee0f
641,gemma-3-1b-it,0.0,AMPS_Hard,math,a9822a81de53b287b11ccab159be018e1085c75e8cf61640d5384e471451ee0f
642,gemma-3-4b-it,0.0,AMPS_Hard,math,a9822a81de53b287b11ccab159be018e1085c75e8cf61640d5384e471451ee0f
643,llama-3.1-8b-instruct,0.0,AMPS_Hard,math,a9822a81de53b287b11ccab159be018e1085c75e8cf61640d5384e471451ee0f
644,llama-3.2-1b-instruct,0.0,AMPS_Hard,math,a9822a81de53b287b11ccab159be018e1085c75e8cf61640d5384e471451ee0f
645,llama-3.2-3b-instruct,0.0,AMPS_Hard,math,a9822a81de53b287b11ccab159be018e1085c75e8cf61640d5384e471451ee0f
646,mistral-24b,0.0,AMPS_Hard,math,a9822a81de53b287b11ccab159be018e1085c75e8cf61640d5384e471451ee0f
647,mistral-7b,0.0,AMPS_Hard,math,a9822a81de53b287b11ccab159be018e1085c75e8cf61640d5384e471451ee0f
648,qwen2.5-32b,0.0,AMPS_Hard,math,a9822a81de53b287b11ccab159be018e1085c75e8cf61640d5384e471451ee0f
649,qwen2.5-3b,0.0,AMPS_Hard,math,a9822a81de53b287b11ccab159be018e1085c75e8cf61640d5384e471451ee0f
650,gemma-3-12b-it,100.0,AMPS_Hard,math,a9e574313b614eec19bcc03d6c3f8e44deaf5b866cee7080bb239e415a189d15
651,gemma-3-1b-it,100.0,AMPS_Hard,math,a9e574313b614eec19bcc03d6c3f8e44deaf5b866cee7080bb239e415a189d15
652,gemma-3-4b-it,0.0,AMPS_Hard,math,a9e574313b614eec19bcc03d6c3f8e44deaf5b866cee7080bb239e415a189d15
653,llama-3.1-8b-instruct,100.0,AMPS_Hard,math,a9e574313b614eec19bcc03d6c3f8e44deaf5b866cee7080bb239e415a189d15
654,llama-3.2-1b-instruct,0.0,AMPS_Hard,math,a9e574313b614eec19bcc03d6c3f8e44deaf5b866cee7080bb239e415a189d15
655,llama-3.2-3b-instruct,0.0,AMPS_Hard,math,a9e574313b614eec19bcc03d6c3f8e44deaf5b866cee7080bb239e415a189d15
656,mistral-24b,0.0,AMPS_Hard,math,a9e574313b614eec19bcc03d6c3f8e44deaf5b866cee7080bb239e415a189d15
657,mistral-7b,0.0,AMPS_Hard,math,a9e574313b614eec19bcc03d6c3f8e44deaf5b866cee7080bb239e415a189d15
658,qwen2.5-32b,100.0,AMPS_Hard,math,a9e574313b614eec19bcc03d6c3f8e44deaf5b866cee7080bb239e415a189d15
659,qwen2.5-3b,100.0,AMPS_Hard,math,a9e574313b614eec19bcc03d6c3f8e44deaf5b866cee7080bb239e415a189d15
660,gemma-3-12b-it,0.0,AMPS_Hard,math,aa2a15208cad319abd3738bee4e9f7ceaffbf4d56dd7eeff090c442a584ee1f4
661,gemma-3-1b-it,0.0,AMPS_Hard,math,aa2a15208cad319abd3738bee4e9f7ceaffbf4d56dd7eeff090c442a584ee1f4
662,gemma-3-4b-it,0.0,AMPS_Hard,math,aa2a15208cad319abd3738bee4e9f7ceaffbf4d56dd7eeff090c442a584ee1f4
663,llama-3.1-8b-instruct,0.0,AMPS_Hard,math,aa2a15208cad319abd3738bee4e9f7ceaffbf4d56dd7eeff090c442a584ee1f4
664,llama-3.2-1b-instruct,0.0,AMPS_Hard,math,aa2a15208cad319abd3738bee4e9f7ceaffbf4d56dd7eeff090c442a584ee1f4
665,llama-3.2-3b-instruct,0.0,AMPS_Hard,math,aa2a15208cad319abd3738bee4e9f7ceaffbf4d56dd7eeff090c442a584ee1f4
666,mistral-24b,0.0,AMPS_Hard,math,aa2a15208cad319abd3738bee4e9f7ceaffbf4d56dd7eeff090c442a584ee1f4
667,mistral-7b,0.0,AMPS_Hard,math,aa2a15208cad319abd3738bee4e9f7ceaffbf4d56dd7eeff090c442a584ee1f4
668,qwen2.5-32b,0.0,AMPS_Hard,math,aa2a15208cad319abd3738bee4e9f7ceaffbf4d56dd7eeff090c442a584ee1f4
669,qwen2.5-3b,0.0,AMPS_Hard,math,aa2a15208cad319abd3738bee4e9f7ceaffbf4d56dd7eeff090c442a584ee1f4
670,gemma-3-12b-it,100.0,AMPS_Hard,math,b790b0092a39d1144336e52e36c156e7b6c2c08f41facad3cc5cbfc63c509422
671,gemma-3-1b-it,0.0,AMPS_Hard,math,b790b0092a39d1144336e52e36c156e7b6c2c08f41facad3cc5cbfc63c509422
672,gemma-3-4b-it,0.0,AMPS_Hard,math,b790b0092a39d1144336e52e36c156e7b6c2c08f41facad3cc5cbfc63c509422
673,llama-3.1-8b-instruct,0.0,AMPS_Hard,math,b790b0092a39d1144336e52e36c156e7b6c2c08f41facad3cc5cbfc63c509422
674,llama-3.2-1b-instruct,0.0,AMPS_Hard,math,b790b0092a39d1144336e52e36c156e7b6c2c08f41facad3cc5cbfc63c509422
675,llama-3.2-3b-instruct,0.0,AMPS_Hard,math,b790b0092a39d1144336e52e36c156e7b6c2c08f41facad3cc5cbfc63c509422
676,mistral-24b,100.0,AMPS_Hard,math,b790b0092a39d1144336e52e36c156e7b6c2c08f41facad3cc5cbfc63c509422
677,mistral-7b,100.0,AMPS_Hard,math,b790b0092a39d1144336e52e36c156e7b6c2c08f41facad3cc5cbfc63c509422
678,qwen2.5-32b,100.0,AMPS_Hard,math,b790b0092a39d1144336e52e36c156e7b6c2c08f41facad3cc5cbfc63c509422
679,qwen2.5-3b,100.0,AMPS_Hard,math,b790b0092a39d1144336e52e36c156e7b6c2c08f41facad3cc5cbfc63c509422
680,gemma-3-12b-it,0.0,AMPS_Hard,math,b90d2cf2c33dcc9405168eeeebc3107d721faa3140dbd890aab6d1f2afd2cef8
681,gemma-3-1b-it,100.0,AMPS_Hard,math,b90d2cf2c33dcc9405168eeeebc3107d721faa3140dbd890aab6d1f2afd2cef8
682,gemma-3-4b-it,100.0,AMPS_Hard,math,b90d2cf2c33dcc9405168eeeebc3107d721faa3140dbd890aab6d1f2afd2cef8
683,llama-3.1-8b-instruct,0.0,AMPS_Hard,math,b90d2cf2c33dcc9405168eeeebc3107d721faa3140dbd890aab6d1f2afd2cef8
684,llama-3.2-1b-instruct,0.0,AMPS_Hard,math,b90d2cf2c33dcc9405168eeeebc3107d721faa3140dbd890aab6d1f2afd2cef8
685,llama-3.2-3b-instruct,0.0,AMPS_Hard,math,b90d2cf2c33dcc9405168eeeebc3107d721faa3140dbd890aab6d1f2afd2cef8
686,mistral-24b,100.0,AMPS_Hard,math,b90d2cf2c33dcc9405168eeeebc3107d721faa3140dbd890aab6d1f2afd2cef8
687,mistral-7b,0.0,AMPS_Hard,math,b90d2cf2c33dcc9405168eeeebc3107d721faa3140dbd890aab6d1f2afd2cef8
688,qwen2.5-32b,100.0,AMPS_Hard,math,b90d2cf2c33dcc9405168eeeebc3107d721faa3140dbd890aab6d1f2afd2cef8
689,qwen2.5-3b,100.0,AMPS_Hard,math,b90d2cf2c33dcc9405168eeeebc3107d721faa3140dbd890aab6d1f2afd2cef8
690,gemma-3-12b-it,0.0,AMPS_Hard,math,ba4e9d1ab1f79dee69a26796cf701e83a97433ad08814b30191bbd4600860edc
691,gemma-3-1b-it,0.0,AMPS_Hard,math,ba4e9d1ab1f79dee69a26796cf701e83a97433ad08814b30191bbd4600860edc
692,gemma-3-4b-it,100.0,AMPS_Hard,math,ba4e9d1ab1f79dee69a26796cf701e83a97433ad08814b30191bbd4600860edc
693,llama-3.1-8b-instruct,0.0,AMPS_Hard,math,ba4e9d1ab1f79dee69a26796cf701e83a97433ad08814b30191bbd4600860edc
694,llama-3.2-1b-instruct,0.0,AMPS_Hard,math,ba4e9d1ab1f79dee69a26796cf701e83a97433ad08814b30191bbd4600860edc
695,llama-3.2-3b-instruct,0.0,AMPS_Hard,math,ba4e9d1ab1f79dee69a26796cf701e83a97433ad08814b30191bbd4600860edc
696,mistral-24b,100.0,AMPS_Hard,math,ba4e9d1ab1f79dee69a26796cf701e83a97433ad08814b30191bbd4600860edc
697,mistral-7b,0.0,AMPS_Hard,math,ba4e9d1ab1f79dee69a26796cf701e83a97433ad08814b30191bbd4600860edc
698,qwen2.5-32b,100.0,AMPS_Hard,math,ba4e9d1ab1f79dee69a26796cf701e83a97433ad08814b30191bbd4600860edc
699,qwen2.5-3b,0.0,AMPS_Hard,math,ba4e9d1ab1f79dee69a26796cf701e83a97433ad08814b30191bbd4600860edc
700,gemma-3-12b-it,100.0,AMPS_Hard,math,bca7b428abb8631a21dfc630b7582b7b048e87391ba46463726340fc91198561
701,gemma-3-1b-it,0.0,AMPS_Hard,math,bca7b428abb8631a21dfc630b7582b7b048e87391ba46463726340fc91198561
702,gemma-3-4b-it,100.0,AMPS_Hard,math,bca7b428abb8631a21dfc630b7582b7b048e87391ba46463726340fc91198561
703,llama-3.1-8b-instruct,0.0,AMPS_Hard,math,bca7b428abb8631a21dfc630b7582b7b048e87391ba46463726340fc91198561
704,llama-3.2-1b-instruct,0.0,AMPS_Hard,math,bca7b428abb8631a21dfc630b7582b7b048e87391ba46463726340fc91198561
705,llama-3.2-3b-instruct,0.0,AMPS_Hard,math,bca7b428abb8631a21dfc630b7582b7b048e87391ba46463726340fc91198561
706,mistral-24b,100.0,AMPS_Hard,math,bca7b428abb8631a21dfc630b7582b7b048e87391ba46463726340fc91198561
707,mistral-7b,0.0,AMPS_Hard,math,bca7b428abb8631a21dfc630b7582b7b048e87391ba46463726340fc91198561
708,qwen2.5-32b,100.0,AMPS_Hard,math,bca7b428abb8631a21dfc630b7582b7b048e87391ba46463726340fc91198561
709,qwen2.5-3b,100.0,AMPS_Hard,math,bca7b428abb8631a21dfc630b7582b7b048e87391ba46463726340fc91198561
710,gemma-3-12b-it,0.0,AMPS_Hard,math,bf83a69a4bcec53ac5c3e39bcb45141b6f26f076429dfab05b222abf86f17ed1
711,gemma-3-1b-it,0.0,AMPS_Hard,math,bf83a69a4bcec53ac5c3e39bcb45141b6f26f076429dfab05b222abf86f17ed1
712,gemma-3-4b-it,100.0,AMPS_Hard,math,bf83a69a4bcec53ac5c3e39bcb45141b6f26f076429dfab05b222abf86f17ed1
713,llama-3.1-8b-instruct,0.0,AMPS_Hard,math,bf83a69a4bcec53ac5c3e39bcb45141b6f26f076429dfab05b222abf86f17ed1
714,llama-3.2-1b-instruct,100.0,AMPS_Hard,math,bf83a69a4bcec53ac5c3e39bcb45141b6f26f076429dfab05b222abf86f17ed1
715,llama-3.2-3b-instruct,0.0,AMPS_Hard,math,bf83a69a4bcec53ac5c3e39bcb45141b6f26f076429dfab05b222abf86f17ed1
716,mistral-24b,100.0,AMPS_Hard,math,bf83a69a4bcec53ac5c3e39bcb45141b6f26f076429dfab05b222abf86f17ed1
717,mistral-7b,0.0,AMPS_Hard,math,bf83a69a4bcec53ac5c3e39bcb45141b6f26f076429dfab05b222abf86f17ed1
718,qwen2.5-32b,100.0,AMPS_Hard,math,bf83a69a4bcec53ac5c3e39bcb45141b6f26f076429dfab05b222abf86f17ed1
719,qwen2.5-3b,100.0,AMPS_Hard,math,bf83a69a4bcec53ac5c3e39bcb45141b6f26f076429dfab05b222abf86f17ed1
720,gemma-3-12b-it,100.0,AMPS_Hard,math,c22aba3cd3d168560febcd042f56de61f6d02d593d74c77b5beecb89791f1268
721,gemma-3-1b-it,0.0,AMPS_Hard,math,c22aba3cd3d168560febcd042f56de61f6d02d593d74c77b5beecb89791f1268
722,gemma-3-4b-it,0.0,AMPS_Hard,math,c22aba3cd3d168560febcd042f56de61f6d02d593d74c77b5beecb89791f1268
723,llama-3.1-8b-instruct,0.0,AMPS_Hard,math,c22aba3cd3d168560febcd042f56de61f6d02d593d74c77b5beecb89791f1268
724,llama-3.2-1b-instruct,0.0,AMPS_Hard,math,c22aba3cd3d168560febcd042f56de61f6d02d593d74c77b5beecb89791f1268
725,llama-3.2-3b-instruct,0.0,AMPS_Hard,math,c22aba3cd3d168560febcd042f56de61f6d02d593d74c77b5beecb89791f1268
726,mistral-24b,0.0,AMPS_Hard,math,c22aba3cd3d168560febcd042f56de61f6d02d593d74c77b5beecb89791f1268
727,mistral-7b,0.0,AMPS_Hard,math,c22aba3cd3d168560febcd042f56de61f6d02d593d74c77b5beecb89791f1268
728,qwen2.5-32b,100.0,AMPS_Hard,math,c22aba3cd3d168560febcd042f56de61f6d02d593d74c77b5beecb89791f1268
729,qwen2.5-3b,0.0,AMPS_Hard,math,c22aba3cd3d168560febcd042f56de61f6d02d593d74c77b5beecb89791f1268
730,gemma-3-12b-it,0.0,AMPS_Hard,math,c3043e58df607cf3448404c3f21bcf3540afc3283eb31bf9903b9b4dadef2921
731,gemma-3-1b-it,0.0,AMPS_Hard,math,c3043e58df607cf3448404c3f21bcf3540afc3283eb31bf9903b9b4dadef2921
732,gemma-3-4b-it,100.0,AMPS_Hard,math,c3043e58df607cf3448404c3f21bcf3540afc3283eb31bf9903b9b4dadef2921
733,llama-3.1-8b-instruct,0.0,AMPS_Hard,math,c3043e58df607cf3448404c3f21bcf3540afc3283eb31bf9903b9b4dadef2921
734,llama-3.2-1b-instruct,0.0,AMPS_Hard,math,c3043e58df607cf3448404c3f21bcf3540afc3283eb31bf9903b9b4dadef2921
735,llama-3.2-3b-instruct,0.0,AMPS_Hard,math,c3043e58df607cf3448404c3f21bcf3540afc3283eb31bf9903b9b4dadef2921
736,mistral-24b,0.0,AMPS_Hard,math,c3043e58df607cf3448404c3f21bcf3540afc3283eb31bf9903b9b4dadef2921
737,mistral-7b,0.0,AMPS_Hard,math,c3043e58df607cf3448404c3f21bcf3540afc3283eb31bf9903b9b4dadef2921
738,qwen2.5-32b,0.0,AMPS_Hard,math,c3043e58df607cf3448404c3f21bcf3540afc3283eb31bf9903b9b4dadef2921
739,qwen2.5-3b,0.0,AMPS_Hard,math,c3043e58df607cf3448404c3f21bcf3540afc3283eb31bf9903b9b4dadef2921
740,gemma-3-12b-it,0.0,AMPS_Hard,math,c3f6b7718cc440106b768588cd530da88a34d226ee584cc356d1d9e9cd769e3a
741,gemma-3-1b-it,0.0,AMPS_Hard,math,c3f6b7718cc440106b768588cd530da88a34d226ee584cc356d1d9e9cd769e3a
742,gemma-3-4b-it,0.0,AMPS_Hard,math,c3f6b7718cc440106b768588cd530da88a34d226ee584cc356d1d9e9cd769e3a
743,llama-3.1-8b-instruct,0.0,AMPS_Hard,math,c3f6b7718cc440106b768588cd530da88a34d226ee584cc356d1d9e9cd769e3a
744,llama-3.2-1b-instruct,0.0,AMPS_Hard,math,c3f6b7718cc440106b768588cd530da88a34d226ee584cc356d1d9e9cd769e3a
745,llama-3.2-3b-instruct,0.0,AMPS_Hard,math,c3f6b7718cc440106b768588cd530da88a34d226ee584cc356d1d9e9cd769e3a
746,mistral-24b,0.0,AMPS_Hard,math,c3f6b7718cc440106b768588cd530da88a34d226ee584cc356d1d9e9cd769e3a
747,mistral-7b,0.0,AMPS_Hard,math,c3f6b7718cc440106b768588cd530da88a34d226ee584cc356d1d9e9cd769e3a
748,qwen2.5-32b,0.0,AMPS_Hard,math,c3f6b7718cc440106b768588cd530da88a34d226ee584cc356d1d9e9cd769e3a
749,qwen2.5-3b,0.0,AMPS_Hard,math,c3f6b7718cc440106b768588cd530da88a34d226ee584cc356d1d9e9cd769e3a
750,gemma-3-12b-it,0.0,AMPS_Hard,math,c43fa2cd286b9fde666f0805ea1ad8fcc46667e629c88af962357ffb6b35de50
751,gemma-3-1b-it,0.0,AMPS_Hard,math,c43fa2cd286b9fde666f0805ea1ad8fcc46667e629c88af962357ffb6b35de50
752,gemma-3-4b-it,0.0,AMPS_Hard,math,c43fa2cd286b9fde666f0805ea1ad8fcc46667e629c88af962357ffb6b35de50
753,llama-3.1-8b-instruct,0.0,AMPS_Hard,math,c43fa2cd286b9fde666f0805ea1ad8fcc46667e629c88af962357ffb6b35de50
754,llama-3.2-1b-instruct,0.0,AMPS_Hard,math,c43fa2cd286b9fde666f0805ea1ad8fcc46667e629c88af962357ffb6b35de50
755,llama-3.2-3b-instruct,0.0,AMPS_Hard,math,c43fa2cd286b9fde666f0805ea1ad8fcc46667e629c88af962357ffb6b35de50
756,mistral-24b,0.0,AMPS_Hard,math,c43fa2cd286b9fde666f0805ea1ad8fcc46667e629c88af962357ffb6b35de50
757,mistral-7b,0.0,AMPS_Hard,math,c43fa2cd286b9fde666f0805ea1ad8fcc46667e629c88af962357ffb6b35de50
758,qwen2.5-32b,0.0,AMPS_Hard,math,c43fa2cd286b9fde666f0805ea1ad8fcc46667e629c88af962357ffb6b35de50
759,qwen2.5-3b,0.0,AMPS_Hard,math,c43fa2cd286b9fde666f0805ea1ad8fcc46667e629c88af962357ffb6b35de50
760,gemma-3-12b-it,0.0,AMPS_Hard,math,c604405c61a4af20f0b0fd128848d4a0aef09d9678fa7da71c576c5dfe66a6bb
761,gemma-3-1b-it,0.0,AMPS_Hard,math,c604405c61a4af20f0b0fd128848d4a0aef09d9678fa7da71c576c5dfe66a6bb
762,gemma-3-4b-it,0.0,AMPS_Hard,math,c604405c61a4af20f0b0fd128848d4a0aef09d9678fa7da71c576c5dfe66a6bb
763,llama-3.1-8b-instruct,0.0,AMPS_Hard,math,c604405c61a4af20f0b0fd128848d4a0aef09d9678fa7da71c576c5dfe66a6bb
764,llama-3.2-1b-instruct,0.0,AMPS_Hard,math,c604405c61a4af20f0b0fd128848d4a0aef09d9678fa7da71c576c5dfe66a6bb
765,llama-3.2-3b-instruct,0.0,AMPS_Hard,math,c604405c61a4af20f0b0fd128848d4a0aef09d9678fa7da71c576c5dfe66a6bb
766,mistral-24b,0.0,AMPS_Hard,math,c604405c61a4af20f0b0fd128848d4a0aef09d9678fa7da71c576c5dfe66a6bb
767,mistral-7b,0.0,AMPS_Hard,math,c604405c61a4af20f0b0fd128848d4a0aef09d9678fa7da71c576c5dfe66a6bb
768,qwen2.5-32b,0.0,AMPS_Hard,math,c604405c61a4af20f0b0fd128848d4a0aef09d9678fa7da71c576c5dfe66a6bb
769,qwen2.5-3b,0.0,AMPS_Hard,math,c604405c61a4af20f0b0fd128848d4a0aef09d9678fa7da71c576c5dfe66a6bb
770,gemma-3-12b-it,100.0,AMPS_Hard,math,c71563a982aa8ce77ac79c1dfe087c1d70c2dea295bd70d5f80e56ca033ddf64
771,gemma-3-1b-it,100.0,AMPS_Hard,math,c71563a982aa8ce77ac79c1dfe087c1d70c2dea295bd70d5f80e56ca033ddf64
772,gemma-3-4b-it,100.0,AMPS_Hard,math,c71563a982aa8ce77ac79c1dfe087c1d70c2dea295bd70d5f80e56ca033ddf64
773,llama-3.1-8b-instruct,100.0,AMPS_Hard,math,c71563a982aa8ce77ac79c1dfe087c1d70c2dea295bd70d5f80e56ca033ddf64
774,llama-3.2-1b-instruct,0.0,AMPS_Hard,math,c71563a982aa8ce77ac79c1dfe087c1d70c2dea295bd70d5f80e56ca033ddf64
775,llama-3.2-3b-instruct,100.0,AMPS_Hard,math,c71563a982aa8ce77ac79c1dfe087c1d70c2dea295bd70d5f80e56ca033ddf64
776,mistral-24b,100.0,AMPS_Hard,math,c71563a982aa8ce77ac79c1dfe087c1d70c2dea295bd70d5f80e56ca033ddf64
777,mistral-7b,0.0,AMPS_Hard,math,c71563a982aa8ce77ac79c1dfe087c1d70c2dea295bd70d5f80e56ca033ddf64
778,qwen2.5-32b,100.0,AMPS_Hard,math,c71563a982aa8ce77ac79c1dfe087c1d70c2dea295bd70d5f80e56ca033ddf64
779,qwen2.5-3b,100.0,AMPS_Hard,math,c71563a982aa8ce77ac79c1dfe087c1d70c2dea295bd70d5f80e56ca033ddf64
780,gemma-3-12b-it,100.0,AMPS_Hard,math,c743a39ae96d6e3df5c219804d77c75c4d04e58acd9e2db4c26e9952ebdab48d
781,gemma-3-1b-it,100.0,AMPS_Hard,math,c743a39ae96d6e3df5c219804d77c75c4d04e58acd9e2db4c26e9952ebdab48d
782,gemma-3-4b-it,100.0,AMPS_Hard,math,c743a39ae96d6e3df5c219804d77c75c4d04e58acd9e2db4c26e9952ebdab48d
783,llama-3.1-8b-instruct,100.0,AMPS_Hard,math,c743a39ae96d6e3df5c219804d77c75c4d04e58acd9e2db4c26e9952ebdab48d
784,llama-3.2-1b-instruct,0.0,AMPS_Hard,math,c743a39ae96d6e3df5c219804d77c75c4d04e58acd9e2db4c26e9952ebdab48d
785,llama-3.2-3b-instruct,100.0,AMPS_Hard,math,c743a39ae96d6e3df5c219804d77c75c4d04e58acd9e2db4c26e9952ebdab48d
786,mistral-24b,100.0,AMPS_Hard,math,c743a39ae96d6e3df5c219804d77c75c4d04e58acd9e2db4c26e9952ebdab48d
787,mistral-7b,0.0,AMPS_Hard,math,c743a39ae96d6e3df5c219804d77c75c4d04e58acd9e2db4c26e9952ebdab48d
788,qwen2.5-32b,100.0,AMPS_Hard,math,c743a39ae96d6e3df5c219804d77c75c4d04e58acd9e2db4c26e9952ebdab48d
789,qwen2.5-3b,100.0,AMPS_Hard,math,c743a39ae96d6e3df5c219804d77c75c4d04e58acd9e2db4c26e9952ebdab48d
790,gemma-3-12b-it,0.0,AMPS_Hard,math,c976648d528b54097ea84178f265a6efb5ba941f1b8cd00008235675f1e9bcf2
791,gemma-3-1b-it,0.0,AMPS_Hard,math,c976648d528b54097ea84178f265a6efb5ba941f1b8cd00008235675f1e9bcf2
792,gemma-3-4b-it,0.0,AMPS_Hard,math,c976648d528b54097ea84178f265a6efb5ba941f1b8cd00008235675f1e9bcf2
793,llama-3.1-8b-instruct,0.0,AMPS_Hard,math,c976648d528b54097ea84178f265a6efb5ba941f1b8cd00008235675f1e9bcf2
794,llama-3.2-1b-instruct,0.0,AMPS_Hard,math,c976648d528b54097ea84178f265a6efb5ba941f1b8cd00008235675f1e9bcf2
795,llama-3.2-3b-instruct,0.0,AMPS_Hard,math,c976648d528b54097ea84178f265a6efb5ba941f1b8cd00008235675f1e9bcf2
796,mistral-24b,0.0,AMPS_Hard,math,c976648d528b54097ea84178f265a6efb5ba941f1b8cd00008235675f1e9bcf2
797,mistral-7b,0.0,AMPS_Hard,math,c976648d528b54097ea84178f265a6efb5ba941f1b8cd00008235675f1e9bcf2
798,qwen2.5-32b,100.0,AMPS_Hard,math,c976648d528b54097ea84178f265a6efb5ba941f1b8cd00008235675f1e9bcf2
799,qwen2.5-3b,0.0,AMPS_Hard,math,c976648d528b54097ea84178f265a6efb5ba941f1b8cd00008235675f1e9bcf2
800,gemma-3-12b-it,0.0,AMPS_Hard,math,cda8b1de7e358a20f72671af0b08098086afb6e3392ea273350d9bae22bbd87c
801,gemma-3-1b-it,0.0,AMPS_Hard,math,cda8b1de7e358a20f72671af0b08098086afb6e3392ea273350d9bae22bbd87c
802,gemma-3-4b-it,0.0,AMPS_Hard,math,cda8b1de7e358a20f72671af0b08098086afb6e3392ea273350d9bae22bbd87c
803,llama-3.1-8b-instruct,0.0,AMPS_Hard,math,cda8b1de7e358a20f72671af0b08098086afb6e3392ea273350d9bae22bbd87c
804,llama-3.2-1b-instruct,0.0,AMPS_Hard,math,cda8b1de7e358a20f72671af0b08098086afb6e3392ea273350d9bae22bbd87c
805,llama-3.2-3b-instruct,0.0,AMPS_Hard,math,cda8b1de7e358a20f72671af0b08098086afb6e3392ea273350d9bae22bbd87c
806,mistral-24b,0.0,AMPS_Hard,math,cda8b1de7e358a20f72671af0b08098086afb6e3392ea273350d9bae22bbd87c
807,mistral-7b,0.0,AMPS_Hard,math,cda8b1de7e358a20f72671af0b08098086afb6e3392ea273350d9bae22bbd87c
808,qwen2.5-32b,0.0,AMPS_Hard,math,cda8b1de7e358a20f72671af0b08098086afb6e3392ea273350d9bae22bbd87c
809,qwen2.5-3b,0.0,AMPS_Hard,math,cda8b1de7e358a20f72671af0b08098086afb6e3392ea273350d9bae22bbd87c
810,gemma-3-12b-it,100.0,AMPS_Hard,math,cebece7f5ebd4d85c947382382416dc710ded67276de6f96ab9b4d5d242c9dc4
811,gemma-3-1b-it,0.0,AMPS_Hard,math,cebece7f5ebd4d85c947382382416dc710ded67276de6f96ab9b4d5d242c9dc4
812,gemma-3-4b-it,100.0,AMPS_Hard,math,cebece7f5ebd4d85c947382382416dc710ded67276de6f96ab9b4d5d242c9dc4
813,llama-3.1-8b-instruct,0.0,AMPS_Hard,math,cebece7f5ebd4d85c947382382416dc710ded67276de6f96ab9b4d5d242c9dc4
814,llama-3.2-1b-instruct,0.0,AMPS_Hard,math,cebece7f5ebd4d85c947382382416dc710ded67276de6f96ab9b4d5d242c9dc4
815,llama-3.2-3b-instruct,0.0,AMPS_Hard,math,cebece7f5ebd4d85c947382382416dc710ded67276de6f96ab9b4d5d242c9dc4
816,mistral-24b,0.0,AMPS_Hard,math,cebece7f5ebd4d85c947382382416dc710ded67276de6f96ab9b4d5d242c9dc4
817,mistral-7b,0.0,AMPS_Hard,math,cebece7f5ebd4d85c947382382416dc710ded67276de6f96ab9b4d5d242c9dc4
818,qwen2.5-32b,0.0,AMPS_Hard,math,cebece7f5ebd4d85c947382382416dc710ded67276de6f96ab9b4d5d242c9dc4
819,qwen2.5-3b,0.0,AMPS_Hard,math,cebece7f5ebd4d85c947382382416dc710ded67276de6f96ab9b4d5d242c9dc4
820,gemma-3-12b-it,0.0,AMPS_Hard,math,cee97a8a3330c9c407b3cbf8ee4b3bab06d4294e08a7e6b9a7d64d7f07ed97ca
821,gemma-3-1b-it,0.0,AMPS_Hard,math,cee97a8a3330c9c407b3cbf8ee4b3bab06d4294e08a7e6b9a7d64d7f07ed97ca
822,gemma-3-4b-it,0.0,AMPS_Hard,math,cee97a8a3330c9c407b3cbf8ee4b3bab06d4294e08a7e6b9a7d64d7f07ed97ca
823,llama-3.1-8b-instruct,0.0,AMPS_Hard,math,cee97a8a3330c9c407b3cbf8ee4b3bab06d4294e08a7e6b9a7d64d7f07ed97ca
824,llama-3.2-1b-instruct,0.0,AMPS_Hard,math,cee97a8a3330c9c407b3cbf8ee4b3bab06d4294e08a7e6b9a7d64d7f07ed97ca
825,llama-3.2-3b-instruct,0.0,AMPS_Hard,math,cee97a8a3330c9c407b3cbf8ee4b3bab06d4294e08a7e6b9a7d64d7f07ed97ca
826,mistral-24b,0.0,AMPS_Hard,math,cee97a8a3330c9c407b3cbf8ee4b3bab06d4294e08a7e6b9a7d64d7f07ed97ca
827,mistral-7b,0.0,AMPS_Hard,math,cee97a8a3330c9c407b3cbf8ee4b3bab06d4294e08a7e6b9a7d64d7f07ed97ca
828,qwen2.5-32b,0.0,AMPS_Hard,math,cee97a8a3330c9c407b3cbf8ee4b3bab06d4294e08a7e6b9a7d64d7f07ed97ca
829,qwen2.5-3b,0.0,AMPS_Hard,math,cee97a8a3330c9c407b3cbf8ee4b3bab06d4294e08a7e6b9a7d64d7f07ed97ca
830,gemma-3-12b-it,100.0,AMPS_Hard,math,d4ce3d47e23c8133ed3b42d683e0f6a2c60c574b408e6747431c9a0b199ff733
831,gemma-3-1b-it,0.0,AMPS_Hard,math,d4ce3d47e23c8133ed3b42d683e0f6a2c60c574b408e6747431c9a0b199ff733
832,gemma-3-4b-it,100.0,AMPS_Hard,math,d4ce3d47e23c8133ed3b42d683e0f6a2c60c574b408e6747431c9a0b199ff733
833,llama-3.1-8b-instruct,0.0,AMPS_Hard,math,d4ce3d47e23c8133ed3b42d683e0f6a2c60c574b408e6747431c9a0b199ff733
834,llama-3.2-1b-instruct,0.0,AMPS_Hard,math,d4ce3d47e23c8133ed3b42d683e0f6a2c60c574b408e6747431c9a0b199ff733
835,llama-3.2-3b-instruct,0.0,AMPS_Hard,math,d4ce3d47e23c8133ed3b42d683e0f6a2c60c574b408e6747431c9a0b199ff733
836,mistral-24b,100.0,AMPS_Hard,math,d4ce3d47e23c8133ed3b42d683e0f6a2c60c574b408e6747431c9a0b199ff733
837,mistral-7b,0.0,AMPS_Hard,math,d4ce3d47e23c8133ed3b42d683e0f6a2c60c574b408e6747431c9a0b199ff733
838,qwen2.5-32b,100.0,AMPS_Hard,math,d4ce3d47e23c8133ed3b42d683e0f6a2c60c574b408e6747431c9a0b199ff733
839,qwen2.5-3b,100.0,AMPS_Hard,math,d4ce3d47e23c8133ed3b42d683e0f6a2c60c574b408e6747431c9a0b199ff733
840,gemma-3-12b-it,0.0,AMPS_Hard,math,d7eadc915dae28172fffa71b7504b7ffa2409b09783cc8cf6b7fd3e1d829af3f
841,gemma-3-1b-it,0.0,AMPS_Hard,math,d7eadc915dae28172fffa71b7504b7ffa2409b09783cc8cf6b7fd3e1d829af3f
842,gemma-3-4b-it,0.0,AMPS_Hard,math,d7eadc915dae28172fffa71b7504b7ffa2409b09783cc8cf6b7fd3e1d829af3f
843,llama-3.1-8b-instruct,0.0,AMPS_Hard,math,d7eadc915dae28172fffa71b7504b7ffa2409b09783cc8cf6b7fd3e1d829af3f
844,llama-3.2-1b-instruct,0.0,AMPS_Hard,math,d7eadc915dae28172fffa71b7504b7ffa2409b09783cc8cf6b7fd3e1d829af3f
845,llama-3.2-3b-instruct,0.0,AMPS_Hard,math,d7eadc915dae28172fffa71b7504b7ffa2409b09783cc8cf6b7fd3e1d829af3f
846,mistral-24b,0.0,AMPS_Hard,math,d7eadc915dae28172fffa71b7504b7ffa2409b09783cc8cf6b7fd3e1d829af3f
847,mistral-7b,0.0,AMPS_Hard,math,d7eadc915dae28172fffa71b7504b7ffa2409b09783cc8cf6b7fd3e1d829af3f
848,qwen2.5-32b,0.0,AMPS_Hard,math,d7eadc915dae28172fffa71b7504b7ffa2409b09783cc8cf6b7fd3e1d829af3f
849,qwen2.5-3b,0.0,AMPS_Hard,math,d7eadc915dae28172fffa71b7504b7ffa2409b09783cc8cf6b7fd3e1d829af3f
850,gemma-3-12b-it,0.0,AMPS_Hard,math,da81a32c7c15ff1ee6bef20eb354066a9a873277131c5ec065cb5082e03c71bc
851,gemma-3-1b-it,0.0,AMPS_Hard,math,da81a32c7c15ff1ee6bef20eb354066a9a873277131c5ec065cb5082e03c71bc
852,gemma-3-4b-it,0.0,AMPS_Hard,math,da81a32c7c15ff1ee6bef20eb354066a9a873277131c5ec065cb5082e03c71bc
853,llama-3.1-8b-instruct,0.0,AMPS_Hard,math,da81a32c7c15ff1ee6bef20eb354066a9a873277131c5ec065cb5082e03c71bc
854,llama-3.2-1b-instruct,0.0,AMPS_Hard,math,da81a32c7c15ff1ee6bef20eb354066a9a873277131c5ec065cb5082e03c71bc
855,llama-3.2-3b-instruct,0.0,AMPS_Hard,math,da81a32c7c15ff1ee6bef20eb354066a9a873277131c5ec065cb5082e03c71bc
856,mistral-24b,0.0,AMPS_Hard,math,da81a32c7c15ff1ee6bef20eb354066a9a873277131c5ec065cb5082e03c71bc
857,mistral-7b,0.0,AMPS_Hard,math,da81a32c7c15ff1ee6bef20eb354066a9a873277131c5ec065cb5082e03c71bc
858,qwen2.5-32b,0.0,AMPS_Hard,math,da81a32c7c15ff1ee6bef20eb354066a9a873277131c5ec065cb5082e03c71bc
859,qwen2.5-3b,0.0,AMPS_Hard,math,da81a32c7c15ff1ee6bef20eb354066a9a873277131c5ec065cb5082e03c71bc
860,gemma-3-12b-it,0.0,AMPS_Hard,math,e2c09b2eba4ab690712f893f5f85ae6b4fe4848bfed07119b4280ccab1e36068
861,gemma-3-1b-it,0.0,AMPS_Hard,math,e2c09b2eba4ab690712f893f5f85ae6b4fe4848bfed07119b4280ccab1e36068
862,gemma-3-4b-it,0.0,AMPS_Hard,math,e2c09b2eba4ab690712f893f5f85ae6b4fe4848bfed07119b4280ccab1e36068
863,llama-3.1-8b-instruct,0.0,AMPS_Hard,math,e2c09b2eba4ab690712f893f5f85ae6b4fe4848bfed07119b4280ccab1e36068
864,llama-3.2-1b-instruct,0.0,AMPS_Hard,math,e2c09b2eba4ab690712f893f5f85ae6b4fe4848bfed07119b4280ccab1e36068
865,llama-3.2-3b-instruct,0.0,AMPS_Hard,math,e2c09b2eba4ab690712f893f5f85ae6b4fe4848bfed07119b4280ccab1e36068
866,mistral-24b,0.0,AMPS_Hard,math,e2c09b2eba4ab690712f893f5f85ae6b4fe4848bfed07119b4280ccab1e36068
867,mistral-7b,0.0,AMPS_Hard,math,e2c09b2eba4ab690712f893f5f85ae6b4fe4848bfed07119b4280ccab1e36068
868,qwen2.5-32b,0.0,AMPS_Hard,math,e2c09b2eba4ab690712f893f5f85ae6b4fe4848bfed07119b4280ccab1e36068
869,qwen2.5-3b,0.0,AMPS_Hard,math,e2c09b2eba4ab690712f893f5f85ae6b4fe4848bfed07119b4280ccab1e36068
870,gemma-3-12b-it,0.0,AMPS_Hard,math,e7fe73646b2d1c6d260553e1a717cc32785e3167f8cc4ab68a3607e5cb643514
871,gemma-3-1b-it,0.0,AMPS_Hard,math,e7fe73646b2d1c6d260553e1a717cc32785e3167f8cc4ab68a3607e5cb643514
872,gemma-3-4b-it,100.0,AMPS_Hard,math,e7fe73646b2d1c6d260553e1a717cc32785e3167f8cc4ab68a3607e5cb643514
873,llama-3.1-8b-instruct,0.0,AMPS_Hard,math,e7fe73646b2d1c6d260553e1a717cc32785e3167f8cc4ab68a3607e5cb643514
874,llama-3.2-1b-instruct,0.0,AMPS_Hard,math,e7fe73646b2d1c6d260553e1a717cc32785e3167f8cc4ab68a3607e5cb643514
875,llama-3.2-3b-instruct,0.0,AMPS_Hard,math,e7fe73646b2d1c6d260553e1a717cc32785e3167f8cc4ab68a3607e5cb643514
876,mistral-24b,100.0,AMPS_Hard,math,e7fe73646b2d1c6d260553e1a717cc32785e3167f8cc4ab68a3607e5cb643514
877,mistral-7b,0.0,AMPS_Hard,math,e7fe73646b2d1c6d260553e1a717cc32785e3167f8cc4ab68a3607e5cb643514
878,qwen2.5-32b,100.0,AMPS_Hard,math,e7fe73646b2d1c6d260553e1a717cc32785e3167f8cc4ab68a3607e5cb643514
879,qwen2.5-3b,100.0,AMPS_Hard,math,e7fe73646b2d1c6d260553e1a717cc32785e3167f8cc4ab68a3607e5cb643514
880,gemma-3-12b-it,0.0,AMPS_Hard,math,ed177c35997892fd28292df42bfa69dcdb449cc62a89e42c45db24495a39283a
881,gemma-3-1b-it,100.0,AMPS_Hard,math,ed177c35997892fd28292df42bfa69dcdb449cc62a89e42c45db24495a39283a
882,gemma-3-4b-it,0.0,AMPS_Hard,math,ed177c35997892fd28292df42bfa69dcdb449cc62a89e42c45db24495a39283a
883,llama-3.1-8b-instruct,0.0,AMPS_Hard,math,ed177c35997892fd28292df42bfa69dcdb449cc62a89e42c45db24495a39283a
884,llama-3.2-1b-instruct,100.0,AMPS_Hard,math,ed177c35997892fd28292df42bfa69dcdb449cc62a89e42c45db24495a39283a
885,llama-3.2-3b-instruct,100.0,AMPS_Hard,math,ed177c35997892fd28292df42bfa69dcdb449cc62a89e42c45db24495a39283a
886,mistral-24b,0.0,AMPS_Hard,math,ed177c35997892fd28292df42bfa69dcdb449cc62a89e42c45db24495a39283a
887,mistral-7b,100.0,AMPS_Hard,math,ed177c35997892fd28292df42bfa69dcdb449cc62a89e42c45db24495a39283a
888,qwen2.5-32b,0.0,AMPS_Hard,math,ed177c35997892fd28292df42bfa69dcdb449cc62a89e42c45db24495a39283a
889,qwen2.5-3b,0.0,AMPS_Hard,math,ed177c35997892fd28292df42bfa69dcdb449cc62a89e42c45db24495a39283a
890,gemma-3-12b-it,0.0,AMPS_Hard,math,ef02cc70ee34067fc52e0f36c57b5509ac4ea3c659fd2463f08f1e101f252ea6
891,gemma-3-1b-it,0.0,AMPS_Hard,math,ef02cc70ee34067fc52e0f36c57b5509ac4ea3c659fd2463f08f1e101f252ea6
892,gemma-3-4b-it,100.0,AMPS_Hard,math,ef02cc70ee34067fc52e0f36c57b5509ac4ea3c659fd2463f08f1e101f252ea6
893,llama-3.1-8b-instruct,0.0,AMPS_Hard,math,ef02cc70ee34067fc52e0f36c57b5509ac4ea3c659fd2463f08f1e101f252ea6
894,llama-3.2-1b-instruct,0.0,AMPS_Hard,math,ef02cc70ee34067fc52e0f36c57b5509ac4ea3c659fd2463f08f1e101f252ea6
895,llama-3.2-3b-instruct,0.0,AMPS_Hard,math,ef02cc70ee34067fc52e0f36c57b5509ac4ea3c659fd2463f08f1e101f252ea6
896,mistral-24b,0.0,AMPS_Hard,math,ef02cc70ee34067fc52e0f36c57b5509ac4ea3c659fd2463f08f1e101f252ea6
897,mistral-7b,0.0,AMPS_Hard,math,ef02cc70ee34067fc52e0f36c57b5509ac4ea3c659fd2463f08f1e101f252ea6
898,qwen2.5-32b,100.0,AMPS_Hard,math,ef02cc70ee34067fc52e0f36c57b5509ac4ea3c659fd2463f08f1e101f252ea6
899,qwen2.5-3b,100.0,AMPS_Hard,math,ef02cc70ee34067fc52e0f36c57b5509ac4ea3c659fd2463f08f1e101f252ea6
900,gemma-3-12b-it,0.0,AMPS_Hard,math,ef48e542b5544e5ad49c167983055b8eebd48b77d94dd19a8c408c3fb894bc10
901,gemma-3-1b-it,0.0,AMPS_Hard,math,ef48e542b5544e5ad49c167983055b8eebd48b77d94dd19a8c408c3fb894bc10
902,gemma-3-4b-it,0.0,AMPS_Hard,math,ef48e542b5544e5ad49c167983055b8eebd48b77d94dd19a8c408c3fb894bc10
903,llama-3.1-8b-instruct,0.0,AMPS_Hard,math,ef48e542b5544e5ad49c167983055b8eebd48b77d94dd19a8c408c3fb894bc10
904,llama-3.2-1b-instruct,0.0,AMPS_Hard,math,ef48e542b5544e5ad49c167983055b8eebd48b77d94dd19a8c408c3fb894bc10
905,llama-3.2-3b-instruct,0.0,AMPS_Hard,math,ef48e542b5544e5ad49c167983055b8eebd48b77d94dd19a8c408c3fb894bc10
906,mistral-24b,0.0,AMPS_Hard,math,ef48e542b5544e5ad49c167983055b8eebd48b77d94dd19a8c408c3fb894bc10
907,mistral-7b,0.0,AMPS_Hard,math,ef48e542b5544e5ad49c167983055b8eebd48b77d94dd19a8c408c3fb894bc10
908,qwen2.5-32b,100.0,AMPS_Hard,math,ef48e542b5544e5ad49c167983055b8eebd48b77d94dd19a8c408c3fb894bc10
909,qwen2.5-3b,100.0,AMPS_Hard,math,ef48e542b5544e5ad49c167983055b8eebd48b77d94dd19a8c408c3fb894bc10
910,gemma-3-12b-it,0.0,AMPS_Hard,math,f0fe71ed7935e959c2478d1790e02cd8dfd981f12506795f4b33ef44ec1b40ff
911,gemma-3-1b-it,0.0,AMPS_Hard,math,f0fe71ed7935e959c2478d1790e02cd8dfd981f12506795f4b33ef44ec1b40ff
912,gemma-3-4b-it,0.0,AMPS_Hard,math,f0fe71ed7935e959c2478d1790e02cd8dfd981f12506795f4b33ef44ec1b40ff
913,llama-3.1-8b-instruct,0.0,AMPS_Hard,math,f0fe71ed7935e959c2478d1790e02cd8dfd981f12506795f4b33ef44ec1b40ff
914,llama-3.2-1b-instruct,0.0,AMPS_Hard,math,f0fe71ed7935e959c2478d1790e02cd8dfd981f12506795f4b33ef44ec1b40ff
915,llama-3.2-3b-instruct,0.0,AMPS_Hard,math,f0fe71ed7935e959c2478d1790e02cd8dfd981f12506795f4b33ef44ec1b40ff
916,mistral-24b,0.0,AMPS_Hard,math,f0fe71ed7935e959c2478d1790e02cd8dfd981f12506795f4b33ef44ec1b40ff
917,mistral-7b,0.0,AMPS_Hard,math,f0fe71ed7935e959c2478d1790e02cd8dfd981f12506795f4b33ef44ec1b40ff
918,qwen2.5-32b,0.0,AMPS_Hard,math,f0fe71ed7935e959c2478d1790e02cd8dfd981f12506795f4b33ef44ec1b40ff
919,qwen2.5-3b,0.0,AMPS_Hard,math,f0fe71ed7935e959c2478d1790e02cd8dfd981f12506795f4b33ef44ec1b40ff
920,gemma-3-12b-it,0.0,AMPS_Hard,math,f1c378262aa31437185bd52189bc9793ba5ea6774789a34c9e658e85ee4ebf6a
921,gemma-3-1b-it,0.0,AMPS_Hard,math,f1c378262aa31437185bd52189bc9793ba5ea6774789a34c9e658e85ee4ebf6a
922,gemma-3-4b-it,100.0,AMPS_Hard,math,f1c378262aa31437185bd52189bc9793ba5ea6774789a34c9e658e85ee4ebf6a
923,llama-3.1-8b-instruct,0.0,AMPS_Hard,math,f1c378262aa31437185bd52189bc9793ba5ea6774789a34c9e658e85ee4ebf6a
924,llama-3.2-1b-instruct,100.0,AMPS_Hard,math,f1c378262aa31437185bd52189bc9793ba5ea6774789a34c9e658e85ee4ebf6a
925,llama-3.2-3b-instruct,0.0,AMPS_Hard,math,f1c378262aa31437185bd52189bc9793ba5ea6774789a34c9e658e85ee4ebf6a
926,mistral-24b,0.0,AMPS_Hard,math,f1c378262aa31437185bd52189bc9793ba5ea6774789a34c9e658e85ee4ebf6a
927,mistral-7b,0.0,AMPS_Hard,math,f1c378262aa31437185bd52189bc9793ba5ea6774789a34c9e658e85ee4ebf6a
928,qwen2.5-32b,100.0,AMPS_Hard,math,f1c378262aa31437185bd52189bc9793ba5ea6774789a34c9e658e85ee4ebf6a
929,qwen2.5-3b,100.0,AMPS_Hard,math,f1c378262aa31437185bd52189bc9793ba5ea6774789a34c9e658e85ee4ebf6a
930,gemma-3-12b-it,0.0,AMPS_Hard,math,f45d8f033ea698bc50ee73e2dd0358b58d81cbd8ecf3011299dc88254dc8ae21
931,gemma-3-1b-it,0.0,AMPS_Hard,math,f45d8f033ea698bc50ee73e2dd0358b58d81cbd8ecf3011299dc88254dc8ae21
932,gemma-3-4b-it,0.0,AMPS_Hard,math,f45d8f033ea698bc50ee73e2dd0358b58d81cbd8ecf3011299dc88254dc8ae21
933,llama-3.1-8b-instruct,0.0,AMPS_Hard,math,f45d8f033ea698bc50ee73e2dd0358b58d81cbd8ecf3011299dc88254dc8ae21
934,llama-3.2-1b-instruct,0.0,AMPS_Hard,math,f45d8f033ea698bc50ee73e2dd0358b58d81cbd8ecf3011299dc88254dc8ae21
935,llama-3.2-3b-instruct,0.0,AMPS_Hard,math,f45d8f033ea698bc50ee73e2dd0358b58d81cbd8ecf3011299dc88254dc8ae21
936,mistral-24b,100.0,AMPS_Hard,math,f45d8f033ea698bc50ee73e2dd0358b58d81cbd8ecf3011299dc88254dc8ae21
937,mistral-7b,0.0,AMPS_Hard,math,f45d8f033ea698bc50ee73e2dd0358b58d81cbd8ecf3011299dc88254dc8ae21
938,qwen2.5-32b,100.0,AMPS_Hard,math,f45d8f033ea698bc50ee73e2dd0358b58d81cbd8ecf3011299dc88254dc8ae21
939,qwen2.5-3b,100.0,AMPS_Hard,math,f45d8f033ea698bc50ee73e2dd0358b58d81cbd8ecf3011299dc88254dc8ae21
940,gemma-3-12b-it,100.0,AMPS_Hard,math,f67b8e330359c94e96643623af08f9eed551375f8306b54d32104614c0906716
941,gemma-3-1b-it,0.0,AMPS_Hard,math,f67b8e330359c94e96643623af08f9eed551375f8306b54d32104614c0906716
942,gemma-3-4b-it,0.0,AMPS_Hard,math,f67b8e330359c94e96643623af08f9eed551375f8306b54d32104614c0906716
943,llama-3.1-8b-instruct,0.0,AMPS_Hard,math,f67b8e330359c94e96643623af08f9eed551375f8306b54d32104614c0906716
944,llama-3.2-1b-instruct,0.0,AMPS_Hard,math,f67b8e330359c94e96643623af08f9eed551375f8306b54d32104614c0906716
945,llama-3.2-3b-instruct,0.0,AMPS_Hard,math,f67b8e330359c94e96643623af08f9eed551375f8306b54d32104614c0906716
946,mistral-24b,100.0,AMPS_Hard,math,f67b8e330359c94e96643623af08f9eed551375f8306b54d32104614c0906716
947,mistral-7b,0.0,AMPS_Hard,math,f67b8e330359c94e96643623af08f9eed551375f8306b54d32104614c0906716
948,qwen2.5-32b,100.0,AMPS_Hard,math,f67b8e330359c94e96643623af08f9eed551375f8306b54d32104614c0906716
949,qwen2.5-3b,100.0,AMPS_Hard,math,f67b8e330359c94e96643623af08f9eed551375f8306b54d32104614c0906716
950,gemma-3-12b-it,100.0,AMPS_Hard,math,f72373f17cf3de3624c8c102bf428e0bb9ea662b5dab86f19ddf03d92913c83f
951,gemma-3-1b-it,100.0,AMPS_Hard,math,f72373f17cf3de3624c8c102bf428e0bb9ea662b5dab86f19ddf03d92913c83f
952,gemma-3-4b-it,100.0,AMPS_Hard,math,f72373f17cf3de3624c8c102bf428e0bb9ea662b5dab86f19ddf03d92913c83f
953,llama-3.1-8b-instruct,100.0,AMPS_Hard,math,f72373f17cf3de3624c8c102bf428e0bb9ea662b5dab86f19ddf03d92913c83f
954,llama-3.2-1b-instruct,0.0,AMPS_Hard,math,f72373f17cf3de3624c8c102bf428e0bb9ea662b5dab86f19ddf03d92913c83f
955,llama-3.2-3b-instruct,100.0,AMPS_Hard,math,f72373f17cf3de3624c8c102bf428e0bb9ea662b5dab86f19ddf03d92913c83f
956,mistral-24b,100.0,AMPS_Hard,math,f72373f17cf3de3624c8c102bf428e0bb9ea662b5dab86f19ddf03d92913c83f
957,mistral-7b,0.0,AMPS_Hard,math,f72373f17cf3de3624c8c102bf428e0bb9ea662b5dab86f19ddf03d92913c83f
958,qwen2.5-32b,100.0,AMPS_Hard,math,f72373f17cf3de3624c8c102bf428e0bb9ea662b5dab86f19ddf03d92913c83f
959,qwen2.5-3b,100.0,AMPS_Hard,math,f72373f17cf3de3624c8c102bf428e0bb9ea662b5dab86f19ddf03d92913c83f
960,gemma-3-12b-it,100.0,AMPS_Hard,math,f86c7ae3888bbc4c3432d00f89c63dd74eb5764332a64cabe37184c0ca435965
961,gemma-3-1b-it,0.0,AMPS_Hard,math,f86c7ae3888bbc4c3432d00f89c63dd74eb5764332a64cabe37184c0ca435965
962,gemma-3-4b-it,0.0,AMPS_Hard,math,f86c7ae3888bbc4c3432d00f89c63dd74eb5764332a64cabe37184c0ca435965
963,llama-3.1-8b-instruct,0.0,AMPS_Hard,math,f86c7ae3888bbc4c3432d00f89c63dd74eb5764332a64cabe37184c0ca435965
964,llama-3.2-1b-instruct,0.0,AMPS_Hard,math,f86c7ae3888bbc4c3432d00f89c63dd74eb5764332a64cabe37184c0ca435965
965,llama-3.2-3b-instruct,0.0,AMPS_Hard,math,f86c7ae3888bbc4c3432d00f89c63dd74eb5764332a64cabe37184c0ca435965
966,mistral-24b,0.0,AMPS_Hard,math,f86c7ae3888bbc4c3432d00f89c63dd74eb5764332a64cabe37184c0ca435965
967,mistral-7b,0.0,AMPS_Hard,math,f86c7ae3888bbc4c3432d00f89c63dd74eb5764332a64cabe37184c0ca435965
968,qwen2.5-32b,0.0,AMPS_Hard,math,f86c7ae3888bbc4c3432d00f89c63dd74eb5764332a64cabe37184c0ca435965
969,qwen2.5-3b,0.0,AMPS_Hard,math,f86c7ae3888bbc4c3432d00f89c63dd74eb5764332a64cabe37184c0ca435965
970,gemma-3-12b-it,100.0,AMPS_Hard,math,fa4ac43f853aecd189647b25fa4a1b9098d759579ed39202c46d0c835e96cf0b
971,gemma-3-1b-it,0.0,AMPS_Hard,math,fa4ac43f853aecd189647b25fa4a1b9098d759579ed39202c46d0c835e96cf0b
972,gemma-3-4b-it,100.0,AMPS_Hard,math,fa4ac43f853aecd189647b25fa4a1b9098d759579ed39202c46d0c835e96cf0b
973,llama-3.1-8b-instruct,0.0,AMPS_Hard,math,fa4ac43f853aecd189647b25fa4a1b9098d759579ed39202c46d0c835e96cf0b
974,llama-3.2-1b-instruct,0.0,AMPS_Hard,math,fa4ac43f853aecd189647b25fa4a1b9098d759579ed39202c46d0c835e96cf0b
975,llama-3.2-3b-instruct,0.0,AMPS_Hard,math,fa4ac43f853aecd189647b25fa4a1b9098d759579ed39202c46d0c835e96cf0b
976,mistral-24b,100.0,AMPS_Hard,math,fa4ac43f853aecd189647b25fa4a1b9098d759579ed39202c46d0c835e96cf0b
977,mistral-7b,0.0,AMPS_Hard,math,fa4ac43f853aecd189647b25fa4a1b9098d759579ed39202c46d0c835e96cf0b
978,qwen2.5-32b,0.0,AMPS_Hard,math,fa4ac43f853aecd189647b25fa4a1b9098d759579ed39202c46d0c835e96cf0b
979,qwen2.5-3b,0.0,AMPS_Hard,math,fa4ac43f853aecd189647b25fa4a1b9098d759579ed39202c46d0c835e96cf0b
980,gemma-3-12b-it,100.0,AMPS_Hard,math,fabb6a2496aa51e1205bc454945ca80b2bc1e99ebb9e21d746c3f124db4e2e82
981,gemma-3-1b-it,0.0,AMPS_Hard,math,fabb6a2496aa51e1205bc454945ca80b2bc1e99ebb9e21d746c3f124db4e2e82
982,gemma-3-4b-it,0.0,AMPS_Hard,math,fabb6a2496aa51e1205bc454945ca80b2bc1e99ebb9e21d746c3f124db4e2e82
983,llama-3.1-8b-instruct,0.0,AMPS_Hard,math,fabb6a2496aa51e1205bc454945ca80b2bc1e99ebb9e21d746c3f124db4e2e82
984,llama-3.2-1b-instruct,0.0,AMPS_Hard,math,fabb6a2496aa51e1205bc454945ca80b2bc1e99ebb9e21d746c3f124db4e2e82
985,llama-3.2-3b-instruct,0.0,AMPS_Hard,math,fabb6a2496aa51e1205bc454945ca80b2bc1e99ebb9e21d746c3f124db4e2e82
986,mistral-24b,0.0,AMPS_Hard,math,fabb6a2496aa51e1205bc454945ca80b2bc1e99ebb9e21d746c3f124db4e2e82
987,mistral-7b,0.0,AMPS_Hard,math,fabb6a2496aa51e1205bc454945ca80b2bc1e99ebb9e21d746c3f124db4e2e82
988,qwen2.5-32b,100.0,AMPS_Hard,math,fabb6a2496aa51e1205bc454945ca80b2bc1e99ebb9e21d746c3f124db4e2e82
989,qwen2.5-3b,0.0,AMPS_Hard,math,fabb6a2496aa51e1205bc454945ca80b2bc1e99ebb9e21d746c3f124db4e2e82
990,gemma-3-12b-it,0.0,AMPS_Hard,math,fd34b7ecb0caa3bd511967093b5d7946b2d0206e1496d021ea7b1a4d908ad557
991,gemma-3-1b-it,0.0,AMPS_Hard,math,fd34b7ecb0caa3bd511967093b5d7946b2d0206e1496d021ea7b1a4d908ad557
992,gemma-3-4b-it,0.0,AMPS_Hard,math,fd34b7ecb0caa3bd511967093b5d7946b2d0206e1496d021ea7b1a4d908ad557
993,llama-3.1-8b-instruct,0.0,AMPS_Hard,math,fd34b7ecb0caa3bd511967093b5d7946b2d0206e1496d021ea7b1a4d908ad557
994,llama-3.2-1b-instruct,0.0,AMPS_Hard,math,fd34b7ecb0caa3bd511967093b5d7946b2d0206e1496d021ea7b1a4d908ad557
995,llama-3.2-3b-instruct,0.0,AMPS_Hard,math,fd34b7ecb0caa3bd511967093b5d7946b2d0206e1496d021ea7b1a4d908ad557
996,mistral-24b,0.0,AMPS_Hard,math,fd34b7ecb0caa3bd511967093b5d7946b2d0206e1496d021ea7b1a4d908ad557
997,mistral-7b,0.0,AMPS_Hard,math,fd34b7ecb0caa3bd511967093b5d7946b2d0206e1496d021ea7b1a4d908ad557
998,qwen2.5-32b,0.0,AMPS_Hard,math,fd34b7ecb0caa3bd511967093b5d7946b2d0206e1496d021ea7b1a4d908ad557
999,qwen2.5-3b,100.0,AMPS_Hard,math,fd34b7ecb0caa3bd511967093b5d7946b2d0206e1496d021ea7b1a4d908ad557
1000,gemma-3-12b-it,11.290322580645102,olympiad,math,0499deda2f068008d488551abf96b4b758c6ed6b79cd2ec6a204d1250b140421
1001,gemma-3-1b-it,1.6129032258064002,olympiad,math,0499deda2f068008d488551abf96b4b758c6ed6b79cd2ec6a204d1250b140421
1002,gemma-3-4b-it,1.6129032258064002,olympiad,math,0499deda2f068008d488551abf96b4b758c6ed6b79cd2ec6a204d1250b140421
1003,llama-3.1-8b-instruct,1.6129032258064002,olympiad,math,0499deda2f068008d488551abf96b4b758c6ed6b79cd2ec6a204d1250b140421
1004,llama-3.2-1b-instruct,1.6129032258064002,olympiad,math,0499deda2f068008d488551abf96b4b758c6ed6b79cd2ec6a204d1250b140421
1005,llama-3.2-3b-instruct,3.2258064516129004,olympiad,math,0499deda2f068008d488551abf96b4b758c6ed6b79cd2ec6a204d1250b140421
1006,mistral-24b,14.516129032258002,olympiad,math,0499deda2f068008d488551abf96b4b758c6ed6b79cd2ec6a204d1250b140421
1007,mistral-7b,1.6129032258064002,olympiad,math,0499deda2f068008d488551abf96b4b758c6ed6b79cd2ec6a204d1250b140421
1008,qwen2.5-32b,24.1935483870967,olympiad,math,0499deda2f068008d488551abf96b4b758c6ed6b79cd2ec6a204d1250b140421
1009,qwen2.5-3b,1.6129032258064002,olympiad,math,0499deda2f068008d488551abf96b4b758c6ed6b79cd2ec6a204d1250b140421
1010,gemma-3-12b-it,5.0,olympiad,math,0d3a48049dc5da31531654f59e7866832579f812b892610bd1b178fc4d010d0c
1011,gemma-3-1b-it,0.0,olympiad,math,0d3a48049dc5da31531654f59e7866832579f812b892610bd1b178fc4d010d0c
1012,gemma-3-4b-it,19.9999999999999,olympiad,math,0d3a48049dc5da31531654f59e7866832579f812b892610bd1b178fc4d010d0c
1013,llama-3.1-8b-instruct,15.000000000000002,olympiad,math,0d3a48049dc5da31531654f59e7866832579f812b892610bd1b178fc4d010d0c
1014,llama-3.2-1b-instruct,15.000000000000002,olympiad,math,0d3a48049dc5da31531654f59e7866832579f812b892610bd1b178fc4d010d0c
1015,llama-3.2-3b-instruct,9.9999999999999,olympiad,math,0d3a48049dc5da31531654f59e7866832579f812b892610bd1b178fc4d010d0c
1016,mistral-24b,25.0,olympiad,math,0d3a48049dc5da31531654f59e7866832579f812b892610bd1b178fc4d010d0c
1017,mistral-7b,9.9999999999999,olympiad,math,0d3a48049dc5da31531654f59e7866832579f812b892610bd1b178fc4d010d0c
1018,qwen2.5-32b,30.000000000000004,olympiad,math,0d3a48049dc5da31531654f59e7866832579f812b892610bd1b178fc4d010d0c
1019,qwen2.5-3b,22.7272727272727,olympiad,math,0d3a48049dc5da31531654f59e7866832579f812b892610bd1b178fc4d010d0c
1020,gemma-3-12b-it,4.2553191489361,olympiad,math,11f95734f602e7d1481f9887ca7fc8bed83258e22fd5c443449ac159a4732115
1021,gemma-3-1b-it,0.7134363852556,olympiad,math,11f95734f602e7d1481f9887ca7fc8bed83258e22fd5c443449ac159a4732115
1022,gemma-3-4b-it,2.1276595744680002,olympiad,math,11f95734f602e7d1481f9887ca7fc8bed83258e22fd5c443449ac159a4732115
1023,llama-3.1-8b-instruct,2.1276595744680002,olympiad,math,11f95734f602e7d1481f9887ca7fc8bed83258e22fd5c443449ac159a4732115
1024,llama-3.2-1b-instruct,0.9615384615384001,olympiad,math,11f95734f602e7d1481f9887ca7fc8bed83258e22fd5c443449ac159a4732115
1025,llama-3.2-3b-instruct,0.0,olympiad,math,11f95734f602e7d1481f9887ca7fc8bed83258e22fd5c443449ac159a4732115
1026,mistral-24b,8.5106382978723,olympiad,math,11f95734f602e7d1481f9887ca7fc8bed83258e22fd5c443449ac159a4732115
1027,mistral-7b,4.2553191489361,olympiad,math,11f95734f602e7d1481f9887ca7fc8bed83258e22fd5c443449ac159a4732115
1028,qwen2.5-32b,21.2765957446808,olympiad,math,11f95734f602e7d1481f9887ca7fc8bed83258e22fd5c443449ac159a4732115
1029,qwen2.5-3b,2.1276595744680002,olympiad,math,11f95734f602e7d1481f9887ca7fc8bed83258e22fd5c443449ac159a4732115
1030,gemma-3-12b-it,6.8965517241379,olympiad,math,1f6132e867a52e5c7b084011484f7fcfec9195f407c9bfb06a3f13f5b709d333
1031,gemma-3-1b-it,0.0,olympiad,math,1f6132e867a52e5c7b084011484f7fcfec9195f407c9bfb06a3f13f5b709d333
1032,gemma-3-4b-it,3.4482758620689005,olympiad,math,1f6132e867a52e5c7b084011484f7fcfec9195f407c9bfb06a3f13f5b709d333
1033,llama-3.1-8b-instruct,0.0,olympiad,math,1f6132e867a52e5c7b084011484f7fcfec9195f407c9bfb06a3f13f5b709d333
1034,llama-3.2-1b-instruct,0.0,olympiad,math,1f6132e867a52e5c7b084011484f7fcfec9195f407c9bfb06a3f13f5b709d333
1035,llama-3.2-3b-instruct,10.3448275862068,olympiad,math,1f6132e867a52e5c7b084011484f7fcfec9195f407c9bfb06a3f13f5b709d333
1036,mistral-24b,10.3448275862068,olympiad,math,1f6132e867a52e5c7b084011484f7fcfec9195f407c9bfb06a3f13f5b709d333
1037,mistral-7b,10.3448275862068,olympiad,math,1f6132e867a52e5c7b084011484f7fcfec9195f407c9bfb06a3f13f5b709d333
1038,qwen2.5-32b,44.827586206896505,olympiad,math,1f6132e867a52e5c7b084011484f7fcfec9195f407c9bfb06a3f13f5b709d333
1039,qwen2.5-3b,3.4482758620689005,olympiad,math,1f6132e867a52e5c7b084011484f7fcfec9195f407c9bfb06a3f13f5b709d333
1040,gemma-3-12b-it,8.695652173913,olympiad,math,2191e02b65ac78dd0d28bc13f41786d2596dbaa560ad9d0658a27ae2814faef3
1041,gemma-3-1b-it,4.3478260869565,olympiad,math,2191e02b65ac78dd0d28bc13f41786d2596dbaa560ad9d0658a27ae2814faef3
1042,gemma-3-4b-it,13.0434782608695,olympiad,math,2191e02b65ac78dd0d28bc13f41786d2596dbaa560ad9d0658a27ae2814faef3
1043,llama-3.1-8b-instruct,8.695652173913,olympiad,math,2191e02b65ac78dd0d28bc13f41786d2596dbaa560ad9d0658a27ae2814faef3
1044,llama-3.2-1b-instruct,4.3478260869565,olympiad,math,2191e02b65ac78dd0d28bc13f41786d2596dbaa560ad9d0658a27ae2814faef3
1045,llama-3.2-3b-instruct,17.391304347826,olympiad,math,2191e02b65ac78dd0d28bc13f41786d2596dbaa560ad9d0658a27ae2814faef3
1046,mistral-24b,13.0434782608695,olympiad,math,2191e02b65ac78dd0d28bc13f41786d2596dbaa560ad9d0658a27ae2814faef3
1047,mistral-7b,8.695652173913,olympiad,math,2191e02b65ac78dd0d28bc13f41786d2596dbaa560ad9d0658a27ae2814faef3
1048,qwen2.5-32b,26.0869565217391,olympiad,math,2191e02b65ac78dd0d28bc13f41786d2596dbaa560ad9d0658a27ae2814faef3
1049,qwen2.5-3b,4.3478260869565,olympiad,math,2191e02b65ac78dd0d28bc13f41786d2596dbaa560ad9d0658a27ae2814faef3
1050,gemma-3-12b-it,8.064516129032201,olympiad,math,2a82215ea19fcbded36fa95df35b6e7c5f6ed28b0b5f6c3460b4223f1904a536
1051,gemma-3-1b-it,1.6129032258064002,olympiad,math,2a82215ea19fcbded36fa95df35b6e7c5f6ed28b0b5f6c3460b4223f1904a536
1052,gemma-3-4b-it,1.6129032258064002,olympiad,math,2a82215ea19fcbded36fa95df35b6e7c5f6ed28b0b5f6c3460b4223f1904a536
1053,llama-3.1-8b-instruct,8.064516129032201,olympiad,math,2a82215ea19fcbded36fa95df35b6e7c5f6ed28b0b5f6c3460b4223f1904a536
1054,llama-3.2-1b-instruct,1.6129032258064002,olympiad,math,2a82215ea19fcbded36fa95df35b6e7c5f6ed28b0b5f6c3460b4223f1904a536
1055,llama-3.2-3b-instruct,1.6129032258064002,olympiad,math,2a82215ea19fcbded36fa95df35b6e7c5f6ed28b0b5f6c3460b4223f1904a536
1056,mistral-24b,11.290322580645102,olympiad,math,2a82215ea19fcbded36fa95df35b6e7c5f6ed28b0b5f6c3460b4223f1904a536
1057,mistral-7b,11.290322580645102,olympiad,math,2a82215ea19fcbded36fa95df35b6e7c5f6ed28b0b5f6c3460b4223f1904a536
1058,qwen2.5-32b,12.903225806451601,olympiad,math,2a82215ea19fcbded36fa95df35b6e7c5f6ed28b0b5f6c3460b4223f1904a536
1059,qwen2.5-3b,0.0,olympiad,math,2a82215ea19fcbded36fa95df35b6e7c5f6ed28b0b5f6c3460b4223f1904a536
1060,gemma-3-12b-it,26.315789473684205,olympiad,math,2c17f46f8323e8e692a1827bb18c9a9a43fcff9860b72372cb9551b7cdd532f5
1061,gemma-3-1b-it,10.5263157894736,olympiad,math,2c17f46f8323e8e692a1827bb18c9a9a43fcff9860b72372cb9551b7cdd532f5
1062,gemma-3-4b-it,15.7894736842105,olympiad,math,2c17f46f8323e8e692a1827bb18c9a9a43fcff9860b72372cb9551b7cdd532f5
1063,llama-3.1-8b-instruct,8.3333333333333,olympiad,math,2c17f46f8323e8e692a1827bb18c9a9a43fcff9860b72372cb9551b7cdd532f5
1064,llama-3.2-1b-instruct,5.2631578947368,olympiad,math,2c17f46f8323e8e692a1827bb18c9a9a43fcff9860b72372cb9551b7cdd532f5
1065,llama-3.2-3b-instruct,5.2631578947368,olympiad,math,2c17f46f8323e8e692a1827bb18c9a9a43fcff9860b72372cb9551b7cdd532f5
1066,mistral-24b,31.578947368421,olympiad,math,2c17f46f8323e8e692a1827bb18c9a9a43fcff9860b72372cb9551b7cdd532f5
1067,mistral-7b,10.5263157894736,olympiad,math,2c17f46f8323e8e692a1827bb18c9a9a43fcff9860b72372cb9551b7cdd532f5
1068,qwen2.5-32b,47.368421052631504,olympiad,math,2c17f46f8323e8e692a1827bb18c9a9a43fcff9860b72372cb9551b7cdd532f5
1069,qwen2.5-3b,10.5263157894736,olympiad,math,2c17f46f8323e8e692a1827bb18c9a9a43fcff9860b72372cb9551b7cdd532f5
1070,gemma-3-12b-it,13.0434782608695,olympiad,math,2c5982946e20e2a85531ac00121697b263591e055ac19586db59a890fdaf98b1
1071,gemma-3-1b-it,4.3478260869565,olympiad,math,2c5982946e20e2a85531ac00121697b263591e055ac19586db59a890fdaf98b1
1072,gemma-3-4b-it,13.0434782608695,olympiad,math,2c5982946e20e2a85531ac00121697b263591e055ac19586db59a890fdaf98b1
1073,llama-3.1-8b-instruct,4.3478260869565,olympiad,math,2c5982946e20e2a85531ac00121697b263591e055ac19586db59a890fdaf98b1
1074,llama-3.2-1b-instruct,8.695652173913,olympiad,math,2c5982946e20e2a85531ac00121697b263591e055ac19586db59a890fdaf98b1
1075,llama-3.2-3b-instruct,8.695652173913,olympiad,math,2c5982946e20e2a85531ac00121697b263591e055ac19586db59a890fdaf98b1
1076,mistral-24b,30.434782608695603,olympiad,math,2c5982946e20e2a85531ac00121697b263591e055ac19586db59a890fdaf98b1
1077,mistral-7b,4.3478260869565,olympiad,math,2c5982946e20e2a85531ac00121697b263591e055ac19586db59a890fdaf98b1
1078,qwen2.5-32b,34.7826086956521,olympiad,math,2c5982946e20e2a85531ac00121697b263591e055ac19586db59a890fdaf98b1
1079,qwen2.5-3b,4.3478260869565,olympiad,math,2c5982946e20e2a85531ac00121697b263591e055ac19586db59a890fdaf98b1
1080,gemma-3-12b-it,4.1666666666666,olympiad,math,2dd75e080f3e276f3dcf304d970e6a03973ddf777537422c9aba59559ddc9594
1081,gemma-3-1b-it,4.1666666666666,olympiad,math,2dd75e080f3e276f3dcf304d970e6a03973ddf777537422c9aba59559ddc9594
1082,gemma-3-4b-it,0.0,olympiad,math,2dd75e080f3e276f3dcf304d970e6a03973ddf777537422c9aba59559ddc9594
1083,llama-3.1-8b-instruct,8.3333333333333,olympiad,math,2dd75e080f3e276f3dcf304d970e6a03973ddf777537422c9aba59559ddc9594
1084,llama-3.2-1b-instruct,4.1666666666666,olympiad,math,2dd75e080f3e276f3dcf304d970e6a03973ddf777537422c9aba59559ddc9594
1085,llama-3.2-3b-instruct,12.5,olympiad,math,2dd75e080f3e276f3dcf304d970e6a03973ddf777537422c9aba59559ddc9594
1086,mistral-24b,12.5,olympiad,math,2dd75e080f3e276f3dcf304d970e6a03973ddf777537422c9aba59559ddc9594
1087,mistral-7b,0.0,olympiad,math,2dd75e080f3e276f3dcf304d970e6a03973ddf777537422c9aba59559ddc9594
1088,qwen2.5-32b,29.1666666666666,olympiad,math,2dd75e080f3e276f3dcf304d970e6a03973ddf777537422c9aba59559ddc9594
1089,qwen2.5-3b,8.3333333333333,olympiad,math,2dd75e080f3e276f3dcf304d970e6a03973ddf777537422c9aba59559ddc9594
1090,gemma-3-12b-it,21.0526315789473,olympiad,math,3649fb05ed87c2f3ed8a933e7c8f032b54a5d6f0d23504cdd578541dd60c0f08
1091,gemma-3-1b-it,5.2631578947368,olympiad,math,3649fb05ed87c2f3ed8a933e7c8f032b54a5d6f0d23504cdd578541dd60c0f08
1092,gemma-3-4b-it,10.5263157894736,olympiad,math,3649fb05ed87c2f3ed8a933e7c8f032b54a5d6f0d23504cdd578541dd60c0f08
1093,llama-3.1-8b-instruct,5.2631578947368,olympiad,math,3649fb05ed87c2f3ed8a933e7c8f032b54a5d6f0d23504cdd578541dd60c0f08
1094,llama-3.2-1b-instruct,15.7894736842105,olympiad,math,3649fb05ed87c2f3ed8a933e7c8f032b54a5d6f0d23504cdd578541dd60c0f08
1095,llama-3.2-3b-instruct,5.2631578947368,olympiad,math,3649fb05ed87c2f3ed8a933e7c8f032b54a5d6f0d23504cdd578541dd60c0f08
1096,mistral-24b,31.578947368421,olympiad,math,3649fb05ed87c2f3ed8a933e7c8f032b54a5d6f0d23504cdd578541dd60c0f08
1097,mistral-7b,5.2631578947368,olympiad,math,3649fb05ed87c2f3ed8a933e7c8f032b54a5d6f0d23504cdd578541dd60c0f08
1098,qwen2.5-32b,57.89473684210521,olympiad,math,3649fb05ed87c2f3ed8a933e7c8f032b54a5d6f0d23504cdd578541dd60c0f08
1099,qwen2.5-3b,10.5263157894736,olympiad,math,3649fb05ed87c2f3ed8a933e7c8f032b54a5d6f0d23504cdd578541dd60c0f08
1100,gemma-3-12b-it,21.0526315789473,olympiad,math,3f55db366e970e1965bbba20e9958a4c0ea52e4224d11d875d390983485dd32b
1101,gemma-3-1b-it,5.2631578947368,olympiad,math,3f55db366e970e1965bbba20e9958a4c0ea52e4224d11d875d390983485dd32b
1102,gemma-3-4b-it,21.0526315789473,olympiad,math,3f55db366e970e1965bbba20e9958a4c0ea52e4224d11d875d390983485dd32b
1103,llama-3.1-8b-instruct,10.5263157894736,olympiad,math,3f55db366e970e1965bbba20e9958a4c0ea52e4224d11d875d390983485dd32b
1104,llama-3.2-1b-instruct,5.2631578947368,olympiad,math,3f55db366e970e1965bbba20e9958a4c0ea52e4224d11d875d390983485dd32b
1105,llama-3.2-3b-instruct,5.2631578947368,olympiad,math,3f55db366e970e1965bbba20e9958a4c0ea52e4224d11d875d390983485dd32b
1106,mistral-24b,21.0526315789473,olympiad,math,3f55db366e970e1965bbba20e9958a4c0ea52e4224d11d875d390983485dd32b
1107,mistral-7b,15.7894736842105,olympiad,math,3f55db366e970e1965bbba20e9958a4c0ea52e4224d11d875d390983485dd32b
1108,qwen2.5-32b,47.368421052631504,olympiad,math,3f55db366e970e1965bbba20e9958a4c0ea52e4224d11d875d390983485dd32b
1109,qwen2.5-3b,5.2631578947368,olympiad,math,3f55db366e970e1965bbba20e9958a4c0ea52e4224d11d875d390983485dd32b
1110,gemma-3-12b-it,8.3333333333333,olympiad,math,527d5f9f9cf27824b84109a495eeced7c7c097fb324b872212f6813a660e5ee4
1111,gemma-3-1b-it,4.1666666666666,olympiad,math,527d5f9f9cf27824b84109a495eeced7c7c097fb324b872212f6813a660e5ee4
1112,gemma-3-4b-it,8.3333333333333,olympiad,math,527d5f9f9cf27824b84109a495eeced7c7c097fb324b872212f6813a660e5ee4
1113,llama-3.1-8b-instruct,20.8333333333333,olympiad,math,527d5f9f9cf27824b84109a495eeced7c7c097fb324b872212f6813a660e5ee4
1114,llama-3.2-1b-instruct,12.5,olympiad,math,527d5f9f9cf27824b84109a495eeced7c7c097fb324b872212f6813a660e5ee4
1115,llama-3.2-3b-instruct,8.3333333333333,olympiad,math,527d5f9f9cf27824b84109a495eeced7c7c097fb324b872212f6813a660e5ee4
1116,mistral-24b,20.8333333333333,olympiad,math,527d5f9f9cf27824b84109a495eeced7c7c097fb324b872212f6813a660e5ee4
1117,mistral-7b,4.1666666666666,olympiad,math,527d5f9f9cf27824b84109a495eeced7c7c097fb324b872212f6813a660e5ee4
1118,qwen2.5-32b,29.1666666666666,olympiad,math,527d5f9f9cf27824b84109a495eeced7c7c097fb324b872212f6813a660e5ee4
1119,qwen2.5-3b,0.0,olympiad,math,527d5f9f9cf27824b84109a495eeced7c7c097fb324b872212f6813a660e5ee4
1120,gemma-3-12b-it,42.857142857142804,olympiad,math,558c3c463860fcaa2b08edd9d5f0f11071944bf7d9229574862a92e6d91f1a21
1121,gemma-3-1b-it,0.0,olympiad,math,558c3c463860fcaa2b08edd9d5f0f11071944bf7d9229574862a92e6d91f1a21
1122,gemma-3-4b-it,42.857142857142804,olympiad,math,558c3c463860fcaa2b08edd9d5f0f11071944bf7d9229574862a92e6d91f1a21
1123,llama-3.1-8b-instruct,28.571428571428502,olympiad,math,558c3c463860fcaa2b08edd9d5f0f11071944bf7d9229574862a92e6d91f1a21
1124,llama-3.2-1b-instruct,0.0,olympiad,math,558c3c463860fcaa2b08edd9d5f0f11071944bf7d9229574862a92e6d91f1a21
1125,llama-3.2-3b-instruct,0.0,olympiad,math,558c3c463860fcaa2b08edd9d5f0f11071944bf7d9229574862a92e6d91f1a21
1126,mistral-24b,42.857142857142804,olympiad,math,558c3c463860fcaa2b08edd9d5f0f11071944bf7d9229574862a92e6d91f1a21
1127,mistral-7b,44.4444444444444,olympiad,math,558c3c463860fcaa2b08edd9d5f0f11071944bf7d9229574862a92e6d91f1a21
1128,qwen2.5-32b,42.857142857142804,olympiad,math,558c3c463860fcaa2b08edd9d5f0f11071944bf7d9229574862a92e6d91f1a21
1129,qwen2.5-3b,28.571428571428502,olympiad,math,558c3c463860fcaa2b08edd9d5f0f11071944bf7d9229574862a92e6d91f1a21
1130,gemma-3-12b-it,44.4444444444444,olympiad,math,56155e5b8c1dc430cc262691aea0a75d71f7dee78b6e15304607caf0b56ecfbd
1131,gemma-3-1b-it,11.1111111111111,olympiad,math,56155e5b8c1dc430cc262691aea0a75d71f7dee78b6e15304607caf0b56ecfbd
1132,gemma-3-4b-it,7.692307692307601,olympiad,math,56155e5b8c1dc430cc262691aea0a75d71f7dee78b6e15304607caf0b56ecfbd
1133,llama-3.1-8b-instruct,11.1111111111111,olympiad,math,56155e5b8c1dc430cc262691aea0a75d71f7dee78b6e15304607caf0b56ecfbd
1134,llama-3.2-1b-instruct,11.1111111111111,olympiad,math,56155e5b8c1dc430cc262691aea0a75d71f7dee78b6e15304607caf0b56ecfbd
1135,llama-3.2-3b-instruct,0.0,olympiad,math,56155e5b8c1dc430cc262691aea0a75d71f7dee78b6e15304607caf0b56ecfbd
1136,mistral-24b,66.6666666666666,olympiad,math,56155e5b8c1dc430cc262691aea0a75d71f7dee78b6e15304607caf0b56ecfbd
1137,mistral-7b,11.1111111111111,olympiad,math,56155e5b8c1dc430cc262691aea0a75d71f7dee78b6e15304607caf0b56ecfbd
1138,qwen2.5-32b,88.8888888888888,olympiad,math,56155e5b8c1dc430cc262691aea0a75d71f7dee78b6e15304607caf0b56ecfbd
1139,qwen2.5-3b,11.1111111111111,olympiad,math,56155e5b8c1dc430cc262691aea0a75d71f7dee78b6e15304607caf0b56ecfbd
1140,gemma-3-12b-it,3.125,olympiad,math,5b9c56e9392dd999162474f10addf1a3a72f1d8b1c8bafc999ccec6f22194c18
1141,gemma-3-1b-it,3.125,olympiad,math,5b9c56e9392dd999162474f10addf1a3a72f1d8b1c8bafc999ccec6f22194c18
1142,gemma-3-4b-it,12.5,olympiad,math,5b9c56e9392dd999162474f10addf1a3a72f1d8b1c8bafc999ccec6f22194c18
1143,llama-3.1-8b-instruct,0.0,olympiad,math,5b9c56e9392dd999162474f10addf1a3a72f1d8b1c8bafc999ccec6f22194c18
1144,llama-3.2-1b-instruct,3.125,olympiad,math,5b9c56e9392dd999162474f10addf1a3a72f1d8b1c8bafc999ccec6f22194c18
1145,llama-3.2-3b-instruct,18.75,olympiad,math,5b9c56e9392dd999162474f10addf1a3a72f1d8b1c8bafc999ccec6f22194c18
1146,mistral-24b,9.375000000000002,olympiad,math,5b9c56e9392dd999162474f10addf1a3a72f1d8b1c8bafc999ccec6f22194c18
1147,mistral-7b,6.25,olympiad,math,5b9c56e9392dd999162474f10addf1a3a72f1d8b1c8bafc999ccec6f22194c18
1148,qwen2.5-32b,18.75,olympiad,math,5b9c56e9392dd999162474f10addf1a3a72f1d8b1c8bafc999ccec6f22194c18
1149,qwen2.5-3b,6.25,olympiad,math,5b9c56e9392dd999162474f10addf1a3a72f1d8b1c8bafc999ccec6f22194c18
1150,gemma-3-12b-it,50.0,olympiad,math,698d9bd9ad134096358dad82317dae610d9f265255aeee52c644871b83eb7a85
1151,gemma-3-1b-it,50.0,olympiad,math,698d9bd9ad134096358dad82317dae610d9f265255aeee52c644871b83eb7a85
1152,gemma-3-4b-it,50.0,olympiad,math,698d9bd9ad134096358dad82317dae610d9f265255aeee52c644871b83eb7a85
1153,llama-3.1-8b-instruct,50.0,olympiad,math,698d9bd9ad134096358dad82317dae610d9f265255aeee52c644871b83eb7a85
1154,llama-3.2-1b-instruct,25.0,olympiad,math,698d9bd9ad134096358dad82317dae610d9f265255aeee52c644871b83eb7a85
1155,llama-3.2-3b-instruct,25.0,olympiad,math,698d9bd9ad134096358dad82317dae610d9f265255aeee52c644871b83eb7a85
1156,mistral-24b,50.0,olympiad,math,698d9bd9ad134096358dad82317dae610d9f265255aeee52c644871b83eb7a85
1157,mistral-7b,40.0,olympiad,math,698d9bd9ad134096358dad82317dae610d9f265255aeee52c644871b83eb7a85
1158,qwen2.5-32b,75.0,olympiad,math,698d9bd9ad134096358dad82317dae610d9f265255aeee52c644871b83eb7a85
1159,qwen2.5-3b,25.0,olympiad,math,698d9bd9ad134096358dad82317dae610d9f265255aeee52c644871b83eb7a85
1160,gemma-3-12b-it,3.4482758620689005,olympiad,math,6d9bd0806e27f34ff88209075cad638ca0ed6662f499c74bdd3a256d3511b9fe
1161,gemma-3-1b-it,3.4482758620689005,olympiad,math,6d9bd0806e27f34ff88209075cad638ca0ed6662f499c74bdd3a256d3511b9fe
1162,gemma-3-4b-it,10.3448275862068,olympiad,math,6d9bd0806e27f34ff88209075cad638ca0ed6662f499c74bdd3a256d3511b9fe
1163,llama-3.1-8b-instruct,3.4482758620689005,olympiad,math,6d9bd0806e27f34ff88209075cad638ca0ed6662f499c74bdd3a256d3511b9fe
1164,llama-3.2-1b-instruct,10.3448275862068,olympiad,math,6d9bd0806e27f34ff88209075cad638ca0ed6662f499c74bdd3a256d3511b9fe
1165,llama-3.2-3b-instruct,13.7931034482758,olympiad,math,6d9bd0806e27f34ff88209075cad638ca0ed6662f499c74bdd3a256d3511b9fe
1166,mistral-24b,10.3448275862068,olympiad,math,6d9bd0806e27f34ff88209075cad638ca0ed6662f499c74bdd3a256d3511b9fe
1167,mistral-7b,6.8965517241379,olympiad,math,6d9bd0806e27f34ff88209075cad638ca0ed6662f499c74bdd3a256d3511b9fe
1168,qwen2.5-32b,27.5862068965517,olympiad,math,6d9bd0806e27f34ff88209075cad638ca0ed6662f499c74bdd3a256d3511b9fe
1169,qwen2.5-3b,3.4482758620689005,olympiad,math,6d9bd0806e27f34ff88209075cad638ca0ed6662f499c74bdd3a256d3511b9fe
1170,gemma-3-12b-it,16.6666666666666,olympiad,math,6df4693c156b7581ffb9a1267a84c055bc9edd8170681b9021bb837f1e9d1167
1171,gemma-3-1b-it,0.0,olympiad,math,6df4693c156b7581ffb9a1267a84c055bc9edd8170681b9021bb837f1e9d1167
1172,gemma-3-4b-it,11.1111111111111,olympiad,math,6df4693c156b7581ffb9a1267a84c055bc9edd8170681b9021bb837f1e9d1167
1173,llama-3.1-8b-instruct,11.1111111111111,olympiad,math,6df4693c156b7581ffb9a1267a84c055bc9edd8170681b9021bb837f1e9d1167
1174,llama-3.2-1b-instruct,0.0,olympiad,math,6df4693c156b7581ffb9a1267a84c055bc9edd8170681b9021bb837f1e9d1167
1175,llama-3.2-3b-instruct,5.5555555555555,olympiad,math,6df4693c156b7581ffb9a1267a84c055bc9edd8170681b9021bb837f1e9d1167
1176,mistral-24b,11.1111111111111,olympiad,math,6df4693c156b7581ffb9a1267a84c055bc9edd8170681b9021bb837f1e9d1167
1177,mistral-7b,5.5555555555555,olympiad,math,6df4693c156b7581ffb9a1267a84c055bc9edd8170681b9021bb837f1e9d1167
1178,qwen2.5-32b,44.4444444444444,olympiad,math,6df4693c156b7581ffb9a1267a84c055bc9edd8170681b9021bb837f1e9d1167
1179,qwen2.5-3b,5.5555555555555,olympiad,math,6df4693c156b7581ffb9a1267a84c055bc9edd8170681b9021bb837f1e9d1167
1180,gemma-3-12b-it,2.1276595744680002,olympiad,math,6dfb6aade6429e2cca0718a497a442299a57199dfd547813471f4cf30ed6c7c7
1181,gemma-3-1b-it,2.1276595744680002,olympiad,math,6dfb6aade6429e2cca0718a497a442299a57199dfd547813471f4cf30ed6c7c7
1182,gemma-3-4b-it,4.2553191489361,olympiad,math,6dfb6aade6429e2cca0718a497a442299a57199dfd547813471f4cf30ed6c7c7
1183,llama-3.1-8b-instruct,6.382978723404201,olympiad,math,6dfb6aade6429e2cca0718a497a442299a57199dfd547813471f4cf30ed6c7c7
1184,llama-3.2-1b-instruct,6.25,olympiad,math,6dfb6aade6429e2cca0718a497a442299a57199dfd547813471f4cf30ed6c7c7
1185,llama-3.2-3b-instruct,0.5910165484633001,olympiad,math,6dfb6aade6429e2cca0718a497a442299a57199dfd547813471f4cf30ed6c7c7
1186,mistral-24b,10.6382978723404,olympiad,math,6dfb6aade6429e2cca0718a497a442299a57199dfd547813471f4cf30ed6c7c7
1187,mistral-7b,2.1276595744680002,olympiad,math,6dfb6aade6429e2cca0718a497a442299a57199dfd547813471f4cf30ed6c7c7
1188,qwen2.5-32b,1.6842105263157003,olympiad,math,6dfb6aade6429e2cca0718a497a442299a57199dfd547813471f4cf30ed6c7c7
1189,qwen2.5-3b,4.2553191489361,olympiad,math,6dfb6aade6429e2cca0718a497a442299a57199dfd547813471f4cf30ed6c7c7
1190,gemma-3-12b-it,9.9999999999999,olympiad,math,6e12ab2219a4051c396de5afc4228be52c2d8617c7f5621be8c364f50016c80d
1191,gemma-3-1b-it,9.9999999999999,olympiad,math,6e12ab2219a4051c396de5afc4228be52c2d8617c7f5621be8c364f50016c80d
1192,gemma-3-4b-it,9.9999999999999,olympiad,math,6e12ab2219a4051c396de5afc4228be52c2d8617c7f5621be8c364f50016c80d
1193,llama-3.1-8b-instruct,9.9999999999999,olympiad,math,6e12ab2219a4051c396de5afc4228be52c2d8617c7f5621be8c364f50016c80d
1194,llama-3.2-1b-instruct,0.0,olympiad,math,6e12ab2219a4051c396de5afc4228be52c2d8617c7f5621be8c364f50016c80d
1195,llama-3.2-3b-instruct,9.9999999999999,olympiad,math,6e12ab2219a4051c396de5afc4228be52c2d8617c7f5621be8c364f50016c80d
1196,mistral-24b,9.9999999999999,olympiad,math,6e12ab2219a4051c396de5afc4228be52c2d8617c7f5621be8c364f50016c80d
1197,mistral-7b,9.9999999999999,olympiad,math,6e12ab2219a4051c396de5afc4228be52c2d8617c7f5621be8c364f50016c80d
1198,qwen2.5-32b,19.9999999999999,olympiad,math,6e12ab2219a4051c396de5afc4228be52c2d8617c7f5621be8c364f50016c80d
1199,qwen2.5-3b,9.9999999999999,olympiad,math,6e12ab2219a4051c396de5afc4228be52c2d8617c7f5621be8c364f50016c80d
1200,gemma-3-12b-it,27.7777777777777,olympiad,math,749116060528890530a40d111c5506f4cdec004a7c52a87ef0a4a01206c187ec
1201,gemma-3-1b-it,0.0,olympiad,math,749116060528890530a40d111c5506f4cdec004a7c52a87ef0a4a01206c187ec
1202,gemma-3-4b-it,16.6666666666666,olympiad,math,749116060528890530a40d111c5506f4cdec004a7c52a87ef0a4a01206c187ec
1203,llama-3.1-8b-instruct,33.3333333333333,olympiad,math,749116060528890530a40d111c5506f4cdec004a7c52a87ef0a4a01206c187ec
1204,llama-3.2-1b-instruct,0.0,olympiad,math,749116060528890530a40d111c5506f4cdec004a7c52a87ef0a4a01206c187ec
1205,llama-3.2-3b-instruct,16.6666666666666,olympiad,math,749116060528890530a40d111c5506f4cdec004a7c52a87ef0a4a01206c187ec
1206,mistral-24b,38.8888888888888,olympiad,math,749116060528890530a40d111c5506f4cdec004a7c52a87ef0a4a01206c187ec
1207,mistral-7b,11.1111111111111,olympiad,math,749116060528890530a40d111c5506f4cdec004a7c52a87ef0a4a01206c187ec
1208,qwen2.5-32b,44.4444444444444,olympiad,math,749116060528890530a40d111c5506f4cdec004a7c52a87ef0a4a01206c187ec
1209,qwen2.5-3b,11.1111111111111,olympiad,math,749116060528890530a40d111c5506f4cdec004a7c52a87ef0a4a01206c187ec
1210,gemma-3-12b-it,28.571428571428502,olympiad,math,95b0921a4de64f6e510ac36b5426ecea550c4d3a6033dfbd0d93dd2213fea714
1211,gemma-3-1b-it,9.5238095238095,olympiad,math,95b0921a4de64f6e510ac36b5426ecea550c4d3a6033dfbd0d93dd2213fea714
1212,gemma-3-4b-it,19.047619047619,olympiad,math,95b0921a4de64f6e510ac36b5426ecea550c4d3a6033dfbd0d93dd2213fea714
1213,llama-3.1-8b-instruct,14.285714285714201,olympiad,math,95b0921a4de64f6e510ac36b5426ecea550c4d3a6033dfbd0d93dd2213fea714
1214,llama-3.2-1b-instruct,4.761904761904701,olympiad,math,95b0921a4de64f6e510ac36b5426ecea550c4d3a6033dfbd0d93dd2213fea714
1215,llama-3.2-3b-instruct,4.761904761904701,olympiad,math,95b0921a4de64f6e510ac36b5426ecea550c4d3a6033dfbd0d93dd2213fea714
1216,mistral-24b,23.809523809523803,olympiad,math,95b0921a4de64f6e510ac36b5426ecea550c4d3a6033dfbd0d93dd2213fea714
1217,mistral-7b,4.761904761904701,olympiad,math,95b0921a4de64f6e510ac36b5426ecea550c4d3a6033dfbd0d93dd2213fea714
1218,qwen2.5-32b,57.1428571428571,olympiad,math,95b0921a4de64f6e510ac36b5426ecea550c4d3a6033dfbd0d93dd2213fea714
1219,qwen2.5-3b,4.761904761904701,olympiad,math,95b0921a4de64f6e510ac36b5426ecea550c4d3a6033dfbd0d93dd2213fea714
1220,gemma-3-12b-it,17.647058823529402,olympiad,math,9a199388f2e2bd43deac789cd248363bdcb32611480ac27cf62420b4c351759e
1221,gemma-3-1b-it,0.0,olympiad,math,9a199388f2e2bd43deac789cd248363bdcb32611480ac27cf62420b4c351759e
1222,gemma-3-4b-it,17.647058823529402,olympiad,math,9a199388f2e2bd43deac789cd248363bdcb32611480ac27cf62420b4c351759e
1223,llama-3.1-8b-instruct,11.764705882352901,olympiad,math,9a199388f2e2bd43deac789cd248363bdcb32611480ac27cf62420b4c351759e
1224,llama-3.2-1b-instruct,5.882352941176401,olympiad,math,9a199388f2e2bd43deac789cd248363bdcb32611480ac27cf62420b4c351759e
1225,llama-3.2-3b-instruct,0.0,olympiad,math,9a199388f2e2bd43deac789cd248363bdcb32611480ac27cf62420b4c351759e
1226,mistral-24b,17.647058823529402,olympiad,math,9a199388f2e2bd43deac789cd248363bdcb32611480ac27cf62420b4c351759e
1227,mistral-7b,11.764705882352901,olympiad,math,9a199388f2e2bd43deac789cd248363bdcb32611480ac27cf62420b4c351759e
1228,qwen2.5-32b,64.7058823529411,olympiad,math,9a199388f2e2bd43deac789cd248363bdcb32611480ac27cf62420b4c351759e
1229,qwen2.5-3b,5.882352941176401,olympiad,math,9a199388f2e2bd43deac789cd248363bdcb32611480ac27cf62420b4c351759e
1230,gemma-3-12b-it,4.3478260869565,olympiad,math,a908da1d873928f9f872dddd33c29620dfa0a54646b79bfde672bd15e6986ec9
1231,gemma-3-1b-it,0.0,olympiad,math,a908da1d873928f9f872dddd33c29620dfa0a54646b79bfde672bd15e6986ec9
1232,gemma-3-4b-it,8.695652173913,olympiad,math,a908da1d873928f9f872dddd33c29620dfa0a54646b79bfde672bd15e6986ec9
1233,llama-3.1-8b-instruct,17.391304347826,olympiad,math,a908da1d873928f9f872dddd33c29620dfa0a54646b79bfde672bd15e6986ec9
1234,llama-3.2-1b-instruct,0.5037783375314,olympiad,math,a908da1d873928f9f872dddd33c29620dfa0a54646b79bfde672bd15e6986ec9
1235,llama-3.2-3b-instruct,0.0,olympiad,math,a908da1d873928f9f872dddd33c29620dfa0a54646b79bfde672bd15e6986ec9
1236,mistral-24b,12.5,olympiad,math,a908da1d873928f9f872dddd33c29620dfa0a54646b79bfde672bd15e6986ec9
1237,mistral-7b,17.391304347826,olympiad,math,a908da1d873928f9f872dddd33c29620dfa0a54646b79bfde672bd15e6986ec9
1238,qwen2.5-32b,21.739130434782602,olympiad,math,a908da1d873928f9f872dddd33c29620dfa0a54646b79bfde672bd15e6986ec9
1239,qwen2.5-3b,4.3478260869565,olympiad,math,a908da1d873928f9f872dddd33c29620dfa0a54646b79bfde672bd15e6986ec9
1240,gemma-3-12b-it,28.571428571428502,olympiad,math,aba8388e52d25b4006e78d4010c26cf8848c3e3145b0c050b9d55c8aff211fe8
1241,gemma-3-1b-it,0.0,olympiad,math,aba8388e52d25b4006e78d4010c26cf8848c3e3145b0c050b9d55c8aff211fe8
1242,gemma-3-4b-it,14.285714285714201,olympiad,math,aba8388e52d25b4006e78d4010c26cf8848c3e3145b0c050b9d55c8aff211fe8
1243,llama-3.1-8b-instruct,14.285714285714201,olympiad,math,aba8388e52d25b4006e78d4010c26cf8848c3e3145b0c050b9d55c8aff211fe8
1244,llama-3.2-1b-instruct,0.0,olympiad,math,aba8388e52d25b4006e78d4010c26cf8848c3e3145b0c050b9d55c8aff211fe8
1245,llama-3.2-3b-instruct,0.0,olympiad,math,aba8388e52d25b4006e78d4010c26cf8848c3e3145b0c050b9d55c8aff211fe8
1246,mistral-24b,28.571428571428502,olympiad,math,aba8388e52d25b4006e78d4010c26cf8848c3e3145b0c050b9d55c8aff211fe8
1247,mistral-7b,25.0,olympiad,math,aba8388e52d25b4006e78d4010c26cf8848c3e3145b0c050b9d55c8aff211fe8
1248,qwen2.5-32b,57.1428571428571,olympiad,math,aba8388e52d25b4006e78d4010c26cf8848c3e3145b0c050b9d55c8aff211fe8
1249,qwen2.5-3b,14.285714285714201,olympiad,math,aba8388e52d25b4006e78d4010c26cf8848c3e3145b0c050b9d55c8aff211fe8
1250,gemma-3-12b-it,19.9999999999999,olympiad,math,bc3551b5f643d8920f428909104fe2640a50f6b8a17fff6196aa78f25df28bb6
1251,gemma-3-1b-it,0.0,olympiad,math,bc3551b5f643d8920f428909104fe2640a50f6b8a17fff6196aa78f25df28bb6
1252,gemma-3-4b-it,16.6666666666666,olympiad,math,bc3551b5f643d8920f428909104fe2640a50f6b8a17fff6196aa78f25df28bb6
1253,llama-3.1-8b-instruct,16.6666666666666,olympiad,math,bc3551b5f643d8920f428909104fe2640a50f6b8a17fff6196aa78f25df28bb6
1254,llama-3.2-1b-instruct,3.3333333333333,olympiad,math,bc3551b5f643d8920f428909104fe2640a50f6b8a17fff6196aa78f25df28bb6
1255,llama-3.2-3b-instruct,3.3333333333333,olympiad,math,bc3551b5f643d8920f428909104fe2640a50f6b8a17fff6196aa78f25df28bb6
1256,mistral-24b,16.6666666666666,olympiad,math,bc3551b5f643d8920f428909104fe2640a50f6b8a17fff6196aa78f25df28bb6
1257,mistral-7b,19.9999999999999,olympiad,math,bc3551b5f643d8920f428909104fe2640a50f6b8a17fff6196aa78f25df28bb6
1258,qwen2.5-32b,46.66666666666661,olympiad,math,bc3551b5f643d8920f428909104fe2640a50f6b8a17fff6196aa78f25df28bb6
1259,qwen2.5-3b,0.0,olympiad,math,bc3551b5f643d8920f428909104fe2640a50f6b8a17fff6196aa78f25df28bb6
1260,gemma-3-12b-it,50.0,olympiad,math,c03217423ccb2181ef9e3106b4c116aaf1bcdbd45b3a97e04110665690177eca
1261,gemma-3-1b-it,0.0,olympiad,math,c03217423ccb2181ef9e3106b4c116aaf1bcdbd45b3a97e04110665690177eca
1262,gemma-3-4b-it,50.0,olympiad,math,c03217423ccb2181ef9e3106b4c116aaf1bcdbd45b3a97e04110665690177eca
1263,llama-3.1-8b-instruct,50.0,olympiad,math,c03217423ccb2181ef9e3106b4c116aaf1bcdbd45b3a97e04110665690177eca
1264,llama-3.2-1b-instruct,0.0,olympiad,math,c03217423ccb2181ef9e3106b4c116aaf1bcdbd45b3a97e04110665690177eca
1265,llama-3.2-3b-instruct,50.0,olympiad,math,c03217423ccb2181ef9e3106b4c116aaf1bcdbd45b3a97e04110665690177eca
1266,mistral-24b,50.0,olympiad,math,c03217423ccb2181ef9e3106b4c116aaf1bcdbd45b3a97e04110665690177eca
1267,mistral-7b,50.0,olympiad,math,c03217423ccb2181ef9e3106b4c116aaf1bcdbd45b3a97e04110665690177eca
1268,qwen2.5-32b,100.0,olympiad,math,c03217423ccb2181ef9e3106b4c116aaf1bcdbd45b3a97e04110665690177eca
1269,qwen2.5-3b,0.0,olympiad,math,c03217423ccb2181ef9e3106b4c116aaf1bcdbd45b3a97e04110665690177eca
1270,gemma-3-12b-it,11.764705882352901,olympiad,math,c6675bf6647188f84ee445590a494a8d516635bad77ace98ec61d28746839a8d
1271,gemma-3-1b-it,0.0,olympiad,math,c6675bf6647188f84ee445590a494a8d516635bad77ace98ec61d28746839a8d
1272,gemma-3-4b-it,23.529411764705802,olympiad,math,c6675bf6647188f84ee445590a494a8d516635bad77ace98ec61d28746839a8d
1273,llama-3.1-8b-instruct,23.529411764705802,olympiad,math,c6675bf6647188f84ee445590a494a8d516635bad77ace98ec61d28746839a8d
1274,llama-3.2-1b-instruct,0.0,olympiad,math,c6675bf6647188f84ee445590a494a8d516635bad77ace98ec61d28746839a8d
1275,llama-3.2-3b-instruct,5.882352941176401,olympiad,math,c6675bf6647188f84ee445590a494a8d516635bad77ace98ec61d28746839a8d
1276,mistral-24b,11.764705882352901,olympiad,math,c6675bf6647188f84ee445590a494a8d516635bad77ace98ec61d28746839a8d
1277,mistral-7b,11.764705882352901,olympiad,math,c6675bf6647188f84ee445590a494a8d516635bad77ace98ec61d28746839a8d
1278,qwen2.5-32b,29.411764705882305,olympiad,math,c6675bf6647188f84ee445590a494a8d516635bad77ace98ec61d28746839a8d
1279,qwen2.5-3b,5.882352941176401,olympiad,math,c6675bf6647188f84ee445590a494a8d516635bad77ace98ec61d28746839a8d
1280,gemma-3-12b-it,12.5,olympiad,math,d805a5c9f398cf5126ee84e6899cc9a3d34444a7e2337d15cdf9cc2a949649ba
1281,gemma-3-1b-it,0.0,olympiad,math,d805a5c9f398cf5126ee84e6899cc9a3d34444a7e2337d15cdf9cc2a949649ba
1282,gemma-3-4b-it,0.0,olympiad,math,d805a5c9f398cf5126ee84e6899cc9a3d34444a7e2337d15cdf9cc2a949649ba
1283,llama-3.1-8b-instruct,15.000000000000002,olympiad,math,d805a5c9f398cf5126ee84e6899cc9a3d34444a7e2337d15cdf9cc2a949649ba
1284,llama-3.2-1b-instruct,2.5,olympiad,math,d805a5c9f398cf5126ee84e6899cc9a3d34444a7e2337d15cdf9cc2a949649ba
1285,llama-3.2-3b-instruct,9.9999999999999,olympiad,math,d805a5c9f398cf5126ee84e6899cc9a3d34444a7e2337d15cdf9cc2a949649ba
1286,mistral-24b,25.0,olympiad,math,d805a5c9f398cf5126ee84e6899cc9a3d34444a7e2337d15cdf9cc2a949649ba
1287,mistral-7b,2.5,olympiad,math,d805a5c9f398cf5126ee84e6899cc9a3d34444a7e2337d15cdf9cc2a949649ba
1288,qwen2.5-32b,35.0,olympiad,math,d805a5c9f398cf5126ee84e6899cc9a3d34444a7e2337d15cdf9cc2a949649ba
1289,qwen2.5-3b,2.5,olympiad,math,d805a5c9f398cf5126ee84e6899cc9a3d34444a7e2337d15cdf9cc2a949649ba
1290,gemma-3-12b-it,7.692307692307601,olympiad,math,e56e4d8ed64cb6d0e43ce3c8edda0a77d769b4bda5230c1aba57442e27214694
1291,gemma-3-1b-it,15.384615384615302,olympiad,math,e56e4d8ed64cb6d0e43ce3c8edda0a77d769b4bda5230c1aba57442e27214694
1292,gemma-3-4b-it,7.692307692307601,olympiad,math,e56e4d8ed64cb6d0e43ce3c8edda0a77d769b4bda5230c1aba57442e27214694
1293,llama-3.1-8b-instruct,15.384615384615302,olympiad,math,e56e4d8ed64cb6d0e43ce3c8edda0a77d769b4bda5230c1aba57442e27214694
1294,llama-3.2-1b-instruct,0.07451564828610001,olympiad,math,e56e4d8ed64cb6d0e43ce3c8edda0a77d769b4bda5230c1aba57442e27214694
1295,llama-3.2-3b-instruct,0.0,olympiad,math,e56e4d8ed64cb6d0e43ce3c8edda0a77d769b4bda5230c1aba57442e27214694
1296,mistral-24b,30.769230769230703,olympiad,math,e56e4d8ed64cb6d0e43ce3c8edda0a77d769b4bda5230c1aba57442e27214694
1297,mistral-7b,15.384615384615302,olympiad,math,e56e4d8ed64cb6d0e43ce3c8edda0a77d769b4bda5230c1aba57442e27214694
1298,qwen2.5-32b,38.4615384615384,olympiad,math,e56e4d8ed64cb6d0e43ce3c8edda0a77d769b4bda5230c1aba57442e27214694
1299,qwen2.5-3b,7.692307692307601,olympiad,math,e56e4d8ed64cb6d0e43ce3c8edda0a77d769b4bda5230c1aba57442e27214694
1300,gemma-3-12b-it,2.5,olympiad,math,e5b72d9cdb39c6e5f8798a557f119fff35d98fd165f55659e71bf6ac38b5f178
1301,gemma-3-1b-it,2.5,olympiad,math,e5b72d9cdb39c6e5f8798a557f119fff35d98fd165f55659e71bf6ac38b5f178
1302,gemma-3-4b-it,5.0,olympiad,math,e5b72d9cdb39c6e5f8798a557f119fff35d98fd165f55659e71bf6ac38b5f178
1303,llama-3.1-8b-instruct,2.5,olympiad,math,e5b72d9cdb39c6e5f8798a557f119fff35d98fd165f55659e71bf6ac38b5f178
1304,llama-3.2-1b-instruct,0.0,olympiad,math,e5b72d9cdb39c6e5f8798a557f119fff35d98fd165f55659e71bf6ac38b5f178
1305,llama-3.2-3b-instruct,0.0,olympiad,math,e5b72d9cdb39c6e5f8798a557f119fff35d98fd165f55659e71bf6ac38b5f178
1306,mistral-24b,15.000000000000002,olympiad,math,e5b72d9cdb39c6e5f8798a557f119fff35d98fd165f55659e71bf6ac38b5f178
1307,mistral-7b,12.5,olympiad,math,e5b72d9cdb39c6e5f8798a557f119fff35d98fd165f55659e71bf6ac38b5f178
1308,qwen2.5-32b,29.2682926829268,olympiad,math,e5b72d9cdb39c6e5f8798a557f119fff35d98fd165f55659e71bf6ac38b5f178
1309,qwen2.5-3b,5.0,olympiad,math,e5b72d9cdb39c6e5f8798a557f119fff35d98fd165f55659e71bf6ac38b5f178
1310,gemma-3-12b-it,19.047619047619,olympiad,math,e81b96eed50d6b9b43f041d6a36ad0d9a4d00038c42c47a16efd4465d79d08a4
1311,gemma-3-1b-it,4.761904761904701,olympiad,math,e81b96eed50d6b9b43f041d6a36ad0d9a4d00038c42c47a16efd4465d79d08a4
1312,gemma-3-4b-it,19.047619047619,olympiad,math,e81b96eed50d6b9b43f041d6a36ad0d9a4d00038c42c47a16efd4465d79d08a4
1313,llama-3.1-8b-instruct,19.047619047619,olympiad,math,e81b96eed50d6b9b43f041d6a36ad0d9a4d00038c42c47a16efd4465d79d08a4
1314,llama-3.2-1b-instruct,4.761904761904701,olympiad,math,e81b96eed50d6b9b43f041d6a36ad0d9a4d00038c42c47a16efd4465d79d08a4
1315,llama-3.2-3b-instruct,4.761904761904701,olympiad,math,e81b96eed50d6b9b43f041d6a36ad0d9a4d00038c42c47a16efd4465d79d08a4
1316,mistral-24b,33.3333333333333,olympiad,math,e81b96eed50d6b9b43f041d6a36ad0d9a4d00038c42c47a16efd4465d79d08a4
1317,mistral-7b,23.809523809523803,olympiad,math,e81b96eed50d6b9b43f041d6a36ad0d9a4d00038c42c47a16efd4465d79d08a4
1318,qwen2.5-32b,61.904761904761905,olympiad,math,e81b96eed50d6b9b43f041d6a36ad0d9a4d00038c42c47a16efd4465d79d08a4
1319,qwen2.5-3b,14.285714285714201,olympiad,math,e81b96eed50d6b9b43f041d6a36ad0d9a4d00038c42c47a16efd4465d79d08a4
1320,gemma-3-12b-it,71.4285714285714,olympiad,math,ef6c6830ebf0e71d74e7ceb45a242f2b87228933eebfe47db8d798d5738cdaeb
1321,gemma-3-1b-it,14.285714285714201,olympiad,math,ef6c6830ebf0e71d74e7ceb45a242f2b87228933eebfe47db8d798d5738cdaeb
1322,gemma-3-4b-it,28.571428571428502,olympiad,math,ef6c6830ebf0e71d74e7ceb45a242f2b87228933eebfe47db8d798d5738cdaeb
1323,llama-3.1-8b-instruct,42.857142857142804,olympiad,math,ef6c6830ebf0e71d74e7ceb45a242f2b87228933eebfe47db8d798d5738cdaeb
1324,llama-3.2-1b-instruct,0.0,olympiad,math,ef6c6830ebf0e71d74e7ceb45a242f2b87228933eebfe47db8d798d5738cdaeb
1325,llama-3.2-3b-instruct,42.857142857142804,olympiad,math,ef6c6830ebf0e71d74e7ceb45a242f2b87228933eebfe47db8d798d5738cdaeb
1326,mistral-24b,42.857142857142804,olympiad,math,ef6c6830ebf0e71d74e7ceb45a242f2b87228933eebfe47db8d798d5738cdaeb
1327,mistral-7b,28.571428571428502,olympiad,math,ef6c6830ebf0e71d74e7ceb45a242f2b87228933eebfe47db8d798d5738cdaeb
1328,qwen2.5-32b,71.4285714285714,olympiad,math,ef6c6830ebf0e71d74e7ceb45a242f2b87228933eebfe47db8d798d5738cdaeb
1329,qwen2.5-3b,42.857142857142804,olympiad,math,ef6c6830ebf0e71d74e7ceb45a242f2b87228933eebfe47db8d798d5738cdaeb
1330,gemma-3-12b-it,12.5,olympiad,math,f22ff1f6c067d0e085eb79fe5c2e35df01f9edb2bcc73e59e1e15eefd32b8f07
1331,gemma-3-1b-it,3.125,olympiad,math,f22ff1f6c067d0e085eb79fe5c2e35df01f9edb2bcc73e59e1e15eefd32b8f07
1332,gemma-3-4b-it,12.5,olympiad,math,f22ff1f6c067d0e085eb79fe5c2e35df01f9edb2bcc73e59e1e15eefd32b8f07
1333,llama-3.1-8b-instruct,3.125,olympiad,math,f22ff1f6c067d0e085eb79fe5c2e35df01f9edb2bcc73e59e1e15eefd32b8f07
1334,llama-3.2-1b-instruct,6.25,olympiad,math,f22ff1f6c067d0e085eb79fe5c2e35df01f9edb2bcc73e59e1e15eefd32b8f07
1335,llama-3.2-3b-instruct,15.625,olympiad,math,f22ff1f6c067d0e085eb79fe5c2e35df01f9edb2bcc73e59e1e15eefd32b8f07
1336,mistral-24b,12.5,olympiad,math,f22ff1f6c067d0e085eb79fe5c2e35df01f9edb2bcc73e59e1e15eefd32b8f07
1337,mistral-7b,3.125,olympiad,math,f22ff1f6c067d0e085eb79fe5c2e35df01f9edb2bcc73e59e1e15eefd32b8f07
1338,qwen2.5-32b,6.25,olympiad,math,f22ff1f6c067d0e085eb79fe5c2e35df01f9edb2bcc73e59e1e15eefd32b8f07
1339,qwen2.5-3b,0.0,olympiad,math,f22ff1f6c067d0e085eb79fe5c2e35df01f9edb2bcc73e59e1e15eefd32b8f07
1340,gemma-3-12b-it,3.3333333333333,olympiad,math,f4fdca7e355eaf9362449ebf7df78a366e239091bdb4c4a34b9dfcf9882f23de
1341,gemma-3-1b-it,3.3333333333333,olympiad,math,f4fdca7e355eaf9362449ebf7df78a366e239091bdb4c4a34b9dfcf9882f23de
1342,gemma-3-4b-it,3.3333333333333,olympiad,math,f4fdca7e355eaf9362449ebf7df78a366e239091bdb4c4a34b9dfcf9882f23de
1343,llama-3.1-8b-instruct,3.3333333333333,olympiad,math,f4fdca7e355eaf9362449ebf7df78a366e239091bdb4c4a34b9dfcf9882f23de
1344,llama-3.2-1b-instruct,6.6666666666666,olympiad,math,f4fdca7e355eaf9362449ebf7df78a366e239091bdb4c4a34b9dfcf9882f23de
1345,llama-3.2-3b-instruct,3.3333333333333,olympiad,math,f4fdca7e355eaf9362449ebf7df78a366e239091bdb4c4a34b9dfcf9882f23de
1346,mistral-24b,13.3333333333333,olympiad,math,f4fdca7e355eaf9362449ebf7df78a366e239091bdb4c4a34b9dfcf9882f23de
1347,mistral-7b,6.6666666666666,olympiad,math,f4fdca7e355eaf9362449ebf7df78a366e239091bdb4c4a34b9dfcf9882f23de
1348,qwen2.5-32b,23.333333333333304,olympiad,math,f4fdca7e355eaf9362449ebf7df78a366e239091bdb4c4a34b9dfcf9882f23de
1349,qwen2.5-3b,3.3333333333333,olympiad,math,f4fdca7e355eaf9362449ebf7df78a366e239091bdb4c4a34b9dfcf9882f23de
1350,gemma-3-12b-it,8.3333333333333,olympiad,math,fc903ff1f1f66a6096c9dea58c278b48f54c80a606b65f82af1730559d73755f
1351,gemma-3-1b-it,8.3333333333333,olympiad,math,fc903ff1f1f66a6096c9dea58c278b48f54c80a606b65f82af1730559d73755f
1352,gemma-3-4b-it,20.8333333333333,olympiad,math,fc903ff1f1f66a6096c9dea58c278b48f54c80a606b65f82af1730559d73755f
1353,llama-3.1-8b-instruct,25.0,olympiad,math,fc903ff1f1f66a6096c9dea58c278b48f54c80a606b65f82af1730559d73755f
1354,llama-3.2-1b-instruct,16.6666666666666,olympiad,math,fc903ff1f1f66a6096c9dea58c278b48f54c80a606b65f82af1730559d73755f
1355,llama-3.2-3b-instruct,20.8333333333333,olympiad,math,fc903ff1f1f66a6096c9dea58c278b48f54c80a606b65f82af1730559d73755f
1356,mistral-24b,20.8333333333333,olympiad,math,fc903ff1f1f66a6096c9dea58c278b48f54c80a606b65f82af1730559d73755f
1357,mistral-7b,4.1666666666666,olympiad,math,fc903ff1f1f66a6096c9dea58c278b48f54c80a606b65f82af1730559d73755f
1358,qwen2.5-32b,25.0,olympiad,math,fc903ff1f1f66a6096c9dea58c278b48f54c80a606b65f82af1730559d73755f
1359,qwen2.5-3b,4.1666666666666,olympiad,math,fc903ff1f1f66a6096c9dea58c278b48f54c80a606b65f82af1730559d73755f
1360,gemma-3-12b-it,100.0,math_comp,math,01540b9b0b068942c8adeec17f825f0a9a3b9f52a1f61704bfebbb4c406064a7
1361,gemma-3-1b-it,0.0,math_comp,math,01540b9b0b068942c8adeec17f825f0a9a3b9f52a1f61704bfebbb4c406064a7
1362,gemma-3-4b-it,0.0,math_comp,math,01540b9b0b068942c8adeec17f825f0a9a3b9f52a1f61704bfebbb4c406064a7
1363,llama-3.1-8b-instruct,0.0,math_comp,math,01540b9b0b068942c8adeec17f825f0a9a3b9f52a1f61704bfebbb4c406064a7
1364,llama-3.2-1b-instruct,0.0,math_comp,math,01540b9b0b068942c8adeec17f825f0a9a3b9f52a1f61704bfebbb4c406064a7
1365,llama-3.2-3b-instruct,0.0,math_comp,math,01540b9b0b068942c8adeec17f825f0a9a3b9f52a1f61704bfebbb4c406064a7
1366,mistral-24b,100.0,math_comp,math,01540b9b0b068942c8adeec17f825f0a9a3b9f52a1f61704bfebbb4c406064a7
1367,mistral-7b,0.0,math_comp,math,01540b9b0b068942c8adeec17f825f0a9a3b9f52a1f61704bfebbb4c406064a7
1368,qwen2.5-32b,100.0,math_comp,math,01540b9b0b068942c8adeec17f825f0a9a3b9f52a1f61704bfebbb4c406064a7
1369,qwen2.5-3b,0.0,math_comp,math,01540b9b0b068942c8adeec17f825f0a9a3b9f52a1f61704bfebbb4c406064a7
1370,gemma-3-12b-it,0.0,math_comp,math,017a695f2234c3e36c6fc73d6764b0f713ec9bdedb07f021d63f59a5d2c07181
1371,gemma-3-1b-it,0.0,math_comp,math,017a695f2234c3e36c6fc73d6764b0f713ec9bdedb07f021d63f59a5d2c07181
1372,gemma-3-4b-it,0.0,math_comp,math,017a695f2234c3e36c6fc73d6764b0f713ec9bdedb07f021d63f59a5d2c07181
1373,llama-3.1-8b-instruct,0.0,math_comp,math,017a695f2234c3e36c6fc73d6764b0f713ec9bdedb07f021d63f59a5d2c07181
1374,llama-3.2-1b-instruct,0.0,math_comp,math,017a695f2234c3e36c6fc73d6764b0f713ec9bdedb07f021d63f59a5d2c07181
1375,llama-3.2-3b-instruct,0.0,math_comp,math,017a695f2234c3e36c6fc73d6764b0f713ec9bdedb07f021d63f59a5d2c07181
1376,mistral-24b,100.0,math_comp,math,017a695f2234c3e36c6fc73d6764b0f713ec9bdedb07f021d63f59a5d2c07181
1377,mistral-7b,0.0,math_comp,math,017a695f2234c3e36c6fc73d6764b0f713ec9bdedb07f021d63f59a5d2c07181
1378,qwen2.5-32b,100.0,math_comp,math,017a695f2234c3e36c6fc73d6764b0f713ec9bdedb07f021d63f59a5d2c07181
1379,qwen2.5-3b,0.0,math_comp,math,017a695f2234c3e36c6fc73d6764b0f713ec9bdedb07f021d63f59a5d2c07181
1380,gemma-3-12b-it,0.0,math_comp,math,071c68cbb1afef46565f2dcfad6df4a077cb7c54fb22322c8ff65057657d2017
1381,gemma-3-1b-it,0.0,math_comp,math,071c68cbb1afef46565f2dcfad6df4a077cb7c54fb22322c8ff65057657d2017
1382,gemma-3-4b-it,0.0,math_comp,math,071c68cbb1afef46565f2dcfad6df4a077cb7c54fb22322c8ff65057657d2017
1383,llama-3.1-8b-instruct,0.0,math_comp,math,071c68cbb1afef46565f2dcfad6df4a077cb7c54fb22322c8ff65057657d2017
1384,llama-3.2-1b-instruct,0.0,math_comp,math,071c68cbb1afef46565f2dcfad6df4a077cb7c54fb22322c8ff65057657d2017
1385,llama-3.2-3b-instruct,0.0,math_comp,math,071c68cbb1afef46565f2dcfad6df4a077cb7c54fb22322c8ff65057657d2017
1386,mistral-24b,0.0,math_comp,math,071c68cbb1afef46565f2dcfad6df4a077cb7c54fb22322c8ff65057657d2017
1387,mistral-7b,0.0,math_comp,math,071c68cbb1afef46565f2dcfad6df4a077cb7c54fb22322c8ff65057657d2017
1388,qwen2.5-32b,0.0,math_comp,math,071c68cbb1afef46565f2dcfad6df4a077cb7c54fb22322c8ff65057657d2017
1389,qwen2.5-3b,0.0,math_comp,math,071c68cbb1afef46565f2dcfad6df4a077cb7c54fb22322c8ff65057657d2017
1390,gemma-3-12b-it,0.0,math_comp,math,0ff747e5b47f102114bc785df90ad4fa752ee1b1bf74cbd17c7b580755cb56c1
1391,gemma-3-1b-it,0.0,math_comp,math,0ff747e5b47f102114bc785df90ad4fa752ee1b1bf74cbd17c7b580755cb56c1
1392,gemma-3-4b-it,0.0,math_comp,math,0ff747e5b47f102114bc785df90ad4fa752ee1b1bf74cbd17c7b580755cb56c1
1393,llama-3.1-8b-instruct,0.0,math_comp,math,0ff747e5b47f102114bc785df90ad4fa752ee1b1bf74cbd17c7b580755cb56c1
1394,llama-3.2-1b-instruct,0.0,math_comp,math,0ff747e5b47f102114bc785df90ad4fa752ee1b1bf74cbd17c7b580755cb56c1
1395,llama-3.2-3b-instruct,0.0,math_comp,math,0ff747e5b47f102114bc785df90ad4fa752ee1b1bf74cbd17c7b580755cb56c1
1396,mistral-24b,0.0,math_comp,math,0ff747e5b47f102114bc785df90ad4fa752ee1b1bf74cbd17c7b580755cb56c1
1397,mistral-7b,0.0,math_comp,math,0ff747e5b47f102114bc785df90ad4fa752ee1b1bf74cbd17c7b580755cb56c1
1398,qwen2.5-32b,0.0,math_comp,math,0ff747e5b47f102114bc785df90ad4fa752ee1b1bf74cbd17c7b580755cb56c1
1399,qwen2.5-3b,0.0,math_comp,math,0ff747e5b47f102114bc785df90ad4fa752ee1b1bf74cbd17c7b580755cb56c1
1400,gemma-3-12b-it,0.0,math_comp,math,1876935a385c9070d25204e4cca86829fc15d6a5ab602b1dc48d4bd33988ac11
1401,gemma-3-1b-it,0.0,math_comp,math,1876935a385c9070d25204e4cca86829fc15d6a5ab602b1dc48d4bd33988ac11
1402,gemma-3-4b-it,0.0,math_comp,math,1876935a385c9070d25204e4cca86829fc15d6a5ab602b1dc48d4bd33988ac11
1403,llama-3.1-8b-instruct,0.0,math_comp,math,1876935a385c9070d25204e4cca86829fc15d6a5ab602b1dc48d4bd33988ac11
1404,llama-3.2-1b-instruct,0.0,math_comp,math,1876935a385c9070d25204e4cca86829fc15d6a5ab602b1dc48d4bd33988ac11
1405,llama-3.2-3b-instruct,0.0,math_comp,math,1876935a385c9070d25204e4cca86829fc15d6a5ab602b1dc48d4bd33988ac11
1406,mistral-24b,0.0,math_comp,math,1876935a385c9070d25204e4cca86829fc15d6a5ab602b1dc48d4bd33988ac11
1407,mistral-7b,0.0,math_comp,math,1876935a385c9070d25204e4cca86829fc15d6a5ab602b1dc48d4bd33988ac11
1408,qwen2.5-32b,0.0,math_comp,math,1876935a385c9070d25204e4cca86829fc15d6a5ab602b1dc48d4bd33988ac11
1409,qwen2.5-3b,0.0,math_comp,math,1876935a385c9070d25204e4cca86829fc15d6a5ab602b1dc48d4bd33988ac11
1410,gemma-3-12b-it,100.0,math_comp,math,19241950caa11abbd7605583764dae33694742389a8b602cb553bc8276c63e55
1411,gemma-3-1b-it,0.0,math_comp,math,19241950caa11abbd7605583764dae33694742389a8b602cb553bc8276c63e55
1412,gemma-3-4b-it,100.0,math_comp,math,19241950caa11abbd7605583764dae33694742389a8b602cb553bc8276c63e55
1413,llama-3.1-8b-instruct,0.0,math_comp,math,19241950caa11abbd7605583764dae33694742389a8b602cb553bc8276c63e55
1414,llama-3.2-1b-instruct,0.0,math_comp,math,19241950caa11abbd7605583764dae33694742389a8b602cb553bc8276c63e55
1415,llama-3.2-3b-instruct,100.0,math_comp,math,19241950caa11abbd7605583764dae33694742389a8b602cb553bc8276c63e55
1416,mistral-24b,0.0,math_comp,math,19241950caa11abbd7605583764dae33694742389a8b602cb553bc8276c63e55
1417,mistral-7b,0.0,math_comp,math,19241950caa11abbd7605583764dae33694742389a8b602cb553bc8276c63e55
1418,qwen2.5-32b,0.0,math_comp,math,19241950caa11abbd7605583764dae33694742389a8b602cb553bc8276c63e55
1419,qwen2.5-3b,0.0,math_comp,math,19241950caa11abbd7605583764dae33694742389a8b602cb553bc8276c63e55
1420,gemma-3-12b-it,0.0,math_comp,math,268674b22729dc42a7408372d3f94c8a587ac01171fb9164f2a5ebd589a2b4b9
1421,gemma-3-1b-it,0.0,math_comp,math,268674b22729dc42a7408372d3f94c8a587ac01171fb9164f2a5ebd589a2b4b9
1422,gemma-3-4b-it,0.0,math_comp,math,268674b22729dc42a7408372d3f94c8a587ac01171fb9164f2a5ebd589a2b4b9
1423,llama-3.1-8b-instruct,0.0,math_comp,math,268674b22729dc42a7408372d3f94c8a587ac01171fb9164f2a5ebd589a2b4b9
1424,llama-3.2-1b-instruct,0.0,math_comp,math,268674b22729dc42a7408372d3f94c8a587ac01171fb9164f2a5ebd589a2b4b9
1425,llama-3.2-3b-instruct,0.0,math_comp,math,268674b22729dc42a7408372d3f94c8a587ac01171fb9164f2a5ebd589a2b4b9
1426,mistral-24b,0.0,math_comp,math,268674b22729dc42a7408372d3f94c8a587ac01171fb9164f2a5ebd589a2b4b9
1427,mistral-7b,0.0,math_comp,math,268674b22729dc42a7408372d3f94c8a587ac01171fb9164f2a5ebd589a2b4b9
1428,qwen2.5-32b,100.0,math_comp,math,268674b22729dc42a7408372d3f94c8a587ac01171fb9164f2a5ebd589a2b4b9
1429,qwen2.5-3b,100.0,math_comp,math,268674b22729dc42a7408372d3f94c8a587ac01171fb9164f2a5ebd589a2b4b9
1430,gemma-3-12b-it,100.0,math_comp,math,356fa940d354284f3dcac45220910cdec99046131b8e3123de91f43ed2839bbf
1431,gemma-3-1b-it,0.0,math_comp,math,356fa940d354284f3dcac45220910cdec99046131b8e3123de91f43ed2839bbf
1432,gemma-3-4b-it,100.0,math_comp,math,356fa940d354284f3dcac45220910cdec99046131b8e3123de91f43ed2839bbf
1433,llama-3.1-8b-instruct,0.0,math_comp,math,356fa940d354284f3dcac45220910cdec99046131b8e3123de91f43ed2839bbf
1434,llama-3.2-1b-instruct,0.0,math_comp,math,356fa940d354284f3dcac45220910cdec99046131b8e3123de91f43ed2839bbf
1435,llama-3.2-3b-instruct,0.0,math_comp,math,356fa940d354284f3dcac45220910cdec99046131b8e3123de91f43ed2839bbf
1436,mistral-24b,0.0,math_comp,math,356fa940d354284f3dcac45220910cdec99046131b8e3123de91f43ed2839bbf
1437,mistral-7b,0.0,math_comp,math,356fa940d354284f3dcac45220910cdec99046131b8e3123de91f43ed2839bbf
1438,qwen2.5-32b,100.0,math_comp,math,356fa940d354284f3dcac45220910cdec99046131b8e3123de91f43ed2839bbf
1439,qwen2.5-3b,0.0,math_comp,math,356fa940d354284f3dcac45220910cdec99046131b8e3123de91f43ed2839bbf
1440,gemma-3-12b-it,0.0,math_comp,math,39d0bd6f9071f74e309c574b960c68c26f23da6b18baf7ae8715dff59903a061
1441,gemma-3-1b-it,0.0,math_comp,math,39d0bd6f9071f74e309c574b960c68c26f23da6b18baf7ae8715dff59903a061
1442,gemma-3-4b-it,0.0,math_comp,math,39d0bd6f9071f74e309c574b960c68c26f23da6b18baf7ae8715dff59903a061
1443,llama-3.1-8b-instruct,0.0,math_comp,math,39d0bd6f9071f74e309c574b960c68c26f23da6b18baf7ae8715dff59903a061
1444,llama-3.2-1b-instruct,0.0,math_comp,math,39d0bd6f9071f74e309c574b960c68c26f23da6b18baf7ae8715dff59903a061
1445,llama-3.2-3b-instruct,0.0,math_comp,math,39d0bd6f9071f74e309c574b960c68c26f23da6b18baf7ae8715dff59903a061
1446,mistral-24b,0.0,math_comp,math,39d0bd6f9071f74e309c574b960c68c26f23da6b18baf7ae8715dff59903a061
1447,mistral-7b,0.0,math_comp,math,39d0bd6f9071f74e309c574b960c68c26f23da6b18baf7ae8715dff59903a061
1448,qwen2.5-32b,0.0,math_comp,math,39d0bd6f9071f74e309c574b960c68c26f23da6b18baf7ae8715dff59903a061
1449,qwen2.5-3b,0.0,math_comp,math,39d0bd6f9071f74e309c574b960c68c26f23da6b18baf7ae8715dff59903a061
1450,gemma-3-12b-it,0.0,math_comp,math,4dc5a69ba4f2038bd73182b69e13d3669a77bfdc5fdaf8e41e615fafc51eb359
1451,gemma-3-1b-it,0.0,math_comp,math,4dc5a69ba4f2038bd73182b69e13d3669a77bfdc5fdaf8e41e615fafc51eb359
1452,gemma-3-4b-it,0.0,math_comp,math,4dc5a69ba4f2038bd73182b69e13d3669a77bfdc5fdaf8e41e615fafc51eb359
1453,llama-3.1-8b-instruct,0.0,math_comp,math,4dc5a69ba4f2038bd73182b69e13d3669a77bfdc5fdaf8e41e615fafc51eb359
1454,llama-3.2-1b-instruct,0.0,math_comp,math,4dc5a69ba4f2038bd73182b69e13d3669a77bfdc5fdaf8e41e615fafc51eb359
1455,llama-3.2-3b-instruct,0.0,math_comp,math,4dc5a69ba4f2038bd73182b69e13d3669a77bfdc5fdaf8e41e615fafc51eb359
1456,mistral-24b,0.0,math_comp,math,4dc5a69ba4f2038bd73182b69e13d3669a77bfdc5fdaf8e41e615fafc51eb359
1457,mistral-7b,0.0,math_comp,math,4dc5a69ba4f2038bd73182b69e13d3669a77bfdc5fdaf8e41e615fafc51eb359
1458,qwen2.5-32b,0.0,math_comp,math,4dc5a69ba4f2038bd73182b69e13d3669a77bfdc5fdaf8e41e615fafc51eb359
1459,qwen2.5-3b,0.0,math_comp,math,4dc5a69ba4f2038bd73182b69e13d3669a77bfdc5fdaf8e41e615fafc51eb359
1460,gemma-3-12b-it,0.0,math_comp,math,4eeb28570e1ce09b67dc97b80060ba084ed524eab3f6356911288cfd3833682b
1461,gemma-3-1b-it,0.0,math_comp,math,4eeb28570e1ce09b67dc97b80060ba084ed524eab3f6356911288cfd3833682b
1462,gemma-3-4b-it,0.0,math_comp,math,4eeb28570e1ce09b67dc97b80060ba084ed524eab3f6356911288cfd3833682b
1463,llama-3.1-8b-instruct,0.0,math_comp,math,4eeb28570e1ce09b67dc97b80060ba084ed524eab3f6356911288cfd3833682b
1464,llama-3.2-1b-instruct,0.0,math_comp,math,4eeb28570e1ce09b67dc97b80060ba084ed524eab3f6356911288cfd3833682b
1465,llama-3.2-3b-instruct,0.0,math_comp,math,4eeb28570e1ce09b67dc97b80060ba084ed524eab3f6356911288cfd3833682b
1466,mistral-24b,0.0,math_comp,math,4eeb28570e1ce09b67dc97b80060ba084ed524eab3f6356911288cfd3833682b
1467,mistral-7b,0.0,math_comp,math,4eeb28570e1ce09b67dc97b80060ba084ed524eab3f6356911288cfd3833682b
1468,qwen2.5-32b,0.0,math_comp,math,4eeb28570e1ce09b67dc97b80060ba084ed524eab3f6356911288cfd3833682b
1469,qwen2.5-3b,0.0,math_comp,math,4eeb28570e1ce09b67dc97b80060ba084ed524eab3f6356911288cfd3833682b
1470,gemma-3-12b-it,0.0,math_comp,math,4ef450191d74d0e7622b24ba12392d8ed0846a502cef3d4db5992d19f8789eaf
1471,gemma-3-1b-it,0.0,math_comp,math,4ef450191d74d0e7622b24ba12392d8ed0846a502cef3d4db5992d19f8789eaf
1472,gemma-3-4b-it,0.0,math_comp,math,4ef450191d74d0e7622b24ba12392d8ed0846a502cef3d4db5992d19f8789eaf
1473,llama-3.1-8b-instruct,0.0,math_comp,math,4ef450191d74d0e7622b24ba12392d8ed0846a502cef3d4db5992d19f8789eaf
1474,llama-3.2-1b-instruct,0.0,math_comp,math,4ef450191d74d0e7622b24ba12392d8ed0846a502cef3d4db5992d19f8789eaf
1475,llama-3.2-3b-instruct,0.0,math_comp,math,4ef450191d74d0e7622b24ba12392d8ed0846a502cef3d4db5992d19f8789eaf
1476,mistral-24b,0.0,math_comp,math,4ef450191d74d0e7622b24ba12392d8ed0846a502cef3d4db5992d19f8789eaf
1477,mistral-7b,0.0,math_comp,math,4ef450191d74d0e7622b24ba12392d8ed0846a502cef3d4db5992d19f8789eaf
1478,qwen2.5-32b,0.0,math_comp,math,4ef450191d74d0e7622b24ba12392d8ed0846a502cef3d4db5992d19f8789eaf
1479,qwen2.5-3b,0.0,math_comp,math,4ef450191d74d0e7622b24ba12392d8ed0846a502cef3d4db5992d19f8789eaf
1480,gemma-3-12b-it,0.0,math_comp,math,504e4f0317a2bb481c7878ee625c1686135211da8df19744d2b78c9598f13761
1481,gemma-3-1b-it,0.0,math_comp,math,504e4f0317a2bb481c7878ee625c1686135211da8df19744d2b78c9598f13761
1482,gemma-3-4b-it,0.0,math_comp,math,504e4f0317a2bb481c7878ee625c1686135211da8df19744d2b78c9598f13761
1483,llama-3.1-8b-instruct,0.0,math_comp,math,504e4f0317a2bb481c7878ee625c1686135211da8df19744d2b78c9598f13761
1484,llama-3.2-1b-instruct,0.0,math_comp,math,504e4f0317a2bb481c7878ee625c1686135211da8df19744d2b78c9598f13761
1485,llama-3.2-3b-instruct,0.0,math_comp,math,504e4f0317a2bb481c7878ee625c1686135211da8df19744d2b78c9598f13761
1486,mistral-24b,0.0,math_comp,math,504e4f0317a2bb481c7878ee625c1686135211da8df19744d2b78c9598f13761
1487,mistral-7b,0.0,math_comp,math,504e4f0317a2bb481c7878ee625c1686135211da8df19744d2b78c9598f13761
1488,qwen2.5-32b,0.0,math_comp,math,504e4f0317a2bb481c7878ee625c1686135211da8df19744d2b78c9598f13761
1489,qwen2.5-3b,0.0,math_comp,math,504e4f0317a2bb481c7878ee625c1686135211da8df19744d2b78c9598f13761
1490,gemma-3-12b-it,100.0,math_comp,math,5140fc51893cf05f9f03842e4b318fdafeb6e4636afb6a03bb79165bb153e100
1491,gemma-3-1b-it,0.0,math_comp,math,5140fc51893cf05f9f03842e4b318fdafeb6e4636afb6a03bb79165bb153e100
1492,gemma-3-4b-it,0.0,math_comp,math,5140fc51893cf05f9f03842e4b318fdafeb6e4636afb6a03bb79165bb153e100
1493,llama-3.1-8b-instruct,0.0,math_comp,math,5140fc51893cf05f9f03842e4b318fdafeb6e4636afb6a03bb79165bb153e100
1494,llama-3.2-1b-instruct,0.0,math_comp,math,5140fc51893cf05f9f03842e4b318fdafeb6e4636afb6a03bb79165bb153e100
1495,llama-3.2-3b-instruct,0.0,math_comp,math,5140fc51893cf05f9f03842e4b318fdafeb6e4636afb6a03bb79165bb153e100
1496,mistral-24b,0.0,math_comp,math,5140fc51893cf05f9f03842e4b318fdafeb6e4636afb6a03bb79165bb153e100
1497,mistral-7b,0.0,math_comp,math,5140fc51893cf05f9f03842e4b318fdafeb6e4636afb6a03bb79165bb153e100
1498,qwen2.5-32b,0.0,math_comp,math,5140fc51893cf05f9f03842e4b318fdafeb6e4636afb6a03bb79165bb153e100
1499,qwen2.5-3b,0.0,math_comp,math,5140fc51893cf05f9f03842e4b318fdafeb6e4636afb6a03bb79165bb153e100
1500,gemma-3-12b-it,0.0,math_comp,math,517cd7f7578a66ffb1db890e4e9eb82575bba1846237331117874aae1b144f1f
1501,gemma-3-1b-it,0.0,math_comp,math,517cd7f7578a66ffb1db890e4e9eb82575bba1846237331117874aae1b144f1f
1502,gemma-3-4b-it,0.0,math_comp,math,517cd7f7578a66ffb1db890e4e9eb82575bba1846237331117874aae1b144f1f
1503,llama-3.1-8b-instruct,0.0,math_comp,math,517cd7f7578a66ffb1db890e4e9eb82575bba1846237331117874aae1b144f1f
1504,llama-3.2-1b-instruct,0.0,math_comp,math,517cd7f7578a66ffb1db890e4e9eb82575bba1846237331117874aae1b144f1f
1505,llama-3.2-3b-instruct,0.0,math_comp,math,517cd7f7578a66ffb1db890e4e9eb82575bba1846237331117874aae1b144f1f
1506,mistral-24b,0.0,math_comp,math,517cd7f7578a66ffb1db890e4e9eb82575bba1846237331117874aae1b144f1f
1507,mistral-7b,0.0,math_comp,math,517cd7f7578a66ffb1db890e4e9eb82575bba1846237331117874aae1b144f1f
1508,qwen2.5-32b,0.0,math_comp,math,517cd7f7578a66ffb1db890e4e9eb82575bba1846237331117874aae1b144f1f
1509,qwen2.5-3b,0.0,math_comp,math,517cd7f7578a66ffb1db890e4e9eb82575bba1846237331117874aae1b144f1f
1510,gemma-3-12b-it,100.0,math_comp,math,58a7cb59a3183f7cf4223b926070e9a2e0059d16ec8d897348047ac743877c8f
1511,gemma-3-1b-it,100.0,math_comp,math,58a7cb59a3183f7cf4223b926070e9a2e0059d16ec8d897348047ac743877c8f
1512,gemma-3-4b-it,0.0,math_comp,math,58a7cb59a3183f7cf4223b926070e9a2e0059d16ec8d897348047ac743877c8f
1513,llama-3.1-8b-instruct,100.0,math_comp,math,58a7cb59a3183f7cf4223b926070e9a2e0059d16ec8d897348047ac743877c8f
1514,llama-3.2-1b-instruct,0.0,math_comp,math,58a7cb59a3183f7cf4223b926070e9a2e0059d16ec8d897348047ac743877c8f
1515,llama-3.2-3b-instruct,100.0,math_comp,math,58a7cb59a3183f7cf4223b926070e9a2e0059d16ec8d897348047ac743877c8f
1516,mistral-24b,0.0,math_comp,math,58a7cb59a3183f7cf4223b926070e9a2e0059d16ec8d897348047ac743877c8f
1517,mistral-7b,0.0,math_comp,math,58a7cb59a3183f7cf4223b926070e9a2e0059d16ec8d897348047ac743877c8f
1518,qwen2.5-32b,100.0,math_comp,math,58a7cb59a3183f7cf4223b926070e9a2e0059d16ec8d897348047ac743877c8f
1519,qwen2.5-3b,100.0,math_comp,math,58a7cb59a3183f7cf4223b926070e9a2e0059d16ec8d897348047ac743877c8f
1520,gemma-3-12b-it,0.0,math_comp,math,5f206ce247321fab33b6c1674a9ad5f9e1955b7dc6ae5104f40b56274e412593
1521,gemma-3-1b-it,0.0,math_comp,math,5f206ce247321fab33b6c1674a9ad5f9e1955b7dc6ae5104f40b56274e412593
1522,gemma-3-4b-it,0.0,math_comp,math,5f206ce247321fab33b6c1674a9ad5f9e1955b7dc6ae5104f40b56274e412593
1523,llama-3.1-8b-instruct,0.0,math_comp,math,5f206ce247321fab33b6c1674a9ad5f9e1955b7dc6ae5104f40b56274e412593
1524,llama-3.2-1b-instruct,0.0,math_comp,math,5f206ce247321fab33b6c1674a9ad5f9e1955b7dc6ae5104f40b56274e412593
1525,llama-3.2-3b-instruct,0.0,math_comp,math,5f206ce247321fab33b6c1674a9ad5f9e1955b7dc6ae5104f40b56274e412593
1526,mistral-24b,0.0,math_comp,math,5f206ce247321fab33b6c1674a9ad5f9e1955b7dc6ae5104f40b56274e412593
1527,mistral-7b,0.0,math_comp,math,5f206ce247321fab33b6c1674a9ad5f9e1955b7dc6ae5104f40b56274e412593
1528,qwen2.5-32b,0.0,math_comp,math,5f206ce247321fab33b6c1674a9ad5f9e1955b7dc6ae5104f40b56274e412593
1529,qwen2.5-3b,0.0,math_comp,math,5f206ce247321fab33b6c1674a9ad5f9e1955b7dc6ae5104f40b56274e412593
1530,gemma-3-12b-it,100.0,math_comp,math,632d64289534539bfb811186505d301b98fb6d8ff9bbe03fa753c6e0b38a58ea
1531,gemma-3-1b-it,0.0,math_comp,math,632d64289534539bfb811186505d301b98fb6d8ff9bbe03fa753c6e0b38a58ea
1532,gemma-3-4b-it,0.0,math_comp,math,632d64289534539bfb811186505d301b98fb6d8ff9bbe03fa753c6e0b38a58ea
1533,llama-3.1-8b-instruct,0.0,math_comp,math,632d64289534539bfb811186505d301b98fb6d8ff9bbe03fa753c6e0b38a58ea
1534,llama-3.2-1b-instruct,0.0,math_comp,math,632d64289534539bfb811186505d301b98fb6d8ff9bbe03fa753c6e0b38a58ea
1535,llama-3.2-3b-instruct,0.0,math_comp,math,632d64289534539bfb811186505d301b98fb6d8ff9bbe03fa753c6e0b38a58ea
1536,mistral-24b,0.0,math_comp,math,632d64289534539bfb811186505d301b98fb6d8ff9bbe03fa753c6e0b38a58ea
1537,mistral-7b,0.0,math_comp,math,632d64289534539bfb811186505d301b98fb6d8ff9bbe03fa753c6e0b38a58ea
1538,qwen2.5-32b,100.0,math_comp,math,632d64289534539bfb811186505d301b98fb6d8ff9bbe03fa753c6e0b38a58ea
1539,qwen2.5-3b,0.0,math_comp,math,632d64289534539bfb811186505d301b98fb6d8ff9bbe03fa753c6e0b38a58ea
1540,gemma-3-12b-it,100.0,math_comp,math,646be9b27b686ec9bbe24c575292a653b8ed6dddde0ea5d79a462c314fe960c7
1541,gemma-3-1b-it,100.0,math_comp,math,646be9b27b686ec9bbe24c575292a653b8ed6dddde0ea5d79a462c314fe960c7
1542,gemma-3-4b-it,100.0,math_comp,math,646be9b27b686ec9bbe24c575292a653b8ed6dddde0ea5d79a462c314fe960c7
1543,llama-3.1-8b-instruct,0.0,math_comp,math,646be9b27b686ec9bbe24c575292a653b8ed6dddde0ea5d79a462c314fe960c7
1544,llama-3.2-1b-instruct,0.0,math_comp,math,646be9b27b686ec9bbe24c575292a653b8ed6dddde0ea5d79a462c314fe960c7
1545,llama-3.2-3b-instruct,0.0,math_comp,math,646be9b27b686ec9bbe24c575292a653b8ed6dddde0ea5d79a462c314fe960c7
1546,mistral-24b,0.0,math_comp,math,646be9b27b686ec9bbe24c575292a653b8ed6dddde0ea5d79a462c314fe960c7
1547,mistral-7b,0.0,math_comp,math,646be9b27b686ec9bbe24c575292a653b8ed6dddde0ea5d79a462c314fe960c7
1548,qwen2.5-32b,100.0,math_comp,math,646be9b27b686ec9bbe24c575292a653b8ed6dddde0ea5d79a462c314fe960c7
1549,qwen2.5-3b,0.0,math_comp,math,646be9b27b686ec9bbe24c575292a653b8ed6dddde0ea5d79a462c314fe960c7
1550,gemma-3-12b-it,100.0,math_comp,math,75c1c68d2a38e7013b562fd74dd91a1d2b8d8e83303fdd6f7dc55686487101e6
1551,gemma-3-1b-it,0.0,math_comp,math,75c1c68d2a38e7013b562fd74dd91a1d2b8d8e83303fdd6f7dc55686487101e6
1552,gemma-3-4b-it,0.0,math_comp,math,75c1c68d2a38e7013b562fd74dd91a1d2b8d8e83303fdd6f7dc55686487101e6
1553,llama-3.1-8b-instruct,0.0,math_comp,math,75c1c68d2a38e7013b562fd74dd91a1d2b8d8e83303fdd6f7dc55686487101e6
1554,llama-3.2-1b-instruct,0.0,math_comp,math,75c1c68d2a38e7013b562fd74dd91a1d2b8d8e83303fdd6f7dc55686487101e6
1555,llama-3.2-3b-instruct,0.0,math_comp,math,75c1c68d2a38e7013b562fd74dd91a1d2b8d8e83303fdd6f7dc55686487101e6
1556,mistral-24b,0.0,math_comp,math,75c1c68d2a38e7013b562fd74dd91a1d2b8d8e83303fdd6f7dc55686487101e6
1557,mistral-7b,0.0,math_comp,math,75c1c68d2a38e7013b562fd74dd91a1d2b8d8e83303fdd6f7dc55686487101e6
1558,qwen2.5-32b,0.0,math_comp,math,75c1c68d2a38e7013b562fd74dd91a1d2b8d8e83303fdd6f7dc55686487101e6
1559,qwen2.5-3b,0.0,math_comp,math,75c1c68d2a38e7013b562fd74dd91a1d2b8d8e83303fdd6f7dc55686487101e6
1560,gemma-3-12b-it,0.0,math_comp,math,75ee28de242ec3fdb73c28ba2b23ada96c865764210fee43dc68a0667295effe
1561,gemma-3-1b-it,0.0,math_comp,math,75ee28de242ec3fdb73c28ba2b23ada96c865764210fee43dc68a0667295effe
1562,gemma-3-4b-it,0.0,math_comp,math,75ee28de242ec3fdb73c28ba2b23ada96c865764210fee43dc68a0667295effe
1563,llama-3.1-8b-instruct,0.0,math_comp,math,75ee28de242ec3fdb73c28ba2b23ada96c865764210fee43dc68a0667295effe
1564,llama-3.2-1b-instruct,0.0,math_comp,math,75ee28de242ec3fdb73c28ba2b23ada96c865764210fee43dc68a0667295effe
1565,llama-3.2-3b-instruct,0.0,math_comp,math,75ee28de242ec3fdb73c28ba2b23ada96c865764210fee43dc68a0667295effe
1566,mistral-24b,0.0,math_comp,math,75ee28de242ec3fdb73c28ba2b23ada96c865764210fee43dc68a0667295effe
1567,mistral-7b,0.0,math_comp,math,75ee28de242ec3fdb73c28ba2b23ada96c865764210fee43dc68a0667295effe
1568,qwen2.5-32b,0.0,math_comp,math,75ee28de242ec3fdb73c28ba2b23ada96c865764210fee43dc68a0667295effe
1569,qwen2.5-3b,0.0,math_comp,math,75ee28de242ec3fdb73c28ba2b23ada96c865764210fee43dc68a0667295effe
1570,gemma-3-12b-it,0.0,math_comp,math,88ea82c0cdb3a6657c995d2b096c55272cba856acd2951f7cb92ef8ea533d1cf
1571,gemma-3-1b-it,0.0,math_comp,math,88ea82c0cdb3a6657c995d2b096c55272cba856acd2951f7cb92ef8ea533d1cf
1572,gemma-3-4b-it,0.0,math_comp,math,88ea82c0cdb3a6657c995d2b096c55272cba856acd2951f7cb92ef8ea533d1cf
1573,llama-3.1-8b-instruct,0.0,math_comp,math,88ea82c0cdb3a6657c995d2b096c55272cba856acd2951f7cb92ef8ea533d1cf
1574,llama-3.2-1b-instruct,0.0,math_comp,math,88ea82c0cdb3a6657c995d2b096c55272cba856acd2951f7cb92ef8ea533d1cf
1575,llama-3.2-3b-instruct,0.0,math_comp,math,88ea82c0cdb3a6657c995d2b096c55272cba856acd2951f7cb92ef8ea533d1cf
1576,mistral-24b,0.0,math_comp,math,88ea82c0cdb3a6657c995d2b096c55272cba856acd2951f7cb92ef8ea533d1cf
1577,mistral-7b,0.0,math_comp,math,88ea82c0cdb3a6657c995d2b096c55272cba856acd2951f7cb92ef8ea533d1cf
1578,qwen2.5-32b,0.0,math_comp,math,88ea82c0cdb3a6657c995d2b096c55272cba856acd2951f7cb92ef8ea533d1cf
1579,qwen2.5-3b,0.0,math_comp,math,88ea82c0cdb3a6657c995d2b096c55272cba856acd2951f7cb92ef8ea533d1cf
1580,gemma-3-12b-it,100.0,math_comp,math,8a2553a1a9daf028d7deb9f86f4d3b1542e8ab957bcc5de58b5b1c3ccefa4f7b
1581,gemma-3-1b-it,0.0,math_comp,math,8a2553a1a9daf028d7deb9f86f4d3b1542e8ab957bcc5de58b5b1c3ccefa4f7b
1582,gemma-3-4b-it,0.0,math_comp,math,8a2553a1a9daf028d7deb9f86f4d3b1542e8ab957bcc5de58b5b1c3ccefa4f7b
1583,llama-3.1-8b-instruct,0.0,math_comp,math,8a2553a1a9daf028d7deb9f86f4d3b1542e8ab957bcc5de58b5b1c3ccefa4f7b
1584,llama-3.2-1b-instruct,0.0,math_comp,math,8a2553a1a9daf028d7deb9f86f4d3b1542e8ab957bcc5de58b5b1c3ccefa4f7b
1585,llama-3.2-3b-instruct,0.0,math_comp,math,8a2553a1a9daf028d7deb9f86f4d3b1542e8ab957bcc5de58b5b1c3ccefa4f7b
1586,mistral-24b,100.0,math_comp,math,8a2553a1a9daf028d7deb9f86f4d3b1542e8ab957bcc5de58b5b1c3ccefa4f7b
1587,mistral-7b,0.0,math_comp,math,8a2553a1a9daf028d7deb9f86f4d3b1542e8ab957bcc5de58b5b1c3ccefa4f7b
1588,qwen2.5-32b,100.0,math_comp,math,8a2553a1a9daf028d7deb9f86f4d3b1542e8ab957bcc5de58b5b1c3ccefa4f7b
1589,qwen2.5-3b,0.0,math_comp,math,8a2553a1a9daf028d7deb9f86f4d3b1542e8ab957bcc5de58b5b1c3ccefa4f7b
1590,gemma-3-12b-it,0.0,math_comp,math,8f3f8e01ff3c82ee28cf0f4b69df5b662d0bd40b4350c7faea3555096072ae19
1591,gemma-3-1b-it,0.0,math_comp,math,8f3f8e01ff3c82ee28cf0f4b69df5b662d0bd40b4350c7faea3555096072ae19
1592,gemma-3-4b-it,0.0,math_comp,math,8f3f8e01ff3c82ee28cf0f4b69df5b662d0bd40b4350c7faea3555096072ae19
1593,llama-3.1-8b-instruct,0.0,math_comp,math,8f3f8e01ff3c82ee28cf0f4b69df5b662d0bd40b4350c7faea3555096072ae19
1594,llama-3.2-1b-instruct,0.0,math_comp,math,8f3f8e01ff3c82ee28cf0f4b69df5b662d0bd40b4350c7faea3555096072ae19
1595,llama-3.2-3b-instruct,0.0,math_comp,math,8f3f8e01ff3c82ee28cf0f4b69df5b662d0bd40b4350c7faea3555096072ae19
1596,mistral-24b,0.0,math_comp,math,8f3f8e01ff3c82ee28cf0f4b69df5b662d0bd40b4350c7faea3555096072ae19
1597,mistral-7b,0.0,math_comp,math,8f3f8e01ff3c82ee28cf0f4b69df5b662d0bd40b4350c7faea3555096072ae19
1598,qwen2.5-32b,0.0,math_comp,math,8f3f8e01ff3c82ee28cf0f4b69df5b662d0bd40b4350c7faea3555096072ae19
1599,qwen2.5-3b,0.0,math_comp,math,8f3f8e01ff3c82ee28cf0f4b69df5b662d0bd40b4350c7faea3555096072ae19
1600,gemma-3-12b-it,100.0,math_comp,math,9c9e8d0f97ae449d799793e32347eb83ef6a743e2935bac5e4458b58d79d09f4
1601,gemma-3-1b-it,0.0,math_comp,math,9c9e8d0f97ae449d799793e32347eb83ef6a743e2935bac5e4458b58d79d09f4
1602,gemma-3-4b-it,100.0,math_comp,math,9c9e8d0f97ae449d799793e32347eb83ef6a743e2935bac5e4458b58d79d09f4
1603,llama-3.1-8b-instruct,100.0,math_comp,math,9c9e8d0f97ae449d799793e32347eb83ef6a743e2935bac5e4458b58d79d09f4
1604,llama-3.2-1b-instruct,0.0,math_comp,math,9c9e8d0f97ae449d799793e32347eb83ef6a743e2935bac5e4458b58d79d09f4
1605,llama-3.2-3b-instruct,0.0,math_comp,math,9c9e8d0f97ae449d799793e32347eb83ef6a743e2935bac5e4458b58d79d09f4
1606,mistral-24b,100.0,math_comp,math,9c9e8d0f97ae449d799793e32347eb83ef6a743e2935bac5e4458b58d79d09f4
1607,mistral-7b,0.0,math_comp,math,9c9e8d0f97ae449d799793e32347eb83ef6a743e2935bac5e4458b58d79d09f4
1608,qwen2.5-32b,100.0,math_comp,math,9c9e8d0f97ae449d799793e32347eb83ef6a743e2935bac5e4458b58d79d09f4
1609,qwen2.5-3b,100.0,math_comp,math,9c9e8d0f97ae449d799793e32347eb83ef6a743e2935bac5e4458b58d79d09f4
1610,gemma-3-12b-it,0.0,math_comp,math,9d3119b26b6fbbfe9e367826c2b397fbd42833e9c242e88f9ca06f4d5dbc3240
1611,gemma-3-1b-it,0.0,math_comp,math,9d3119b26b6fbbfe9e367826c2b397fbd42833e9c242e88f9ca06f4d5dbc3240
1612,gemma-3-4b-it,0.0,math_comp,math,9d3119b26b6fbbfe9e367826c2b397fbd42833e9c242e88f9ca06f4d5dbc3240
1613,llama-3.1-8b-instruct,0.0,math_comp,math,9d3119b26b6fbbfe9e367826c2b397fbd42833e9c242e88f9ca06f4d5dbc3240
1614,llama-3.2-1b-instruct,0.0,math_comp,math,9d3119b26b6fbbfe9e367826c2b397fbd42833e9c242e88f9ca06f4d5dbc3240
1615,llama-3.2-3b-instruct,0.0,math_comp,math,9d3119b26b6fbbfe9e367826c2b397fbd42833e9c242e88f9ca06f4d5dbc3240
1616,mistral-24b,0.0,math_comp,math,9d3119b26b6fbbfe9e367826c2b397fbd42833e9c242e88f9ca06f4d5dbc3240
1617,mistral-7b,0.0,math_comp,math,9d3119b26b6fbbfe9e367826c2b397fbd42833e9c242e88f9ca06f4d5dbc3240
1618,qwen2.5-32b,0.0,math_comp,math,9d3119b26b6fbbfe9e367826c2b397fbd42833e9c242e88f9ca06f4d5dbc3240
1619,qwen2.5-3b,0.0,math_comp,math,9d3119b26b6fbbfe9e367826c2b397fbd42833e9c242e88f9ca06f4d5dbc3240
1620,gemma-3-12b-it,100.0,math_comp,math,a55a888455f193f6d48204519cb0568e01dbc30d23e76cb2f2392de6ff2d0a4a
1621,gemma-3-1b-it,0.0,math_comp,math,a55a888455f193f6d48204519cb0568e01dbc30d23e76cb2f2392de6ff2d0a4a
1622,gemma-3-4b-it,100.0,math_comp,math,a55a888455f193f6d48204519cb0568e01dbc30d23e76cb2f2392de6ff2d0a4a
1623,llama-3.1-8b-instruct,0.0,math_comp,math,a55a888455f193f6d48204519cb0568e01dbc30d23e76cb2f2392de6ff2d0a4a
1624,llama-3.2-1b-instruct,0.0,math_comp,math,a55a888455f193f6d48204519cb0568e01dbc30d23e76cb2f2392de6ff2d0a4a
1625,llama-3.2-3b-instruct,0.0,math_comp,math,a55a888455f193f6d48204519cb0568e01dbc30d23e76cb2f2392de6ff2d0a4a
1626,mistral-24b,0.0,math_comp,math,a55a888455f193f6d48204519cb0568e01dbc30d23e76cb2f2392de6ff2d0a4a
1627,mistral-7b,0.0,math_comp,math,a55a888455f193f6d48204519cb0568e01dbc30d23e76cb2f2392de6ff2d0a4a
1628,qwen2.5-32b,0.0,math_comp,math,a55a888455f193f6d48204519cb0568e01dbc30d23e76cb2f2392de6ff2d0a4a
1629,qwen2.5-3b,0.0,math_comp,math,a55a888455f193f6d48204519cb0568e01dbc30d23e76cb2f2392de6ff2d0a4a
1630,gemma-3-12b-it,0.0,math_comp,math,a622715b01d26810c6bcd92e4055d376024f1e4906e5809bb45b90eedbe483fa
1631,gemma-3-1b-it,0.0,math_comp,math,a622715b01d26810c6bcd92e4055d376024f1e4906e5809bb45b90eedbe483fa
1632,gemma-3-4b-it,0.0,math_comp,math,a622715b01d26810c6bcd92e4055d376024f1e4906e5809bb45b90eedbe483fa
1633,llama-3.1-8b-instruct,0.0,math_comp,math,a622715b01d26810c6bcd92e4055d376024f1e4906e5809bb45b90eedbe483fa
1634,llama-3.2-1b-instruct,0.0,math_comp,math,a622715b01d26810c6bcd92e4055d376024f1e4906e5809bb45b90eedbe483fa
1635,llama-3.2-3b-instruct,0.0,math_comp,math,a622715b01d26810c6bcd92e4055d376024f1e4906e5809bb45b90eedbe483fa
1636,mistral-24b,0.0,math_comp,math,a622715b01d26810c6bcd92e4055d376024f1e4906e5809bb45b90eedbe483fa
1637,mistral-7b,0.0,math_comp,math,a622715b01d26810c6bcd92e4055d376024f1e4906e5809bb45b90eedbe483fa
1638,qwen2.5-32b,100.0,math_comp,math,a622715b01d26810c6bcd92e4055d376024f1e4906e5809bb45b90eedbe483fa
1639,qwen2.5-3b,100.0,math_comp,math,a622715b01d26810c6bcd92e4055d376024f1e4906e5809bb45b90eedbe483fa
1640,gemma-3-12b-it,0.0,math_comp,math,a84e6c888591b8182c32e6ed18291d6eaf9eee366fa818b014e9da41028f9576
1641,gemma-3-1b-it,0.0,math_comp,math,a84e6c888591b8182c32e6ed18291d6eaf9eee366fa818b014e9da41028f9576
1642,gemma-3-4b-it,0.0,math_comp,math,a84e6c888591b8182c32e6ed18291d6eaf9eee366fa818b014e9da41028f9576
1643,llama-3.1-8b-instruct,0.0,math_comp,math,a84e6c888591b8182c32e6ed18291d6eaf9eee366fa818b014e9da41028f9576
1644,llama-3.2-1b-instruct,0.0,math_comp,math,a84e6c888591b8182c32e6ed18291d6eaf9eee366fa818b014e9da41028f9576
1645,llama-3.2-3b-instruct,0.0,math_comp,math,a84e6c888591b8182c32e6ed18291d6eaf9eee366fa818b014e9da41028f9576
1646,mistral-24b,0.0,math_comp,math,a84e6c888591b8182c32e6ed18291d6eaf9eee366fa818b014e9da41028f9576
1647,mistral-7b,0.0,math_comp,math,a84e6c888591b8182c32e6ed18291d6eaf9eee366fa818b014e9da41028f9576
1648,qwen2.5-32b,0.0,math_comp,math,a84e6c888591b8182c32e6ed18291d6eaf9eee366fa818b014e9da41028f9576
1649,qwen2.5-3b,0.0,math_comp,math,a84e6c888591b8182c32e6ed18291d6eaf9eee366fa818b014e9da41028f9576
1650,gemma-3-12b-it,0.0,math_comp,math,aa2010ecad86adbae918da3d5e90d8ad452b30dc2e32bde8dd6d0d4a6b02b667
1651,gemma-3-1b-it,0.0,math_comp,math,aa2010ecad86adbae918da3d5e90d8ad452b30dc2e32bde8dd6d0d4a6b02b667
1652,gemma-3-4b-it,0.0,math_comp,math,aa2010ecad86adbae918da3d5e90d8ad452b30dc2e32bde8dd6d0d4a6b02b667
1653,llama-3.1-8b-instruct,0.0,math_comp,math,aa2010ecad86adbae918da3d5e90d8ad452b30dc2e32bde8dd6d0d4a6b02b667
1654,llama-3.2-1b-instruct,0.0,math_comp,math,aa2010ecad86adbae918da3d5e90d8ad452b30dc2e32bde8dd6d0d4a6b02b667
1655,llama-3.2-3b-instruct,0.0,math_comp,math,aa2010ecad86adbae918da3d5e90d8ad452b30dc2e32bde8dd6d0d4a6b02b667
1656,mistral-24b,0.0,math_comp,math,aa2010ecad86adbae918da3d5e90d8ad452b30dc2e32bde8dd6d0d4a6b02b667
1657,mistral-7b,0.0,math_comp,math,aa2010ecad86adbae918da3d5e90d8ad452b30dc2e32bde8dd6d0d4a6b02b667
1658,qwen2.5-32b,0.0,math_comp,math,aa2010ecad86adbae918da3d5e90d8ad452b30dc2e32bde8dd6d0d4a6b02b667
1659,qwen2.5-3b,0.0,math_comp,math,aa2010ecad86adbae918da3d5e90d8ad452b30dc2e32bde8dd6d0d4a6b02b667
1660,gemma-3-12b-it,0.0,math_comp,math,ab5fc6bd9234378b673d27db7059cdd7fc728ca444ea738812097763534bfe63
1661,gemma-3-1b-it,0.0,math_comp,math,ab5fc6bd9234378b673d27db7059cdd7fc728ca444ea738812097763534bfe63
1662,gemma-3-4b-it,0.0,math_comp,math,ab5fc6bd9234378b673d27db7059cdd7fc728ca444ea738812097763534bfe63
1663,llama-3.1-8b-instruct,0.0,math_comp,math,ab5fc6bd9234378b673d27db7059cdd7fc728ca444ea738812097763534bfe63
1664,llama-3.2-1b-instruct,0.0,math_comp,math,ab5fc6bd9234378b673d27db7059cdd7fc728ca444ea738812097763534bfe63
1665,llama-3.2-3b-instruct,0.0,math_comp,math,ab5fc6bd9234378b673d27db7059cdd7fc728ca444ea738812097763534bfe63
1666,mistral-24b,0.0,math_comp,math,ab5fc6bd9234378b673d27db7059cdd7fc728ca444ea738812097763534bfe63
1667,mistral-7b,0.0,math_comp,math,ab5fc6bd9234378b673d27db7059cdd7fc728ca444ea738812097763534bfe63
1668,qwen2.5-32b,0.0,math_comp,math,ab5fc6bd9234378b673d27db7059cdd7fc728ca444ea738812097763534bfe63
1669,qwen2.5-3b,0.0,math_comp,math,ab5fc6bd9234378b673d27db7059cdd7fc728ca444ea738812097763534bfe63
1670,gemma-3-12b-it,0.0,math_comp,math,b241aac6ed7f653107d3c9bb1e5cad42495fcaf7dc530316c4fff751471a4d65
1671,gemma-3-1b-it,0.0,math_comp,math,b241aac6ed7f653107d3c9bb1e5cad42495fcaf7dc530316c4fff751471a4d65
1672,gemma-3-4b-it,0.0,math_comp,math,b241aac6ed7f653107d3c9bb1e5cad42495fcaf7dc530316c4fff751471a4d65
1673,llama-3.1-8b-instruct,0.0,math_comp,math,b241aac6ed7f653107d3c9bb1e5cad42495fcaf7dc530316c4fff751471a4d65
1674,llama-3.2-1b-instruct,0.0,math_comp,math,b241aac6ed7f653107d3c9bb1e5cad42495fcaf7dc530316c4fff751471a4d65
1675,llama-3.2-3b-instruct,0.0,math_comp,math,b241aac6ed7f653107d3c9bb1e5cad42495fcaf7dc530316c4fff751471a4d65
1676,mistral-24b,0.0,math_comp,math,b241aac6ed7f653107d3c9bb1e5cad42495fcaf7dc530316c4fff751471a4d65
1677,mistral-7b,0.0,math_comp,math,b241aac6ed7f653107d3c9bb1e5cad42495fcaf7dc530316c4fff751471a4d65
1678,qwen2.5-32b,0.0,math_comp,math,b241aac6ed7f653107d3c9bb1e5cad42495fcaf7dc530316c4fff751471a4d65
1679,qwen2.5-3b,0.0,math_comp,math,b241aac6ed7f653107d3c9bb1e5cad42495fcaf7dc530316c4fff751471a4d65
1680,gemma-3-12b-it,0.0,math_comp,math,b33a5450070dc69e175a6f058b544e2428b76a649cccc819957796b5fe5ec1d2
1681,gemma-3-1b-it,0.0,math_comp,math,b33a5450070dc69e175a6f058b544e2428b76a649cccc819957796b5fe5ec1d2
1682,gemma-3-4b-it,0.0,math_comp,math,b33a5450070dc69e175a6f058b544e2428b76a649cccc819957796b5fe5ec1d2
1683,llama-3.1-8b-instruct,0.0,math_comp,math,b33a5450070dc69e175a6f058b544e2428b76a649cccc819957796b5fe5ec1d2
1684,llama-3.2-1b-instruct,0.0,math_comp,math,b33a5450070dc69e175a6f058b544e2428b76a649cccc819957796b5fe5ec1d2
1685,llama-3.2-3b-instruct,0.0,math_comp,math,b33a5450070dc69e175a6f058b544e2428b76a649cccc819957796b5fe5ec1d2
1686,mistral-24b,0.0,math_comp,math,b33a5450070dc69e175a6f058b544e2428b76a649cccc819957796b5fe5ec1d2
1687,mistral-7b,0.0,math_comp,math,b33a5450070dc69e175a6f058b544e2428b76a649cccc819957796b5fe5ec1d2
1688,qwen2.5-32b,0.0,math_comp,math,b33a5450070dc69e175a6f058b544e2428b76a649cccc819957796b5fe5ec1d2
1689,qwen2.5-3b,0.0,math_comp,math,b33a5450070dc69e175a6f058b544e2428b76a649cccc819957796b5fe5ec1d2
1690,gemma-3-12b-it,100.0,math_comp,math,b40b266b5cc010ecdcc65fe95c3c708e3290e86e7380680ec31100af394c7065
1691,gemma-3-1b-it,0.0,math_comp,math,b40b266b5cc010ecdcc65fe95c3c708e3290e86e7380680ec31100af394c7065
1692,gemma-3-4b-it,0.0,math_comp,math,b40b266b5cc010ecdcc65fe95c3c708e3290e86e7380680ec31100af394c7065
1693,llama-3.1-8b-instruct,0.0,math_comp,math,b40b266b5cc010ecdcc65fe95c3c708e3290e86e7380680ec31100af394c7065
1694,llama-3.2-1b-instruct,0.0,math_comp,math,b40b266b5cc010ecdcc65fe95c3c708e3290e86e7380680ec31100af394c7065
1695,llama-3.2-3b-instruct,0.0,math_comp,math,b40b266b5cc010ecdcc65fe95c3c708e3290e86e7380680ec31100af394c7065
1696,mistral-24b,0.0,math_comp,math,b40b266b5cc010ecdcc65fe95c3c708e3290e86e7380680ec31100af394c7065
1697,mistral-7b,0.0,math_comp,math,b40b266b5cc010ecdcc65fe95c3c708e3290e86e7380680ec31100af394c7065
1698,qwen2.5-32b,100.0,math_comp,math,b40b266b5cc010ecdcc65fe95c3c708e3290e86e7380680ec31100af394c7065
1699,qwen2.5-3b,100.0,math_comp,math,b40b266b5cc010ecdcc65fe95c3c708e3290e86e7380680ec31100af394c7065
1700,gemma-3-12b-it,0.0,math_comp,math,c2845f454270252a71d8fb42910485cbfb1ff5e3c53a077ed877736d8d231547
1701,gemma-3-1b-it,0.0,math_comp,math,c2845f454270252a71d8fb42910485cbfb1ff5e3c53a077ed877736d8d231547
1702,gemma-3-4b-it,0.0,math_comp,math,c2845f454270252a71d8fb42910485cbfb1ff5e3c53a077ed877736d8d231547
1703,llama-3.1-8b-instruct,0.0,math_comp,math,c2845f454270252a71d8fb42910485cbfb1ff5e3c53a077ed877736d8d231547
1704,llama-3.2-1b-instruct,0.0,math_comp,math,c2845f454270252a71d8fb42910485cbfb1ff5e3c53a077ed877736d8d231547
1705,llama-3.2-3b-instruct,0.0,math_comp,math,c2845f454270252a71d8fb42910485cbfb1ff5e3c53a077ed877736d8d231547
1706,mistral-24b,0.0,math_comp,math,c2845f454270252a71d8fb42910485cbfb1ff5e3c53a077ed877736d8d231547
1707,mistral-7b,0.0,math_comp,math,c2845f454270252a71d8fb42910485cbfb1ff5e3c53a077ed877736d8d231547
1708,qwen2.5-32b,0.0,math_comp,math,c2845f454270252a71d8fb42910485cbfb1ff5e3c53a077ed877736d8d231547
1709,qwen2.5-3b,0.0,math_comp,math,c2845f454270252a71d8fb42910485cbfb1ff5e3c53a077ed877736d8d231547
1710,gemma-3-12b-it,0.0,math_comp,math,c75db27aae25088504b3f787d14189b555110a78bad9f8cd5c988b2dedbeb13b
1711,gemma-3-1b-it,0.0,math_comp,math,c75db27aae25088504b3f787d14189b555110a78bad9f8cd5c988b2dedbeb13b
1712,gemma-3-4b-it,100.0,math_comp,math,c75db27aae25088504b3f787d14189b555110a78bad9f8cd5c988b2dedbeb13b
1713,llama-3.1-8b-instruct,100.0,math_comp,math,c75db27aae25088504b3f787d14189b555110a78bad9f8cd5c988b2dedbeb13b
1714,llama-3.2-1b-instruct,0.0,math_comp,math,c75db27aae25088504b3f787d14189b555110a78bad9f8cd5c988b2dedbeb13b
1715,llama-3.2-3b-instruct,100.0,math_comp,math,c75db27aae25088504b3f787d14189b555110a78bad9f8cd5c988b2dedbeb13b
1716,mistral-24b,100.0,math_comp,math,c75db27aae25088504b3f787d14189b555110a78bad9f8cd5c988b2dedbeb13b
1717,mistral-7b,0.0,math_comp,math,c75db27aae25088504b3f787d14189b555110a78bad9f8cd5c988b2dedbeb13b
1718,qwen2.5-32b,100.0,math_comp,math,c75db27aae25088504b3f787d14189b555110a78bad9f8cd5c988b2dedbeb13b
1719,qwen2.5-3b,0.0,math_comp,math,c75db27aae25088504b3f787d14189b555110a78bad9f8cd5c988b2dedbeb13b
1720,gemma-3-12b-it,0.0,math_comp,math,ce3ea859fc950bc8fe9b762bcdffd4e6d56e92d22c8962f9e9d2fc69833d687d
1721,gemma-3-1b-it,0.0,math_comp,math,ce3ea859fc950bc8fe9b762bcdffd4e6d56e92d22c8962f9e9d2fc69833d687d
1722,gemma-3-4b-it,0.0,math_comp,math,ce3ea859fc950bc8fe9b762bcdffd4e6d56e92d22c8962f9e9d2fc69833d687d
1723,llama-3.1-8b-instruct,0.0,math_comp,math,ce3ea859fc950bc8fe9b762bcdffd4e6d56e92d22c8962f9e9d2fc69833d687d
1724,llama-3.2-1b-instruct,0.0,math_comp,math,ce3ea859fc950bc8fe9b762bcdffd4e6d56e92d22c8962f9e9d2fc69833d687d
1725,llama-3.2-3b-instruct,0.0,math_comp,math,ce3ea859fc950bc8fe9b762bcdffd4e6d56e92d22c8962f9e9d2fc69833d687d
1726,mistral-24b,0.0,math_comp,math,ce3ea859fc950bc8fe9b762bcdffd4e6d56e92d22c8962f9e9d2fc69833d687d
1727,mistral-7b,0.0,math_comp,math,ce3ea859fc950bc8fe9b762bcdffd4e6d56e92d22c8962f9e9d2fc69833d687d
1728,qwen2.5-32b,0.0,math_comp,math,ce3ea859fc950bc8fe9b762bcdffd4e6d56e92d22c8962f9e9d2fc69833d687d
1729,qwen2.5-3b,0.0,math_comp,math,ce3ea859fc950bc8fe9b762bcdffd4e6d56e92d22c8962f9e9d2fc69833d687d
1730,gemma-3-12b-it,0.0,math_comp,math,d0c980aebcd77906165ddd14c8257261266bdf444378f3e881f7d8ed76ad2a56
1731,gemma-3-1b-it,0.0,math_comp,math,d0c980aebcd77906165ddd14c8257261266bdf444378f3e881f7d8ed76ad2a56
1732,gemma-3-4b-it,0.0,math_comp,math,d0c980aebcd77906165ddd14c8257261266bdf444378f3e881f7d8ed76ad2a56
1733,llama-3.1-8b-instruct,0.0,math_comp,math,d0c980aebcd77906165ddd14c8257261266bdf444378f3e881f7d8ed76ad2a56
1734,llama-3.2-1b-instruct,0.0,math_comp,math,d0c980aebcd77906165ddd14c8257261266bdf444378f3e881f7d8ed76ad2a56
1735,llama-3.2-3b-instruct,0.0,math_comp,math,d0c980aebcd77906165ddd14c8257261266bdf444378f3e881f7d8ed76ad2a56
1736,mistral-24b,100.0,math_comp,math,d0c980aebcd77906165ddd14c8257261266bdf444378f3e881f7d8ed76ad2a56
1737,mistral-7b,0.0,math_comp,math,d0c980aebcd77906165ddd14c8257261266bdf444378f3e881f7d8ed76ad2a56
1738,qwen2.5-32b,0.0,math_comp,math,d0c980aebcd77906165ddd14c8257261266bdf444378f3e881f7d8ed76ad2a56
1739,qwen2.5-3b,0.0,math_comp,math,d0c980aebcd77906165ddd14c8257261266bdf444378f3e881f7d8ed76ad2a56
1740,gemma-3-12b-it,100.0,math_comp,math,d27740f4621f3330ab94b3070798bb5ef0b242a6c41f476ca8033806b979411d
1741,gemma-3-1b-it,0.0,math_comp,math,d27740f4621f3330ab94b3070798bb5ef0b242a6c41f476ca8033806b979411d
1742,gemma-3-4b-it,100.0,math_comp,math,d27740f4621f3330ab94b3070798bb5ef0b242a6c41f476ca8033806b979411d
1743,llama-3.1-8b-instruct,0.0,math_comp,math,d27740f4621f3330ab94b3070798bb5ef0b242a6c41f476ca8033806b979411d
1744,llama-3.2-1b-instruct,0.0,math_comp,math,d27740f4621f3330ab94b3070798bb5ef0b242a6c41f476ca8033806b979411d
1745,llama-3.2-3b-instruct,0.0,math_comp,math,d27740f4621f3330ab94b3070798bb5ef0b242a6c41f476ca8033806b979411d
1746,mistral-24b,100.0,math_comp,math,d27740f4621f3330ab94b3070798bb5ef0b242a6c41f476ca8033806b979411d
1747,mistral-7b,0.0,math_comp,math,d27740f4621f3330ab94b3070798bb5ef0b242a6c41f476ca8033806b979411d
1748,qwen2.5-32b,100.0,math_comp,math,d27740f4621f3330ab94b3070798bb5ef0b242a6c41f476ca8033806b979411d
1749,qwen2.5-3b,0.0,math_comp,math,d27740f4621f3330ab94b3070798bb5ef0b242a6c41f476ca8033806b979411d
1750,gemma-3-12b-it,0.0,math_comp,math,dc1e7754534de44adc73fb52a5bb8669fe2828e61e0069b834a8a6942ad952c5
1751,gemma-3-1b-it,0.0,math_comp,math,dc1e7754534de44adc73fb52a5bb8669fe2828e61e0069b834a8a6942ad952c5
1752,gemma-3-4b-it,0.0,math_comp,math,dc1e7754534de44adc73fb52a5bb8669fe2828e61e0069b834a8a6942ad952c5
1753,llama-3.1-8b-instruct,0.0,math_comp,math,dc1e7754534de44adc73fb52a5bb8669fe2828e61e0069b834a8a6942ad952c5
1754,llama-3.2-1b-instruct,0.0,math_comp,math,dc1e7754534de44adc73fb52a5bb8669fe2828e61e0069b834a8a6942ad952c5
1755,llama-3.2-3b-instruct,0.0,math_comp,math,dc1e7754534de44adc73fb52a5bb8669fe2828e61e0069b834a8a6942ad952c5
1756,mistral-24b,0.0,math_comp,math,dc1e7754534de44adc73fb52a5bb8669fe2828e61e0069b834a8a6942ad952c5
1757,mistral-7b,0.0,math_comp,math,dc1e7754534de44adc73fb52a5bb8669fe2828e61e0069b834a8a6942ad952c5
1758,qwen2.5-32b,0.0,math_comp,math,dc1e7754534de44adc73fb52a5bb8669fe2828e61e0069b834a8a6942ad952c5
1759,qwen2.5-3b,0.0,math_comp,math,dc1e7754534de44adc73fb52a5bb8669fe2828e61e0069b834a8a6942ad952c5
1760,gemma-3-12b-it,0.0,math_comp,math,dc61514611f3e66224bed21b2c53594e61057805ea6a429bad3b0f903ea8aad0
1761,gemma-3-1b-it,0.0,math_comp,math,dc61514611f3e66224bed21b2c53594e61057805ea6a429bad3b0f903ea8aad0
1762,gemma-3-4b-it,0.0,math_comp,math,dc61514611f3e66224bed21b2c53594e61057805ea6a429bad3b0f903ea8aad0
1763,llama-3.1-8b-instruct,0.0,math_comp,math,dc61514611f3e66224bed21b2c53594e61057805ea6a429bad3b0f903ea8aad0
1764,llama-3.2-1b-instruct,0.0,math_comp,math,dc61514611f3e66224bed21b2c53594e61057805ea6a429bad3b0f903ea8aad0
1765,llama-3.2-3b-instruct,0.0,math_comp,math,dc61514611f3e66224bed21b2c53594e61057805ea6a429bad3b0f903ea8aad0
1766,mistral-24b,0.0,math_comp,math,dc61514611f3e66224bed21b2c53594e61057805ea6a429bad3b0f903ea8aad0
1767,mistral-7b,0.0,math_comp,math,dc61514611f3e66224bed21b2c53594e61057805ea6a429bad3b0f903ea8aad0
1768,qwen2.5-32b,0.0,math_comp,math,dc61514611f3e66224bed21b2c53594e61057805ea6a429bad3b0f903ea8aad0
1769,qwen2.5-3b,0.0,math_comp,math,dc61514611f3e66224bed21b2c53594e61057805ea6a429bad3b0f903ea8aad0
1770,gemma-3-12b-it,0.0,math_comp,math,dcd453878def23546849af1ff2d3d6e538acf2d233f9106753e15f1ed3f4f4b6
1771,gemma-3-1b-it,0.0,math_comp,math,dcd453878def23546849af1ff2d3d6e538acf2d233f9106753e15f1ed3f4f4b6
1772,gemma-3-4b-it,0.0,math_comp,math,dcd453878def23546849af1ff2d3d6e538acf2d233f9106753e15f1ed3f4f4b6
1773,llama-3.1-8b-instruct,0.0,math_comp,math,dcd453878def23546849af1ff2d3d6e538acf2d233f9106753e15f1ed3f4f4b6
1774,llama-3.2-1b-instruct,0.0,math_comp,math,dcd453878def23546849af1ff2d3d6e538acf2d233f9106753e15f1ed3f4f4b6
1775,llama-3.2-3b-instruct,0.0,math_comp,math,dcd453878def23546849af1ff2d3d6e538acf2d233f9106753e15f1ed3f4f4b6
1776,mistral-24b,0.0,math_comp,math,dcd453878def23546849af1ff2d3d6e538acf2d233f9106753e15f1ed3f4f4b6
1777,mistral-7b,0.0,math_comp,math,dcd453878def23546849af1ff2d3d6e538acf2d233f9106753e15f1ed3f4f4b6
1778,qwen2.5-32b,0.0,math_comp,math,dcd453878def23546849af1ff2d3d6e538acf2d233f9106753e15f1ed3f4f4b6
1779,qwen2.5-3b,0.0,math_comp,math,dcd453878def23546849af1ff2d3d6e538acf2d233f9106753e15f1ed3f4f4b6
1780,gemma-3-12b-it,0.0,math_comp,math,ed72fb1ead284e7f16d6ba2547f69a7ce33fff6e47ab8ce2e8b4236e4beced6f
1781,gemma-3-1b-it,0.0,math_comp,math,ed72fb1ead284e7f16d6ba2547f69a7ce33fff6e47ab8ce2e8b4236e4beced6f
1782,gemma-3-4b-it,0.0,math_comp,math,ed72fb1ead284e7f16d6ba2547f69a7ce33fff6e47ab8ce2e8b4236e4beced6f
1783,llama-3.1-8b-instruct,0.0,math_comp,math,ed72fb1ead284e7f16d6ba2547f69a7ce33fff6e47ab8ce2e8b4236e4beced6f
1784,llama-3.2-1b-instruct,0.0,math_comp,math,ed72fb1ead284e7f16d6ba2547f69a7ce33fff6e47ab8ce2e8b4236e4beced6f
1785,llama-3.2-3b-instruct,100.0,math_comp,math,ed72fb1ead284e7f16d6ba2547f69a7ce33fff6e47ab8ce2e8b4236e4beced6f
1786,mistral-24b,0.0,math_comp,math,ed72fb1ead284e7f16d6ba2547f69a7ce33fff6e47ab8ce2e8b4236e4beced6f
1787,mistral-7b,0.0,math_comp,math,ed72fb1ead284e7f16d6ba2547f69a7ce33fff6e47ab8ce2e8b4236e4beced6f
1788,qwen2.5-32b,100.0,math_comp,math,ed72fb1ead284e7f16d6ba2547f69a7ce33fff6e47ab8ce2e8b4236e4beced6f
1789,qwen2.5-3b,0.0,math_comp,math,ed72fb1ead284e7f16d6ba2547f69a7ce33fff6e47ab8ce2e8b4236e4beced6f
1790,gemma-3-12b-it,100.0,math_comp,math,f4942a722c5d82b6a6c0cf8122d600af4c88105f3f7416e48c2c99ebdeecaed5
1791,gemma-3-1b-it,0.0,math_comp,math,f4942a722c5d82b6a6c0cf8122d600af4c88105f3f7416e48c2c99ebdeecaed5
1792,gemma-3-4b-it,0.0,math_comp,math,f4942a722c5d82b6a6c0cf8122d600af4c88105f3f7416e48c2c99ebdeecaed5
1793,llama-3.1-8b-instruct,0.0,math_comp,math,f4942a722c5d82b6a6c0cf8122d600af4c88105f3f7416e48c2c99ebdeecaed5
1794,llama-3.2-1b-instruct,0.0,math_comp,math,f4942a722c5d82b6a6c0cf8122d600af4c88105f3f7416e48c2c99ebdeecaed5
1795,llama-3.2-3b-instruct,100.0,math_comp,math,f4942a722c5d82b6a6c0cf8122d600af4c88105f3f7416e48c2c99ebdeecaed5
1796,mistral-24b,100.0,math_comp,math,f4942a722c5d82b6a6c0cf8122d600af4c88105f3f7416e48c2c99ebdeecaed5
1797,mistral-7b,0.0,math_comp,math,f4942a722c5d82b6a6c0cf8122d600af4c88105f3f7416e48c2c99ebdeecaed5
1798,qwen2.5-32b,100.0,math_comp,math,f4942a722c5d82b6a6c0cf8122d600af4c88105f3f7416e48c2c99ebdeecaed5
1799,qwen2.5-3b,100.0,math_comp,math,f4942a722c5d82b6a6c0cf8122d600af4c88105f3f7416e48c2c99ebdeecaed5
1800,gemma-3-12b-it,0.0,math_comp,math,fa4e47d5ff4bd1342911076839d96ba67b0f72552ec574f17b7574ec7ef28fed
1801,gemma-3-1b-it,0.0,math_comp,math,fa4e47d5ff4bd1342911076839d96ba67b0f72552ec574f17b7574ec7ef28fed
1802,gemma-3-4b-it,0.0,math_comp,math,fa4e47d5ff4bd1342911076839d96ba67b0f72552ec574f17b7574ec7ef28fed
1803,llama-3.1-8b-instruct,0.0,math_comp,math,fa4e47d5ff4bd1342911076839d96ba67b0f72552ec574f17b7574ec7ef28fed
1804,llama-3.2-1b-instruct,0.0,math_comp,math,fa4e47d5ff4bd1342911076839d96ba67b0f72552ec574f17b7574ec7ef28fed
1805,llama-3.2-3b-instruct,0.0,math_comp,math,fa4e47d5ff4bd1342911076839d96ba67b0f72552ec574f17b7574ec7ef28fed
1806,mistral-24b,0.0,math_comp,math,fa4e47d5ff4bd1342911076839d96ba67b0f72552ec574f17b7574ec7ef28fed
1807,mistral-7b,0.0,math_comp,math,fa4e47d5ff4bd1342911076839d96ba67b0f72552ec574f17b7574ec7ef28fed
1808,qwen2.5-32b,0.0,math_comp,math,fa4e47d5ff4bd1342911076839d96ba67b0f72552ec574f17b7574ec7ef28fed
1809,qwen2.5-3b,0.0,math_comp,math,fa4e47d5ff4bd1342911076839d96ba67b0f72552ec574f17b7574ec7ef28fed
1810,gemma-3-12b-it,0.0,math_comp,math,fb45eb5248b632b5e95637a9aa380d23f7d164472ade18daac4efa033cabd512
1811,gemma-3-1b-it,0.0,math_comp,math,fb45eb5248b632b5e95637a9aa380d23f7d164472ade18daac4efa033cabd512
1812,gemma-3-4b-it,0.0,math_comp,math,fb45eb5248b632b5e95637a9aa380d23f7d164472ade18daac4efa033cabd512
1813,llama-3.1-8b-instruct,0.0,math_comp,math,fb45eb5248b632b5e95637a9aa380d23f7d164472ade18daac4efa033cabd512
1814,llama-3.2-1b-instruct,0.0,math_comp,math,fb45eb5248b632b5e95637a9aa380d23f7d164472ade18daac4efa033cabd512
1815,llama-3.2-3b-instruct,0.0,math_comp,math,fb45eb5248b632b5e95637a9aa380d23f7d164472ade18daac4efa033cabd512
1816,mistral-24b,0.0,math_comp,math,fb45eb5248b632b5e95637a9aa380d23f7d164472ade18daac4efa033cabd512
1817,mistral-7b,0.0,math_comp,math,fb45eb5248b632b5e95637a9aa380d23f7d164472ade18daac4efa033cabd512
1818,qwen2.5-32b,0.0,math_comp,math,fb45eb5248b632b5e95637a9aa380d23f7d164472ade18daac4efa033cabd512
1819,qwen2.5-3b,0.0,math_comp,math,fb45eb5248b632b5e95637a9aa380d23f7d164472ade18daac4efa033cabd512
1820,gemma-3-12b-it,33.3333333333333,simplify,instruction_following,0503923535fbd8badfb2ccf38989b36a8ecaa2eda332a4b515bb13932421fecd
1821,gemma-3-1b-it,16.6666666666666,simplify,instruction_following,0503923535fbd8badfb2ccf38989b36a8ecaa2eda332a4b515bb13932421fecd
1822,gemma-3-4b-it,25.0,simplify,instruction_following,0503923535fbd8badfb2ccf38989b36a8ecaa2eda332a4b515bb13932421fecd
1823,llama-3.1-8b-instruct,25.0,simplify,instruction_following,0503923535fbd8badfb2ccf38989b36a8ecaa2eda332a4b515bb13932421fecd
1824,llama-3.2-1b-instruct,25.0,simplify,instruction_following,0503923535fbd8badfb2ccf38989b36a8ecaa2eda332a4b515bb13932421fecd
1825,llama-3.2-3b-instruct,25.0,simplify,instruction_following,0503923535fbd8badfb2ccf38989b36a8ecaa2eda332a4b515bb13932421fecd
1826,mistral-24b,25.0,simplify,instruction_following,0503923535fbd8badfb2ccf38989b36a8ecaa2eda332a4b515bb13932421fecd
1827,mistral-7b,25.0,simplify,instruction_following,0503923535fbd8badfb2ccf38989b36a8ecaa2eda332a4b515bb13932421fecd
1828,qwen2.5-32b,33.3333333333333,simplify,instruction_following,0503923535fbd8badfb2ccf38989b36a8ecaa2eda332a4b515bb13932421fecd
1829,qwen2.5-3b,25.0,simplify,instruction_following,0503923535fbd8badfb2ccf38989b36a8ecaa2eda332a4b515bb13932421fecd
1830,gemma-3-12b-it,37.5,simplify,instruction_following,0996be1780ea1ac0e68d98e0bed513b23ec11b212c3461884e28c3a752a00efc
1831,gemma-3-1b-it,12.5,simplify,instruction_following,0996be1780ea1ac0e68d98e0bed513b23ec11b212c3461884e28c3a752a00efc
1832,gemma-3-4b-it,37.5,simplify,instruction_following,0996be1780ea1ac0e68d98e0bed513b23ec11b212c3461884e28c3a752a00efc
1833,llama-3.1-8b-instruct,37.5,simplify,instruction_following,0996be1780ea1ac0e68d98e0bed513b23ec11b212c3461884e28c3a752a00efc
1834,llama-3.2-1b-instruct,25.0,simplify,instruction_following,0996be1780ea1ac0e68d98e0bed513b23ec11b212c3461884e28c3a752a00efc
1835,llama-3.2-3b-instruct,25.0,simplify,instruction_following,0996be1780ea1ac0e68d98e0bed513b23ec11b212c3461884e28c3a752a00efc
1836,mistral-24b,25.0,simplify,instruction_following,0996be1780ea1ac0e68d98e0bed513b23ec11b212c3461884e28c3a752a00efc
1837,mistral-7b,37.5,simplify,instruction_following,0996be1780ea1ac0e68d98e0bed513b23ec11b212c3461884e28c3a752a00efc
1838,qwen2.5-32b,37.5,simplify,instruction_following,0996be1780ea1ac0e68d98e0bed513b23ec11b212c3461884e28c3a752a00efc
1839,qwen2.5-3b,37.5,simplify,instruction_following,0996be1780ea1ac0e68d98e0bed513b23ec11b212c3461884e28c3a752a00efc
1840,gemma-3-12b-it,0.0,simplify,instruction_following,0e3720b5a1a1a2c62bbdf378ec61629fe6c93938afd69454e92e6b87ed9e9823
1841,gemma-3-1b-it,25.0,simplify,instruction_following,0e3720b5a1a1a2c62bbdf378ec61629fe6c93938afd69454e92e6b87ed9e9823
1842,gemma-3-4b-it,100.0,simplify,instruction_following,0e3720b5a1a1a2c62bbdf378ec61629fe6c93938afd69454e92e6b87ed9e9823
1843,llama-3.1-8b-instruct,100.0,simplify,instruction_following,0e3720b5a1a1a2c62bbdf378ec61629fe6c93938afd69454e92e6b87ed9e9823
1844,llama-3.2-1b-instruct,25.0,simplify,instruction_following,0e3720b5a1a1a2c62bbdf378ec61629fe6c93938afd69454e92e6b87ed9e9823
1845,llama-3.2-3b-instruct,100.0,simplify,instruction_following,0e3720b5a1a1a2c62bbdf378ec61629fe6c93938afd69454e92e6b87ed9e9823
1846,mistral-24b,100.0,simplify,instruction_following,0e3720b5a1a1a2c62bbdf378ec61629fe6c93938afd69454e92e6b87ed9e9823
1847,mistral-7b,25.0,simplify,instruction_following,0e3720b5a1a1a2c62bbdf378ec61629fe6c93938afd69454e92e6b87ed9e9823
1848,qwen2.5-32b,25.0,simplify,instruction_following,0e3720b5a1a1a2c62bbdf378ec61629fe6c93938afd69454e92e6b87ed9e9823
1849,qwen2.5-3b,25.0,simplify,instruction_following,0e3720b5a1a1a2c62bbdf378ec61629fe6c93938afd69454e92e6b87ed9e9823
1850,gemma-3-12b-it,12.5,simplify,instruction_following,13387ce0db59d53e6fad49b8356fcb3cb58cb4582bd299efd90b5eedbadb0f04
1851,gemma-3-1b-it,12.5,simplify,instruction_following,13387ce0db59d53e6fad49b8356fcb3cb58cb4582bd299efd90b5eedbadb0f04
1852,gemma-3-4b-it,25.0,simplify,instruction_following,13387ce0db59d53e6fad49b8356fcb3cb58cb4582bd299efd90b5eedbadb0f04
1853,llama-3.1-8b-instruct,12.5,simplify,instruction_following,13387ce0db59d53e6fad49b8356fcb3cb58cb4582bd299efd90b5eedbadb0f04
1854,llama-3.2-1b-instruct,12.5,simplify,instruction_following,13387ce0db59d53e6fad49b8356fcb3cb58cb4582bd299efd90b5eedbadb0f04
1855,llama-3.2-3b-instruct,12.5,simplify,instruction_following,13387ce0db59d53e6fad49b8356fcb3cb58cb4582bd299efd90b5eedbadb0f04
1856,mistral-24b,12.5,simplify,instruction_following,13387ce0db59d53e6fad49b8356fcb3cb58cb4582bd299efd90b5eedbadb0f04
1857,mistral-7b,12.5,simplify,instruction_following,13387ce0db59d53e6fad49b8356fcb3cb58cb4582bd299efd90b5eedbadb0f04
1858,qwen2.5-32b,12.5,simplify,instruction_following,13387ce0db59d53e6fad49b8356fcb3cb58cb4582bd299efd90b5eedbadb0f04
1859,qwen2.5-3b,12.5,simplify,instruction_following,13387ce0db59d53e6fad49b8356fcb3cb58cb4582bd299efd90b5eedbadb0f04
1860,gemma-3-12b-it,25.0,simplify,instruction_following,1b5fe52ce32803fee6244bb9f3af341e20f4ba1d91f7563d4ae906ef6edd51ce
1861,gemma-3-1b-it,25.0,simplify,instruction_following,1b5fe52ce32803fee6244bb9f3af341e20f4ba1d91f7563d4ae906ef6edd51ce
1862,gemma-3-4b-it,25.0,simplify,instruction_following,1b5fe52ce32803fee6244bb9f3af341e20f4ba1d91f7563d4ae906ef6edd51ce
1863,llama-3.1-8b-instruct,25.0,simplify,instruction_following,1b5fe52ce32803fee6244bb9f3af341e20f4ba1d91f7563d4ae906ef6edd51ce
1864,llama-3.2-1b-instruct,25.0,simplify,instruction_following,1b5fe52ce32803fee6244bb9f3af341e20f4ba1d91f7563d4ae906ef6edd51ce
1865,llama-3.2-3b-instruct,25.0,simplify,instruction_following,1b5fe52ce32803fee6244bb9f3af341e20f4ba1d91f7563d4ae906ef6edd51ce
1866,mistral-24b,100.0,simplify,instruction_following,1b5fe52ce32803fee6244bb9f3af341e20f4ba1d91f7563d4ae906ef6edd51ce
1867,mistral-7b,25.0,simplify,instruction_following,1b5fe52ce32803fee6244bb9f3af341e20f4ba1d91f7563d4ae906ef6edd51ce
1868,qwen2.5-32b,100.0,simplify,instruction_following,1b5fe52ce32803fee6244bb9f3af341e20f4ba1d91f7563d4ae906ef6edd51ce
1869,qwen2.5-3b,25.0,simplify,instruction_following,1b5fe52ce32803fee6244bb9f3af341e20f4ba1d91f7563d4ae906ef6edd51ce
1870,gemma-3-12b-it,33.3333333333333,simplify,instruction_following,1d5e9498696d690af72db04177e8469a9fc8adb1b85228735878a9650abd8ae7
1871,gemma-3-1b-it,33.3333333333333,simplify,instruction_following,1d5e9498696d690af72db04177e8469a9fc8adb1b85228735878a9650abd8ae7
1872,gemma-3-4b-it,16.6666666666666,simplify,instruction_following,1d5e9498696d690af72db04177e8469a9fc8adb1b85228735878a9650abd8ae7
1873,llama-3.1-8b-instruct,16.6666666666666,simplify,instruction_following,1d5e9498696d690af72db04177e8469a9fc8adb1b85228735878a9650abd8ae7
1874,llama-3.2-1b-instruct,16.6666666666666,simplify,instruction_following,1d5e9498696d690af72db04177e8469a9fc8adb1b85228735878a9650abd8ae7
1875,llama-3.2-3b-instruct,16.6666666666666,simplify,instruction_following,1d5e9498696d690af72db04177e8469a9fc8adb1b85228735878a9650abd8ae7
1876,mistral-24b,16.6666666666666,simplify,instruction_following,1d5e9498696d690af72db04177e8469a9fc8adb1b85228735878a9650abd8ae7
1877,mistral-7b,16.6666666666666,simplify,instruction_following,1d5e9498696d690af72db04177e8469a9fc8adb1b85228735878a9650abd8ae7
1878,qwen2.5-32b,16.6666666666666,simplify,instruction_following,1d5e9498696d690af72db04177e8469a9fc8adb1b85228735878a9650abd8ae7
1879,qwen2.5-3b,16.6666666666666,simplify,instruction_following,1d5e9498696d690af72db04177e8469a9fc8adb1b85228735878a9650abd8ae7
1880,gemma-3-12b-it,100.0,simplify,instruction_following,1e722a1c202524599d7ba345986b4709bf662b6f8d7f54f9c018e9d9086c1830
1881,gemma-3-1b-it,100.0,simplify,instruction_following,1e722a1c202524599d7ba345986b4709bf662b6f8d7f54f9c018e9d9086c1830
1882,gemma-3-4b-it,100.0,simplify,instruction_following,1e722a1c202524599d7ba345986b4709bf662b6f8d7f54f9c018e9d9086c1830
1883,llama-3.1-8b-instruct,100.0,simplify,instruction_following,1e722a1c202524599d7ba345986b4709bf662b6f8d7f54f9c018e9d9086c1830
1884,llama-3.2-1b-instruct,25.0,simplify,instruction_following,1e722a1c202524599d7ba345986b4709bf662b6f8d7f54f9c018e9d9086c1830
1885,llama-3.2-3b-instruct,100.0,simplify,instruction_following,1e722a1c202524599d7ba345986b4709bf662b6f8d7f54f9c018e9d9086c1830
1886,mistral-24b,100.0,simplify,instruction_following,1e722a1c202524599d7ba345986b4709bf662b6f8d7f54f9c018e9d9086c1830
1887,mistral-7b,0.0,simplify,instruction_following,1e722a1c202524599d7ba345986b4709bf662b6f8d7f54f9c018e9d9086c1830
1888,qwen2.5-32b,100.0,simplify,instruction_following,1e722a1c202524599d7ba345986b4709bf662b6f8d7f54f9c018e9d9086c1830
1889,qwen2.5-3b,0.0,simplify,instruction_following,1e722a1c202524599d7ba345986b4709bf662b6f8d7f54f9c018e9d9086c1830
1890,gemma-3-12b-it,100.0,simplify,instruction_following,257f9f71d60e6b2cd95f6b59d14a0fb876b74ff85708c64a3d95fe6eb7b41eaf
1891,gemma-3-1b-it,25.0,simplify,instruction_following,257f9f71d60e6b2cd95f6b59d14a0fb876b74ff85708c64a3d95fe6eb7b41eaf
1892,gemma-3-4b-it,25.0,simplify,instruction_following,257f9f71d60e6b2cd95f6b59d14a0fb876b74ff85708c64a3d95fe6eb7b41eaf
1893,llama-3.1-8b-instruct,25.0,simplify,instruction_following,257f9f71d60e6b2cd95f6b59d14a0fb876b74ff85708c64a3d95fe6eb7b41eaf
1894,llama-3.2-1b-instruct,25.0,simplify,instruction_following,257f9f71d60e6b2cd95f6b59d14a0fb876b74ff85708c64a3d95fe6eb7b41eaf
1895,llama-3.2-3b-instruct,0.0,simplify,instruction_following,257f9f71d60e6b2cd95f6b59d14a0fb876b74ff85708c64a3d95fe6eb7b41eaf
1896,mistral-24b,100.0,simplify,instruction_following,257f9f71d60e6b2cd95f6b59d14a0fb876b74ff85708c64a3d95fe6eb7b41eaf
1897,mistral-7b,0.0,simplify,instruction_following,257f9f71d60e6b2cd95f6b59d14a0fb876b74ff85708c64a3d95fe6eb7b41eaf
1898,qwen2.5-32b,100.0,simplify,instruction_following,257f9f71d60e6b2cd95f6b59d14a0fb876b74ff85708c64a3d95fe6eb7b41eaf
1899,qwen2.5-3b,25.0,simplify,instruction_following,257f9f71d60e6b2cd95f6b59d14a0fb876b74ff85708c64a3d95fe6eb7b41eaf
1900,gemma-3-12b-it,25.0,simplify,instruction_following,32355cb46ac48786a2c6cf9a092531598565f62f7933e06f77b2bcd464cd2ba6
1901,gemma-3-1b-it,25.0,simplify,instruction_following,32355cb46ac48786a2c6cf9a092531598565f62f7933e06f77b2bcd464cd2ba6
1902,gemma-3-4b-it,37.5,simplify,instruction_following,32355cb46ac48786a2c6cf9a092531598565f62f7933e06f77b2bcd464cd2ba6
1903,llama-3.1-8b-instruct,12.5,simplify,instruction_following,32355cb46ac48786a2c6cf9a092531598565f62f7933e06f77b2bcd464cd2ba6
1904,llama-3.2-1b-instruct,25.0,simplify,instruction_following,32355cb46ac48786a2c6cf9a092531598565f62f7933e06f77b2bcd464cd2ba6
1905,llama-3.2-3b-instruct,25.0,simplify,instruction_following,32355cb46ac48786a2c6cf9a092531598565f62f7933e06f77b2bcd464cd2ba6
1906,mistral-24b,25.0,simplify,instruction_following,32355cb46ac48786a2c6cf9a092531598565f62f7933e06f77b2bcd464cd2ba6
1907,mistral-7b,25.0,simplify,instruction_following,32355cb46ac48786a2c6cf9a092531598565f62f7933e06f77b2bcd464cd2ba6
1908,qwen2.5-32b,25.0,simplify,instruction_following,32355cb46ac48786a2c6cf9a092531598565f62f7933e06f77b2bcd464cd2ba6
1909,qwen2.5-3b,25.0,simplify,instruction_following,32355cb46ac48786a2c6cf9a092531598565f62f7933e06f77b2bcd464cd2ba6
1910,gemma-3-12b-it,100.0,simplify,instruction_following,3738904100c2bdedbff71d56c62b8f08227983077affc498f848087138c6bfff
1911,gemma-3-1b-it,100.0,simplify,instruction_following,3738904100c2bdedbff71d56c62b8f08227983077affc498f848087138c6bfff
1912,gemma-3-4b-it,100.0,simplify,instruction_following,3738904100c2bdedbff71d56c62b8f08227983077affc498f848087138c6bfff
1913,llama-3.1-8b-instruct,100.0,simplify,instruction_following,3738904100c2bdedbff71d56c62b8f08227983077affc498f848087138c6bfff
1914,llama-3.2-1b-instruct,100.0,simplify,instruction_following,3738904100c2bdedbff71d56c62b8f08227983077affc498f848087138c6bfff
1915,llama-3.2-3b-instruct,100.0,simplify,instruction_following,3738904100c2bdedbff71d56c62b8f08227983077affc498f848087138c6bfff
1916,mistral-24b,37.5,simplify,instruction_following,3738904100c2bdedbff71d56c62b8f08227983077affc498f848087138c6bfff
1917,mistral-7b,37.5,simplify,instruction_following,3738904100c2bdedbff71d56c62b8f08227983077affc498f848087138c6bfff
1918,qwen2.5-32b,37.5,simplify,instruction_following,3738904100c2bdedbff71d56c62b8f08227983077affc498f848087138c6bfff
1919,qwen2.5-3b,12.5,simplify,instruction_following,3738904100c2bdedbff71d56c62b8f08227983077affc498f848087138c6bfff
1920,gemma-3-12b-it,100.0,simplify,instruction_following,3cd2799b94d44aa465eaf78457ad34451b6e6d881809e6cf961ac6ba0ce41d70
1921,gemma-3-1b-it,0.0,simplify,instruction_following,3cd2799b94d44aa465eaf78457ad34451b6e6d881809e6cf961ac6ba0ce41d70
1922,gemma-3-4b-it,100.0,simplify,instruction_following,3cd2799b94d44aa465eaf78457ad34451b6e6d881809e6cf961ac6ba0ce41d70
1923,llama-3.1-8b-instruct,100.0,simplify,instruction_following,3cd2799b94d44aa465eaf78457ad34451b6e6d881809e6cf961ac6ba0ce41d70
1924,llama-3.2-1b-instruct,0.0,simplify,instruction_following,3cd2799b94d44aa465eaf78457ad34451b6e6d881809e6cf961ac6ba0ce41d70
1925,llama-3.2-3b-instruct,100.0,simplify,instruction_following,3cd2799b94d44aa465eaf78457ad34451b6e6d881809e6cf961ac6ba0ce41d70
1926,mistral-24b,100.0,simplify,instruction_following,3cd2799b94d44aa465eaf78457ad34451b6e6d881809e6cf961ac6ba0ce41d70
1927,mistral-7b,0.0,simplify,instruction_following,3cd2799b94d44aa465eaf78457ad34451b6e6d881809e6cf961ac6ba0ce41d70
1928,qwen2.5-32b,100.0,simplify,instruction_following,3cd2799b94d44aa465eaf78457ad34451b6e6d881809e6cf961ac6ba0ce41d70
1929,qwen2.5-3b,100.0,simplify,instruction_following,3cd2799b94d44aa465eaf78457ad34451b6e6d881809e6cf961ac6ba0ce41d70
1930,gemma-3-12b-it,100.0,simplify,instruction_following,3e0515a9b104bc3a165c1fd6eddb70f56449a08b3336eaea4d954674a24e448d
1931,gemma-3-1b-it,100.0,simplify,instruction_following,3e0515a9b104bc3a165c1fd6eddb70f56449a08b3336eaea4d954674a24e448d
1932,gemma-3-4b-it,33.3333333333333,simplify,instruction_following,3e0515a9b104bc3a165c1fd6eddb70f56449a08b3336eaea4d954674a24e448d
1933,llama-3.1-8b-instruct,33.3333333333333,simplify,instruction_following,3e0515a9b104bc3a165c1fd6eddb70f56449a08b3336eaea4d954674a24e448d
1934,llama-3.2-1b-instruct,33.3333333333333,simplify,instruction_following,3e0515a9b104bc3a165c1fd6eddb70f56449a08b3336eaea4d954674a24e448d
1935,llama-3.2-3b-instruct,33.3333333333333,simplify,instruction_following,3e0515a9b104bc3a165c1fd6eddb70f56449a08b3336eaea4d954674a24e448d
1936,mistral-24b,100.0,simplify,instruction_following,3e0515a9b104bc3a165c1fd6eddb70f56449a08b3336eaea4d954674a24e448d
1937,mistral-7b,33.3333333333333,simplify,instruction_following,3e0515a9b104bc3a165c1fd6eddb70f56449a08b3336eaea4d954674a24e448d
1938,qwen2.5-32b,100.0,simplify,instruction_following,3e0515a9b104bc3a165c1fd6eddb70f56449a08b3336eaea4d954674a24e448d
1939,qwen2.5-3b,16.6666666666666,simplify,instruction_following,3e0515a9b104bc3a165c1fd6eddb70f56449a08b3336eaea4d954674a24e448d
1940,gemma-3-12b-it,100.0,simplify,instruction_following,40040515aecaa05f9c4c3bc8c647d6c972bcfe8e364996bf9a2979e788bd129a
1941,gemma-3-1b-it,100.0,simplify,instruction_following,40040515aecaa05f9c4c3bc8c647d6c972bcfe8e364996bf9a2979e788bd129a
1942,gemma-3-4b-it,100.0,simplify,instruction_following,40040515aecaa05f9c4c3bc8c647d6c972bcfe8e364996bf9a2979e788bd129a
1943,llama-3.1-8b-instruct,100.0,simplify,instruction_following,40040515aecaa05f9c4c3bc8c647d6c972bcfe8e364996bf9a2979e788bd129a
1944,llama-3.2-1b-instruct,100.0,simplify,instruction_following,40040515aecaa05f9c4c3bc8c647d6c972bcfe8e364996bf9a2979e788bd129a
1945,llama-3.2-3b-instruct,100.0,simplify,instruction_following,40040515aecaa05f9c4c3bc8c647d6c972bcfe8e364996bf9a2979e788bd129a
1946,mistral-24b,100.0,simplify,instruction_following,40040515aecaa05f9c4c3bc8c647d6c972bcfe8e364996bf9a2979e788bd129a
1947,mistral-7b,100.0,simplify,instruction_following,40040515aecaa05f9c4c3bc8c647d6c972bcfe8e364996bf9a2979e788bd129a
1948,qwen2.5-32b,100.0,simplify,instruction_following,40040515aecaa05f9c4c3bc8c647d6c972bcfe8e364996bf9a2979e788bd129a
1949,qwen2.5-3b,100.0,simplify,instruction_following,40040515aecaa05f9c4c3bc8c647d6c972bcfe8e364996bf9a2979e788bd129a
1950,gemma-3-12b-it,37.5,simplify,instruction_following,441c3b0f98847106a2fccc55234d20485223e87f95fe9887ea6e0e6b978b2d39
1951,gemma-3-1b-it,12.5,simplify,instruction_following,441c3b0f98847106a2fccc55234d20485223e87f95fe9887ea6e0e6b978b2d39
1952,gemma-3-4b-it,37.5,simplify,instruction_following,441c3b0f98847106a2fccc55234d20485223e87f95fe9887ea6e0e6b978b2d39
1953,llama-3.1-8b-instruct,37.5,simplify,instruction_following,441c3b0f98847106a2fccc55234d20485223e87f95fe9887ea6e0e6b978b2d39
1954,llama-3.2-1b-instruct,12.5,simplify,instruction_following,441c3b0f98847106a2fccc55234d20485223e87f95fe9887ea6e0e6b978b2d39
1955,llama-3.2-3b-instruct,12.5,simplify,instruction_following,441c3b0f98847106a2fccc55234d20485223e87f95fe9887ea6e0e6b978b2d39
1956,mistral-24b,100.0,simplify,instruction_following,441c3b0f98847106a2fccc55234d20485223e87f95fe9887ea6e0e6b978b2d39
1957,mistral-7b,12.5,simplify,instruction_following,441c3b0f98847106a2fccc55234d20485223e87f95fe9887ea6e0e6b978b2d39
1958,qwen2.5-32b,37.5,simplify,instruction_following,441c3b0f98847106a2fccc55234d20485223e87f95fe9887ea6e0e6b978b2d39
1959,qwen2.5-3b,37.5,simplify,instruction_following,441c3b0f98847106a2fccc55234d20485223e87f95fe9887ea6e0e6b978b2d39
1960,gemma-3-12b-it,30.000000000000004,simplify,instruction_following,44cf13ee8de6e43308289a3df719f2b4dccb2060c4259597ba67c9c29623e41d
1961,gemma-3-1b-it,20.0,simplify,instruction_following,44cf13ee8de6e43308289a3df719f2b4dccb2060c4259597ba67c9c29623e41d
1962,gemma-3-4b-it,20.0,simplify,instruction_following,44cf13ee8de6e43308289a3df719f2b4dccb2060c4259597ba67c9c29623e41d
1963,llama-3.1-8b-instruct,100.0,simplify,instruction_following,44cf13ee8de6e43308289a3df719f2b4dccb2060c4259597ba67c9c29623e41d
1964,llama-3.2-1b-instruct,20.0,simplify,instruction_following,44cf13ee8de6e43308289a3df719f2b4dccb2060c4259597ba67c9c29623e41d
1965,llama-3.2-3b-instruct,30.000000000000004,simplify,instruction_following,44cf13ee8de6e43308289a3df719f2b4dccb2060c4259597ba67c9c29623e41d
1966,mistral-24b,20.0,simplify,instruction_following,44cf13ee8de6e43308289a3df719f2b4dccb2060c4259597ba67c9c29623e41d
1967,mistral-7b,30.000000000000004,simplify,instruction_following,44cf13ee8de6e43308289a3df719f2b4dccb2060c4259597ba67c9c29623e41d
1968,qwen2.5-32b,30.000000000000004,simplify,instruction_following,44cf13ee8de6e43308289a3df719f2b4dccb2060c4259597ba67c9c29623e41d
1969,qwen2.5-3b,10.0,simplify,instruction_following,44cf13ee8de6e43308289a3df719f2b4dccb2060c4259597ba67c9c29623e41d
1970,gemma-3-12b-it,0.0,simplify,instruction_following,4b88c81df93686c39275ffe3bf73852240a06ec4c92f89b8a530f738a3830b87
1971,gemma-3-1b-it,0.0,simplify,instruction_following,4b88c81df93686c39275ffe3bf73852240a06ec4c92f89b8a530f738a3830b87
1972,gemma-3-4b-it,0.0,simplify,instruction_following,4b88c81df93686c39275ffe3bf73852240a06ec4c92f89b8a530f738a3830b87
1973,llama-3.1-8b-instruct,100.0,simplify,instruction_following,4b88c81df93686c39275ffe3bf73852240a06ec4c92f89b8a530f738a3830b87
1974,llama-3.2-1b-instruct,0.0,simplify,instruction_following,4b88c81df93686c39275ffe3bf73852240a06ec4c92f89b8a530f738a3830b87
1975,llama-3.2-3b-instruct,0.0,simplify,instruction_following,4b88c81df93686c39275ffe3bf73852240a06ec4c92f89b8a530f738a3830b87
1976,mistral-24b,0.0,simplify,instruction_following,4b88c81df93686c39275ffe3bf73852240a06ec4c92f89b8a530f738a3830b87
1977,mistral-7b,0.0,simplify,instruction_following,4b88c81df93686c39275ffe3bf73852240a06ec4c92f89b8a530f738a3830b87
1978,qwen2.5-32b,100.0,simplify,instruction_following,4b88c81df93686c39275ffe3bf73852240a06ec4c92f89b8a530f738a3830b87
1979,qwen2.5-3b,0.0,simplify,instruction_following,4b88c81df93686c39275ffe3bf73852240a06ec4c92f89b8a530f738a3830b87
1980,gemma-3-12b-it,37.5,simplify,instruction_following,5300030a849d07c65c205b019f44006fd005c433dd06ac2f00e4acf9284b56c2
1981,gemma-3-1b-it,12.5,simplify,instruction_following,5300030a849d07c65c205b019f44006fd005c433dd06ac2f00e4acf9284b56c2
1982,gemma-3-4b-it,100.0,simplify,instruction_following,5300030a849d07c65c205b019f44006fd005c433dd06ac2f00e4acf9284b56c2
1983,llama-3.1-8b-instruct,100.0,simplify,instruction_following,5300030a849d07c65c205b019f44006fd005c433dd06ac2f00e4acf9284b56c2
1984,llama-3.2-1b-instruct,25.0,simplify,instruction_following,5300030a849d07c65c205b019f44006fd005c433dd06ac2f00e4acf9284b56c2
1985,llama-3.2-3b-instruct,37.5,simplify,instruction_following,5300030a849d07c65c205b019f44006fd005c433dd06ac2f00e4acf9284b56c2
1986,mistral-24b,100.0,simplify,instruction_following,5300030a849d07c65c205b019f44006fd005c433dd06ac2f00e4acf9284b56c2
1987,mistral-7b,100.0,simplify,instruction_following,5300030a849d07c65c205b019f44006fd005c433dd06ac2f00e4acf9284b56c2
1988,qwen2.5-32b,100.0,simplify,instruction_following,5300030a849d07c65c205b019f44006fd005c433dd06ac2f00e4acf9284b56c2
1989,qwen2.5-3b,12.5,simplify,instruction_following,5300030a849d07c65c205b019f44006fd005c433dd06ac2f00e4acf9284b56c2
1990,gemma-3-12b-it,33.3333333333333,simplify,instruction_following,55c905c1118b25e2f93a98d860be0c3c1735f467d8d2919c982553a564331bac
1991,gemma-3-1b-it,16.6666666666666,simplify,instruction_following,55c905c1118b25e2f93a98d860be0c3c1735f467d8d2919c982553a564331bac
1992,gemma-3-4b-it,33.3333333333333,simplify,instruction_following,55c905c1118b25e2f93a98d860be0c3c1735f467d8d2919c982553a564331bac
1993,llama-3.1-8b-instruct,16.6666666666666,simplify,instruction_following,55c905c1118b25e2f93a98d860be0c3c1735f467d8d2919c982553a564331bac
1994,llama-3.2-1b-instruct,16.6666666666666,simplify,instruction_following,55c905c1118b25e2f93a98d860be0c3c1735f467d8d2919c982553a564331bac
1995,llama-3.2-3b-instruct,33.3333333333333,simplify,instruction_following,55c905c1118b25e2f93a98d860be0c3c1735f467d8d2919c982553a564331bac
1996,mistral-24b,33.3333333333333,simplify,instruction_following,55c905c1118b25e2f93a98d860be0c3c1735f467d8d2919c982553a564331bac
1997,mistral-7b,33.3333333333333,simplify,instruction_following,55c905c1118b25e2f93a98d860be0c3c1735f467d8d2919c982553a564331bac
1998,qwen2.5-32b,100.0,simplify,instruction_following,55c905c1118b25e2f93a98d860be0c3c1735f467d8d2919c982553a564331bac
1999,qwen2.5-3b,100.0,simplify,instruction_following,55c905c1118b25e2f93a98d860be0c3c1735f467d8d2919c982553a564331bac
2000,gemma-3-12b-it,25.0,simplify,instruction_following,62db016c84cdff5830988079bd3618801e6d929f3eac7b99b73fbb250e17a0ce
2001,gemma-3-1b-it,12.5,simplify,instruction_following,62db016c84cdff5830988079bd3618801e6d929f3eac7b99b73fbb250e17a0ce
2002,gemma-3-4b-it,12.5,simplify,instruction_following,62db016c84cdff5830988079bd3618801e6d929f3eac7b99b73fbb250e17a0ce
2003,llama-3.1-8b-instruct,12.5,simplify,instruction_following,62db016c84cdff5830988079bd3618801e6d929f3eac7b99b73fbb250e17a0ce
2004,llama-3.2-1b-instruct,12.5,simplify,instruction_following,62db016c84cdff5830988079bd3618801e6d929f3eac7b99b73fbb250e17a0ce
2005,llama-3.2-3b-instruct,12.5,simplify,instruction_following,62db016c84cdff5830988079bd3618801e6d929f3eac7b99b73fbb250e17a0ce
2006,mistral-24b,25.0,simplify,instruction_following,62db016c84cdff5830988079bd3618801e6d929f3eac7b99b73fbb250e17a0ce
2007,mistral-7b,12.5,simplify,instruction_following,62db016c84cdff5830988079bd3618801e6d929f3eac7b99b73fbb250e17a0ce
2008,qwen2.5-32b,37.5,simplify,instruction_following,62db016c84cdff5830988079bd3618801e6d929f3eac7b99b73fbb250e17a0ce
2009,qwen2.5-3b,12.5,simplify,instruction_following,62db016c84cdff5830988079bd3618801e6d929f3eac7b99b73fbb250e17a0ce
2010,gemma-3-12b-it,30.000000000000004,simplify,instruction_following,640ff19c6b75d95b263deb3cc7654347e36a362fa8e2c21331bd82c7ea25306b
2011,gemma-3-1b-it,20.0,simplify,instruction_following,640ff19c6b75d95b263deb3cc7654347e36a362fa8e2c21331bd82c7ea25306b
2012,gemma-3-4b-it,20.0,simplify,instruction_following,640ff19c6b75d95b263deb3cc7654347e36a362fa8e2c21331bd82c7ea25306b
2013,llama-3.1-8b-instruct,20.0,simplify,instruction_following,640ff19c6b75d95b263deb3cc7654347e36a362fa8e2c21331bd82c7ea25306b
2014,llama-3.2-1b-instruct,20.0,simplify,instruction_following,640ff19c6b75d95b263deb3cc7654347e36a362fa8e2c21331bd82c7ea25306b
2015,llama-3.2-3b-instruct,30.000000000000004,simplify,instruction_following,640ff19c6b75d95b263deb3cc7654347e36a362fa8e2c21331bd82c7ea25306b
2016,mistral-24b,20.0,simplify,instruction_following,640ff19c6b75d95b263deb3cc7654347e36a362fa8e2c21331bd82c7ea25306b
2017,mistral-7b,20.0,simplify,instruction_following,640ff19c6b75d95b263deb3cc7654347e36a362fa8e2c21331bd82c7ea25306b
2018,qwen2.5-32b,30.000000000000004,simplify,instruction_following,640ff19c6b75d95b263deb3cc7654347e36a362fa8e2c21331bd82c7ea25306b
2019,qwen2.5-3b,30.000000000000004,simplify,instruction_following,640ff19c6b75d95b263deb3cc7654347e36a362fa8e2c21331bd82c7ea25306b
2020,gemma-3-12b-it,33.3333333333333,simplify,instruction_following,6a2e3c538be99a7326b31726d64718c23256a828a904999ee00974a9c95c5677
2021,gemma-3-1b-it,100.0,simplify,instruction_following,6a2e3c538be99a7326b31726d64718c23256a828a904999ee00974a9c95c5677
2022,gemma-3-4b-it,100.0,simplify,instruction_following,6a2e3c538be99a7326b31726d64718c23256a828a904999ee00974a9c95c5677
2023,llama-3.1-8b-instruct,100.0,simplify,instruction_following,6a2e3c538be99a7326b31726d64718c23256a828a904999ee00974a9c95c5677
2024,llama-3.2-1b-instruct,33.3333333333333,simplify,instruction_following,6a2e3c538be99a7326b31726d64718c23256a828a904999ee00974a9c95c5677
2025,llama-3.2-3b-instruct,100.0,simplify,instruction_following,6a2e3c538be99a7326b31726d64718c23256a828a904999ee00974a9c95c5677
2026,mistral-24b,100.0,simplify,instruction_following,6a2e3c538be99a7326b31726d64718c23256a828a904999ee00974a9c95c5677
2027,mistral-7b,33.3333333333333,simplify,instruction_following,6a2e3c538be99a7326b31726d64718c23256a828a904999ee00974a9c95c5677
2028,qwen2.5-32b,100.0,simplify,instruction_following,6a2e3c538be99a7326b31726d64718c23256a828a904999ee00974a9c95c5677
2029,qwen2.5-3b,16.6666666666666,simplify,instruction_following,6a2e3c538be99a7326b31726d64718c23256a828a904999ee00974a9c95c5677
2030,gemma-3-12b-it,37.5,simplify,instruction_following,7061c2d96c6d115e38c8bfb9188b26288a1abfd7f445797f4787fb1520661541
2031,gemma-3-1b-it,25.0,simplify,instruction_following,7061c2d96c6d115e38c8bfb9188b26288a1abfd7f445797f4787fb1520661541
2032,gemma-3-4b-it,25.0,simplify,instruction_following,7061c2d96c6d115e38c8bfb9188b26288a1abfd7f445797f4787fb1520661541
2033,llama-3.1-8b-instruct,25.0,simplify,instruction_following,7061c2d96c6d115e38c8bfb9188b26288a1abfd7f445797f4787fb1520661541
2034,llama-3.2-1b-instruct,25.0,simplify,instruction_following,7061c2d96c6d115e38c8bfb9188b26288a1abfd7f445797f4787fb1520661541
2035,llama-3.2-3b-instruct,25.0,simplify,instruction_following,7061c2d96c6d115e38c8bfb9188b26288a1abfd7f445797f4787fb1520661541
2036,mistral-24b,25.0,simplify,instruction_following,7061c2d96c6d115e38c8bfb9188b26288a1abfd7f445797f4787fb1520661541
2037,mistral-7b,25.0,simplify,instruction_following,7061c2d96c6d115e38c8bfb9188b26288a1abfd7f445797f4787fb1520661541
2038,qwen2.5-32b,100.0,simplify,instruction_following,7061c2d96c6d115e38c8bfb9188b26288a1abfd7f445797f4787fb1520661541
2039,qwen2.5-3b,25.0,simplify,instruction_following,7061c2d96c6d115e38c8bfb9188b26288a1abfd7f445797f4787fb1520661541
2040,gemma-3-12b-it,37.5,simplify,instruction_following,7207f8bdfd39e9d5a0f4576eaed8a1c78752bf92c2d499cff300abf94a86955d
2041,gemma-3-1b-it,25.0,simplify,instruction_following,7207f8bdfd39e9d5a0f4576eaed8a1c78752bf92c2d499cff300abf94a86955d
2042,gemma-3-4b-it,25.0,simplify,instruction_following,7207f8bdfd39e9d5a0f4576eaed8a1c78752bf92c2d499cff300abf94a86955d
2043,llama-3.1-8b-instruct,37.5,simplify,instruction_following,7207f8bdfd39e9d5a0f4576eaed8a1c78752bf92c2d499cff300abf94a86955d
2044,llama-3.2-1b-instruct,25.0,simplify,instruction_following,7207f8bdfd39e9d5a0f4576eaed8a1c78752bf92c2d499cff300abf94a86955d
2045,llama-3.2-3b-instruct,37.5,simplify,instruction_following,7207f8bdfd39e9d5a0f4576eaed8a1c78752bf92c2d499cff300abf94a86955d
2046,mistral-24b,37.5,simplify,instruction_following,7207f8bdfd39e9d5a0f4576eaed8a1c78752bf92c2d499cff300abf94a86955d
2047,mistral-7b,25.0,simplify,instruction_following,7207f8bdfd39e9d5a0f4576eaed8a1c78752bf92c2d499cff300abf94a86955d
2048,qwen2.5-32b,25.0,simplify,instruction_following,7207f8bdfd39e9d5a0f4576eaed8a1c78752bf92c2d499cff300abf94a86955d
2049,qwen2.5-3b,37.5,simplify,instruction_following,7207f8bdfd39e9d5a0f4576eaed8a1c78752bf92c2d499cff300abf94a86955d
2050,gemma-3-12b-it,100.0,simplify,instruction_following,73a7f4da7e81307cbddd2abe3a518b95d422623abf64567430aee4c4113a4673
2051,gemma-3-1b-it,33.3333333333333,simplify,instruction_following,73a7f4da7e81307cbddd2abe3a518b95d422623abf64567430aee4c4113a4673
2052,gemma-3-4b-it,100.0,simplify,instruction_following,73a7f4da7e81307cbddd2abe3a518b95d422623abf64567430aee4c4113a4673
2053,llama-3.1-8b-instruct,100.0,simplify,instruction_following,73a7f4da7e81307cbddd2abe3a518b95d422623abf64567430aee4c4113a4673
2054,llama-3.2-1b-instruct,33.3333333333333,simplify,instruction_following,73a7f4da7e81307cbddd2abe3a518b95d422623abf64567430aee4c4113a4673
2055,llama-3.2-3b-instruct,100.0,simplify,instruction_following,73a7f4da7e81307cbddd2abe3a518b95d422623abf64567430aee4c4113a4673
2056,mistral-24b,100.0,simplify,instruction_following,73a7f4da7e81307cbddd2abe3a518b95d422623abf64567430aee4c4113a4673
2057,mistral-7b,100.0,simplify,instruction_following,73a7f4da7e81307cbddd2abe3a518b95d422623abf64567430aee4c4113a4673
2058,qwen2.5-32b,100.0,simplify,instruction_following,73a7f4da7e81307cbddd2abe3a518b95d422623abf64567430aee4c4113a4673
2059,qwen2.5-3b,16.6666666666666,simplify,instruction_following,73a7f4da7e81307cbddd2abe3a518b95d422623abf64567430aee4c4113a4673
2060,gemma-3-12b-it,100.0,simplify,instruction_following,74a083fdb825626889f5c081409f89ff5a2ec2a7a3052650ab207ebd5721a072
2061,gemma-3-1b-it,0.0,simplify,instruction_following,74a083fdb825626889f5c081409f89ff5a2ec2a7a3052650ab207ebd5721a072
2062,gemma-3-4b-it,100.0,simplify,instruction_following,74a083fdb825626889f5c081409f89ff5a2ec2a7a3052650ab207ebd5721a072
2063,llama-3.1-8b-instruct,25.0,simplify,instruction_following,74a083fdb825626889f5c081409f89ff5a2ec2a7a3052650ab207ebd5721a072
2064,llama-3.2-1b-instruct,100.0,simplify,instruction_following,74a083fdb825626889f5c081409f89ff5a2ec2a7a3052650ab207ebd5721a072
2065,llama-3.2-3b-instruct,100.0,simplify,instruction_following,74a083fdb825626889f5c081409f89ff5a2ec2a7a3052650ab207ebd5721a072
2066,mistral-24b,100.0,simplify,instruction_following,74a083fdb825626889f5c081409f89ff5a2ec2a7a3052650ab207ebd5721a072
2067,mistral-7b,0.0,simplify,instruction_following,74a083fdb825626889f5c081409f89ff5a2ec2a7a3052650ab207ebd5721a072
2068,qwen2.5-32b,100.0,simplify,instruction_following,74a083fdb825626889f5c081409f89ff5a2ec2a7a3052650ab207ebd5721a072
2069,qwen2.5-3b,25.0,simplify,instruction_following,74a083fdb825626889f5c081409f89ff5a2ec2a7a3052650ab207ebd5721a072
2070,gemma-3-12b-it,20.0,simplify,instruction_following,763023d40a0647379be587c1027fcbcaf3197bbb03b2ce63b6e63abab0dd4ab3
2071,gemma-3-1b-it,20.0,simplify,instruction_following,763023d40a0647379be587c1027fcbcaf3197bbb03b2ce63b6e63abab0dd4ab3
2072,gemma-3-4b-it,20.0,simplify,instruction_following,763023d40a0647379be587c1027fcbcaf3197bbb03b2ce63b6e63abab0dd4ab3
2073,llama-3.1-8b-instruct,10.0,simplify,instruction_following,763023d40a0647379be587c1027fcbcaf3197bbb03b2ce63b6e63abab0dd4ab3
2074,llama-3.2-1b-instruct,10.0,simplify,instruction_following,763023d40a0647379be587c1027fcbcaf3197bbb03b2ce63b6e63abab0dd4ab3
2075,llama-3.2-3b-instruct,20.0,simplify,instruction_following,763023d40a0647379be587c1027fcbcaf3197bbb03b2ce63b6e63abab0dd4ab3
2076,mistral-24b,10.0,simplify,instruction_following,763023d40a0647379be587c1027fcbcaf3197bbb03b2ce63b6e63abab0dd4ab3
2077,mistral-7b,40.0,simplify,instruction_following,763023d40a0647379be587c1027fcbcaf3197bbb03b2ce63b6e63abab0dd4ab3
2078,qwen2.5-32b,30.000000000000004,simplify,instruction_following,763023d40a0647379be587c1027fcbcaf3197bbb03b2ce63b6e63abab0dd4ab3
2079,qwen2.5-3b,20.0,simplify,instruction_following,763023d40a0647379be587c1027fcbcaf3197bbb03b2ce63b6e63abab0dd4ab3
2080,gemma-3-12b-it,20.0,simplify,instruction_following,77b0d92b8c174846eb6e247732cf556425226986a552b208ec107a5e8faeaba8
2081,gemma-3-1b-it,10.0,simplify,instruction_following,77b0d92b8c174846eb6e247732cf556425226986a552b208ec107a5e8faeaba8
2082,gemma-3-4b-it,20.0,simplify,instruction_following,77b0d92b8c174846eb6e247732cf556425226986a552b208ec107a5e8faeaba8
2083,llama-3.1-8b-instruct,20.0,simplify,instruction_following,77b0d92b8c174846eb6e247732cf556425226986a552b208ec107a5e8faeaba8
2084,llama-3.2-1b-instruct,20.0,simplify,instruction_following,77b0d92b8c174846eb6e247732cf556425226986a552b208ec107a5e8faeaba8
2085,llama-3.2-3b-instruct,20.0,simplify,instruction_following,77b0d92b8c174846eb6e247732cf556425226986a552b208ec107a5e8faeaba8
2086,mistral-24b,20.0,simplify,instruction_following,77b0d92b8c174846eb6e247732cf556425226986a552b208ec107a5e8faeaba8
2087,mistral-7b,20.0,simplify,instruction_following,77b0d92b8c174846eb6e247732cf556425226986a552b208ec107a5e8faeaba8
2088,qwen2.5-32b,30.000000000000004,simplify,instruction_following,77b0d92b8c174846eb6e247732cf556425226986a552b208ec107a5e8faeaba8
2089,qwen2.5-3b,20.0,simplify,instruction_following,77b0d92b8c174846eb6e247732cf556425226986a552b208ec107a5e8faeaba8
2090,gemma-3-12b-it,25.0,simplify,instruction_following,7816bff85a425b431910e7d25ecf58e84b16d7dc1f149480923b88a8932d2089
2091,gemma-3-1b-it,12.5,simplify,instruction_following,7816bff85a425b431910e7d25ecf58e84b16d7dc1f149480923b88a8932d2089
2092,gemma-3-4b-it,12.5,simplify,instruction_following,7816bff85a425b431910e7d25ecf58e84b16d7dc1f149480923b88a8932d2089
2093,llama-3.1-8b-instruct,37.5,simplify,instruction_following,7816bff85a425b431910e7d25ecf58e84b16d7dc1f149480923b88a8932d2089
2094,llama-3.2-1b-instruct,12.5,simplify,instruction_following,7816bff85a425b431910e7d25ecf58e84b16d7dc1f149480923b88a8932d2089
2095,llama-3.2-3b-instruct,25.0,simplify,instruction_following,7816bff85a425b431910e7d25ecf58e84b16d7dc1f149480923b88a8932d2089
2096,mistral-24b,37.5,simplify,instruction_following,7816bff85a425b431910e7d25ecf58e84b16d7dc1f149480923b88a8932d2089
2097,mistral-7b,100.0,simplify,instruction_following,7816bff85a425b431910e7d25ecf58e84b16d7dc1f149480923b88a8932d2089
2098,qwen2.5-32b,100.0,simplify,instruction_following,7816bff85a425b431910e7d25ecf58e84b16d7dc1f149480923b88a8932d2089
2099,qwen2.5-3b,37.5,simplify,instruction_following,7816bff85a425b431910e7d25ecf58e84b16d7dc1f149480923b88a8932d2089
2100,gemma-3-12b-it,33.3333333333333,simplify,instruction_following,7bd166b01a70c8f1b498aaabd7bcf1e308d35a82ad44a405339784be520c9635
2101,gemma-3-1b-it,33.3333333333333,simplify,instruction_following,7bd166b01a70c8f1b498aaabd7bcf1e308d35a82ad44a405339784be520c9635
2102,gemma-3-4b-it,16.6666666666666,simplify,instruction_following,7bd166b01a70c8f1b498aaabd7bcf1e308d35a82ad44a405339784be520c9635
2103,llama-3.1-8b-instruct,16.6666666666666,simplify,instruction_following,7bd166b01a70c8f1b498aaabd7bcf1e308d35a82ad44a405339784be520c9635
2104,llama-3.2-1b-instruct,33.3333333333333,simplify,instruction_following,7bd166b01a70c8f1b498aaabd7bcf1e308d35a82ad44a405339784be520c9635
2105,llama-3.2-3b-instruct,16.6666666666666,simplify,instruction_following,7bd166b01a70c8f1b498aaabd7bcf1e308d35a82ad44a405339784be520c9635
2106,mistral-24b,33.3333333333333,simplify,instruction_following,7bd166b01a70c8f1b498aaabd7bcf1e308d35a82ad44a405339784be520c9635
2107,mistral-7b,33.3333333333333,simplify,instruction_following,7bd166b01a70c8f1b498aaabd7bcf1e308d35a82ad44a405339784be520c9635
2108,qwen2.5-32b,33.3333333333333,simplify,instruction_following,7bd166b01a70c8f1b498aaabd7bcf1e308d35a82ad44a405339784be520c9635
2109,qwen2.5-3b,33.3333333333333,simplify,instruction_following,7bd166b01a70c8f1b498aaabd7bcf1e308d35a82ad44a405339784be520c9635
2110,gemma-3-12b-it,33.3333333333333,simplify,instruction_following,7f4a16efda30d81dc7a58992cfcc1bfb0054967387b3d7cbaf382bb4bda1e002
2111,gemma-3-1b-it,16.6666666666666,simplify,instruction_following,7f4a16efda30d81dc7a58992cfcc1bfb0054967387b3d7cbaf382bb4bda1e002
2112,gemma-3-4b-it,16.6666666666666,simplify,instruction_following,7f4a16efda30d81dc7a58992cfcc1bfb0054967387b3d7cbaf382bb4bda1e002
2113,llama-3.1-8b-instruct,33.3333333333333,simplify,instruction_following,7f4a16efda30d81dc7a58992cfcc1bfb0054967387b3d7cbaf382bb4bda1e002
2114,llama-3.2-1b-instruct,33.3333333333333,simplify,instruction_following,7f4a16efda30d81dc7a58992cfcc1bfb0054967387b3d7cbaf382bb4bda1e002
2115,llama-3.2-3b-instruct,33.3333333333333,simplify,instruction_following,7f4a16efda30d81dc7a58992cfcc1bfb0054967387b3d7cbaf382bb4bda1e002
2116,mistral-24b,16.6666666666666,simplify,instruction_following,7f4a16efda30d81dc7a58992cfcc1bfb0054967387b3d7cbaf382bb4bda1e002
2117,mistral-7b,100.0,simplify,instruction_following,7f4a16efda30d81dc7a58992cfcc1bfb0054967387b3d7cbaf382bb4bda1e002
2118,qwen2.5-32b,100.0,simplify,instruction_following,7f4a16efda30d81dc7a58992cfcc1bfb0054967387b3d7cbaf382bb4bda1e002
2119,qwen2.5-3b,100.0,simplify,instruction_following,7f4a16efda30d81dc7a58992cfcc1bfb0054967387b3d7cbaf382bb4bda1e002
2120,gemma-3-12b-it,0.0,simplify,instruction_following,83abd879ba285c5f33f0d8d5eef70f098ab054a37c856c9d138026d7cb9ab403
2121,gemma-3-1b-it,0.0,simplify,instruction_following,83abd879ba285c5f33f0d8d5eef70f098ab054a37c856c9d138026d7cb9ab403
2122,gemma-3-4b-it,0.0,simplify,instruction_following,83abd879ba285c5f33f0d8d5eef70f098ab054a37c856c9d138026d7cb9ab403
2123,llama-3.1-8b-instruct,0.0,simplify,instruction_following,83abd879ba285c5f33f0d8d5eef70f098ab054a37c856c9d138026d7cb9ab403
2124,llama-3.2-1b-instruct,0.0,simplify,instruction_following,83abd879ba285c5f33f0d8d5eef70f098ab054a37c856c9d138026d7cb9ab403
2125,llama-3.2-3b-instruct,0.0,simplify,instruction_following,83abd879ba285c5f33f0d8d5eef70f098ab054a37c856c9d138026d7cb9ab403
2126,mistral-24b,0.0,simplify,instruction_following,83abd879ba285c5f33f0d8d5eef70f098ab054a37c856c9d138026d7cb9ab403
2127,mistral-7b,0.0,simplify,instruction_following,83abd879ba285c5f33f0d8d5eef70f098ab054a37c856c9d138026d7cb9ab403
2128,qwen2.5-32b,0.0,simplify,instruction_following,83abd879ba285c5f33f0d8d5eef70f098ab054a37c856c9d138026d7cb9ab403
2129,qwen2.5-3b,0.0,simplify,instruction_following,83abd879ba285c5f33f0d8d5eef70f098ab054a37c856c9d138026d7cb9ab403
2130,gemma-3-12b-it,100.0,simplify,instruction_following,89cceb226ce254c226614e2ef6d0416a2a90a43b8e37de1b98fe5dc55f0c4452
2131,gemma-3-1b-it,0.0,simplify,instruction_following,89cceb226ce254c226614e2ef6d0416a2a90a43b8e37de1b98fe5dc55f0c4452
2132,gemma-3-4b-it,0.0,simplify,instruction_following,89cceb226ce254c226614e2ef6d0416a2a90a43b8e37de1b98fe5dc55f0c4452
2133,llama-3.1-8b-instruct,100.0,simplify,instruction_following,89cceb226ce254c226614e2ef6d0416a2a90a43b8e37de1b98fe5dc55f0c4452
2134,llama-3.2-1b-instruct,0.0,simplify,instruction_following,89cceb226ce254c226614e2ef6d0416a2a90a43b8e37de1b98fe5dc55f0c4452
2135,llama-3.2-3b-instruct,0.0,simplify,instruction_following,89cceb226ce254c226614e2ef6d0416a2a90a43b8e37de1b98fe5dc55f0c4452
2136,mistral-24b,100.0,simplify,instruction_following,89cceb226ce254c226614e2ef6d0416a2a90a43b8e37de1b98fe5dc55f0c4452
2137,mistral-7b,100.0,simplify,instruction_following,89cceb226ce254c226614e2ef6d0416a2a90a43b8e37de1b98fe5dc55f0c4452
2138,qwen2.5-32b,0.0,simplify,instruction_following,89cceb226ce254c226614e2ef6d0416a2a90a43b8e37de1b98fe5dc55f0c4452
2139,qwen2.5-3b,0.0,simplify,instruction_following,89cceb226ce254c226614e2ef6d0416a2a90a43b8e37de1b98fe5dc55f0c4452
2140,gemma-3-12b-it,30.000000000000004,simplify,instruction_following,8d3db0e8713de5992e009f42809bfa864b4eb7cd6a8f6d4d86f4fa0f21024617
2141,gemma-3-1b-it,0.0,simplify,instruction_following,8d3db0e8713de5992e009f42809bfa864b4eb7cd6a8f6d4d86f4fa0f21024617
2142,gemma-3-4b-it,20.0,simplify,instruction_following,8d3db0e8713de5992e009f42809bfa864b4eb7cd6a8f6d4d86f4fa0f21024617
2143,llama-3.1-8b-instruct,20.0,simplify,instruction_following,8d3db0e8713de5992e009f42809bfa864b4eb7cd6a8f6d4d86f4fa0f21024617
2144,llama-3.2-1b-instruct,0.0,simplify,instruction_following,8d3db0e8713de5992e009f42809bfa864b4eb7cd6a8f6d4d86f4fa0f21024617
2145,llama-3.2-3b-instruct,10.0,simplify,instruction_following,8d3db0e8713de5992e009f42809bfa864b4eb7cd6a8f6d4d86f4fa0f21024617
2146,mistral-24b,100.0,simplify,instruction_following,8d3db0e8713de5992e009f42809bfa864b4eb7cd6a8f6d4d86f4fa0f21024617
2147,mistral-7b,30.000000000000004,simplify,instruction_following,8d3db0e8713de5992e009f42809bfa864b4eb7cd6a8f6d4d86f4fa0f21024617
2148,qwen2.5-32b,30.000000000000004,simplify,instruction_following,8d3db0e8713de5992e009f42809bfa864b4eb7cd6a8f6d4d86f4fa0f21024617
2149,qwen2.5-3b,0.0,simplify,instruction_following,8d3db0e8713de5992e009f42809bfa864b4eb7cd6a8f6d4d86f4fa0f21024617
2150,gemma-3-12b-it,30.000000000000004,simplify,instruction_following,8df1306760bf9fefc9413a262714e95558af3d823bc7171331830db33ba10728
2151,gemma-3-1b-it,40.0,simplify,instruction_following,8df1306760bf9fefc9413a262714e95558af3d823bc7171331830db33ba10728
2152,gemma-3-4b-it,40.0,simplify,instruction_following,8df1306760bf9fefc9413a262714e95558af3d823bc7171331830db33ba10728
2153,llama-3.1-8b-instruct,20.0,simplify,instruction_following,8df1306760bf9fefc9413a262714e95558af3d823bc7171331830db33ba10728
2154,llama-3.2-1b-instruct,20.0,simplify,instruction_following,8df1306760bf9fefc9413a262714e95558af3d823bc7171331830db33ba10728
2155,llama-3.2-3b-instruct,30.000000000000004,simplify,instruction_following,8df1306760bf9fefc9413a262714e95558af3d823bc7171331830db33ba10728
2156,mistral-24b,20.0,simplify,instruction_following,8df1306760bf9fefc9413a262714e95558af3d823bc7171331830db33ba10728
2157,mistral-7b,20.0,simplify,instruction_following,8df1306760bf9fefc9413a262714e95558af3d823bc7171331830db33ba10728
2158,qwen2.5-32b,20.0,simplify,instruction_following,8df1306760bf9fefc9413a262714e95558af3d823bc7171331830db33ba10728
2159,qwen2.5-3b,30.000000000000004,simplify,instruction_following,8df1306760bf9fefc9413a262714e95558af3d823bc7171331830db33ba10728
2160,gemma-3-12b-it,25.0,simplify,instruction_following,987dd3cb27ad2493e13a14329797817bf9d8843d3abcf8ff6ca2fe94983901ac
2161,gemma-3-1b-it,0.0,simplify,instruction_following,987dd3cb27ad2493e13a14329797817bf9d8843d3abcf8ff6ca2fe94983901ac
2162,gemma-3-4b-it,25.0,simplify,instruction_following,987dd3cb27ad2493e13a14329797817bf9d8843d3abcf8ff6ca2fe94983901ac
2163,llama-3.1-8b-instruct,100.0,simplify,instruction_following,987dd3cb27ad2493e13a14329797817bf9d8843d3abcf8ff6ca2fe94983901ac
2164,llama-3.2-1b-instruct,25.0,simplify,instruction_following,987dd3cb27ad2493e13a14329797817bf9d8843d3abcf8ff6ca2fe94983901ac
2165,llama-3.2-3b-instruct,100.0,simplify,instruction_following,987dd3cb27ad2493e13a14329797817bf9d8843d3abcf8ff6ca2fe94983901ac
2166,mistral-24b,100.0,simplify,instruction_following,987dd3cb27ad2493e13a14329797817bf9d8843d3abcf8ff6ca2fe94983901ac
2167,mistral-7b,25.0,simplify,instruction_following,987dd3cb27ad2493e13a14329797817bf9d8843d3abcf8ff6ca2fe94983901ac
2168,qwen2.5-32b,25.0,simplify,instruction_following,987dd3cb27ad2493e13a14329797817bf9d8843d3abcf8ff6ca2fe94983901ac
2169,qwen2.5-3b,25.0,simplify,instruction_following,987dd3cb27ad2493e13a14329797817bf9d8843d3abcf8ff6ca2fe94983901ac
2170,gemma-3-12b-it,25.0,simplify,instruction_following,98d51917bb7b2376c67b86ff0178116684b878a254c72dab20d2382566ae4ab3
2171,gemma-3-1b-it,25.0,simplify,instruction_following,98d51917bb7b2376c67b86ff0178116684b878a254c72dab20d2382566ae4ab3
2172,gemma-3-4b-it,25.0,simplify,instruction_following,98d51917bb7b2376c67b86ff0178116684b878a254c72dab20d2382566ae4ab3
2173,llama-3.1-8b-instruct,25.0,simplify,instruction_following,98d51917bb7b2376c67b86ff0178116684b878a254c72dab20d2382566ae4ab3
2174,llama-3.2-1b-instruct,25.0,simplify,instruction_following,98d51917bb7b2376c67b86ff0178116684b878a254c72dab20d2382566ae4ab3
2175,llama-3.2-3b-instruct,25.0,simplify,instruction_following,98d51917bb7b2376c67b86ff0178116684b878a254c72dab20d2382566ae4ab3
2176,mistral-24b,25.0,simplify,instruction_following,98d51917bb7b2376c67b86ff0178116684b878a254c72dab20d2382566ae4ab3
2177,mistral-7b,25.0,simplify,instruction_following,98d51917bb7b2376c67b86ff0178116684b878a254c72dab20d2382566ae4ab3
2178,qwen2.5-32b,100.0,simplify,instruction_following,98d51917bb7b2376c67b86ff0178116684b878a254c72dab20d2382566ae4ab3
2179,qwen2.5-3b,25.0,simplify,instruction_following,98d51917bb7b2376c67b86ff0178116684b878a254c72dab20d2382566ae4ab3
2180,gemma-3-12b-it,33.3333333333333,simplify,instruction_following,9c6d263815e379f0b48bfb113f67f3e2c0b2ab27485b76ae19e4e9f32cbf07ab
2181,gemma-3-1b-it,16.6666666666666,simplify,instruction_following,9c6d263815e379f0b48bfb113f67f3e2c0b2ab27485b76ae19e4e9f32cbf07ab
2182,gemma-3-4b-it,33.3333333333333,simplify,instruction_following,9c6d263815e379f0b48bfb113f67f3e2c0b2ab27485b76ae19e4e9f32cbf07ab
2183,llama-3.1-8b-instruct,33.3333333333333,simplify,instruction_following,9c6d263815e379f0b48bfb113f67f3e2c0b2ab27485b76ae19e4e9f32cbf07ab
2184,llama-3.2-1b-instruct,16.6666666666666,simplify,instruction_following,9c6d263815e379f0b48bfb113f67f3e2c0b2ab27485b76ae19e4e9f32cbf07ab
2185,llama-3.2-3b-instruct,16.6666666666666,simplify,instruction_following,9c6d263815e379f0b48bfb113f67f3e2c0b2ab27485b76ae19e4e9f32cbf07ab
2186,mistral-24b,33.3333333333333,simplify,instruction_following,9c6d263815e379f0b48bfb113f67f3e2c0b2ab27485b76ae19e4e9f32cbf07ab
2187,mistral-7b,33.3333333333333,simplify,instruction_following,9c6d263815e379f0b48bfb113f67f3e2c0b2ab27485b76ae19e4e9f32cbf07ab
2188,qwen2.5-32b,100.0,simplify,instruction_following,9c6d263815e379f0b48bfb113f67f3e2c0b2ab27485b76ae19e4e9f32cbf07ab
2189,qwen2.5-3b,16.6666666666666,simplify,instruction_following,9c6d263815e379f0b48bfb113f67f3e2c0b2ab27485b76ae19e4e9f32cbf07ab
2190,gemma-3-12b-it,0.0,simplify,instruction_following,a8ff1f46c588f8dab171556261ff33a9785e49f73156ea77a387c53068511608
2191,gemma-3-1b-it,0.0,simplify,instruction_following,a8ff1f46c588f8dab171556261ff33a9785e49f73156ea77a387c53068511608
2192,gemma-3-4b-it,0.0,simplify,instruction_following,a8ff1f46c588f8dab171556261ff33a9785e49f73156ea77a387c53068511608
2193,llama-3.1-8b-instruct,0.0,simplify,instruction_following,a8ff1f46c588f8dab171556261ff33a9785e49f73156ea77a387c53068511608
2194,llama-3.2-1b-instruct,0.0,simplify,instruction_following,a8ff1f46c588f8dab171556261ff33a9785e49f73156ea77a387c53068511608
2195,llama-3.2-3b-instruct,0.0,simplify,instruction_following,a8ff1f46c588f8dab171556261ff33a9785e49f73156ea77a387c53068511608
2196,mistral-24b,0.0,simplify,instruction_following,a8ff1f46c588f8dab171556261ff33a9785e49f73156ea77a387c53068511608
2197,mistral-7b,0.0,simplify,instruction_following,a8ff1f46c588f8dab171556261ff33a9785e49f73156ea77a387c53068511608
2198,qwen2.5-32b,0.0,simplify,instruction_following,a8ff1f46c588f8dab171556261ff33a9785e49f73156ea77a387c53068511608
2199,qwen2.5-3b,0.0,simplify,instruction_following,a8ff1f46c588f8dab171556261ff33a9785e49f73156ea77a387c53068511608
2200,gemma-3-12b-it,100.0,simplify,instruction_following,a97937243fae41814bc4eb5f8fdf69d00bf48880fa8fb1f9a7306332a8f7effb
2201,gemma-3-1b-it,25.0,simplify,instruction_following,a97937243fae41814bc4eb5f8fdf69d00bf48880fa8fb1f9a7306332a8f7effb
2202,gemma-3-4b-it,100.0,simplify,instruction_following,a97937243fae41814bc4eb5f8fdf69d00bf48880fa8fb1f9a7306332a8f7effb
2203,llama-3.1-8b-instruct,37.5,simplify,instruction_following,a97937243fae41814bc4eb5f8fdf69d00bf48880fa8fb1f9a7306332a8f7effb
2204,llama-3.2-1b-instruct,25.0,simplify,instruction_following,a97937243fae41814bc4eb5f8fdf69d00bf48880fa8fb1f9a7306332a8f7effb
2205,llama-3.2-3b-instruct,100.0,simplify,instruction_following,a97937243fae41814bc4eb5f8fdf69d00bf48880fa8fb1f9a7306332a8f7effb
2206,mistral-24b,37.5,simplify,instruction_following,a97937243fae41814bc4eb5f8fdf69d00bf48880fa8fb1f9a7306332a8f7effb
2207,mistral-7b,100.0,simplify,instruction_following,a97937243fae41814bc4eb5f8fdf69d00bf48880fa8fb1f9a7306332a8f7effb
2208,qwen2.5-32b,25.0,simplify,instruction_following,a97937243fae41814bc4eb5f8fdf69d00bf48880fa8fb1f9a7306332a8f7effb
2209,qwen2.5-3b,37.5,simplify,instruction_following,a97937243fae41814bc4eb5f8fdf69d00bf48880fa8fb1f9a7306332a8f7effb
2210,gemma-3-12b-it,33.3333333333333,simplify,instruction_following,a98ad49f679ca8bdc79c031eb582b25bb761814698c9538dffe01d0cf46efd98
2211,gemma-3-1b-it,33.3333333333333,simplify,instruction_following,a98ad49f679ca8bdc79c031eb582b25bb761814698c9538dffe01d0cf46efd98
2212,gemma-3-4b-it,100.0,simplify,instruction_following,a98ad49f679ca8bdc79c031eb582b25bb761814698c9538dffe01d0cf46efd98
2213,llama-3.1-8b-instruct,33.3333333333333,simplify,instruction_following,a98ad49f679ca8bdc79c031eb582b25bb761814698c9538dffe01d0cf46efd98
2214,llama-3.2-1b-instruct,33.3333333333333,simplify,instruction_following,a98ad49f679ca8bdc79c031eb582b25bb761814698c9538dffe01d0cf46efd98
2215,llama-3.2-3b-instruct,33.3333333333333,simplify,instruction_following,a98ad49f679ca8bdc79c031eb582b25bb761814698c9538dffe01d0cf46efd98
2216,mistral-24b,33.3333333333333,simplify,instruction_following,a98ad49f679ca8bdc79c031eb582b25bb761814698c9538dffe01d0cf46efd98
2217,mistral-7b,33.3333333333333,simplify,instruction_following,a98ad49f679ca8bdc79c031eb582b25bb761814698c9538dffe01d0cf46efd98
2218,qwen2.5-32b,33.3333333333333,simplify,instruction_following,a98ad49f679ca8bdc79c031eb582b25bb761814698c9538dffe01d0cf46efd98
2219,qwen2.5-3b,33.3333333333333,simplify,instruction_following,a98ad49f679ca8bdc79c031eb582b25bb761814698c9538dffe01d0cf46efd98
2220,gemma-3-12b-it,100.0,simplify,instruction_following,ab93699af24f729ee26d853c8885b8abb2e4f3e5fec9727d46ffb27f67174b6c
2221,gemma-3-1b-it,0.0,simplify,instruction_following,ab93699af24f729ee26d853c8885b8abb2e4f3e5fec9727d46ffb27f67174b6c
2222,gemma-3-4b-it,100.0,simplify,instruction_following,ab93699af24f729ee26d853c8885b8abb2e4f3e5fec9727d46ffb27f67174b6c
2223,llama-3.1-8b-instruct,100.0,simplify,instruction_following,ab93699af24f729ee26d853c8885b8abb2e4f3e5fec9727d46ffb27f67174b6c
2224,llama-3.2-1b-instruct,100.0,simplify,instruction_following,ab93699af24f729ee26d853c8885b8abb2e4f3e5fec9727d46ffb27f67174b6c
2225,llama-3.2-3b-instruct,100.0,simplify,instruction_following,ab93699af24f729ee26d853c8885b8abb2e4f3e5fec9727d46ffb27f67174b6c
2226,mistral-24b,0.0,simplify,instruction_following,ab93699af24f729ee26d853c8885b8abb2e4f3e5fec9727d46ffb27f67174b6c
2227,mistral-7b,0.0,simplify,instruction_following,ab93699af24f729ee26d853c8885b8abb2e4f3e5fec9727d46ffb27f67174b6c
2228,qwen2.5-32b,100.0,simplify,instruction_following,ab93699af24f729ee26d853c8885b8abb2e4f3e5fec9727d46ffb27f67174b6c
2229,qwen2.5-3b,100.0,simplify,instruction_following,ab93699af24f729ee26d853c8885b8abb2e4f3e5fec9727d46ffb27f67174b6c
2230,gemma-3-12b-it,20.0,simplify,instruction_following,ae0ffd84f8b9b97d2f8fdaf8c1f9c659a79e07d265f8be0af277fd3b557da7f5
2231,gemma-3-1b-it,0.0,simplify,instruction_following,ae0ffd84f8b9b97d2f8fdaf8c1f9c659a79e07d265f8be0af277fd3b557da7f5
2232,gemma-3-4b-it,20.0,simplify,instruction_following,ae0ffd84f8b9b97d2f8fdaf8c1f9c659a79e07d265f8be0af277fd3b557da7f5
2233,llama-3.1-8b-instruct,20.0,simplify,instruction_following,ae0ffd84f8b9b97d2f8fdaf8c1f9c659a79e07d265f8be0af277fd3b557da7f5
2234,llama-3.2-1b-instruct,20.0,simplify,instruction_following,ae0ffd84f8b9b97d2f8fdaf8c1f9c659a79e07d265f8be0af277fd3b557da7f5
2235,llama-3.2-3b-instruct,20.0,simplify,instruction_following,ae0ffd84f8b9b97d2f8fdaf8c1f9c659a79e07d265f8be0af277fd3b557da7f5
2236,mistral-24b,20.0,simplify,instruction_following,ae0ffd84f8b9b97d2f8fdaf8c1f9c659a79e07d265f8be0af277fd3b557da7f5
2237,mistral-7b,20.0,simplify,instruction_following,ae0ffd84f8b9b97d2f8fdaf8c1f9c659a79e07d265f8be0af277fd3b557da7f5
2238,qwen2.5-32b,20.0,simplify,instruction_following,ae0ffd84f8b9b97d2f8fdaf8c1f9c659a79e07d265f8be0af277fd3b557da7f5
2239,qwen2.5-3b,20.0,simplify,instruction_following,ae0ffd84f8b9b97d2f8fdaf8c1f9c659a79e07d265f8be0af277fd3b557da7f5
2240,gemma-3-12b-it,25.0,simplify,instruction_following,b20533225ebe74930e1e91660add78af4196fcc13f2352ec713b60ab999800e7
2241,gemma-3-1b-it,25.0,simplify,instruction_following,b20533225ebe74930e1e91660add78af4196fcc13f2352ec713b60ab999800e7
2242,gemma-3-4b-it,25.0,simplify,instruction_following,b20533225ebe74930e1e91660add78af4196fcc13f2352ec713b60ab999800e7
2243,llama-3.1-8b-instruct,25.0,simplify,instruction_following,b20533225ebe74930e1e91660add78af4196fcc13f2352ec713b60ab999800e7
2244,llama-3.2-1b-instruct,25.0,simplify,instruction_following,b20533225ebe74930e1e91660add78af4196fcc13f2352ec713b60ab999800e7
2245,llama-3.2-3b-instruct,25.0,simplify,instruction_following,b20533225ebe74930e1e91660add78af4196fcc13f2352ec713b60ab999800e7
2246,mistral-24b,25.0,simplify,instruction_following,b20533225ebe74930e1e91660add78af4196fcc13f2352ec713b60ab999800e7
2247,mistral-7b,25.0,simplify,instruction_following,b20533225ebe74930e1e91660add78af4196fcc13f2352ec713b60ab999800e7
2248,qwen2.5-32b,25.0,simplify,instruction_following,b20533225ebe74930e1e91660add78af4196fcc13f2352ec713b60ab999800e7
2249,qwen2.5-3b,25.0,simplify,instruction_following,b20533225ebe74930e1e91660add78af4196fcc13f2352ec713b60ab999800e7
2250,gemma-3-12b-it,100.0,simplify,instruction_following,c6835e10ecd1dbbb3fd81e29e389366511a23ad5f59d6d3a1c107e38c09aee63
2251,gemma-3-1b-it,25.0,simplify,instruction_following,c6835e10ecd1dbbb3fd81e29e389366511a23ad5f59d6d3a1c107e38c09aee63
2252,gemma-3-4b-it,25.0,simplify,instruction_following,c6835e10ecd1dbbb3fd81e29e389366511a23ad5f59d6d3a1c107e38c09aee63
2253,llama-3.1-8b-instruct,25.0,simplify,instruction_following,c6835e10ecd1dbbb3fd81e29e389366511a23ad5f59d6d3a1c107e38c09aee63
2254,llama-3.2-1b-instruct,25.0,simplify,instruction_following,c6835e10ecd1dbbb3fd81e29e389366511a23ad5f59d6d3a1c107e38c09aee63
2255,llama-3.2-3b-instruct,25.0,simplify,instruction_following,c6835e10ecd1dbbb3fd81e29e389366511a23ad5f59d6d3a1c107e38c09aee63
2256,mistral-24b,100.0,simplify,instruction_following,c6835e10ecd1dbbb3fd81e29e389366511a23ad5f59d6d3a1c107e38c09aee63
2257,mistral-7b,25.0,simplify,instruction_following,c6835e10ecd1dbbb3fd81e29e389366511a23ad5f59d6d3a1c107e38c09aee63
2258,qwen2.5-32b,100.0,simplify,instruction_following,c6835e10ecd1dbbb3fd81e29e389366511a23ad5f59d6d3a1c107e38c09aee63
2259,qwen2.5-3b,25.0,simplify,instruction_following,c6835e10ecd1dbbb3fd81e29e389366511a23ad5f59d6d3a1c107e38c09aee63
2260,gemma-3-12b-it,100.0,simplify,instruction_following,d8c3162824625c25d1ec1f4d2d1a3e48e0e0a268d5fe4bf8786ac892e9365bdb
2261,gemma-3-1b-it,33.3333333333333,simplify,instruction_following,d8c3162824625c25d1ec1f4d2d1a3e48e0e0a268d5fe4bf8786ac892e9365bdb
2262,gemma-3-4b-it,33.3333333333333,simplify,instruction_following,d8c3162824625c25d1ec1f4d2d1a3e48e0e0a268d5fe4bf8786ac892e9365bdb
2263,llama-3.1-8b-instruct,100.0,simplify,instruction_following,d8c3162824625c25d1ec1f4d2d1a3e48e0e0a268d5fe4bf8786ac892e9365bdb
2264,llama-3.2-1b-instruct,33.3333333333333,simplify,instruction_following,d8c3162824625c25d1ec1f4d2d1a3e48e0e0a268d5fe4bf8786ac892e9365bdb
2265,llama-3.2-3b-instruct,100.0,simplify,instruction_following,d8c3162824625c25d1ec1f4d2d1a3e48e0e0a268d5fe4bf8786ac892e9365bdb
2266,mistral-24b,33.3333333333333,simplify,instruction_following,d8c3162824625c25d1ec1f4d2d1a3e48e0e0a268d5fe4bf8786ac892e9365bdb
2267,mistral-7b,16.6666666666666,simplify,instruction_following,d8c3162824625c25d1ec1f4d2d1a3e48e0e0a268d5fe4bf8786ac892e9365bdb
2268,qwen2.5-32b,16.6666666666666,simplify,instruction_following,d8c3162824625c25d1ec1f4d2d1a3e48e0e0a268d5fe4bf8786ac892e9365bdb
2269,qwen2.5-3b,33.3333333333333,simplify,instruction_following,d8c3162824625c25d1ec1f4d2d1a3e48e0e0a268d5fe4bf8786ac892e9365bdb
2270,gemma-3-12b-it,16.6666666666666,simplify,instruction_following,dcacfcb88597163556905d4a6aad0e337b4fcc88014b91ca8ee779389e2e5761
2271,gemma-3-1b-it,16.6666666666666,simplify,instruction_following,dcacfcb88597163556905d4a6aad0e337b4fcc88014b91ca8ee779389e2e5761
2272,gemma-3-4b-it,16.6666666666666,simplify,instruction_following,dcacfcb88597163556905d4a6aad0e337b4fcc88014b91ca8ee779389e2e5761
2273,llama-3.1-8b-instruct,16.6666666666666,simplify,instruction_following,dcacfcb88597163556905d4a6aad0e337b4fcc88014b91ca8ee779389e2e5761
2274,llama-3.2-1b-instruct,16.6666666666666,simplify,instruction_following,dcacfcb88597163556905d4a6aad0e337b4fcc88014b91ca8ee779389e2e5761
2275,llama-3.2-3b-instruct,16.6666666666666,simplify,instruction_following,dcacfcb88597163556905d4a6aad0e337b4fcc88014b91ca8ee779389e2e5761
2276,mistral-24b,16.6666666666666,simplify,instruction_following,dcacfcb88597163556905d4a6aad0e337b4fcc88014b91ca8ee779389e2e5761
2277,mistral-7b,16.6666666666666,simplify,instruction_following,dcacfcb88597163556905d4a6aad0e337b4fcc88014b91ca8ee779389e2e5761
2278,qwen2.5-32b,16.6666666666666,simplify,instruction_following,dcacfcb88597163556905d4a6aad0e337b4fcc88014b91ca8ee779389e2e5761
2279,qwen2.5-3b,16.6666666666666,simplify,instruction_following,dcacfcb88597163556905d4a6aad0e337b4fcc88014b91ca8ee779389e2e5761
2280,gemma-3-12b-it,33.3333333333333,simplify,instruction_following,e065313a7cdd2a0bf8f5c970a24928aa7fb8d199a4747df99215aec0f4f51d58
2281,gemma-3-1b-it,16.6666666666666,simplify,instruction_following,e065313a7cdd2a0bf8f5c970a24928aa7fb8d199a4747df99215aec0f4f51d58
2282,gemma-3-4b-it,16.6666666666666,simplify,instruction_following,e065313a7cdd2a0bf8f5c970a24928aa7fb8d199a4747df99215aec0f4f51d58
2283,llama-3.1-8b-instruct,33.3333333333333,simplify,instruction_following,e065313a7cdd2a0bf8f5c970a24928aa7fb8d199a4747df99215aec0f4f51d58
2284,llama-3.2-1b-instruct,33.3333333333333,simplify,instruction_following,e065313a7cdd2a0bf8f5c970a24928aa7fb8d199a4747df99215aec0f4f51d58
2285,llama-3.2-3b-instruct,33.3333333333333,simplify,instruction_following,e065313a7cdd2a0bf8f5c970a24928aa7fb8d199a4747df99215aec0f4f51d58
2286,mistral-24b,100.0,simplify,instruction_following,e065313a7cdd2a0bf8f5c970a24928aa7fb8d199a4747df99215aec0f4f51d58
2287,mistral-7b,33.3333333333333,simplify,instruction_following,e065313a7cdd2a0bf8f5c970a24928aa7fb8d199a4747df99215aec0f4f51d58
2288,qwen2.5-32b,100.0,simplify,instruction_following,e065313a7cdd2a0bf8f5c970a24928aa7fb8d199a4747df99215aec0f4f51d58
2289,qwen2.5-3b,33.3333333333333,simplify,instruction_following,e065313a7cdd2a0bf8f5c970a24928aa7fb8d199a4747df99215aec0f4f51d58
2290,gemma-3-12b-it,100.0,simplify,instruction_following,e06b6e253b633911d84214cf18e27eeae06fb5f75e5508c243bb603e4be1ce8e
2291,gemma-3-1b-it,100.0,simplify,instruction_following,e06b6e253b633911d84214cf18e27eeae06fb5f75e5508c243bb603e4be1ce8e
2292,gemma-3-4b-it,100.0,simplify,instruction_following,e06b6e253b633911d84214cf18e27eeae06fb5f75e5508c243bb603e4be1ce8e
2293,llama-3.1-8b-instruct,100.0,simplify,instruction_following,e06b6e253b633911d84214cf18e27eeae06fb5f75e5508c243bb603e4be1ce8e
2294,llama-3.2-1b-instruct,25.0,simplify,instruction_following,e06b6e253b633911d84214cf18e27eeae06fb5f75e5508c243bb603e4be1ce8e
2295,llama-3.2-3b-instruct,100.0,simplify,instruction_following,e06b6e253b633911d84214cf18e27eeae06fb5f75e5508c243bb603e4be1ce8e
2296,mistral-24b,100.0,simplify,instruction_following,e06b6e253b633911d84214cf18e27eeae06fb5f75e5508c243bb603e4be1ce8e
2297,mistral-7b,25.0,simplify,instruction_following,e06b6e253b633911d84214cf18e27eeae06fb5f75e5508c243bb603e4be1ce8e
2298,qwen2.5-32b,100.0,simplify,instruction_following,e06b6e253b633911d84214cf18e27eeae06fb5f75e5508c243bb603e4be1ce8e
2299,qwen2.5-3b,0.0,simplify,instruction_following,e06b6e253b633911d84214cf18e27eeae06fb5f75e5508c243bb603e4be1ce8e
2300,gemma-3-12b-it,37.5,simplify,instruction_following,e1677c9b0ea080b3b209ddc602ce6df1c1cc6e44ced22c1dc17264e85a2b67b5
2301,gemma-3-1b-it,37.5,simplify,instruction_following,e1677c9b0ea080b3b209ddc602ce6df1c1cc6e44ced22c1dc17264e85a2b67b5
2302,gemma-3-4b-it,37.5,simplify,instruction_following,e1677c9b0ea080b3b209ddc602ce6df1c1cc6e44ced22c1dc17264e85a2b67b5
2303,llama-3.1-8b-instruct,100.0,simplify,instruction_following,e1677c9b0ea080b3b209ddc602ce6df1c1cc6e44ced22c1dc17264e85a2b67b5
2304,llama-3.2-1b-instruct,25.0,simplify,instruction_following,e1677c9b0ea080b3b209ddc602ce6df1c1cc6e44ced22c1dc17264e85a2b67b5
2305,llama-3.2-3b-instruct,100.0,simplify,instruction_following,e1677c9b0ea080b3b209ddc602ce6df1c1cc6e44ced22c1dc17264e85a2b67b5
2306,mistral-24b,100.0,simplify,instruction_following,e1677c9b0ea080b3b209ddc602ce6df1c1cc6e44ced22c1dc17264e85a2b67b5
2307,mistral-7b,37.5,simplify,instruction_following,e1677c9b0ea080b3b209ddc602ce6df1c1cc6e44ced22c1dc17264e85a2b67b5
2308,qwen2.5-32b,100.0,simplify,instruction_following,e1677c9b0ea080b3b209ddc602ce6df1c1cc6e44ced22c1dc17264e85a2b67b5
2309,qwen2.5-3b,12.5,simplify,instruction_following,e1677c9b0ea080b3b209ddc602ce6df1c1cc6e44ced22c1dc17264e85a2b67b5
2310,gemma-3-12b-it,37.5,simplify,instruction_following,efc8c16d4a45788d0442b788832999dd0221714858f134de2039bd594e084af5
2311,gemma-3-1b-it,37.5,simplify,instruction_following,efc8c16d4a45788d0442b788832999dd0221714858f134de2039bd594e084af5
2312,gemma-3-4b-it,37.5,simplify,instruction_following,efc8c16d4a45788d0442b788832999dd0221714858f134de2039bd594e084af5
2313,llama-3.1-8b-instruct,37.5,simplify,instruction_following,efc8c16d4a45788d0442b788832999dd0221714858f134de2039bd594e084af5
2314,llama-3.2-1b-instruct,25.0,simplify,instruction_following,efc8c16d4a45788d0442b788832999dd0221714858f134de2039bd594e084af5
2315,llama-3.2-3b-instruct,100.0,simplify,instruction_following,efc8c16d4a45788d0442b788832999dd0221714858f134de2039bd594e084af5
2316,mistral-24b,100.0,simplify,instruction_following,efc8c16d4a45788d0442b788832999dd0221714858f134de2039bd594e084af5
2317,mistral-7b,37.5,simplify,instruction_following,efc8c16d4a45788d0442b788832999dd0221714858f134de2039bd594e084af5
2318,qwen2.5-32b,100.0,simplify,instruction_following,efc8c16d4a45788d0442b788832999dd0221714858f134de2039bd594e084af5
2319,qwen2.5-3b,100.0,simplify,instruction_following,efc8c16d4a45788d0442b788832999dd0221714858f134de2039bd594e084af5
2320,gemma-3-12b-it,100.0,summarize,instruction_following,02b82146fcd90e18dad8f8ef85bd5566a2c7540429fc8e03c73b98dac3f58cf4
2321,gemma-3-1b-it,100.0,summarize,instruction_following,02b82146fcd90e18dad8f8ef85bd5566a2c7540429fc8e03c73b98dac3f58cf4
2322,gemma-3-4b-it,100.0,summarize,instruction_following,02b82146fcd90e18dad8f8ef85bd5566a2c7540429fc8e03c73b98dac3f58cf4
2323,llama-3.1-8b-instruct,100.0,summarize,instruction_following,02b82146fcd90e18dad8f8ef85bd5566a2c7540429fc8e03c73b98dac3f58cf4
2324,llama-3.2-1b-instruct,0.0,summarize,instruction_following,02b82146fcd90e18dad8f8ef85bd5566a2c7540429fc8e03c73b98dac3f58cf4
2325,llama-3.2-3b-instruct,100.0,summarize,instruction_following,02b82146fcd90e18dad8f8ef85bd5566a2c7540429fc8e03c73b98dac3f58cf4
2326,mistral-24b,100.0,summarize,instruction_following,02b82146fcd90e18dad8f8ef85bd5566a2c7540429fc8e03c73b98dac3f58cf4
2327,mistral-7b,100.0,summarize,instruction_following,02b82146fcd90e18dad8f8ef85bd5566a2c7540429fc8e03c73b98dac3f58cf4
2328,qwen2.5-32b,100.0,summarize,instruction_following,02b82146fcd90e18dad8f8ef85bd5566a2c7540429fc8e03c73b98dac3f58cf4
2329,qwen2.5-3b,0.0,summarize,instruction_following,02b82146fcd90e18dad8f8ef85bd5566a2c7540429fc8e03c73b98dac3f58cf4
2330,gemma-3-12b-it,100.0,summarize,instruction_following,0b041d87e0bba1a5db140a69ef8fd4e844f1f0f0b86be7a6ceba5f9edf36d584
2331,gemma-3-1b-it,33.3333333333333,summarize,instruction_following,0b041d87e0bba1a5db140a69ef8fd4e844f1f0f0b86be7a6ceba5f9edf36d584
2332,gemma-3-4b-it,33.3333333333333,summarize,instruction_following,0b041d87e0bba1a5db140a69ef8fd4e844f1f0f0b86be7a6ceba5f9edf36d584
2333,llama-3.1-8b-instruct,16.6666666666666,summarize,instruction_following,0b041d87e0bba1a5db140a69ef8fd4e844f1f0f0b86be7a6ceba5f9edf36d584
2334,llama-3.2-1b-instruct,33.3333333333333,summarize,instruction_following,0b041d87e0bba1a5db140a69ef8fd4e844f1f0f0b86be7a6ceba5f9edf36d584
2335,llama-3.2-3b-instruct,16.6666666666666,summarize,instruction_following,0b041d87e0bba1a5db140a69ef8fd4e844f1f0f0b86be7a6ceba5f9edf36d584
2336,mistral-24b,16.6666666666666,summarize,instruction_following,0b041d87e0bba1a5db140a69ef8fd4e844f1f0f0b86be7a6ceba5f9edf36d584
2337,mistral-7b,33.3333333333333,summarize,instruction_following,0b041d87e0bba1a5db140a69ef8fd4e844f1f0f0b86be7a6ceba5f9edf36d584
2338,qwen2.5-32b,16.6666666666666,summarize,instruction_following,0b041d87e0bba1a5db140a69ef8fd4e844f1f0f0b86be7a6ceba5f9edf36d584
2339,qwen2.5-3b,16.6666666666666,summarize,instruction_following,0b041d87e0bba1a5db140a69ef8fd4e844f1f0f0b86be7a6ceba5f9edf36d584
2340,gemma-3-12b-it,0.0,summarize,instruction_following,126dc38dc54c62e924d47a259e4236e596583c91d33ef6b22af272e9819c8201
2341,gemma-3-1b-it,0.0,summarize,instruction_following,126dc38dc54c62e924d47a259e4236e596583c91d33ef6b22af272e9819c8201
2342,gemma-3-4b-it,0.0,summarize,instruction_following,126dc38dc54c62e924d47a259e4236e596583c91d33ef6b22af272e9819c8201
2343,llama-3.1-8b-instruct,0.0,summarize,instruction_following,126dc38dc54c62e924d47a259e4236e596583c91d33ef6b22af272e9819c8201
2344,llama-3.2-1b-instruct,0.0,summarize,instruction_following,126dc38dc54c62e924d47a259e4236e596583c91d33ef6b22af272e9819c8201
2345,llama-3.2-3b-instruct,0.0,summarize,instruction_following,126dc38dc54c62e924d47a259e4236e596583c91d33ef6b22af272e9819c8201
2346,mistral-24b,0.0,summarize,instruction_following,126dc38dc54c62e924d47a259e4236e596583c91d33ef6b22af272e9819c8201
2347,mistral-7b,0.0,summarize,instruction_following,126dc38dc54c62e924d47a259e4236e596583c91d33ef6b22af272e9819c8201
2348,qwen2.5-32b,0.0,summarize,instruction_following,126dc38dc54c62e924d47a259e4236e596583c91d33ef6b22af272e9819c8201
2349,qwen2.5-3b,0.0,summarize,instruction_following,126dc38dc54c62e924d47a259e4236e596583c91d33ef6b22af272e9819c8201
2350,gemma-3-12b-it,100.0,summarize,instruction_following,1a06f223c7988766f6c876404f04df808915b4bb08d1fca784eadec17e502973
2351,gemma-3-1b-it,41.6666666666666,summarize,instruction_following,1a06f223c7988766f6c876404f04df808915b4bb08d1fca784eadec17e502973
2352,gemma-3-4b-it,33.3333333333333,summarize,instruction_following,1a06f223c7988766f6c876404f04df808915b4bb08d1fca784eadec17e502973
2353,llama-3.1-8b-instruct,100.0,summarize,instruction_following,1a06f223c7988766f6c876404f04df808915b4bb08d1fca784eadec17e502973
2354,llama-3.2-1b-instruct,41.6666666666666,summarize,instruction_following,1a06f223c7988766f6c876404f04df808915b4bb08d1fca784eadec17e502973
2355,llama-3.2-3b-instruct,25.0,summarize,instruction_following,1a06f223c7988766f6c876404f04df808915b4bb08d1fca784eadec17e502973
2356,mistral-24b,33.3333333333333,summarize,instruction_following,1a06f223c7988766f6c876404f04df808915b4bb08d1fca784eadec17e502973
2357,mistral-7b,41.6666666666666,summarize,instruction_following,1a06f223c7988766f6c876404f04df808915b4bb08d1fca784eadec17e502973
2358,qwen2.5-32b,33.3333333333333,summarize,instruction_following,1a06f223c7988766f6c876404f04df808915b4bb08d1fca784eadec17e502973
2359,qwen2.5-3b,33.3333333333333,summarize,instruction_following,1a06f223c7988766f6c876404f04df808915b4bb08d1fca784eadec17e502973
2360,gemma-3-12b-it,100.0,summarize,instruction_following,1f2f5fc2ab5a7a257d29e9cf4ddfee43ad6bc343122e11423f1f522912f940ff
2361,gemma-3-1b-it,100.0,summarize,instruction_following,1f2f5fc2ab5a7a257d29e9cf4ddfee43ad6bc343122e11423f1f522912f940ff
2362,gemma-3-4b-it,100.0,summarize,instruction_following,1f2f5fc2ab5a7a257d29e9cf4ddfee43ad6bc343122e11423f1f522912f940ff
2363,llama-3.1-8b-instruct,100.0,summarize,instruction_following,1f2f5fc2ab5a7a257d29e9cf4ddfee43ad6bc343122e11423f1f522912f940ff
2364,llama-3.2-1b-instruct,100.0,summarize,instruction_following,1f2f5fc2ab5a7a257d29e9cf4ddfee43ad6bc343122e11423f1f522912f940ff
2365,llama-3.2-3b-instruct,100.0,summarize,instruction_following,1f2f5fc2ab5a7a257d29e9cf4ddfee43ad6bc343122e11423f1f522912f940ff
2366,mistral-24b,100.0,summarize,instruction_following,1f2f5fc2ab5a7a257d29e9cf4ddfee43ad6bc343122e11423f1f522912f940ff
2367,mistral-7b,100.0,summarize,instruction_following,1f2f5fc2ab5a7a257d29e9cf4ddfee43ad6bc343122e11423f1f522912f940ff
2368,qwen2.5-32b,100.0,summarize,instruction_following,1f2f5fc2ab5a7a257d29e9cf4ddfee43ad6bc343122e11423f1f522912f940ff
2369,qwen2.5-3b,0.0,summarize,instruction_following,1f2f5fc2ab5a7a257d29e9cf4ddfee43ad6bc343122e11423f1f522912f940ff
2370,gemma-3-12b-it,100.0,summarize,instruction_following,1fb8a9d0877b746f95e08dc3e108563fc01d3248e8bb5000fabe88e1f6feaddd
2371,gemma-3-1b-it,100.0,summarize,instruction_following,1fb8a9d0877b746f95e08dc3e108563fc01d3248e8bb5000fabe88e1f6feaddd
2372,gemma-3-4b-it,100.0,summarize,instruction_following,1fb8a9d0877b746f95e08dc3e108563fc01d3248e8bb5000fabe88e1f6feaddd
2373,llama-3.1-8b-instruct,100.0,summarize,instruction_following,1fb8a9d0877b746f95e08dc3e108563fc01d3248e8bb5000fabe88e1f6feaddd
2374,llama-3.2-1b-instruct,100.0,summarize,instruction_following,1fb8a9d0877b746f95e08dc3e108563fc01d3248e8bb5000fabe88e1f6feaddd
2375,llama-3.2-3b-instruct,100.0,summarize,instruction_following,1fb8a9d0877b746f95e08dc3e108563fc01d3248e8bb5000fabe88e1f6feaddd
2376,mistral-24b,100.0,summarize,instruction_following,1fb8a9d0877b746f95e08dc3e108563fc01d3248e8bb5000fabe88e1f6feaddd
2377,mistral-7b,100.0,summarize,instruction_following,1fb8a9d0877b746f95e08dc3e108563fc01d3248e8bb5000fabe88e1f6feaddd
2378,qwen2.5-32b,100.0,summarize,instruction_following,1fb8a9d0877b746f95e08dc3e108563fc01d3248e8bb5000fabe88e1f6feaddd
2379,qwen2.5-3b,100.0,summarize,instruction_following,1fb8a9d0877b746f95e08dc3e108563fc01d3248e8bb5000fabe88e1f6feaddd
2380,gemma-3-12b-it,100.0,summarize,instruction_following,2a31c6e6b5ec6b4327e64720d10df1cb390535a102652285ee32e2f07266835c
2381,gemma-3-1b-it,0.0,summarize,instruction_following,2a31c6e6b5ec6b4327e64720d10df1cb390535a102652285ee32e2f07266835c
2382,gemma-3-4b-it,100.0,summarize,instruction_following,2a31c6e6b5ec6b4327e64720d10df1cb390535a102652285ee32e2f07266835c
2383,llama-3.1-8b-instruct,100.0,summarize,instruction_following,2a31c6e6b5ec6b4327e64720d10df1cb390535a102652285ee32e2f07266835c
2384,llama-3.2-1b-instruct,0.0,summarize,instruction_following,2a31c6e6b5ec6b4327e64720d10df1cb390535a102652285ee32e2f07266835c
2385,llama-3.2-3b-instruct,100.0,summarize,instruction_following,2a31c6e6b5ec6b4327e64720d10df1cb390535a102652285ee32e2f07266835c
2386,mistral-24b,100.0,summarize,instruction_following,2a31c6e6b5ec6b4327e64720d10df1cb390535a102652285ee32e2f07266835c
2387,mistral-7b,100.0,summarize,instruction_following,2a31c6e6b5ec6b4327e64720d10df1cb390535a102652285ee32e2f07266835c
2388,qwen2.5-32b,100.0,summarize,instruction_following,2a31c6e6b5ec6b4327e64720d10df1cb390535a102652285ee32e2f07266835c
2389,qwen2.5-3b,100.0,summarize,instruction_following,2a31c6e6b5ec6b4327e64720d10df1cb390535a102652285ee32e2f07266835c
2390,gemma-3-12b-it,37.5,summarize,instruction_following,2c3f86f578e93981bec447960c57fc27daf35b6fd9eaeb6cbf1ca1611853b6e1
2391,gemma-3-1b-it,37.5,summarize,instruction_following,2c3f86f578e93981bec447960c57fc27daf35b6fd9eaeb6cbf1ca1611853b6e1
2392,gemma-3-4b-it,37.5,summarize,instruction_following,2c3f86f578e93981bec447960c57fc27daf35b6fd9eaeb6cbf1ca1611853b6e1
2393,llama-3.1-8b-instruct,37.5,summarize,instruction_following,2c3f86f578e93981bec447960c57fc27daf35b6fd9eaeb6cbf1ca1611853b6e1
2394,llama-3.2-1b-instruct,37.5,summarize,instruction_following,2c3f86f578e93981bec447960c57fc27daf35b6fd9eaeb6cbf1ca1611853b6e1
2395,llama-3.2-3b-instruct,37.5,summarize,instruction_following,2c3f86f578e93981bec447960c57fc27daf35b6fd9eaeb6cbf1ca1611853b6e1
2396,mistral-24b,25.0,summarize,instruction_following,2c3f86f578e93981bec447960c57fc27daf35b6fd9eaeb6cbf1ca1611853b6e1
2397,mistral-7b,25.0,summarize,instruction_following,2c3f86f578e93981bec447960c57fc27daf35b6fd9eaeb6cbf1ca1611853b6e1
2398,qwen2.5-32b,37.5,summarize,instruction_following,2c3f86f578e93981bec447960c57fc27daf35b6fd9eaeb6cbf1ca1611853b6e1
2399,qwen2.5-3b,37.5,summarize,instruction_following,2c3f86f578e93981bec447960c57fc27daf35b6fd9eaeb6cbf1ca1611853b6e1
2400,gemma-3-12b-it,25.0,summarize,instruction_following,2f6354487148a4a2641e5ed1e0983603374a1f8c66f1d2eebe5892dd9735d1d6
2401,gemma-3-1b-it,25.0,summarize,instruction_following,2f6354487148a4a2641e5ed1e0983603374a1f8c66f1d2eebe5892dd9735d1d6
2402,gemma-3-4b-it,12.5,summarize,instruction_following,2f6354487148a4a2641e5ed1e0983603374a1f8c66f1d2eebe5892dd9735d1d6
2403,llama-3.1-8b-instruct,37.5,summarize,instruction_following,2f6354487148a4a2641e5ed1e0983603374a1f8c66f1d2eebe5892dd9735d1d6
2404,llama-3.2-1b-instruct,25.0,summarize,instruction_following,2f6354487148a4a2641e5ed1e0983603374a1f8c66f1d2eebe5892dd9735d1d6
2405,llama-3.2-3b-instruct,37.5,summarize,instruction_following,2f6354487148a4a2641e5ed1e0983603374a1f8c66f1d2eebe5892dd9735d1d6
2406,mistral-24b,25.0,summarize,instruction_following,2f6354487148a4a2641e5ed1e0983603374a1f8c66f1d2eebe5892dd9735d1d6
2407,mistral-7b,25.0,summarize,instruction_following,2f6354487148a4a2641e5ed1e0983603374a1f8c66f1d2eebe5892dd9735d1d6
2408,qwen2.5-32b,37.5,summarize,instruction_following,2f6354487148a4a2641e5ed1e0983603374a1f8c66f1d2eebe5892dd9735d1d6
2409,qwen2.5-3b,37.5,summarize,instruction_following,2f6354487148a4a2641e5ed1e0983603374a1f8c66f1d2eebe5892dd9735d1d6
2410,gemma-3-12b-it,16.6666666666666,summarize,instruction_following,329f04c43b93f6b787a2ef8a8e23519bc113196e6affc837dd6badb51cd17145
2411,gemma-3-1b-it,0.0,summarize,instruction_following,329f04c43b93f6b787a2ef8a8e23519bc113196e6affc837dd6badb51cd17145
2412,gemma-3-4b-it,0.0,summarize,instruction_following,329f04c43b93f6b787a2ef8a8e23519bc113196e6affc837dd6badb51cd17145
2413,llama-3.1-8b-instruct,16.6666666666666,summarize,instruction_following,329f04c43b93f6b787a2ef8a8e23519bc113196e6affc837dd6badb51cd17145
2414,llama-3.2-1b-instruct,16.6666666666666,summarize,instruction_following,329f04c43b93f6b787a2ef8a8e23519bc113196e6affc837dd6badb51cd17145
2415,llama-3.2-3b-instruct,16.6666666666666,summarize,instruction_following,329f04c43b93f6b787a2ef8a8e23519bc113196e6affc837dd6badb51cd17145
2416,mistral-24b,16.6666666666666,summarize,instruction_following,329f04c43b93f6b787a2ef8a8e23519bc113196e6affc837dd6badb51cd17145
2417,mistral-7b,16.6666666666666,summarize,instruction_following,329f04c43b93f6b787a2ef8a8e23519bc113196e6affc837dd6badb51cd17145
2418,qwen2.5-32b,33.3333333333333,summarize,instruction_following,329f04c43b93f6b787a2ef8a8e23519bc113196e6affc837dd6badb51cd17145
2419,qwen2.5-3b,16.6666666666666,summarize,instruction_following,329f04c43b93f6b787a2ef8a8e23519bc113196e6affc837dd6badb51cd17145
2420,gemma-3-12b-it,0.0,summarize,instruction_following,35f0f1ed2343d39d4b33f4da26d7c7a0eb846d974a59bcf275cbaf70a12536cd
2421,gemma-3-1b-it,0.0,summarize,instruction_following,35f0f1ed2343d39d4b33f4da26d7c7a0eb846d974a59bcf275cbaf70a12536cd
2422,gemma-3-4b-it,0.0,summarize,instruction_following,35f0f1ed2343d39d4b33f4da26d7c7a0eb846d974a59bcf275cbaf70a12536cd
2423,llama-3.1-8b-instruct,25.0,summarize,instruction_following,35f0f1ed2343d39d4b33f4da26d7c7a0eb846d974a59bcf275cbaf70a12536cd
2424,llama-3.2-1b-instruct,0.0,summarize,instruction_following,35f0f1ed2343d39d4b33f4da26d7c7a0eb846d974a59bcf275cbaf70a12536cd
2425,llama-3.2-3b-instruct,0.0,summarize,instruction_following,35f0f1ed2343d39d4b33f4da26d7c7a0eb846d974a59bcf275cbaf70a12536cd
2426,mistral-24b,25.0,summarize,instruction_following,35f0f1ed2343d39d4b33f4da26d7c7a0eb846d974a59bcf275cbaf70a12536cd
2427,mistral-7b,25.0,summarize,instruction_following,35f0f1ed2343d39d4b33f4da26d7c7a0eb846d974a59bcf275cbaf70a12536cd
2428,qwen2.5-32b,0.0,summarize,instruction_following,35f0f1ed2343d39d4b33f4da26d7c7a0eb846d974a59bcf275cbaf70a12536cd
2429,qwen2.5-3b,25.0,summarize,instruction_following,35f0f1ed2343d39d4b33f4da26d7c7a0eb846d974a59bcf275cbaf70a12536cd
2430,gemma-3-12b-it,25.0,summarize,instruction_following,39b9b97d7dc68b98be2609ea101b96cbd2743f69d1264ea5f36783a153a6e5f3
2431,gemma-3-1b-it,25.0,summarize,instruction_following,39b9b97d7dc68b98be2609ea101b96cbd2743f69d1264ea5f36783a153a6e5f3
2432,gemma-3-4b-it,25.0,summarize,instruction_following,39b9b97d7dc68b98be2609ea101b96cbd2743f69d1264ea5f36783a153a6e5f3
2433,llama-3.1-8b-instruct,25.0,summarize,instruction_following,39b9b97d7dc68b98be2609ea101b96cbd2743f69d1264ea5f36783a153a6e5f3
2434,llama-3.2-1b-instruct,25.0,summarize,instruction_following,39b9b97d7dc68b98be2609ea101b96cbd2743f69d1264ea5f36783a153a6e5f3
2435,llama-3.2-3b-instruct,25.0,summarize,instruction_following,39b9b97d7dc68b98be2609ea101b96cbd2743f69d1264ea5f36783a153a6e5f3
2436,mistral-24b,37.5,summarize,instruction_following,39b9b97d7dc68b98be2609ea101b96cbd2743f69d1264ea5f36783a153a6e5f3
2437,mistral-7b,37.5,summarize,instruction_following,39b9b97d7dc68b98be2609ea101b96cbd2743f69d1264ea5f36783a153a6e5f3
2438,qwen2.5-32b,37.5,summarize,instruction_following,39b9b97d7dc68b98be2609ea101b96cbd2743f69d1264ea5f36783a153a6e5f3
2439,qwen2.5-3b,25.0,summarize,instruction_following,39b9b97d7dc68b98be2609ea101b96cbd2743f69d1264ea5f36783a153a6e5f3
2440,gemma-3-12b-it,25.0,summarize,instruction_following,3bde3f0d0cc7481da49d15758f8c32dbfff6eb2184c2cbd3fbbd15665ec8102d
2441,gemma-3-1b-it,12.5,summarize,instruction_following,3bde3f0d0cc7481da49d15758f8c32dbfff6eb2184c2cbd3fbbd15665ec8102d
2442,gemma-3-4b-it,25.0,summarize,instruction_following,3bde3f0d0cc7481da49d15758f8c32dbfff6eb2184c2cbd3fbbd15665ec8102d
2443,llama-3.1-8b-instruct,25.0,summarize,instruction_following,3bde3f0d0cc7481da49d15758f8c32dbfff6eb2184c2cbd3fbbd15665ec8102d
2444,llama-3.2-1b-instruct,25.0,summarize,instruction_following,3bde3f0d0cc7481da49d15758f8c32dbfff6eb2184c2cbd3fbbd15665ec8102d
2445,llama-3.2-3b-instruct,12.5,summarize,instruction_following,3bde3f0d0cc7481da49d15758f8c32dbfff6eb2184c2cbd3fbbd15665ec8102d
2446,mistral-24b,37.5,summarize,instruction_following,3bde3f0d0cc7481da49d15758f8c32dbfff6eb2184c2cbd3fbbd15665ec8102d
2447,mistral-7b,25.0,summarize,instruction_following,3bde3f0d0cc7481da49d15758f8c32dbfff6eb2184c2cbd3fbbd15665ec8102d
2448,qwen2.5-32b,25.0,summarize,instruction_following,3bde3f0d0cc7481da49d15758f8c32dbfff6eb2184c2cbd3fbbd15665ec8102d
2449,qwen2.5-3b,25.0,summarize,instruction_following,3bde3f0d0cc7481da49d15758f8c32dbfff6eb2184c2cbd3fbbd15665ec8102d
2450,gemma-3-12b-it,33.3333333333333,summarize,instruction_following,469c2a921e910fce7859e4c351f41c9a4cda6b028386904aa22afa09cbba5351
2451,gemma-3-1b-it,16.6666666666666,summarize,instruction_following,469c2a921e910fce7859e4c351f41c9a4cda6b028386904aa22afa09cbba5351
2452,gemma-3-4b-it,25.0,summarize,instruction_following,469c2a921e910fce7859e4c351f41c9a4cda6b028386904aa22afa09cbba5351
2453,llama-3.1-8b-instruct,25.0,summarize,instruction_following,469c2a921e910fce7859e4c351f41c9a4cda6b028386904aa22afa09cbba5351
2454,llama-3.2-1b-instruct,16.6666666666666,summarize,instruction_following,469c2a921e910fce7859e4c351f41c9a4cda6b028386904aa22afa09cbba5351
2455,llama-3.2-3b-instruct,16.6666666666666,summarize,instruction_following,469c2a921e910fce7859e4c351f41c9a4cda6b028386904aa22afa09cbba5351
2456,mistral-24b,100.0,summarize,instruction_following,469c2a921e910fce7859e4c351f41c9a4cda6b028386904aa22afa09cbba5351
2457,mistral-7b,33.3333333333333,summarize,instruction_following,469c2a921e910fce7859e4c351f41c9a4cda6b028386904aa22afa09cbba5351
2458,qwen2.5-32b,33.3333333333333,summarize,instruction_following,469c2a921e910fce7859e4c351f41c9a4cda6b028386904aa22afa09cbba5351
2459,qwen2.5-3b,16.6666666666666,summarize,instruction_following,469c2a921e910fce7859e4c351f41c9a4cda6b028386904aa22afa09cbba5351
2460,gemma-3-12b-it,37.5,summarize,instruction_following,4c41685c0bb5f593ea74fedee931ebb02dad4867184729ca36c036e0f3df0781
2461,gemma-3-1b-it,37.5,summarize,instruction_following,4c41685c0bb5f593ea74fedee931ebb02dad4867184729ca36c036e0f3df0781
2462,gemma-3-4b-it,37.5,summarize,instruction_following,4c41685c0bb5f593ea74fedee931ebb02dad4867184729ca36c036e0f3df0781
2463,llama-3.1-8b-instruct,37.5,summarize,instruction_following,4c41685c0bb5f593ea74fedee931ebb02dad4867184729ca36c036e0f3df0781
2464,llama-3.2-1b-instruct,37.5,summarize,instruction_following,4c41685c0bb5f593ea74fedee931ebb02dad4867184729ca36c036e0f3df0781
2465,llama-3.2-3b-instruct,37.5,summarize,instruction_following,4c41685c0bb5f593ea74fedee931ebb02dad4867184729ca36c036e0f3df0781
2466,mistral-24b,25.0,summarize,instruction_following,4c41685c0bb5f593ea74fedee931ebb02dad4867184729ca36c036e0f3df0781
2467,mistral-7b,37.5,summarize,instruction_following,4c41685c0bb5f593ea74fedee931ebb02dad4867184729ca36c036e0f3df0781
2468,qwen2.5-32b,25.0,summarize,instruction_following,4c41685c0bb5f593ea74fedee931ebb02dad4867184729ca36c036e0f3df0781
2469,qwen2.5-3b,37.5,summarize,instruction_following,4c41685c0bb5f593ea74fedee931ebb02dad4867184729ca36c036e0f3df0781
2470,gemma-3-12b-it,33.3333333333333,summarize,instruction_following,5a6864d656004973677f4ddef001d352f07fa88a69eb555546c5a052ee1b24bc
2471,gemma-3-1b-it,16.6666666666666,summarize,instruction_following,5a6864d656004973677f4ddef001d352f07fa88a69eb555546c5a052ee1b24bc
2472,gemma-3-4b-it,16.6666666666666,summarize,instruction_following,5a6864d656004973677f4ddef001d352f07fa88a69eb555546c5a052ee1b24bc
2473,llama-3.1-8b-instruct,33.3333333333333,summarize,instruction_following,5a6864d656004973677f4ddef001d352f07fa88a69eb555546c5a052ee1b24bc
2474,llama-3.2-1b-instruct,16.6666666666666,summarize,instruction_following,5a6864d656004973677f4ddef001d352f07fa88a69eb555546c5a052ee1b24bc
2475,llama-3.2-3b-instruct,16.6666666666666,summarize,instruction_following,5a6864d656004973677f4ddef001d352f07fa88a69eb555546c5a052ee1b24bc
2476,mistral-24b,33.3333333333333,summarize,instruction_following,5a6864d656004973677f4ddef001d352f07fa88a69eb555546c5a052ee1b24bc
2477,mistral-7b,16.6666666666666,summarize,instruction_following,5a6864d656004973677f4ddef001d352f07fa88a69eb555546c5a052ee1b24bc
2478,qwen2.5-32b,33.3333333333333,summarize,instruction_following,5a6864d656004973677f4ddef001d352f07fa88a69eb555546c5a052ee1b24bc
2479,qwen2.5-3b,16.6666666666666,summarize,instruction_following,5a6864d656004973677f4ddef001d352f07fa88a69eb555546c5a052ee1b24bc
2480,gemma-3-12b-it,25.0,summarize,instruction_following,63ae6008ffc825bf4aabb6b2969197dec9e87f199c6aedcc76c54d3b113ff17a
2481,gemma-3-1b-it,0.0,summarize,instruction_following,63ae6008ffc825bf4aabb6b2969197dec9e87f199c6aedcc76c54d3b113ff17a
2482,gemma-3-4b-it,25.0,summarize,instruction_following,63ae6008ffc825bf4aabb6b2969197dec9e87f199c6aedcc76c54d3b113ff17a
2483,llama-3.1-8b-instruct,25.0,summarize,instruction_following,63ae6008ffc825bf4aabb6b2969197dec9e87f199c6aedcc76c54d3b113ff17a
2484,llama-3.2-1b-instruct,25.0,summarize,instruction_following,63ae6008ffc825bf4aabb6b2969197dec9e87f199c6aedcc76c54d3b113ff17a
2485,llama-3.2-3b-instruct,25.0,summarize,instruction_following,63ae6008ffc825bf4aabb6b2969197dec9e87f199c6aedcc76c54d3b113ff17a
2486,mistral-24b,25.0,summarize,instruction_following,63ae6008ffc825bf4aabb6b2969197dec9e87f199c6aedcc76c54d3b113ff17a
2487,mistral-7b,25.0,summarize,instruction_following,63ae6008ffc825bf4aabb6b2969197dec9e87f199c6aedcc76c54d3b113ff17a
2488,qwen2.5-32b,100.0,summarize,instruction_following,63ae6008ffc825bf4aabb6b2969197dec9e87f199c6aedcc76c54d3b113ff17a
2489,qwen2.5-3b,25.0,summarize,instruction_following,63ae6008ffc825bf4aabb6b2969197dec9e87f199c6aedcc76c54d3b113ff17a
2490,gemma-3-12b-it,33.3333333333333,summarize,instruction_following,65f0b561647e5d1bccd78b101ab6fb2ba861d05683c1a808000b83dd9e603b1b
2491,gemma-3-1b-it,100.0,summarize,instruction_following,65f0b561647e5d1bccd78b101ab6fb2ba861d05683c1a808000b83dd9e603b1b
2492,gemma-3-4b-it,33.3333333333333,summarize,instruction_following,65f0b561647e5d1bccd78b101ab6fb2ba861d05683c1a808000b83dd9e603b1b
2493,llama-3.1-8b-instruct,100.0,summarize,instruction_following,65f0b561647e5d1bccd78b101ab6fb2ba861d05683c1a808000b83dd9e603b1b
2494,llama-3.2-1b-instruct,16.6666666666666,summarize,instruction_following,65f0b561647e5d1bccd78b101ab6fb2ba861d05683c1a808000b83dd9e603b1b
2495,llama-3.2-3b-instruct,0.0,summarize,instruction_following,65f0b561647e5d1bccd78b101ab6fb2ba861d05683c1a808000b83dd9e603b1b
2496,mistral-24b,16.6666666666666,summarize,instruction_following,65f0b561647e5d1bccd78b101ab6fb2ba861d05683c1a808000b83dd9e603b1b
2497,mistral-7b,16.6666666666666,summarize,instruction_following,65f0b561647e5d1bccd78b101ab6fb2ba861d05683c1a808000b83dd9e603b1b
2498,qwen2.5-32b,100.0,summarize,instruction_following,65f0b561647e5d1bccd78b101ab6fb2ba861d05683c1a808000b83dd9e603b1b
2499,qwen2.5-3b,100.0,summarize,instruction_following,65f0b561647e5d1bccd78b101ab6fb2ba861d05683c1a808000b83dd9e603b1b
2500,gemma-3-12b-it,33.3333333333333,summarize,instruction_following,6a1fff311d0d39fef27617abe6b809814913a11884d20e04c682a549e6503d38
2501,gemma-3-1b-it,16.6666666666666,summarize,instruction_following,6a1fff311d0d39fef27617abe6b809814913a11884d20e04c682a549e6503d38
2502,gemma-3-4b-it,33.3333333333333,summarize,instruction_following,6a1fff311d0d39fef27617abe6b809814913a11884d20e04c682a549e6503d38
2503,llama-3.1-8b-instruct,33.3333333333333,summarize,instruction_following,6a1fff311d0d39fef27617abe6b809814913a11884d20e04c682a549e6503d38
2504,llama-3.2-1b-instruct,0.0,summarize,instruction_following,6a1fff311d0d39fef27617abe6b809814913a11884d20e04c682a549e6503d38
2505,llama-3.2-3b-instruct,16.6666666666666,summarize,instruction_following,6a1fff311d0d39fef27617abe6b809814913a11884d20e04c682a549e6503d38
2506,mistral-24b,100.0,summarize,instruction_following,6a1fff311d0d39fef27617abe6b809814913a11884d20e04c682a549e6503d38
2507,mistral-7b,100.0,summarize,instruction_following,6a1fff311d0d39fef27617abe6b809814913a11884d20e04c682a549e6503d38
2508,qwen2.5-32b,100.0,summarize,instruction_following,6a1fff311d0d39fef27617abe6b809814913a11884d20e04c682a549e6503d38
2509,qwen2.5-3b,100.0,summarize,instruction_following,6a1fff311d0d39fef27617abe6b809814913a11884d20e04c682a549e6503d38
2510,gemma-3-12b-it,100.0,summarize,instruction_following,6fa2d259825104c3019420951a6e630d73677c5c1aabab666248e863d120403b
2511,gemma-3-1b-it,0.0,summarize,instruction_following,6fa2d259825104c3019420951a6e630d73677c5c1aabab666248e863d120403b
2512,gemma-3-4b-it,0.0,summarize,instruction_following,6fa2d259825104c3019420951a6e630d73677c5c1aabab666248e863d120403b
2513,llama-3.1-8b-instruct,25.0,summarize,instruction_following,6fa2d259825104c3019420951a6e630d73677c5c1aabab666248e863d120403b
2514,llama-3.2-1b-instruct,0.0,summarize,instruction_following,6fa2d259825104c3019420951a6e630d73677c5c1aabab666248e863d120403b
2515,llama-3.2-3b-instruct,0.0,summarize,instruction_following,6fa2d259825104c3019420951a6e630d73677c5c1aabab666248e863d120403b
2516,mistral-24b,25.0,summarize,instruction_following,6fa2d259825104c3019420951a6e630d73677c5c1aabab666248e863d120403b
2517,mistral-7b,0.0,summarize,instruction_following,6fa2d259825104c3019420951a6e630d73677c5c1aabab666248e863d120403b
2518,qwen2.5-32b,100.0,summarize,instruction_following,6fa2d259825104c3019420951a6e630d73677c5c1aabab666248e863d120403b
2519,qwen2.5-3b,0.0,summarize,instruction_following,6fa2d259825104c3019420951a6e630d73677c5c1aabab666248e863d120403b
2520,gemma-3-12b-it,16.6666666666666,summarize,instruction_following,7b7a30a9a020f334521b2a1aa2a96a6bfb3fef0d12e55ea2967842a5139d1871
2521,gemma-3-1b-it,0.0,summarize,instruction_following,7b7a30a9a020f334521b2a1aa2a96a6bfb3fef0d12e55ea2967842a5139d1871
2522,gemma-3-4b-it,16.6666666666666,summarize,instruction_following,7b7a30a9a020f334521b2a1aa2a96a6bfb3fef0d12e55ea2967842a5139d1871
2523,llama-3.1-8b-instruct,33.3333333333333,summarize,instruction_following,7b7a30a9a020f334521b2a1aa2a96a6bfb3fef0d12e55ea2967842a5139d1871
2524,llama-3.2-1b-instruct,33.3333333333333,summarize,instruction_following,7b7a30a9a020f334521b2a1aa2a96a6bfb3fef0d12e55ea2967842a5139d1871
2525,llama-3.2-3b-instruct,33.3333333333333,summarize,instruction_following,7b7a30a9a020f334521b2a1aa2a96a6bfb3fef0d12e55ea2967842a5139d1871
2526,mistral-24b,16.6666666666666,summarize,instruction_following,7b7a30a9a020f334521b2a1aa2a96a6bfb3fef0d12e55ea2967842a5139d1871
2527,mistral-7b,16.6666666666666,summarize,instruction_following,7b7a30a9a020f334521b2a1aa2a96a6bfb3fef0d12e55ea2967842a5139d1871
2528,qwen2.5-32b,16.6666666666666,summarize,instruction_following,7b7a30a9a020f334521b2a1aa2a96a6bfb3fef0d12e55ea2967842a5139d1871
2529,qwen2.5-3b,33.3333333333333,summarize,instruction_following,7b7a30a9a020f334521b2a1aa2a96a6bfb3fef0d12e55ea2967842a5139d1871
2530,gemma-3-12b-it,0.0,summarize,instruction_following,7d8d20235ccf9386317255362c8ceb92a6f68c87a9fab3b346fcb45af731d2a9
2531,gemma-3-1b-it,0.0,summarize,instruction_following,7d8d20235ccf9386317255362c8ceb92a6f68c87a9fab3b346fcb45af731d2a9
2532,gemma-3-4b-it,0.0,summarize,instruction_following,7d8d20235ccf9386317255362c8ceb92a6f68c87a9fab3b346fcb45af731d2a9
2533,llama-3.1-8b-instruct,0.0,summarize,instruction_following,7d8d20235ccf9386317255362c8ceb92a6f68c87a9fab3b346fcb45af731d2a9
2534,llama-3.2-1b-instruct,0.0,summarize,instruction_following,7d8d20235ccf9386317255362c8ceb92a6f68c87a9fab3b346fcb45af731d2a9
2535,llama-3.2-3b-instruct,0.0,summarize,instruction_following,7d8d20235ccf9386317255362c8ceb92a6f68c87a9fab3b346fcb45af731d2a9
2536,mistral-24b,0.0,summarize,instruction_following,7d8d20235ccf9386317255362c8ceb92a6f68c87a9fab3b346fcb45af731d2a9
2537,mistral-7b,0.0,summarize,instruction_following,7d8d20235ccf9386317255362c8ceb92a6f68c87a9fab3b346fcb45af731d2a9
2538,qwen2.5-32b,0.0,summarize,instruction_following,7d8d20235ccf9386317255362c8ceb92a6f68c87a9fab3b346fcb45af731d2a9
2539,qwen2.5-3b,0.0,summarize,instruction_following,7d8d20235ccf9386317255362c8ceb92a6f68c87a9fab3b346fcb45af731d2a9
2540,gemma-3-12b-it,16.6666666666666,summarize,instruction_following,7f6e3623888be18ab716eff34ca80323a3f170c281796f64d4774fa9374d950d
2541,gemma-3-1b-it,16.6666666666666,summarize,instruction_following,7f6e3623888be18ab716eff34ca80323a3f170c281796f64d4774fa9374d950d
2542,gemma-3-4b-it,16.6666666666666,summarize,instruction_following,7f6e3623888be18ab716eff34ca80323a3f170c281796f64d4774fa9374d950d
2543,llama-3.1-8b-instruct,16.6666666666666,summarize,instruction_following,7f6e3623888be18ab716eff34ca80323a3f170c281796f64d4774fa9374d950d
2544,llama-3.2-1b-instruct,16.6666666666666,summarize,instruction_following,7f6e3623888be18ab716eff34ca80323a3f170c281796f64d4774fa9374d950d
2545,llama-3.2-3b-instruct,16.6666666666666,summarize,instruction_following,7f6e3623888be18ab716eff34ca80323a3f170c281796f64d4774fa9374d950d
2546,mistral-24b,16.6666666666666,summarize,instruction_following,7f6e3623888be18ab716eff34ca80323a3f170c281796f64d4774fa9374d950d
2547,mistral-7b,0.0,summarize,instruction_following,7f6e3623888be18ab716eff34ca80323a3f170c281796f64d4774fa9374d950d
2548,qwen2.5-32b,16.6666666666666,summarize,instruction_following,7f6e3623888be18ab716eff34ca80323a3f170c281796f64d4774fa9374d950d
2549,qwen2.5-3b,33.3333333333333,summarize,instruction_following,7f6e3623888be18ab716eff34ca80323a3f170c281796f64d4774fa9374d950d
2550,gemma-3-12b-it,25.0,summarize,instruction_following,8350d5bcdf58307739a0842fe34bb74b33d5e300ef685062af53f0b5d487e813
2551,gemma-3-1b-it,25.0,summarize,instruction_following,8350d5bcdf58307739a0842fe34bb74b33d5e300ef685062af53f0b5d487e813
2552,gemma-3-4b-it,25.0,summarize,instruction_following,8350d5bcdf58307739a0842fe34bb74b33d5e300ef685062af53f0b5d487e813
2553,llama-3.1-8b-instruct,25.0,summarize,instruction_following,8350d5bcdf58307739a0842fe34bb74b33d5e300ef685062af53f0b5d487e813
2554,llama-3.2-1b-instruct,25.0,summarize,instruction_following,8350d5bcdf58307739a0842fe34bb74b33d5e300ef685062af53f0b5d487e813
2555,llama-3.2-3b-instruct,25.0,summarize,instruction_following,8350d5bcdf58307739a0842fe34bb74b33d5e300ef685062af53f0b5d487e813
2556,mistral-24b,25.0,summarize,instruction_following,8350d5bcdf58307739a0842fe34bb74b33d5e300ef685062af53f0b5d487e813
2557,mistral-7b,25.0,summarize,instruction_following,8350d5bcdf58307739a0842fe34bb74b33d5e300ef685062af53f0b5d487e813
2558,qwen2.5-32b,25.0,summarize,instruction_following,8350d5bcdf58307739a0842fe34bb74b33d5e300ef685062af53f0b5d487e813
2559,qwen2.5-3b,25.0,summarize,instruction_following,8350d5bcdf58307739a0842fe34bb74b33d5e300ef685062af53f0b5d487e813
2560,gemma-3-12b-it,100.0,summarize,instruction_following,86e77df574c229f5015ab227531f11742074933160fbd8284cb7a3b0768f7b71
2561,gemma-3-1b-it,16.6666666666666,summarize,instruction_following,86e77df574c229f5015ab227531f11742074933160fbd8284cb7a3b0768f7b71
2562,gemma-3-4b-it,33.3333333333333,summarize,instruction_following,86e77df574c229f5015ab227531f11742074933160fbd8284cb7a3b0768f7b71
2563,llama-3.1-8b-instruct,100.0,summarize,instruction_following,86e77df574c229f5015ab227531f11742074933160fbd8284cb7a3b0768f7b71
2564,llama-3.2-1b-instruct,16.6666666666666,summarize,instruction_following,86e77df574c229f5015ab227531f11742074933160fbd8284cb7a3b0768f7b71
2565,llama-3.2-3b-instruct,33.3333333333333,summarize,instruction_following,86e77df574c229f5015ab227531f11742074933160fbd8284cb7a3b0768f7b71
2566,mistral-24b,33.3333333333333,summarize,instruction_following,86e77df574c229f5015ab227531f11742074933160fbd8284cb7a3b0768f7b71
2567,mistral-7b,33.3333333333333,summarize,instruction_following,86e77df574c229f5015ab227531f11742074933160fbd8284cb7a3b0768f7b71
2568,qwen2.5-32b,100.0,summarize,instruction_following,86e77df574c229f5015ab227531f11742074933160fbd8284cb7a3b0768f7b71
2569,qwen2.5-3b,16.6666666666666,summarize,instruction_following,86e77df574c229f5015ab227531f11742074933160fbd8284cb7a3b0768f7b71
2570,gemma-3-12b-it,33.3333333333333,summarize,instruction_following,8fc1c5c49e21ae211841962d87b332743f571538fcecf0bc44108598842df7ee
2571,gemma-3-1b-it,33.3333333333333,summarize,instruction_following,8fc1c5c49e21ae211841962d87b332743f571538fcecf0bc44108598842df7ee
2572,gemma-3-4b-it,16.6666666666666,summarize,instruction_following,8fc1c5c49e21ae211841962d87b332743f571538fcecf0bc44108598842df7ee
2573,llama-3.1-8b-instruct,100.0,summarize,instruction_following,8fc1c5c49e21ae211841962d87b332743f571538fcecf0bc44108598842df7ee
2574,llama-3.2-1b-instruct,16.6666666666666,summarize,instruction_following,8fc1c5c49e21ae211841962d87b332743f571538fcecf0bc44108598842df7ee
2575,llama-3.2-3b-instruct,16.6666666666666,summarize,instruction_following,8fc1c5c49e21ae211841962d87b332743f571538fcecf0bc44108598842df7ee
2576,mistral-24b,16.6666666666666,summarize,instruction_following,8fc1c5c49e21ae211841962d87b332743f571538fcecf0bc44108598842df7ee
2577,mistral-7b,33.3333333333333,summarize,instruction_following,8fc1c5c49e21ae211841962d87b332743f571538fcecf0bc44108598842df7ee
2578,qwen2.5-32b,33.3333333333333,summarize,instruction_following,8fc1c5c49e21ae211841962d87b332743f571538fcecf0bc44108598842df7ee
2579,qwen2.5-3b,16.6666666666666,summarize,instruction_following,8fc1c5c49e21ae211841962d87b332743f571538fcecf0bc44108598842df7ee
2580,gemma-3-12b-it,25.0,summarize,instruction_following,90b9c26ea6ed97a9a32086f78b0e85cc09ad9578eff9cb2eff8dc272a1c798c1
2581,gemma-3-1b-it,25.0,summarize,instruction_following,90b9c26ea6ed97a9a32086f78b0e85cc09ad9578eff9cb2eff8dc272a1c798c1
2582,gemma-3-4b-it,25.0,summarize,instruction_following,90b9c26ea6ed97a9a32086f78b0e85cc09ad9578eff9cb2eff8dc272a1c798c1
2583,llama-3.1-8b-instruct,25.0,summarize,instruction_following,90b9c26ea6ed97a9a32086f78b0e85cc09ad9578eff9cb2eff8dc272a1c798c1
2584,llama-3.2-1b-instruct,25.0,summarize,instruction_following,90b9c26ea6ed97a9a32086f78b0e85cc09ad9578eff9cb2eff8dc272a1c798c1
2585,llama-3.2-3b-instruct,25.0,summarize,instruction_following,90b9c26ea6ed97a9a32086f78b0e85cc09ad9578eff9cb2eff8dc272a1c798c1
2586,mistral-24b,25.0,summarize,instruction_following,90b9c26ea6ed97a9a32086f78b0e85cc09ad9578eff9cb2eff8dc272a1c798c1
2587,mistral-7b,25.0,summarize,instruction_following,90b9c26ea6ed97a9a32086f78b0e85cc09ad9578eff9cb2eff8dc272a1c798c1
2588,qwen2.5-32b,100.0,summarize,instruction_following,90b9c26ea6ed97a9a32086f78b0e85cc09ad9578eff9cb2eff8dc272a1c798c1
2589,qwen2.5-3b,25.0,summarize,instruction_following,90b9c26ea6ed97a9a32086f78b0e85cc09ad9578eff9cb2eff8dc272a1c798c1
2590,gemma-3-12b-it,100.0,summarize,instruction_following,96a85977383a63cf50e74a23ebc0f70f933c9235d3fbbe875627dbe02891e4a7
2591,gemma-3-1b-it,40.0,summarize,instruction_following,96a85977383a63cf50e74a23ebc0f70f933c9235d3fbbe875627dbe02891e4a7
2592,gemma-3-4b-it,40.0,summarize,instruction_following,96a85977383a63cf50e74a23ebc0f70f933c9235d3fbbe875627dbe02891e4a7
2593,llama-3.1-8b-instruct,40.0,summarize,instruction_following,96a85977383a63cf50e74a23ebc0f70f933c9235d3fbbe875627dbe02891e4a7
2594,llama-3.2-1b-instruct,20.0,summarize,instruction_following,96a85977383a63cf50e74a23ebc0f70f933c9235d3fbbe875627dbe02891e4a7
2595,llama-3.2-3b-instruct,30.000000000000004,summarize,instruction_following,96a85977383a63cf50e74a23ebc0f70f933c9235d3fbbe875627dbe02891e4a7
2596,mistral-24b,40.0,summarize,instruction_following,96a85977383a63cf50e74a23ebc0f70f933c9235d3fbbe875627dbe02891e4a7
2597,mistral-7b,30.000000000000004,summarize,instruction_following,96a85977383a63cf50e74a23ebc0f70f933c9235d3fbbe875627dbe02891e4a7
2598,qwen2.5-32b,40.0,summarize,instruction_following,96a85977383a63cf50e74a23ebc0f70f933c9235d3fbbe875627dbe02891e4a7
2599,qwen2.5-3b,20.0,summarize,instruction_following,96a85977383a63cf50e74a23ebc0f70f933c9235d3fbbe875627dbe02891e4a7
2600,gemma-3-12b-it,100.0,summarize,instruction_following,979c5d0c754222c9d9757fddb9564cc5c7876173edf233f69b5462a712466694
2601,gemma-3-1b-it,25.0,summarize,instruction_following,979c5d0c754222c9d9757fddb9564cc5c7876173edf233f69b5462a712466694
2602,gemma-3-4b-it,100.0,summarize,instruction_following,979c5d0c754222c9d9757fddb9564cc5c7876173edf233f69b5462a712466694
2603,llama-3.1-8b-instruct,25.0,summarize,instruction_following,979c5d0c754222c9d9757fddb9564cc5c7876173edf233f69b5462a712466694
2604,llama-3.2-1b-instruct,25.0,summarize,instruction_following,979c5d0c754222c9d9757fddb9564cc5c7876173edf233f69b5462a712466694
2605,llama-3.2-3b-instruct,25.0,summarize,instruction_following,979c5d0c754222c9d9757fddb9564cc5c7876173edf233f69b5462a712466694
2606,mistral-24b,25.0,summarize,instruction_following,979c5d0c754222c9d9757fddb9564cc5c7876173edf233f69b5462a712466694
2607,mistral-7b,25.0,summarize,instruction_following,979c5d0c754222c9d9757fddb9564cc5c7876173edf233f69b5462a712466694
2608,qwen2.5-32b,100.0,summarize,instruction_following,979c5d0c754222c9d9757fddb9564cc5c7876173edf233f69b5462a712466694
2609,qwen2.5-3b,100.0,summarize,instruction_following,979c5d0c754222c9d9757fddb9564cc5c7876173edf233f69b5462a712466694
2610,gemma-3-12b-it,25.0,summarize,instruction_following,97b8d476070e441ae3cbf21a3b76a0fae697cf5c42b39821a7c288ae5a5ca4a9
2611,gemma-3-1b-it,25.0,summarize,instruction_following,97b8d476070e441ae3cbf21a3b76a0fae697cf5c42b39821a7c288ae5a5ca4a9
2612,gemma-3-4b-it,0.0,summarize,instruction_following,97b8d476070e441ae3cbf21a3b76a0fae697cf5c42b39821a7c288ae5a5ca4a9
2613,llama-3.1-8b-instruct,25.0,summarize,instruction_following,97b8d476070e441ae3cbf21a3b76a0fae697cf5c42b39821a7c288ae5a5ca4a9
2614,llama-3.2-1b-instruct,25.0,summarize,instruction_following,97b8d476070e441ae3cbf21a3b76a0fae697cf5c42b39821a7c288ae5a5ca4a9
2615,llama-3.2-3b-instruct,25.0,summarize,instruction_following,97b8d476070e441ae3cbf21a3b76a0fae697cf5c42b39821a7c288ae5a5ca4a9
2616,mistral-24b,100.0,summarize,instruction_following,97b8d476070e441ae3cbf21a3b76a0fae697cf5c42b39821a7c288ae5a5ca4a9
2617,mistral-7b,25.0,summarize,instruction_following,97b8d476070e441ae3cbf21a3b76a0fae697cf5c42b39821a7c288ae5a5ca4a9
2618,qwen2.5-32b,100.0,summarize,instruction_following,97b8d476070e441ae3cbf21a3b76a0fae697cf5c42b39821a7c288ae5a5ca4a9
2619,qwen2.5-3b,25.0,summarize,instruction_following,97b8d476070e441ae3cbf21a3b76a0fae697cf5c42b39821a7c288ae5a5ca4a9
2620,gemma-3-12b-it,37.5,summarize,instruction_following,984ab3f5d20d4bb9694a47dc794da39c1e7a59adaf39585b9c8ffb0d5111ae3c
2621,gemma-3-1b-it,37.5,summarize,instruction_following,984ab3f5d20d4bb9694a47dc794da39c1e7a59adaf39585b9c8ffb0d5111ae3c
2622,gemma-3-4b-it,37.5,summarize,instruction_following,984ab3f5d20d4bb9694a47dc794da39c1e7a59adaf39585b9c8ffb0d5111ae3c
2623,llama-3.1-8b-instruct,25.0,summarize,instruction_following,984ab3f5d20d4bb9694a47dc794da39c1e7a59adaf39585b9c8ffb0d5111ae3c
2624,llama-3.2-1b-instruct,25.0,summarize,instruction_following,984ab3f5d20d4bb9694a47dc794da39c1e7a59adaf39585b9c8ffb0d5111ae3c
2625,llama-3.2-3b-instruct,25.0,summarize,instruction_following,984ab3f5d20d4bb9694a47dc794da39c1e7a59adaf39585b9c8ffb0d5111ae3c
2626,mistral-24b,12.5,summarize,instruction_following,984ab3f5d20d4bb9694a47dc794da39c1e7a59adaf39585b9c8ffb0d5111ae3c
2627,mistral-7b,25.0,summarize,instruction_following,984ab3f5d20d4bb9694a47dc794da39c1e7a59adaf39585b9c8ffb0d5111ae3c
2628,qwen2.5-32b,37.5,summarize,instruction_following,984ab3f5d20d4bb9694a47dc794da39c1e7a59adaf39585b9c8ffb0d5111ae3c
2629,qwen2.5-3b,12.5,summarize,instruction_following,984ab3f5d20d4bb9694a47dc794da39c1e7a59adaf39585b9c8ffb0d5111ae3c
2630,gemma-3-12b-it,100.0,summarize,instruction_following,9abae9301cde986f568f3574cc06eda36c8600cfbef988bd6336899468ee98f4
2631,gemma-3-1b-it,100.0,summarize,instruction_following,9abae9301cde986f568f3574cc06eda36c8600cfbef988bd6336899468ee98f4
2632,gemma-3-4b-it,100.0,summarize,instruction_following,9abae9301cde986f568f3574cc06eda36c8600cfbef988bd6336899468ee98f4
2633,llama-3.1-8b-instruct,100.0,summarize,instruction_following,9abae9301cde986f568f3574cc06eda36c8600cfbef988bd6336899468ee98f4
2634,llama-3.2-1b-instruct,0.0,summarize,instruction_following,9abae9301cde986f568f3574cc06eda36c8600cfbef988bd6336899468ee98f4
2635,llama-3.2-3b-instruct,0.0,summarize,instruction_following,9abae9301cde986f568f3574cc06eda36c8600cfbef988bd6336899468ee98f4
2636,mistral-24b,0.0,summarize,instruction_following,9abae9301cde986f568f3574cc06eda36c8600cfbef988bd6336899468ee98f4
2637,mistral-7b,0.0,summarize,instruction_following,9abae9301cde986f568f3574cc06eda36c8600cfbef988bd6336899468ee98f4
2638,qwen2.5-32b,0.0,summarize,instruction_following,9abae9301cde986f568f3574cc06eda36c8600cfbef988bd6336899468ee98f4
2639,qwen2.5-3b,0.0,summarize,instruction_following,9abae9301cde986f568f3574cc06eda36c8600cfbef988bd6336899468ee98f4
2640,gemma-3-12b-it,100.0,summarize,instruction_following,9af81c3651e6dd1c32e5dd02d05afbf258fa3b471b4f4894cb4d257e496a8242
2641,gemma-3-1b-it,25.0,summarize,instruction_following,9af81c3651e6dd1c32e5dd02d05afbf258fa3b471b4f4894cb4d257e496a8242
2642,gemma-3-4b-it,100.0,summarize,instruction_following,9af81c3651e6dd1c32e5dd02d05afbf258fa3b471b4f4894cb4d257e496a8242
2643,llama-3.1-8b-instruct,100.0,summarize,instruction_following,9af81c3651e6dd1c32e5dd02d05afbf258fa3b471b4f4894cb4d257e496a8242
2644,llama-3.2-1b-instruct,25.0,summarize,instruction_following,9af81c3651e6dd1c32e5dd02d05afbf258fa3b471b4f4894cb4d257e496a8242
2645,llama-3.2-3b-instruct,100.0,summarize,instruction_following,9af81c3651e6dd1c32e5dd02d05afbf258fa3b471b4f4894cb4d257e496a8242
2646,mistral-24b,37.5,summarize,instruction_following,9af81c3651e6dd1c32e5dd02d05afbf258fa3b471b4f4894cb4d257e496a8242
2647,mistral-7b,25.0,summarize,instruction_following,9af81c3651e6dd1c32e5dd02d05afbf258fa3b471b4f4894cb4d257e496a8242
2648,qwen2.5-32b,100.0,summarize,instruction_following,9af81c3651e6dd1c32e5dd02d05afbf258fa3b471b4f4894cb4d257e496a8242
2649,qwen2.5-3b,37.5,summarize,instruction_following,9af81c3651e6dd1c32e5dd02d05afbf258fa3b471b4f4894cb4d257e496a8242
2650,gemma-3-12b-it,100.0,summarize,instruction_following,9b13bd6ec24b6d26838c0a27178a5ed74299275f5518b3ee9e5ea26a03ffd2a1
2651,gemma-3-1b-it,0.0,summarize,instruction_following,9b13bd6ec24b6d26838c0a27178a5ed74299275f5518b3ee9e5ea26a03ffd2a1
2652,gemma-3-4b-it,100.0,summarize,instruction_following,9b13bd6ec24b6d26838c0a27178a5ed74299275f5518b3ee9e5ea26a03ffd2a1
2653,llama-3.1-8b-instruct,100.0,summarize,instruction_following,9b13bd6ec24b6d26838c0a27178a5ed74299275f5518b3ee9e5ea26a03ffd2a1
2654,llama-3.2-1b-instruct,0.0,summarize,instruction_following,9b13bd6ec24b6d26838c0a27178a5ed74299275f5518b3ee9e5ea26a03ffd2a1
2655,llama-3.2-3b-instruct,100.0,summarize,instruction_following,9b13bd6ec24b6d26838c0a27178a5ed74299275f5518b3ee9e5ea26a03ffd2a1
2656,mistral-24b,0.0,summarize,instruction_following,9b13bd6ec24b6d26838c0a27178a5ed74299275f5518b3ee9e5ea26a03ffd2a1
2657,mistral-7b,0.0,summarize,instruction_following,9b13bd6ec24b6d26838c0a27178a5ed74299275f5518b3ee9e5ea26a03ffd2a1
2658,qwen2.5-32b,100.0,summarize,instruction_following,9b13bd6ec24b6d26838c0a27178a5ed74299275f5518b3ee9e5ea26a03ffd2a1
2659,qwen2.5-3b,0.0,summarize,instruction_following,9b13bd6ec24b6d26838c0a27178a5ed74299275f5518b3ee9e5ea26a03ffd2a1
2660,gemma-3-12b-it,25.0,summarize,instruction_following,9b3d5fef87fc68026f614821c663fa8a3079863cd2d764079b1dec871dc1fce1
2661,gemma-3-1b-it,25.0,summarize,instruction_following,9b3d5fef87fc68026f614821c663fa8a3079863cd2d764079b1dec871dc1fce1
2662,gemma-3-4b-it,100.0,summarize,instruction_following,9b3d5fef87fc68026f614821c663fa8a3079863cd2d764079b1dec871dc1fce1
2663,llama-3.1-8b-instruct,100.0,summarize,instruction_following,9b3d5fef87fc68026f614821c663fa8a3079863cd2d764079b1dec871dc1fce1
2664,llama-3.2-1b-instruct,0.0,summarize,instruction_following,9b3d5fef87fc68026f614821c663fa8a3079863cd2d764079b1dec871dc1fce1
2665,llama-3.2-3b-instruct,25.0,summarize,instruction_following,9b3d5fef87fc68026f614821c663fa8a3079863cd2d764079b1dec871dc1fce1
2666,mistral-24b,25.0,summarize,instruction_following,9b3d5fef87fc68026f614821c663fa8a3079863cd2d764079b1dec871dc1fce1
2667,mistral-7b,25.0,summarize,instruction_following,9b3d5fef87fc68026f614821c663fa8a3079863cd2d764079b1dec871dc1fce1
2668,qwen2.5-32b,25.0,summarize,instruction_following,9b3d5fef87fc68026f614821c663fa8a3079863cd2d764079b1dec871dc1fce1
2669,qwen2.5-3b,25.0,summarize,instruction_following,9b3d5fef87fc68026f614821c663fa8a3079863cd2d764079b1dec871dc1fce1
2670,gemma-3-12b-it,25.0,summarize,instruction_following,abdb9b2d6ffcdd4cb4cab63b383b0fa5fbd401ec089428ac786c8f6ec7ab6139
2671,gemma-3-1b-it,25.0,summarize,instruction_following,abdb9b2d6ffcdd4cb4cab63b383b0fa5fbd401ec089428ac786c8f6ec7ab6139
2672,gemma-3-4b-it,0.0,summarize,instruction_following,abdb9b2d6ffcdd4cb4cab63b383b0fa5fbd401ec089428ac786c8f6ec7ab6139
2673,llama-3.1-8b-instruct,0.0,summarize,instruction_following,abdb9b2d6ffcdd4cb4cab63b383b0fa5fbd401ec089428ac786c8f6ec7ab6139
2674,llama-3.2-1b-instruct,0.0,summarize,instruction_following,abdb9b2d6ffcdd4cb4cab63b383b0fa5fbd401ec089428ac786c8f6ec7ab6139
2675,llama-3.2-3b-instruct,25.0,summarize,instruction_following,abdb9b2d6ffcdd4cb4cab63b383b0fa5fbd401ec089428ac786c8f6ec7ab6139
2676,mistral-24b,25.0,summarize,instruction_following,abdb9b2d6ffcdd4cb4cab63b383b0fa5fbd401ec089428ac786c8f6ec7ab6139
2677,mistral-7b,0.0,summarize,instruction_following,abdb9b2d6ffcdd4cb4cab63b383b0fa5fbd401ec089428ac786c8f6ec7ab6139
2678,qwen2.5-32b,100.0,summarize,instruction_following,abdb9b2d6ffcdd4cb4cab63b383b0fa5fbd401ec089428ac786c8f6ec7ab6139
2679,qwen2.5-3b,0.0,summarize,instruction_following,abdb9b2d6ffcdd4cb4cab63b383b0fa5fbd401ec089428ac786c8f6ec7ab6139
2680,gemma-3-12b-it,33.3333333333333,summarize,instruction_following,ac21b975232ecbcbf0a37170b6f5a7255b8fd633c2b24e97654401d106e585c0
2681,gemma-3-1b-it,16.6666666666666,summarize,instruction_following,ac21b975232ecbcbf0a37170b6f5a7255b8fd633c2b24e97654401d106e585c0
2682,gemma-3-4b-it,16.6666666666666,summarize,instruction_following,ac21b975232ecbcbf0a37170b6f5a7255b8fd633c2b24e97654401d106e585c0
2683,llama-3.1-8b-instruct,33.3333333333333,summarize,instruction_following,ac21b975232ecbcbf0a37170b6f5a7255b8fd633c2b24e97654401d106e585c0
2684,llama-3.2-1b-instruct,0.0,summarize,instruction_following,ac21b975232ecbcbf0a37170b6f5a7255b8fd633c2b24e97654401d106e585c0
2685,llama-3.2-3b-instruct,0.0,summarize,instruction_following,ac21b975232ecbcbf0a37170b6f5a7255b8fd633c2b24e97654401d106e585c0
2686,mistral-24b,16.6666666666666,summarize,instruction_following,ac21b975232ecbcbf0a37170b6f5a7255b8fd633c2b24e97654401d106e585c0
2687,mistral-7b,33.3333333333333,summarize,instruction_following,ac21b975232ecbcbf0a37170b6f5a7255b8fd633c2b24e97654401d106e585c0
2688,qwen2.5-32b,100.0,summarize,instruction_following,ac21b975232ecbcbf0a37170b6f5a7255b8fd633c2b24e97654401d106e585c0
2689,qwen2.5-3b,0.0,summarize,instruction_following,ac21b975232ecbcbf0a37170b6f5a7255b8fd633c2b24e97654401d106e585c0
2690,gemma-3-12b-it,33.3333333333333,summarize,instruction_following,affff79c4cf07a359064bf13493146f9f7ff0c000d66c252edf680cb0e5f48a1
2691,gemma-3-1b-it,16.6666666666666,summarize,instruction_following,affff79c4cf07a359064bf13493146f9f7ff0c000d66c252edf680cb0e5f48a1
2692,gemma-3-4b-it,33.3333333333333,summarize,instruction_following,affff79c4cf07a359064bf13493146f9f7ff0c000d66c252edf680cb0e5f48a1
2693,llama-3.1-8b-instruct,33.3333333333333,summarize,instruction_following,affff79c4cf07a359064bf13493146f9f7ff0c000d66c252edf680cb0e5f48a1
2694,llama-3.2-1b-instruct,0.0,summarize,instruction_following,affff79c4cf07a359064bf13493146f9f7ff0c000d66c252edf680cb0e5f48a1
2695,llama-3.2-3b-instruct,33.3333333333333,summarize,instruction_following,affff79c4cf07a359064bf13493146f9f7ff0c000d66c252edf680cb0e5f48a1
2696,mistral-24b,16.6666666666666,summarize,instruction_following,affff79c4cf07a359064bf13493146f9f7ff0c000d66c252edf680cb0e5f48a1
2697,mistral-7b,0.0,summarize,instruction_following,affff79c4cf07a359064bf13493146f9f7ff0c000d66c252edf680cb0e5f48a1
2698,qwen2.5-32b,100.0,summarize,instruction_following,affff79c4cf07a359064bf13493146f9f7ff0c000d66c252edf680cb0e5f48a1
2699,qwen2.5-3b,16.6666666666666,summarize,instruction_following,affff79c4cf07a359064bf13493146f9f7ff0c000d66c252edf680cb0e5f48a1
2700,gemma-3-12b-it,100.0,summarize,instruction_following,b94af60f1bbcdd0bee763a97ff20433dedd06d297164e2f58afc05436d29f813
2701,gemma-3-1b-it,25.0,summarize,instruction_following,b94af60f1bbcdd0bee763a97ff20433dedd06d297164e2f58afc05436d29f813
2702,gemma-3-4b-it,25.0,summarize,instruction_following,b94af60f1bbcdd0bee763a97ff20433dedd06d297164e2f58afc05436d29f813
2703,llama-3.1-8b-instruct,25.0,summarize,instruction_following,b94af60f1bbcdd0bee763a97ff20433dedd06d297164e2f58afc05436d29f813
2704,llama-3.2-1b-instruct,25.0,summarize,instruction_following,b94af60f1bbcdd0bee763a97ff20433dedd06d297164e2f58afc05436d29f813
2705,llama-3.2-3b-instruct,25.0,summarize,instruction_following,b94af60f1bbcdd0bee763a97ff20433dedd06d297164e2f58afc05436d29f813
2706,mistral-24b,25.0,summarize,instruction_following,b94af60f1bbcdd0bee763a97ff20433dedd06d297164e2f58afc05436d29f813
2707,mistral-7b,25.0,summarize,instruction_following,b94af60f1bbcdd0bee763a97ff20433dedd06d297164e2f58afc05436d29f813
2708,qwen2.5-32b,100.0,summarize,instruction_following,b94af60f1bbcdd0bee763a97ff20433dedd06d297164e2f58afc05436d29f813
2709,qwen2.5-3b,100.0,summarize,instruction_following,b94af60f1bbcdd0bee763a97ff20433dedd06d297164e2f58afc05436d29f813
2710,gemma-3-12b-it,33.3333333333333,summarize,instruction_following,c39904f20dfdd5f63c9260a65d2b8e9c7b5b189a1ee9609f92faccaf27ed99ab
2711,gemma-3-1b-it,16.6666666666666,summarize,instruction_following,c39904f20dfdd5f63c9260a65d2b8e9c7b5b189a1ee9609f92faccaf27ed99ab
2712,gemma-3-4b-it,33.3333333333333,summarize,instruction_following,c39904f20dfdd5f63c9260a65d2b8e9c7b5b189a1ee9609f92faccaf27ed99ab
2713,llama-3.1-8b-instruct,16.6666666666666,summarize,instruction_following,c39904f20dfdd5f63c9260a65d2b8e9c7b5b189a1ee9609f92faccaf27ed99ab
2714,llama-3.2-1b-instruct,33.3333333333333,summarize,instruction_following,c39904f20dfdd5f63c9260a65d2b8e9c7b5b189a1ee9609f92faccaf27ed99ab
2715,llama-3.2-3b-instruct,16.6666666666666,summarize,instruction_following,c39904f20dfdd5f63c9260a65d2b8e9c7b5b189a1ee9609f92faccaf27ed99ab
2716,mistral-24b,16.6666666666666,summarize,instruction_following,c39904f20dfdd5f63c9260a65d2b8e9c7b5b189a1ee9609f92faccaf27ed99ab
2717,mistral-7b,33.3333333333333,summarize,instruction_following,c39904f20dfdd5f63c9260a65d2b8e9c7b5b189a1ee9609f92faccaf27ed99ab
2718,qwen2.5-32b,33.3333333333333,summarize,instruction_following,c39904f20dfdd5f63c9260a65d2b8e9c7b5b189a1ee9609f92faccaf27ed99ab
2719,qwen2.5-3b,16.6666666666666,summarize,instruction_following,c39904f20dfdd5f63c9260a65d2b8e9c7b5b189a1ee9609f92faccaf27ed99ab
2720,gemma-3-12b-it,33.3333333333333,summarize,instruction_following,cae6b835d8aefac4f354d30676962129b3b08095f75897ba18bd7a403fe0d8ea
2721,gemma-3-1b-it,33.3333333333333,summarize,instruction_following,cae6b835d8aefac4f354d30676962129b3b08095f75897ba18bd7a403fe0d8ea
2722,gemma-3-4b-it,33.3333333333333,summarize,instruction_following,cae6b835d8aefac4f354d30676962129b3b08095f75897ba18bd7a403fe0d8ea
2723,llama-3.1-8b-instruct,33.3333333333333,summarize,instruction_following,cae6b835d8aefac4f354d30676962129b3b08095f75897ba18bd7a403fe0d8ea
2724,llama-3.2-1b-instruct,33.3333333333333,summarize,instruction_following,cae6b835d8aefac4f354d30676962129b3b08095f75897ba18bd7a403fe0d8ea
2725,llama-3.2-3b-instruct,33.3333333333333,summarize,instruction_following,cae6b835d8aefac4f354d30676962129b3b08095f75897ba18bd7a403fe0d8ea
2726,mistral-24b,33.3333333333333,summarize,instruction_following,cae6b835d8aefac4f354d30676962129b3b08095f75897ba18bd7a403fe0d8ea
2727,mistral-7b,33.3333333333333,summarize,instruction_following,cae6b835d8aefac4f354d30676962129b3b08095f75897ba18bd7a403fe0d8ea
2728,qwen2.5-32b,33.3333333333333,summarize,instruction_following,cae6b835d8aefac4f354d30676962129b3b08095f75897ba18bd7a403fe0d8ea
2729,qwen2.5-3b,33.3333333333333,summarize,instruction_following,cae6b835d8aefac4f354d30676962129b3b08095f75897ba18bd7a403fe0d8ea
2730,gemma-3-12b-it,16.6666666666666,summarize,instruction_following,cf121245e24dce51fbdf1d60d037dfc056e3972738f923b254c7abc284c4d8e1
2731,gemma-3-1b-it,16.6666666666666,summarize,instruction_following,cf121245e24dce51fbdf1d60d037dfc056e3972738f923b254c7abc284c4d8e1
2732,gemma-3-4b-it,16.6666666666666,summarize,instruction_following,cf121245e24dce51fbdf1d60d037dfc056e3972738f923b254c7abc284c4d8e1
2733,llama-3.1-8b-instruct,16.6666666666666,summarize,instruction_following,cf121245e24dce51fbdf1d60d037dfc056e3972738f923b254c7abc284c4d8e1
2734,llama-3.2-1b-instruct,33.3333333333333,summarize,instruction_following,cf121245e24dce51fbdf1d60d037dfc056e3972738f923b254c7abc284c4d8e1
2735,llama-3.2-3b-instruct,100.0,summarize,instruction_following,cf121245e24dce51fbdf1d60d037dfc056e3972738f923b254c7abc284c4d8e1
2736,mistral-24b,33.3333333333333,summarize,instruction_following,cf121245e24dce51fbdf1d60d037dfc056e3972738f923b254c7abc284c4d8e1
2737,mistral-7b,33.3333333333333,summarize,instruction_following,cf121245e24dce51fbdf1d60d037dfc056e3972738f923b254c7abc284c4d8e1
2738,qwen2.5-32b,33.3333333333333,summarize,instruction_following,cf121245e24dce51fbdf1d60d037dfc056e3972738f923b254c7abc284c4d8e1
2739,qwen2.5-3b,33.3333333333333,summarize,instruction_following,cf121245e24dce51fbdf1d60d037dfc056e3972738f923b254c7abc284c4d8e1
2740,gemma-3-12b-it,100.0,summarize,instruction_following,d17e20f53e46befedb93ee30550a5e5a7d2e708aa1d8fe6d41d29f29c9d12ef7
2741,gemma-3-1b-it,30.000000000000004,summarize,instruction_following,d17e20f53e46befedb93ee30550a5e5a7d2e708aa1d8fe6d41d29f29c9d12ef7
2742,gemma-3-4b-it,40.0,summarize,instruction_following,d17e20f53e46befedb93ee30550a5e5a7d2e708aa1d8fe6d41d29f29c9d12ef7
2743,llama-3.1-8b-instruct,30.000000000000004,summarize,instruction_following,d17e20f53e46befedb93ee30550a5e5a7d2e708aa1d8fe6d41d29f29c9d12ef7
2744,llama-3.2-1b-instruct,20.0,summarize,instruction_following,d17e20f53e46befedb93ee30550a5e5a7d2e708aa1d8fe6d41d29f29c9d12ef7
2745,llama-3.2-3b-instruct,20.0,summarize,instruction_following,d17e20f53e46befedb93ee30550a5e5a7d2e708aa1d8fe6d41d29f29c9d12ef7
2746,mistral-24b,20.0,summarize,instruction_following,d17e20f53e46befedb93ee30550a5e5a7d2e708aa1d8fe6d41d29f29c9d12ef7
2747,mistral-7b,20.0,summarize,instruction_following,d17e20f53e46befedb93ee30550a5e5a7d2e708aa1d8fe6d41d29f29c9d12ef7
2748,qwen2.5-32b,30.000000000000004,summarize,instruction_following,d17e20f53e46befedb93ee30550a5e5a7d2e708aa1d8fe6d41d29f29c9d12ef7
2749,qwen2.5-3b,10.0,summarize,instruction_following,d17e20f53e46befedb93ee30550a5e5a7d2e708aa1d8fe6d41d29f29c9d12ef7
2750,gemma-3-12b-it,33.3333333333333,summarize,instruction_following,d4c0187b436a03f645e0ef2bd4e72c1583ebb3b8b1ca03bd84be3e16a6e9c223
2751,gemma-3-1b-it,100.0,summarize,instruction_following,d4c0187b436a03f645e0ef2bd4e72c1583ebb3b8b1ca03bd84be3e16a6e9c223
2752,gemma-3-4b-it,16.6666666666666,summarize,instruction_following,d4c0187b436a03f645e0ef2bd4e72c1583ebb3b8b1ca03bd84be3e16a6e9c223
2753,llama-3.1-8b-instruct,33.3333333333333,summarize,instruction_following,d4c0187b436a03f645e0ef2bd4e72c1583ebb3b8b1ca03bd84be3e16a6e9c223
2754,llama-3.2-1b-instruct,33.3333333333333,summarize,instruction_following,d4c0187b436a03f645e0ef2bd4e72c1583ebb3b8b1ca03bd84be3e16a6e9c223
2755,llama-3.2-3b-instruct,33.3333333333333,summarize,instruction_following,d4c0187b436a03f645e0ef2bd4e72c1583ebb3b8b1ca03bd84be3e16a6e9c223
2756,mistral-24b,16.6666666666666,summarize,instruction_following,d4c0187b436a03f645e0ef2bd4e72c1583ebb3b8b1ca03bd84be3e16a6e9c223
2757,mistral-7b,33.3333333333333,summarize,instruction_following,d4c0187b436a03f645e0ef2bd4e72c1583ebb3b8b1ca03bd84be3e16a6e9c223
2758,qwen2.5-32b,100.0,summarize,instruction_following,d4c0187b436a03f645e0ef2bd4e72c1583ebb3b8b1ca03bd84be3e16a6e9c223
2759,qwen2.5-3b,16.6666666666666,summarize,instruction_following,d4c0187b436a03f645e0ef2bd4e72c1583ebb3b8b1ca03bd84be3e16a6e9c223
2760,gemma-3-12b-it,100.0,summarize,instruction_following,e29beb219634e4a62b3f73e853caa1b0e33244b1440359606b6f3daa4206e003
2761,gemma-3-1b-it,25.0,summarize,instruction_following,e29beb219634e4a62b3f73e853caa1b0e33244b1440359606b6f3daa4206e003
2762,gemma-3-4b-it,25.0,summarize,instruction_following,e29beb219634e4a62b3f73e853caa1b0e33244b1440359606b6f3daa4206e003
2763,llama-3.1-8b-instruct,25.0,summarize,instruction_following,e29beb219634e4a62b3f73e853caa1b0e33244b1440359606b6f3daa4206e003
2764,llama-3.2-1b-instruct,25.0,summarize,instruction_following,e29beb219634e4a62b3f73e853caa1b0e33244b1440359606b6f3daa4206e003
2765,llama-3.2-3b-instruct,25.0,summarize,instruction_following,e29beb219634e4a62b3f73e853caa1b0e33244b1440359606b6f3daa4206e003
2766,mistral-24b,25.0,summarize,instruction_following,e29beb219634e4a62b3f73e853caa1b0e33244b1440359606b6f3daa4206e003
2767,mistral-7b,25.0,summarize,instruction_following,e29beb219634e4a62b3f73e853caa1b0e33244b1440359606b6f3daa4206e003
2768,qwen2.5-32b,100.0,summarize,instruction_following,e29beb219634e4a62b3f73e853caa1b0e33244b1440359606b6f3daa4206e003
2769,qwen2.5-3b,25.0,summarize,instruction_following,e29beb219634e4a62b3f73e853caa1b0e33244b1440359606b6f3daa4206e003
2770,gemma-3-12b-it,100.0,summarize,instruction_following,e743373c521ba048e978ac6eaa78c203838a40f8220f1c5014e01d0a5daf3442
2771,gemma-3-1b-it,33.3333333333333,summarize,instruction_following,e743373c521ba048e978ac6eaa78c203838a40f8220f1c5014e01d0a5daf3442
2772,gemma-3-4b-it,33.3333333333333,summarize,instruction_following,e743373c521ba048e978ac6eaa78c203838a40f8220f1c5014e01d0a5daf3442
2773,llama-3.1-8b-instruct,16.6666666666666,summarize,instruction_following,e743373c521ba048e978ac6eaa78c203838a40f8220f1c5014e01d0a5daf3442
2774,llama-3.2-1b-instruct,16.6666666666666,summarize,instruction_following,e743373c521ba048e978ac6eaa78c203838a40f8220f1c5014e01d0a5daf3442
2775,llama-3.2-3b-instruct,33.3333333333333,summarize,instruction_following,e743373c521ba048e978ac6eaa78c203838a40f8220f1c5014e01d0a5daf3442
2776,mistral-24b,16.6666666666666,summarize,instruction_following,e743373c521ba048e978ac6eaa78c203838a40f8220f1c5014e01d0a5daf3442
2777,mistral-7b,16.6666666666666,summarize,instruction_following,e743373c521ba048e978ac6eaa78c203838a40f8220f1c5014e01d0a5daf3442
2778,qwen2.5-32b,16.6666666666666,summarize,instruction_following,e743373c521ba048e978ac6eaa78c203838a40f8220f1c5014e01d0a5daf3442
2779,qwen2.5-3b,16.6666666666666,summarize,instruction_following,e743373c521ba048e978ac6eaa78c203838a40f8220f1c5014e01d0a5daf3442
2780,gemma-3-12b-it,33.3333333333333,summarize,instruction_following,e82f3903e07a703bc0a123ce7c33fdb48ed0392424e78fee0838fbdf04a4df89
2781,gemma-3-1b-it,16.6666666666666,summarize,instruction_following,e82f3903e07a703bc0a123ce7c33fdb48ed0392424e78fee0838fbdf04a4df89
2782,gemma-3-4b-it,33.3333333333333,summarize,instruction_following,e82f3903e07a703bc0a123ce7c33fdb48ed0392424e78fee0838fbdf04a4df89
2783,llama-3.1-8b-instruct,33.3333333333333,summarize,instruction_following,e82f3903e07a703bc0a123ce7c33fdb48ed0392424e78fee0838fbdf04a4df89
2784,llama-3.2-1b-instruct,16.6666666666666,summarize,instruction_following,e82f3903e07a703bc0a123ce7c33fdb48ed0392424e78fee0838fbdf04a4df89
2785,llama-3.2-3b-instruct,100.0,summarize,instruction_following,e82f3903e07a703bc0a123ce7c33fdb48ed0392424e78fee0838fbdf04a4df89
2786,mistral-24b,100.0,summarize,instruction_following,e82f3903e07a703bc0a123ce7c33fdb48ed0392424e78fee0838fbdf04a4df89
2787,mistral-7b,100.0,summarize,instruction_following,e82f3903e07a703bc0a123ce7c33fdb48ed0392424e78fee0838fbdf04a4df89
2788,qwen2.5-32b,100.0,summarize,instruction_following,e82f3903e07a703bc0a123ce7c33fdb48ed0392424e78fee0838fbdf04a4df89
2789,qwen2.5-3b,16.6666666666666,summarize,instruction_following,e82f3903e07a703bc0a123ce7c33fdb48ed0392424e78fee0838fbdf04a4df89
2790,gemma-3-12b-it,37.5,summarize,instruction_following,ea77eae86c3ed7f4d23bd01b7890e281f98d7ab6c2ea49311db5494eafa2015f
2791,gemma-3-1b-it,12.5,summarize,instruction_following,ea77eae86c3ed7f4d23bd01b7890e281f98d7ab6c2ea49311db5494eafa2015f
2792,gemma-3-4b-it,12.5,summarize,instruction_following,ea77eae86c3ed7f4d23bd01b7890e281f98d7ab6c2ea49311db5494eafa2015f
2793,llama-3.1-8b-instruct,25.0,summarize,instruction_following,ea77eae86c3ed7f4d23bd01b7890e281f98d7ab6c2ea49311db5494eafa2015f
2794,llama-3.2-1b-instruct,25.0,summarize,instruction_following,ea77eae86c3ed7f4d23bd01b7890e281f98d7ab6c2ea49311db5494eafa2015f
2795,llama-3.2-3b-instruct,12.5,summarize,instruction_following,ea77eae86c3ed7f4d23bd01b7890e281f98d7ab6c2ea49311db5494eafa2015f
2796,mistral-24b,25.0,summarize,instruction_following,ea77eae86c3ed7f4d23bd01b7890e281f98d7ab6c2ea49311db5494eafa2015f
2797,mistral-7b,25.0,summarize,instruction_following,ea77eae86c3ed7f4d23bd01b7890e281f98d7ab6c2ea49311db5494eafa2015f
2798,qwen2.5-32b,25.0,summarize,instruction_following,ea77eae86c3ed7f4d23bd01b7890e281f98d7ab6c2ea49311db5494eafa2015f
2799,qwen2.5-3b,37.5,summarize,instruction_following,ea77eae86c3ed7f4d23bd01b7890e281f98d7ab6c2ea49311db5494eafa2015f
2800,gemma-3-12b-it,100.0,summarize,instruction_following,eefd7562fb00c75f1c032054480f823ac688a51107058c6c70baca63bc74b053
2801,gemma-3-1b-it,12.5,summarize,instruction_following,eefd7562fb00c75f1c032054480f823ac688a51107058c6c70baca63bc74b053
2802,gemma-3-4b-it,25.0,summarize,instruction_following,eefd7562fb00c75f1c032054480f823ac688a51107058c6c70baca63bc74b053
2803,llama-3.1-8b-instruct,25.0,summarize,instruction_following,eefd7562fb00c75f1c032054480f823ac688a51107058c6c70baca63bc74b053
2804,llama-3.2-1b-instruct,12.5,summarize,instruction_following,eefd7562fb00c75f1c032054480f823ac688a51107058c6c70baca63bc74b053
2805,llama-3.2-3b-instruct,12.5,summarize,instruction_following,eefd7562fb00c75f1c032054480f823ac688a51107058c6c70baca63bc74b053
2806,mistral-24b,25.0,summarize,instruction_following,eefd7562fb00c75f1c032054480f823ac688a51107058c6c70baca63bc74b053
2807,mistral-7b,25.0,summarize,instruction_following,eefd7562fb00c75f1c032054480f823ac688a51107058c6c70baca63bc74b053
2808,qwen2.5-32b,37.5,summarize,instruction_following,eefd7562fb00c75f1c032054480f823ac688a51107058c6c70baca63bc74b053
2809,qwen2.5-3b,25.0,summarize,instruction_following,eefd7562fb00c75f1c032054480f823ac688a51107058c6c70baca63bc74b053
2810,gemma-3-12b-it,16.6666666666666,summarize,instruction_following,f78e08310e88c279b1a01f6e2287b69174786bffa80754ffa5221a3538ccd53e
2811,gemma-3-1b-it,33.3333333333333,summarize,instruction_following,f78e08310e88c279b1a01f6e2287b69174786bffa80754ffa5221a3538ccd53e
2812,gemma-3-4b-it,16.6666666666666,summarize,instruction_following,f78e08310e88c279b1a01f6e2287b69174786bffa80754ffa5221a3538ccd53e
2813,llama-3.1-8b-instruct,16.6666666666666,summarize,instruction_following,f78e08310e88c279b1a01f6e2287b69174786bffa80754ffa5221a3538ccd53e
2814,llama-3.2-1b-instruct,16.6666666666666,summarize,instruction_following,f78e08310e88c279b1a01f6e2287b69174786bffa80754ffa5221a3538ccd53e
2815,llama-3.2-3b-instruct,16.6666666666666,summarize,instruction_following,f78e08310e88c279b1a01f6e2287b69174786bffa80754ffa5221a3538ccd53e
2816,mistral-24b,33.3333333333333,summarize,instruction_following,f78e08310e88c279b1a01f6e2287b69174786bffa80754ffa5221a3538ccd53e
2817,mistral-7b,33.3333333333333,summarize,instruction_following,f78e08310e88c279b1a01f6e2287b69174786bffa80754ffa5221a3538ccd53e
2818,qwen2.5-32b,33.3333333333333,summarize,instruction_following,f78e08310e88c279b1a01f6e2287b69174786bffa80754ffa5221a3538ccd53e
2819,qwen2.5-3b,16.6666666666666,summarize,instruction_following,f78e08310e88c279b1a01f6e2287b69174786bffa80754ffa5221a3538ccd53e
2820,gemma-3-12b-it,30.000000000000004,paraphrase,instruction_following,0a0385df33f3d95602ab7f1a78de0bfc276cd8067d27336188e84341cdd02032
2821,gemma-3-1b-it,20.0,paraphrase,instruction_following,0a0385df33f3d95602ab7f1a78de0bfc276cd8067d27336188e84341cdd02032
2822,gemma-3-4b-it,20.0,paraphrase,instruction_following,0a0385df33f3d95602ab7f1a78de0bfc276cd8067d27336188e84341cdd02032
2823,llama-3.1-8b-instruct,30.000000000000004,paraphrase,instruction_following,0a0385df33f3d95602ab7f1a78de0bfc276cd8067d27336188e84341cdd02032
2824,llama-3.2-1b-instruct,20.0,paraphrase,instruction_following,0a0385df33f3d95602ab7f1a78de0bfc276cd8067d27336188e84341cdd02032
2825,llama-3.2-3b-instruct,20.0,paraphrase,instruction_following,0a0385df33f3d95602ab7f1a78de0bfc276cd8067d27336188e84341cdd02032
2826,mistral-24b,30.000000000000004,paraphrase,instruction_following,0a0385df33f3d95602ab7f1a78de0bfc276cd8067d27336188e84341cdd02032
2827,mistral-7b,20.0,paraphrase,instruction_following,0a0385df33f3d95602ab7f1a78de0bfc276cd8067d27336188e84341cdd02032
2828,qwen2.5-32b,30.000000000000004,paraphrase,instruction_following,0a0385df33f3d95602ab7f1a78de0bfc276cd8067d27336188e84341cdd02032
2829,qwen2.5-3b,20.0,paraphrase,instruction_following,0a0385df33f3d95602ab7f1a78de0bfc276cd8067d27336188e84341cdd02032
2830,gemma-3-12b-it,100.0,paraphrase,instruction_following,0cf5814b25d7aa0420a7d6d8f03e0ccd977c61fb996be04f8c3221153ba1f005
2831,gemma-3-1b-it,37.5,paraphrase,instruction_following,0cf5814b25d7aa0420a7d6d8f03e0ccd977c61fb996be04f8c3221153ba1f005
2832,gemma-3-4b-it,100.0,paraphrase,instruction_following,0cf5814b25d7aa0420a7d6d8f03e0ccd977c61fb996be04f8c3221153ba1f005
2833,llama-3.1-8b-instruct,37.5,paraphrase,instruction_following,0cf5814b25d7aa0420a7d6d8f03e0ccd977c61fb996be04f8c3221153ba1f005
2834,llama-3.2-1b-instruct,37.5,paraphrase,instruction_following,0cf5814b25d7aa0420a7d6d8f03e0ccd977c61fb996be04f8c3221153ba1f005
2835,llama-3.2-3b-instruct,37.5,paraphrase,instruction_following,0cf5814b25d7aa0420a7d6d8f03e0ccd977c61fb996be04f8c3221153ba1f005
2836,mistral-24b,25.0,paraphrase,instruction_following,0cf5814b25d7aa0420a7d6d8f03e0ccd977c61fb996be04f8c3221153ba1f005
2837,mistral-7b,37.5,paraphrase,instruction_following,0cf5814b25d7aa0420a7d6d8f03e0ccd977c61fb996be04f8c3221153ba1f005
2838,qwen2.5-32b,37.5,paraphrase,instruction_following,0cf5814b25d7aa0420a7d6d8f03e0ccd977c61fb996be04f8c3221153ba1f005
2839,qwen2.5-3b,37.5,paraphrase,instruction_following,0cf5814b25d7aa0420a7d6d8f03e0ccd977c61fb996be04f8c3221153ba1f005
2840,gemma-3-12b-it,100.0,paraphrase,instruction_following,0f90f3ed7d95e22249b1376b7f31afddcf5f6de2f813cd91d64f4f3c47bfb129
2841,gemma-3-1b-it,25.0,paraphrase,instruction_following,0f90f3ed7d95e22249b1376b7f31afddcf5f6de2f813cd91d64f4f3c47bfb129
2842,gemma-3-4b-it,25.0,paraphrase,instruction_following,0f90f3ed7d95e22249b1376b7f31afddcf5f6de2f813cd91d64f4f3c47bfb129
2843,llama-3.1-8b-instruct,100.0,paraphrase,instruction_following,0f90f3ed7d95e22249b1376b7f31afddcf5f6de2f813cd91d64f4f3c47bfb129
2844,llama-3.2-1b-instruct,0.0,paraphrase,instruction_following,0f90f3ed7d95e22249b1376b7f31afddcf5f6de2f813cd91d64f4f3c47bfb129
2845,llama-3.2-3b-instruct,100.0,paraphrase,instruction_following,0f90f3ed7d95e22249b1376b7f31afddcf5f6de2f813cd91d64f4f3c47bfb129
2846,mistral-24b,25.0,paraphrase,instruction_following,0f90f3ed7d95e22249b1376b7f31afddcf5f6de2f813cd91d64f4f3c47bfb129
2847,mistral-7b,25.0,paraphrase,instruction_following,0f90f3ed7d95e22249b1376b7f31afddcf5f6de2f813cd91d64f4f3c47bfb129
2848,qwen2.5-32b,100.0,paraphrase,instruction_following,0f90f3ed7d95e22249b1376b7f31afddcf5f6de2f813cd91d64f4f3c47bfb129
2849,qwen2.5-3b,100.0,paraphrase,instruction_following,0f90f3ed7d95e22249b1376b7f31afddcf5f6de2f813cd91d64f4f3c47bfb129
2850,gemma-3-12b-it,100.0,paraphrase,instruction_following,12511f1ecaf9b43b03990406cbc2634eb438a570f7083526de0a4ca894d64371
2851,gemma-3-1b-it,25.0,paraphrase,instruction_following,12511f1ecaf9b43b03990406cbc2634eb438a570f7083526de0a4ca894d64371
2852,gemma-3-4b-it,25.0,paraphrase,instruction_following,12511f1ecaf9b43b03990406cbc2634eb438a570f7083526de0a4ca894d64371
2853,llama-3.1-8b-instruct,25.0,paraphrase,instruction_following,12511f1ecaf9b43b03990406cbc2634eb438a570f7083526de0a4ca894d64371
2854,llama-3.2-1b-instruct,25.0,paraphrase,instruction_following,12511f1ecaf9b43b03990406cbc2634eb438a570f7083526de0a4ca894d64371
2855,llama-3.2-3b-instruct,25.0,paraphrase,instruction_following,12511f1ecaf9b43b03990406cbc2634eb438a570f7083526de0a4ca894d64371
2856,mistral-24b,25.0,paraphrase,instruction_following,12511f1ecaf9b43b03990406cbc2634eb438a570f7083526de0a4ca894d64371
2857,mistral-7b,100.0,paraphrase,instruction_following,12511f1ecaf9b43b03990406cbc2634eb438a570f7083526de0a4ca894d64371
2858,qwen2.5-32b,100.0,paraphrase,instruction_following,12511f1ecaf9b43b03990406cbc2634eb438a570f7083526de0a4ca894d64371
2859,qwen2.5-3b,100.0,paraphrase,instruction_following,12511f1ecaf9b43b03990406cbc2634eb438a570f7083526de0a4ca894d64371
2860,gemma-3-12b-it,100.0,paraphrase,instruction_following,1597a46fa20861cb667a3233363762f3f6df6f4a51fd205fd6b496cfc3f47c09
2861,gemma-3-1b-it,20.0,paraphrase,instruction_following,1597a46fa20861cb667a3233363762f3f6df6f4a51fd205fd6b496cfc3f47c09
2862,gemma-3-4b-it,30.000000000000004,paraphrase,instruction_following,1597a46fa20861cb667a3233363762f3f6df6f4a51fd205fd6b496cfc3f47c09
2863,llama-3.1-8b-instruct,40.0,paraphrase,instruction_following,1597a46fa20861cb667a3233363762f3f6df6f4a51fd205fd6b496cfc3f47c09
2864,llama-3.2-1b-instruct,30.000000000000004,paraphrase,instruction_following,1597a46fa20861cb667a3233363762f3f6df6f4a51fd205fd6b496cfc3f47c09
2865,llama-3.2-3b-instruct,40.0,paraphrase,instruction_following,1597a46fa20861cb667a3233363762f3f6df6f4a51fd205fd6b496cfc3f47c09
2866,mistral-24b,100.0,paraphrase,instruction_following,1597a46fa20861cb667a3233363762f3f6df6f4a51fd205fd6b496cfc3f47c09
2867,mistral-7b,100.0,paraphrase,instruction_following,1597a46fa20861cb667a3233363762f3f6df6f4a51fd205fd6b496cfc3f47c09
2868,qwen2.5-32b,40.0,paraphrase,instruction_following,1597a46fa20861cb667a3233363762f3f6df6f4a51fd205fd6b496cfc3f47c09
2869,qwen2.5-3b,40.0,paraphrase,instruction_following,1597a46fa20861cb667a3233363762f3f6df6f4a51fd205fd6b496cfc3f47c09
2870,gemma-3-12b-it,33.3333333333333,paraphrase,instruction_following,15c6b7596ca96c40d0c142303178478af8d3f9d0f780d2fbad65e0fa411970b7
2871,gemma-3-1b-it,16.6666666666666,paraphrase,instruction_following,15c6b7596ca96c40d0c142303178478af8d3f9d0f780d2fbad65e0fa411970b7
2872,gemma-3-4b-it,16.6666666666666,paraphrase,instruction_following,15c6b7596ca96c40d0c142303178478af8d3f9d0f780d2fbad65e0fa411970b7
2873,llama-3.1-8b-instruct,16.6666666666666,paraphrase,instruction_following,15c6b7596ca96c40d0c142303178478af8d3f9d0f780d2fbad65e0fa411970b7
2874,llama-3.2-1b-instruct,16.6666666666666,paraphrase,instruction_following,15c6b7596ca96c40d0c142303178478af8d3f9d0f780d2fbad65e0fa411970b7
2875,llama-3.2-3b-instruct,16.6666666666666,paraphrase,instruction_following,15c6b7596ca96c40d0c142303178478af8d3f9d0f780d2fbad65e0fa411970b7
2876,mistral-24b,16.6666666666666,paraphrase,instruction_following,15c6b7596ca96c40d0c142303178478af8d3f9d0f780d2fbad65e0fa411970b7
2877,mistral-7b,16.6666666666666,paraphrase,instruction_following,15c6b7596ca96c40d0c142303178478af8d3f9d0f780d2fbad65e0fa411970b7
2878,qwen2.5-32b,33.3333333333333,paraphrase,instruction_following,15c6b7596ca96c40d0c142303178478af8d3f9d0f780d2fbad65e0fa411970b7
2879,qwen2.5-3b,16.6666666666666,paraphrase,instruction_following,15c6b7596ca96c40d0c142303178478af8d3f9d0f780d2fbad65e0fa411970b7
2880,gemma-3-12b-it,25.0,paraphrase,instruction_following,28225eb304ee633f078b9fb205f678e689ec92b0112d3d5f4f9c5d3391f5a67b
2881,gemma-3-1b-it,25.0,paraphrase,instruction_following,28225eb304ee633f078b9fb205f678e689ec92b0112d3d5f4f9c5d3391f5a67b
2882,gemma-3-4b-it,25.0,paraphrase,instruction_following,28225eb304ee633f078b9fb205f678e689ec92b0112d3d5f4f9c5d3391f5a67b
2883,llama-3.1-8b-instruct,37.5,paraphrase,instruction_following,28225eb304ee633f078b9fb205f678e689ec92b0112d3d5f4f9c5d3391f5a67b
2884,llama-3.2-1b-instruct,37.5,paraphrase,instruction_following,28225eb304ee633f078b9fb205f678e689ec92b0112d3d5f4f9c5d3391f5a67b
2885,llama-3.2-3b-instruct,25.0,paraphrase,instruction_following,28225eb304ee633f078b9fb205f678e689ec92b0112d3d5f4f9c5d3391f5a67b
2886,mistral-24b,37.5,paraphrase,instruction_following,28225eb304ee633f078b9fb205f678e689ec92b0112d3d5f4f9c5d3391f5a67b
2887,mistral-7b,25.0,paraphrase,instruction_following,28225eb304ee633f078b9fb205f678e689ec92b0112d3d5f4f9c5d3391f5a67b
2888,qwen2.5-32b,25.0,paraphrase,instruction_following,28225eb304ee633f078b9fb205f678e689ec92b0112d3d5f4f9c5d3391f5a67b
2889,qwen2.5-3b,25.0,paraphrase,instruction_following,28225eb304ee633f078b9fb205f678e689ec92b0112d3d5f4f9c5d3391f5a67b
2890,gemma-3-12b-it,33.3333333333333,paraphrase,instruction_following,290ddccaf7a24527b8bcc08ea3e07ca14d86f7224c9ccbb03442da4efac0840b
2891,gemma-3-1b-it,0.0,paraphrase,instruction_following,290ddccaf7a24527b8bcc08ea3e07ca14d86f7224c9ccbb03442da4efac0840b
2892,gemma-3-4b-it,33.3333333333333,paraphrase,instruction_following,290ddccaf7a24527b8bcc08ea3e07ca14d86f7224c9ccbb03442da4efac0840b
2893,llama-3.1-8b-instruct,33.3333333333333,paraphrase,instruction_following,290ddccaf7a24527b8bcc08ea3e07ca14d86f7224c9ccbb03442da4efac0840b
2894,llama-3.2-1b-instruct,0.0,paraphrase,instruction_following,290ddccaf7a24527b8bcc08ea3e07ca14d86f7224c9ccbb03442da4efac0840b
2895,llama-3.2-3b-instruct,16.6666666666666,paraphrase,instruction_following,290ddccaf7a24527b8bcc08ea3e07ca14d86f7224c9ccbb03442da4efac0840b
2896,mistral-24b,16.6666666666666,paraphrase,instruction_following,290ddccaf7a24527b8bcc08ea3e07ca14d86f7224c9ccbb03442da4efac0840b
2897,mistral-7b,0.0,paraphrase,instruction_following,290ddccaf7a24527b8bcc08ea3e07ca14d86f7224c9ccbb03442da4efac0840b
2898,qwen2.5-32b,33.3333333333333,paraphrase,instruction_following,290ddccaf7a24527b8bcc08ea3e07ca14d86f7224c9ccbb03442da4efac0840b
2899,qwen2.5-3b,16.6666666666666,paraphrase,instruction_following,290ddccaf7a24527b8bcc08ea3e07ca14d86f7224c9ccbb03442da4efac0840b
2900,gemma-3-12b-it,100.0,paraphrase,instruction_following,2e1fca49ccefcb602c916a6302c061d32aa0eda95112e7cd2ed2506d50811caf
2901,gemma-3-1b-it,10.0,paraphrase,instruction_following,2e1fca49ccefcb602c916a6302c061d32aa0eda95112e7cd2ed2506d50811caf
2902,gemma-3-4b-it,20.0,paraphrase,instruction_following,2e1fca49ccefcb602c916a6302c061d32aa0eda95112e7cd2ed2506d50811caf
2903,llama-3.1-8b-instruct,30.000000000000004,paraphrase,instruction_following,2e1fca49ccefcb602c916a6302c061d32aa0eda95112e7cd2ed2506d50811caf
2904,llama-3.2-1b-instruct,20.0,paraphrase,instruction_following,2e1fca49ccefcb602c916a6302c061d32aa0eda95112e7cd2ed2506d50811caf
2905,llama-3.2-3b-instruct,20.0,paraphrase,instruction_following,2e1fca49ccefcb602c916a6302c061d32aa0eda95112e7cd2ed2506d50811caf
2906,mistral-24b,20.0,paraphrase,instruction_following,2e1fca49ccefcb602c916a6302c061d32aa0eda95112e7cd2ed2506d50811caf
2907,mistral-7b,10.0,paraphrase,instruction_following,2e1fca49ccefcb602c916a6302c061d32aa0eda95112e7cd2ed2506d50811caf
2908,qwen2.5-32b,20.0,paraphrase,instruction_following,2e1fca49ccefcb602c916a6302c061d32aa0eda95112e7cd2ed2506d50811caf
2909,qwen2.5-3b,0.0,paraphrase,instruction_following,2e1fca49ccefcb602c916a6302c061d32aa0eda95112e7cd2ed2506d50811caf
2910,gemma-3-12b-it,33.3333333333333,paraphrase,instruction_following,2ff571574542a8b55e3f5f6dde84aaae82a7f75ef56b61fe7f4a09bce170546d
2911,gemma-3-1b-it,16.6666666666666,paraphrase,instruction_following,2ff571574542a8b55e3f5f6dde84aaae82a7f75ef56b61fe7f4a09bce170546d
2912,gemma-3-4b-it,100.0,paraphrase,instruction_following,2ff571574542a8b55e3f5f6dde84aaae82a7f75ef56b61fe7f4a09bce170546d
2913,llama-3.1-8b-instruct,33.3333333333333,paraphrase,instruction_following,2ff571574542a8b55e3f5f6dde84aaae82a7f75ef56b61fe7f4a09bce170546d
2914,llama-3.2-1b-instruct,16.6666666666666,paraphrase,instruction_following,2ff571574542a8b55e3f5f6dde84aaae82a7f75ef56b61fe7f4a09bce170546d
2915,llama-3.2-3b-instruct,33.3333333333333,paraphrase,instruction_following,2ff571574542a8b55e3f5f6dde84aaae82a7f75ef56b61fe7f4a09bce170546d
2916,mistral-24b,33.3333333333333,paraphrase,instruction_following,2ff571574542a8b55e3f5f6dde84aaae82a7f75ef56b61fe7f4a09bce170546d
2917,mistral-7b,16.6666666666666,paraphrase,instruction_following,2ff571574542a8b55e3f5f6dde84aaae82a7f75ef56b61fe7f4a09bce170546d
2918,qwen2.5-32b,100.0,paraphrase,instruction_following,2ff571574542a8b55e3f5f6dde84aaae82a7f75ef56b61fe7f4a09bce170546d
2919,qwen2.5-3b,33.3333333333333,paraphrase,instruction_following,2ff571574542a8b55e3f5f6dde84aaae82a7f75ef56b61fe7f4a09bce170546d
2920,gemma-3-12b-it,100.0,paraphrase,instruction_following,35df8fcec24c52c406addabcc9af0ac0b7aef329efb29c4384f53e4ea7a89fb7
2921,gemma-3-1b-it,0.0,paraphrase,instruction_following,35df8fcec24c52c406addabcc9af0ac0b7aef329efb29c4384f53e4ea7a89fb7
2922,gemma-3-4b-it,0.0,paraphrase,instruction_following,35df8fcec24c52c406addabcc9af0ac0b7aef329efb29c4384f53e4ea7a89fb7
2923,llama-3.1-8b-instruct,25.0,paraphrase,instruction_following,35df8fcec24c52c406addabcc9af0ac0b7aef329efb29c4384f53e4ea7a89fb7
2924,llama-3.2-1b-instruct,25.0,paraphrase,instruction_following,35df8fcec24c52c406addabcc9af0ac0b7aef329efb29c4384f53e4ea7a89fb7
2925,llama-3.2-3b-instruct,25.0,paraphrase,instruction_following,35df8fcec24c52c406addabcc9af0ac0b7aef329efb29c4384f53e4ea7a89fb7
2926,mistral-24b,25.0,paraphrase,instruction_following,35df8fcec24c52c406addabcc9af0ac0b7aef329efb29c4384f53e4ea7a89fb7
2927,mistral-7b,100.0,paraphrase,instruction_following,35df8fcec24c52c406addabcc9af0ac0b7aef329efb29c4384f53e4ea7a89fb7
2928,qwen2.5-32b,25.0,paraphrase,instruction_following,35df8fcec24c52c406addabcc9af0ac0b7aef329efb29c4384f53e4ea7a89fb7
2929,qwen2.5-3b,0.0,paraphrase,instruction_following,35df8fcec24c52c406addabcc9af0ac0b7aef329efb29c4384f53e4ea7a89fb7
2930,gemma-3-12b-it,30.000000000000004,paraphrase,instruction_following,410213754fe7db03895021fa4febcc863e254349b5d67646e92beb22ced4150b
2931,gemma-3-1b-it,20.0,paraphrase,instruction_following,410213754fe7db03895021fa4febcc863e254349b5d67646e92beb22ced4150b
2932,gemma-3-4b-it,30.000000000000004,paraphrase,instruction_following,410213754fe7db03895021fa4febcc863e254349b5d67646e92beb22ced4150b
2933,llama-3.1-8b-instruct,20.0,paraphrase,instruction_following,410213754fe7db03895021fa4febcc863e254349b5d67646e92beb22ced4150b
2934,llama-3.2-1b-instruct,20.0,paraphrase,instruction_following,410213754fe7db03895021fa4febcc863e254349b5d67646e92beb22ced4150b
2935,llama-3.2-3b-instruct,20.0,paraphrase,instruction_following,410213754fe7db03895021fa4febcc863e254349b5d67646e92beb22ced4150b
2936,mistral-24b,40.0,paraphrase,instruction_following,410213754fe7db03895021fa4febcc863e254349b5d67646e92beb22ced4150b
2937,mistral-7b,40.0,paraphrase,instruction_following,410213754fe7db03895021fa4febcc863e254349b5d67646e92beb22ced4150b
2938,qwen2.5-32b,40.0,paraphrase,instruction_following,410213754fe7db03895021fa4febcc863e254349b5d67646e92beb22ced4150b
2939,qwen2.5-3b,40.0,paraphrase,instruction_following,410213754fe7db03895021fa4febcc863e254349b5d67646e92beb22ced4150b
2940,gemma-3-12b-it,0.0,paraphrase,instruction_following,4671725af24cc8ec52ea8f7424c951274b68cefdb18564131d5938060c77dc56
2941,gemma-3-1b-it,0.0,paraphrase,instruction_following,4671725af24cc8ec52ea8f7424c951274b68cefdb18564131d5938060c77dc56
2942,gemma-3-4b-it,0.0,paraphrase,instruction_following,4671725af24cc8ec52ea8f7424c951274b68cefdb18564131d5938060c77dc56
2943,llama-3.1-8b-instruct,0.0,paraphrase,instruction_following,4671725af24cc8ec52ea8f7424c951274b68cefdb18564131d5938060c77dc56
2944,llama-3.2-1b-instruct,0.0,paraphrase,instruction_following,4671725af24cc8ec52ea8f7424c951274b68cefdb18564131d5938060c77dc56
2945,llama-3.2-3b-instruct,0.0,paraphrase,instruction_following,4671725af24cc8ec52ea8f7424c951274b68cefdb18564131d5938060c77dc56
2946,mistral-24b,0.0,paraphrase,instruction_following,4671725af24cc8ec52ea8f7424c951274b68cefdb18564131d5938060c77dc56
2947,mistral-7b,0.0,paraphrase,instruction_following,4671725af24cc8ec52ea8f7424c951274b68cefdb18564131d5938060c77dc56
2948,qwen2.5-32b,0.0,paraphrase,instruction_following,4671725af24cc8ec52ea8f7424c951274b68cefdb18564131d5938060c77dc56
2949,qwen2.5-3b,0.0,paraphrase,instruction_following,4671725af24cc8ec52ea8f7424c951274b68cefdb18564131d5938060c77dc56
2950,gemma-3-12b-it,25.0,paraphrase,instruction_following,480806ded46fba8711fafa728041b8e2fd0a40d9f8e4be4ea7c77ec7101e1a50
2951,gemma-3-1b-it,25.0,paraphrase,instruction_following,480806ded46fba8711fafa728041b8e2fd0a40d9f8e4be4ea7c77ec7101e1a50
2952,gemma-3-4b-it,25.0,paraphrase,instruction_following,480806ded46fba8711fafa728041b8e2fd0a40d9f8e4be4ea7c77ec7101e1a50
2953,llama-3.1-8b-instruct,100.0,paraphrase,instruction_following,480806ded46fba8711fafa728041b8e2fd0a40d9f8e4be4ea7c77ec7101e1a50
2954,llama-3.2-1b-instruct,25.0,paraphrase,instruction_following,480806ded46fba8711fafa728041b8e2fd0a40d9f8e4be4ea7c77ec7101e1a50
2955,llama-3.2-3b-instruct,25.0,paraphrase,instruction_following,480806ded46fba8711fafa728041b8e2fd0a40d9f8e4be4ea7c77ec7101e1a50
2956,mistral-24b,0.0,paraphrase,instruction_following,480806ded46fba8711fafa728041b8e2fd0a40d9f8e4be4ea7c77ec7101e1a50
2957,mistral-7b,100.0,paraphrase,instruction_following,480806ded46fba8711fafa728041b8e2fd0a40d9f8e4be4ea7c77ec7101e1a50
2958,qwen2.5-32b,100.0,paraphrase,instruction_following,480806ded46fba8711fafa728041b8e2fd0a40d9f8e4be4ea7c77ec7101e1a50
2959,qwen2.5-3b,100.0,paraphrase,instruction_following,480806ded46fba8711fafa728041b8e2fd0a40d9f8e4be4ea7c77ec7101e1a50
2960,gemma-3-12b-it,37.5,paraphrase,instruction_following,4a1477836cc454a1cc8b3a9a0e383c3abd8ce837dc670f7e396561b1cdf84f56
2961,gemma-3-1b-it,25.0,paraphrase,instruction_following,4a1477836cc454a1cc8b3a9a0e383c3abd8ce837dc670f7e396561b1cdf84f56
2962,gemma-3-4b-it,25.0,paraphrase,instruction_following,4a1477836cc454a1cc8b3a9a0e383c3abd8ce837dc670f7e396561b1cdf84f56
2963,llama-3.1-8b-instruct,100.0,paraphrase,instruction_following,4a1477836cc454a1cc8b3a9a0e383c3abd8ce837dc670f7e396561b1cdf84f56
2964,llama-3.2-1b-instruct,25.0,paraphrase,instruction_following,4a1477836cc454a1cc8b3a9a0e383c3abd8ce837dc670f7e396561b1cdf84f56
2965,llama-3.2-3b-instruct,12.5,paraphrase,instruction_following,4a1477836cc454a1cc8b3a9a0e383c3abd8ce837dc670f7e396561b1cdf84f56
2966,mistral-24b,37.5,paraphrase,instruction_following,4a1477836cc454a1cc8b3a9a0e383c3abd8ce837dc670f7e396561b1cdf84f56
2967,mistral-7b,37.5,paraphrase,instruction_following,4a1477836cc454a1cc8b3a9a0e383c3abd8ce837dc670f7e396561b1cdf84f56
2968,qwen2.5-32b,25.0,paraphrase,instruction_following,4a1477836cc454a1cc8b3a9a0e383c3abd8ce837dc670f7e396561b1cdf84f56
2969,qwen2.5-3b,25.0,paraphrase,instruction_following,4a1477836cc454a1cc8b3a9a0e383c3abd8ce837dc670f7e396561b1cdf84f56
2970,gemma-3-12b-it,33.3333333333333,paraphrase,instruction_following,4c0c2eb1a759ded986ddfbba277e6ac4d0eec9853a8871ae843dffd8c7829a9b
2971,gemma-3-1b-it,16.6666666666666,paraphrase,instruction_following,4c0c2eb1a759ded986ddfbba277e6ac4d0eec9853a8871ae843dffd8c7829a9b
2972,gemma-3-4b-it,16.6666666666666,paraphrase,instruction_following,4c0c2eb1a759ded986ddfbba277e6ac4d0eec9853a8871ae843dffd8c7829a9b
2973,llama-3.1-8b-instruct,33.3333333333333,paraphrase,instruction_following,4c0c2eb1a759ded986ddfbba277e6ac4d0eec9853a8871ae843dffd8c7829a9b
2974,llama-3.2-1b-instruct,33.3333333333333,paraphrase,instruction_following,4c0c2eb1a759ded986ddfbba277e6ac4d0eec9853a8871ae843dffd8c7829a9b
2975,llama-3.2-3b-instruct,16.6666666666666,paraphrase,instruction_following,4c0c2eb1a759ded986ddfbba277e6ac4d0eec9853a8871ae843dffd8c7829a9b
2976,mistral-24b,16.6666666666666,paraphrase,instruction_following,4c0c2eb1a759ded986ddfbba277e6ac4d0eec9853a8871ae843dffd8c7829a9b
2977,mistral-7b,16.6666666666666,paraphrase,instruction_following,4c0c2eb1a759ded986ddfbba277e6ac4d0eec9853a8871ae843dffd8c7829a9b
2978,qwen2.5-32b,16.6666666666666,paraphrase,instruction_following,4c0c2eb1a759ded986ddfbba277e6ac4d0eec9853a8871ae843dffd8c7829a9b
2979,qwen2.5-3b,33.3333333333333,paraphrase,instruction_following,4c0c2eb1a759ded986ddfbba277e6ac4d0eec9853a8871ae843dffd8c7829a9b
2980,gemma-3-12b-it,25.0,paraphrase,instruction_following,4d4a99c7e19822bf77a525e715685d2113afa6b704b2dd4d80e579ad291f75bb
2981,gemma-3-1b-it,0.0,paraphrase,instruction_following,4d4a99c7e19822bf77a525e715685d2113afa6b704b2dd4d80e579ad291f75bb
2982,gemma-3-4b-it,25.0,paraphrase,instruction_following,4d4a99c7e19822bf77a525e715685d2113afa6b704b2dd4d80e579ad291f75bb
2983,llama-3.1-8b-instruct,0.0,paraphrase,instruction_following,4d4a99c7e19822bf77a525e715685d2113afa6b704b2dd4d80e579ad291f75bb
2984,llama-3.2-1b-instruct,12.5,paraphrase,instruction_following,4d4a99c7e19822bf77a525e715685d2113afa6b704b2dd4d80e579ad291f75bb
2985,llama-3.2-3b-instruct,25.0,paraphrase,instruction_following,4d4a99c7e19822bf77a525e715685d2113afa6b704b2dd4d80e579ad291f75bb
2986,mistral-24b,12.5,paraphrase,instruction_following,4d4a99c7e19822bf77a525e715685d2113afa6b704b2dd4d80e579ad291f75bb
2987,mistral-7b,37.5,paraphrase,instruction_following,4d4a99c7e19822bf77a525e715685d2113afa6b704b2dd4d80e579ad291f75bb
2988,qwen2.5-32b,25.0,paraphrase,instruction_following,4d4a99c7e19822bf77a525e715685d2113afa6b704b2dd4d80e579ad291f75bb
2989,qwen2.5-3b,0.0,paraphrase,instruction_following,4d4a99c7e19822bf77a525e715685d2113afa6b704b2dd4d80e579ad291f75bb
2990,gemma-3-12b-it,100.0,paraphrase,instruction_following,55b713ae1b78dff614707df952ea42548f543397307c164fccd65561c2a0941e
2991,gemma-3-1b-it,100.0,paraphrase,instruction_following,55b713ae1b78dff614707df952ea42548f543397307c164fccd65561c2a0941e
2992,gemma-3-4b-it,100.0,paraphrase,instruction_following,55b713ae1b78dff614707df952ea42548f543397307c164fccd65561c2a0941e
2993,llama-3.1-8b-instruct,100.0,paraphrase,instruction_following,55b713ae1b78dff614707df952ea42548f543397307c164fccd65561c2a0941e
2994,llama-3.2-1b-instruct,0.0,paraphrase,instruction_following,55b713ae1b78dff614707df952ea42548f543397307c164fccd65561c2a0941e
2995,llama-3.2-3b-instruct,100.0,paraphrase,instruction_following,55b713ae1b78dff614707df952ea42548f543397307c164fccd65561c2a0941e
2996,mistral-24b,100.0,paraphrase,instruction_following,55b713ae1b78dff614707df952ea42548f543397307c164fccd65561c2a0941e
2997,mistral-7b,0.0,paraphrase,instruction_following,55b713ae1b78dff614707df952ea42548f543397307c164fccd65561c2a0941e
2998,qwen2.5-32b,100.0,paraphrase,instruction_following,55b713ae1b78dff614707df952ea42548f543397307c164fccd65561c2a0941e
2999,qwen2.5-3b,0.0,paraphrase,instruction_following,55b713ae1b78dff614707df952ea42548f543397307c164fccd65561c2a0941e
3000,gemma-3-12b-it,25.0,paraphrase,instruction_following,58a355a7c63a2be44b6181016d32db1d9f209f6d0d82d71f900f4bb5971e42f3
3001,gemma-3-1b-it,25.0,paraphrase,instruction_following,58a355a7c63a2be44b6181016d32db1d9f209f6d0d82d71f900f4bb5971e42f3
3002,gemma-3-4b-it,25.0,paraphrase,instruction_following,58a355a7c63a2be44b6181016d32db1d9f209f6d0d82d71f900f4bb5971e42f3
3003,llama-3.1-8b-instruct,37.5,paraphrase,instruction_following,58a355a7c63a2be44b6181016d32db1d9f209f6d0d82d71f900f4bb5971e42f3
3004,llama-3.2-1b-instruct,12.5,paraphrase,instruction_following,58a355a7c63a2be44b6181016d32db1d9f209f6d0d82d71f900f4bb5971e42f3
3005,llama-3.2-3b-instruct,12.5,paraphrase,instruction_following,58a355a7c63a2be44b6181016d32db1d9f209f6d0d82d71f900f4bb5971e42f3
3006,mistral-24b,37.5,paraphrase,instruction_following,58a355a7c63a2be44b6181016d32db1d9f209f6d0d82d71f900f4bb5971e42f3
3007,mistral-7b,100.0,paraphrase,instruction_following,58a355a7c63a2be44b6181016d32db1d9f209f6d0d82d71f900f4bb5971e42f3
3008,qwen2.5-32b,37.5,paraphrase,instruction_following,58a355a7c63a2be44b6181016d32db1d9f209f6d0d82d71f900f4bb5971e42f3
3009,qwen2.5-3b,25.0,paraphrase,instruction_following,58a355a7c63a2be44b6181016d32db1d9f209f6d0d82d71f900f4bb5971e42f3
3010,gemma-3-12b-it,100.0,paraphrase,instruction_following,64567c0d3c90ccc2c9a6a8c49461f039236f2cb2932ac452dcb237c51560ab3b
3011,gemma-3-1b-it,25.0,paraphrase,instruction_following,64567c0d3c90ccc2c9a6a8c49461f039236f2cb2932ac452dcb237c51560ab3b
3012,gemma-3-4b-it,100.0,paraphrase,instruction_following,64567c0d3c90ccc2c9a6a8c49461f039236f2cb2932ac452dcb237c51560ab3b
3013,llama-3.1-8b-instruct,100.0,paraphrase,instruction_following,64567c0d3c90ccc2c9a6a8c49461f039236f2cb2932ac452dcb237c51560ab3b
3014,llama-3.2-1b-instruct,25.0,paraphrase,instruction_following,64567c0d3c90ccc2c9a6a8c49461f039236f2cb2932ac452dcb237c51560ab3b
3015,llama-3.2-3b-instruct,100.0,paraphrase,instruction_following,64567c0d3c90ccc2c9a6a8c49461f039236f2cb2932ac452dcb237c51560ab3b
3016,mistral-24b,100.0,paraphrase,instruction_following,64567c0d3c90ccc2c9a6a8c49461f039236f2cb2932ac452dcb237c51560ab3b
3017,mistral-7b,100.0,paraphrase,instruction_following,64567c0d3c90ccc2c9a6a8c49461f039236f2cb2932ac452dcb237c51560ab3b
3018,qwen2.5-32b,100.0,paraphrase,instruction_following,64567c0d3c90ccc2c9a6a8c49461f039236f2cb2932ac452dcb237c51560ab3b
3019,qwen2.5-3b,100.0,paraphrase,instruction_following,64567c0d3c90ccc2c9a6a8c49461f039236f2cb2932ac452dcb237c51560ab3b
3020,gemma-3-12b-it,30.000000000000004,paraphrase,instruction_following,693c559e842aadf93ddcaba5f140c97aac1419c23fda3c1038c7a690c13b1213
3021,gemma-3-1b-it,40.0,paraphrase,instruction_following,693c559e842aadf93ddcaba5f140c97aac1419c23fda3c1038c7a690c13b1213
3022,gemma-3-4b-it,30.000000000000004,paraphrase,instruction_following,693c559e842aadf93ddcaba5f140c97aac1419c23fda3c1038c7a690c13b1213
3023,llama-3.1-8b-instruct,40.0,paraphrase,instruction_following,693c559e842aadf93ddcaba5f140c97aac1419c23fda3c1038c7a690c13b1213
3024,llama-3.2-1b-instruct,20.0,paraphrase,instruction_following,693c559e842aadf93ddcaba5f140c97aac1419c23fda3c1038c7a690c13b1213
3025,llama-3.2-3b-instruct,30.000000000000004,paraphrase,instruction_following,693c559e842aadf93ddcaba5f140c97aac1419c23fda3c1038c7a690c13b1213
3026,mistral-24b,30.000000000000004,paraphrase,instruction_following,693c559e842aadf93ddcaba5f140c97aac1419c23fda3c1038c7a690c13b1213
3027,mistral-7b,30.000000000000004,paraphrase,instruction_following,693c559e842aadf93ddcaba5f140c97aac1419c23fda3c1038c7a690c13b1213
3028,qwen2.5-32b,20.0,paraphrase,instruction_following,693c559e842aadf93ddcaba5f140c97aac1419c23fda3c1038c7a690c13b1213
3029,qwen2.5-3b,30.000000000000004,paraphrase,instruction_following,693c559e842aadf93ddcaba5f140c97aac1419c23fda3c1038c7a690c13b1213
3030,gemma-3-12b-it,100.0,paraphrase,instruction_following,6bf63f504a4aec3fcd329841b5eb5346c2655dfd877d7eb1546214ff1bb44442
3031,gemma-3-1b-it,0.0,paraphrase,instruction_following,6bf63f504a4aec3fcd329841b5eb5346c2655dfd877d7eb1546214ff1bb44442
3032,gemma-3-4b-it,100.0,paraphrase,instruction_following,6bf63f504a4aec3fcd329841b5eb5346c2655dfd877d7eb1546214ff1bb44442
3033,llama-3.1-8b-instruct,100.0,paraphrase,instruction_following,6bf63f504a4aec3fcd329841b5eb5346c2655dfd877d7eb1546214ff1bb44442
3034,llama-3.2-1b-instruct,0.0,paraphrase,instruction_following,6bf63f504a4aec3fcd329841b5eb5346c2655dfd877d7eb1546214ff1bb44442
3035,llama-3.2-3b-instruct,0.0,paraphrase,instruction_following,6bf63f504a4aec3fcd329841b5eb5346c2655dfd877d7eb1546214ff1bb44442
3036,mistral-24b,100.0,paraphrase,instruction_following,6bf63f504a4aec3fcd329841b5eb5346c2655dfd877d7eb1546214ff1bb44442
3037,mistral-7b,0.0,paraphrase,instruction_following,6bf63f504a4aec3fcd329841b5eb5346c2655dfd877d7eb1546214ff1bb44442
3038,qwen2.5-32b,100.0,paraphrase,instruction_following,6bf63f504a4aec3fcd329841b5eb5346c2655dfd877d7eb1546214ff1bb44442
3039,qwen2.5-3b,0.0,paraphrase,instruction_following,6bf63f504a4aec3fcd329841b5eb5346c2655dfd877d7eb1546214ff1bb44442
3040,gemma-3-12b-it,100.0,paraphrase,instruction_following,6d106383360988b0f4a661ed2b5ca6bb4aa0282d19a3b5a5a495823a77302d9d
3041,gemma-3-1b-it,0.0,paraphrase,instruction_following,6d106383360988b0f4a661ed2b5ca6bb4aa0282d19a3b5a5a495823a77302d9d
3042,gemma-3-4b-it,0.0,paraphrase,instruction_following,6d106383360988b0f4a661ed2b5ca6bb4aa0282d19a3b5a5a495823a77302d9d
3043,llama-3.1-8b-instruct,0.0,paraphrase,instruction_following,6d106383360988b0f4a661ed2b5ca6bb4aa0282d19a3b5a5a495823a77302d9d
3044,llama-3.2-1b-instruct,0.0,paraphrase,instruction_following,6d106383360988b0f4a661ed2b5ca6bb4aa0282d19a3b5a5a495823a77302d9d
3045,llama-3.2-3b-instruct,0.0,paraphrase,instruction_following,6d106383360988b0f4a661ed2b5ca6bb4aa0282d19a3b5a5a495823a77302d9d
3046,mistral-24b,100.0,paraphrase,instruction_following,6d106383360988b0f4a661ed2b5ca6bb4aa0282d19a3b5a5a495823a77302d9d
3047,mistral-7b,100.0,paraphrase,instruction_following,6d106383360988b0f4a661ed2b5ca6bb4aa0282d19a3b5a5a495823a77302d9d
3048,qwen2.5-32b,100.0,paraphrase,instruction_following,6d106383360988b0f4a661ed2b5ca6bb4aa0282d19a3b5a5a495823a77302d9d
3049,qwen2.5-3b,100.0,paraphrase,instruction_following,6d106383360988b0f4a661ed2b5ca6bb4aa0282d19a3b5a5a495823a77302d9d
3050,gemma-3-12b-it,30.000000000000004,paraphrase,instruction_following,7625b93a9f4aaa0c746ab2698b8adbc66ce263a95f1035654b881c81f8083160
3051,gemma-3-1b-it,10.0,paraphrase,instruction_following,7625b93a9f4aaa0c746ab2698b8adbc66ce263a95f1035654b881c81f8083160
3052,gemma-3-4b-it,10.0,paraphrase,instruction_following,7625b93a9f4aaa0c746ab2698b8adbc66ce263a95f1035654b881c81f8083160
3053,llama-3.1-8b-instruct,20.0,paraphrase,instruction_following,7625b93a9f4aaa0c746ab2698b8adbc66ce263a95f1035654b881c81f8083160
3054,llama-3.2-1b-instruct,0.0,paraphrase,instruction_following,7625b93a9f4aaa0c746ab2698b8adbc66ce263a95f1035654b881c81f8083160
3055,llama-3.2-3b-instruct,10.0,paraphrase,instruction_following,7625b93a9f4aaa0c746ab2698b8adbc66ce263a95f1035654b881c81f8083160
3056,mistral-24b,20.0,paraphrase,instruction_following,7625b93a9f4aaa0c746ab2698b8adbc66ce263a95f1035654b881c81f8083160
3057,mistral-7b,20.0,paraphrase,instruction_following,7625b93a9f4aaa0c746ab2698b8adbc66ce263a95f1035654b881c81f8083160
3058,qwen2.5-32b,20.0,paraphrase,instruction_following,7625b93a9f4aaa0c746ab2698b8adbc66ce263a95f1035654b881c81f8083160
3059,qwen2.5-3b,20.0,paraphrase,instruction_following,7625b93a9f4aaa0c746ab2698b8adbc66ce263a95f1035654b881c81f8083160
3060,gemma-3-12b-it,16.6666666666666,paraphrase,instruction_following,804067a46a36538721b46a001cb1a39167aeac890889c84c4a3ec8946df855d1
3061,gemma-3-1b-it,33.3333333333333,paraphrase,instruction_following,804067a46a36538721b46a001cb1a39167aeac890889c84c4a3ec8946df855d1
3062,gemma-3-4b-it,16.6666666666666,paraphrase,instruction_following,804067a46a36538721b46a001cb1a39167aeac890889c84c4a3ec8946df855d1
3063,llama-3.1-8b-instruct,0.0,paraphrase,instruction_following,804067a46a36538721b46a001cb1a39167aeac890889c84c4a3ec8946df855d1
3064,llama-3.2-1b-instruct,33.3333333333333,paraphrase,instruction_following,804067a46a36538721b46a001cb1a39167aeac890889c84c4a3ec8946df855d1
3065,llama-3.2-3b-instruct,33.3333333333333,paraphrase,instruction_following,804067a46a36538721b46a001cb1a39167aeac890889c84c4a3ec8946df855d1
3066,mistral-24b,16.6666666666666,paraphrase,instruction_following,804067a46a36538721b46a001cb1a39167aeac890889c84c4a3ec8946df855d1
3067,mistral-7b,16.6666666666666,paraphrase,instruction_following,804067a46a36538721b46a001cb1a39167aeac890889c84c4a3ec8946df855d1
3068,qwen2.5-32b,33.3333333333333,paraphrase,instruction_following,804067a46a36538721b46a001cb1a39167aeac890889c84c4a3ec8946df855d1
3069,qwen2.5-3b,33.3333333333333,paraphrase,instruction_following,804067a46a36538721b46a001cb1a39167aeac890889c84c4a3ec8946df855d1
3070,gemma-3-12b-it,100.0,paraphrase,instruction_following,804a762a881c117a97334d4c0b60bf44632cc14f93310a4af6588e8fa71fd1ae
3071,gemma-3-1b-it,0.0,paraphrase,instruction_following,804a762a881c117a97334d4c0b60bf44632cc14f93310a4af6588e8fa71fd1ae
3072,gemma-3-4b-it,100.0,paraphrase,instruction_following,804a762a881c117a97334d4c0b60bf44632cc14f93310a4af6588e8fa71fd1ae
3073,llama-3.1-8b-instruct,100.0,paraphrase,instruction_following,804a762a881c117a97334d4c0b60bf44632cc14f93310a4af6588e8fa71fd1ae
3074,llama-3.2-1b-instruct,0.0,paraphrase,instruction_following,804a762a881c117a97334d4c0b60bf44632cc14f93310a4af6588e8fa71fd1ae
3075,llama-3.2-3b-instruct,25.0,paraphrase,instruction_following,804a762a881c117a97334d4c0b60bf44632cc14f93310a4af6588e8fa71fd1ae
3076,mistral-24b,25.0,paraphrase,instruction_following,804a762a881c117a97334d4c0b60bf44632cc14f93310a4af6588e8fa71fd1ae
3077,mistral-7b,25.0,paraphrase,instruction_following,804a762a881c117a97334d4c0b60bf44632cc14f93310a4af6588e8fa71fd1ae
3078,qwen2.5-32b,25.0,paraphrase,instruction_following,804a762a881c117a97334d4c0b60bf44632cc14f93310a4af6588e8fa71fd1ae
3079,qwen2.5-3b,25.0,paraphrase,instruction_following,804a762a881c117a97334d4c0b60bf44632cc14f93310a4af6588e8fa71fd1ae
3080,gemma-3-12b-it,40.0,paraphrase,instruction_following,8c22986a688217ccbcb012c0e5b95acf6b0f6464501e0df4a0cf50c3526767d5
3081,gemma-3-1b-it,30.000000000000004,paraphrase,instruction_following,8c22986a688217ccbcb012c0e5b95acf6b0f6464501e0df4a0cf50c3526767d5
3082,gemma-3-4b-it,20.0,paraphrase,instruction_following,8c22986a688217ccbcb012c0e5b95acf6b0f6464501e0df4a0cf50c3526767d5
3083,llama-3.1-8b-instruct,40.0,paraphrase,instruction_following,8c22986a688217ccbcb012c0e5b95acf6b0f6464501e0df4a0cf50c3526767d5
3084,llama-3.2-1b-instruct,30.000000000000004,paraphrase,instruction_following,8c22986a688217ccbcb012c0e5b95acf6b0f6464501e0df4a0cf50c3526767d5
3085,llama-3.2-3b-instruct,20.0,paraphrase,instruction_following,8c22986a688217ccbcb012c0e5b95acf6b0f6464501e0df4a0cf50c3526767d5
3086,mistral-24b,40.0,paraphrase,instruction_following,8c22986a688217ccbcb012c0e5b95acf6b0f6464501e0df4a0cf50c3526767d5
3087,mistral-7b,30.000000000000004,paraphrase,instruction_following,8c22986a688217ccbcb012c0e5b95acf6b0f6464501e0df4a0cf50c3526767d5
3088,qwen2.5-32b,100.0,paraphrase,instruction_following,8c22986a688217ccbcb012c0e5b95acf6b0f6464501e0df4a0cf50c3526767d5
3089,qwen2.5-3b,30.000000000000004,paraphrase,instruction_following,8c22986a688217ccbcb012c0e5b95acf6b0f6464501e0df4a0cf50c3526767d5
3090,gemma-3-12b-it,100.0,paraphrase,instruction_following,8fd92857688597d5e95a553331eb23c2020540c9cb6fb93ce9d6c0f13197aea9
3091,gemma-3-1b-it,33.3333333333333,paraphrase,instruction_following,8fd92857688597d5e95a553331eb23c2020540c9cb6fb93ce9d6c0f13197aea9
3092,gemma-3-4b-it,33.3333333333333,paraphrase,instruction_following,8fd92857688597d5e95a553331eb23c2020540c9cb6fb93ce9d6c0f13197aea9
3093,llama-3.1-8b-instruct,33.3333333333333,paraphrase,instruction_following,8fd92857688597d5e95a553331eb23c2020540c9cb6fb93ce9d6c0f13197aea9
3094,llama-3.2-1b-instruct,33.3333333333333,paraphrase,instruction_following,8fd92857688597d5e95a553331eb23c2020540c9cb6fb93ce9d6c0f13197aea9
3095,llama-3.2-3b-instruct,33.3333333333333,paraphrase,instruction_following,8fd92857688597d5e95a553331eb23c2020540c9cb6fb93ce9d6c0f13197aea9
3096,mistral-24b,100.0,paraphrase,instruction_following,8fd92857688597d5e95a553331eb23c2020540c9cb6fb93ce9d6c0f13197aea9
3097,mistral-7b,33.3333333333333,paraphrase,instruction_following,8fd92857688597d5e95a553331eb23c2020540c9cb6fb93ce9d6c0f13197aea9
3098,qwen2.5-32b,33.3333333333333,paraphrase,instruction_following,8fd92857688597d5e95a553331eb23c2020540c9cb6fb93ce9d6c0f13197aea9
3099,qwen2.5-3b,100.0,paraphrase,instruction_following,8fd92857688597d5e95a553331eb23c2020540c9cb6fb93ce9d6c0f13197aea9
3100,gemma-3-12b-it,100.0,paraphrase,instruction_following,919a86065fcd3fe76a70621045b367724ac71f00ac156f0397fafa84b99230ca
3101,gemma-3-1b-it,0.0,paraphrase,instruction_following,919a86065fcd3fe76a70621045b367724ac71f00ac156f0397fafa84b99230ca
3102,gemma-3-4b-it,16.6666666666666,paraphrase,instruction_following,919a86065fcd3fe76a70621045b367724ac71f00ac156f0397fafa84b99230ca
3103,llama-3.1-8b-instruct,33.3333333333333,paraphrase,instruction_following,919a86065fcd3fe76a70621045b367724ac71f00ac156f0397fafa84b99230ca
3104,llama-3.2-1b-instruct,16.6666666666666,paraphrase,instruction_following,919a86065fcd3fe76a70621045b367724ac71f00ac156f0397fafa84b99230ca
3105,llama-3.2-3b-instruct,33.3333333333333,paraphrase,instruction_following,919a86065fcd3fe76a70621045b367724ac71f00ac156f0397fafa84b99230ca
3106,mistral-24b,100.0,paraphrase,instruction_following,919a86065fcd3fe76a70621045b367724ac71f00ac156f0397fafa84b99230ca
3107,mistral-7b,16.6666666666666,paraphrase,instruction_following,919a86065fcd3fe76a70621045b367724ac71f00ac156f0397fafa84b99230ca
3108,qwen2.5-32b,16.6666666666666,paraphrase,instruction_following,919a86065fcd3fe76a70621045b367724ac71f00ac156f0397fafa84b99230ca
3109,qwen2.5-3b,16.6666666666666,paraphrase,instruction_following,919a86065fcd3fe76a70621045b367724ac71f00ac156f0397fafa84b99230ca
3110,gemma-3-12b-it,16.6666666666666,paraphrase,instruction_following,91b1079c3dd6f0c003bb20f34f3783141cbc55926e6e3001ba18eaba3acc169e
3111,gemma-3-1b-it,16.6666666666666,paraphrase,instruction_following,91b1079c3dd6f0c003bb20f34f3783141cbc55926e6e3001ba18eaba3acc169e
3112,gemma-3-4b-it,0.0,paraphrase,instruction_following,91b1079c3dd6f0c003bb20f34f3783141cbc55926e6e3001ba18eaba3acc169e
3113,llama-3.1-8b-instruct,16.6666666666666,paraphrase,instruction_following,91b1079c3dd6f0c003bb20f34f3783141cbc55926e6e3001ba18eaba3acc169e
3114,llama-3.2-1b-instruct,0.0,paraphrase,instruction_following,91b1079c3dd6f0c003bb20f34f3783141cbc55926e6e3001ba18eaba3acc169e
3115,llama-3.2-3b-instruct,33.3333333333333,paraphrase,instruction_following,91b1079c3dd6f0c003bb20f34f3783141cbc55926e6e3001ba18eaba3acc169e
3116,mistral-24b,100.0,paraphrase,instruction_following,91b1079c3dd6f0c003bb20f34f3783141cbc55926e6e3001ba18eaba3acc169e
3117,mistral-7b,33.3333333333333,paraphrase,instruction_following,91b1079c3dd6f0c003bb20f34f3783141cbc55926e6e3001ba18eaba3acc169e
3118,qwen2.5-32b,16.6666666666666,paraphrase,instruction_following,91b1079c3dd6f0c003bb20f34f3783141cbc55926e6e3001ba18eaba3acc169e
3119,qwen2.5-3b,16.6666666666666,paraphrase,instruction_following,91b1079c3dd6f0c003bb20f34f3783141cbc55926e6e3001ba18eaba3acc169e
3120,gemma-3-12b-it,0.0,paraphrase,instruction_following,9d4cec7f4f8538857423ef9a58757d7cd17a4d83d8e113ae5f7a5c788ba6463e
3121,gemma-3-1b-it,100.0,paraphrase,instruction_following,9d4cec7f4f8538857423ef9a58757d7cd17a4d83d8e113ae5f7a5c788ba6463e
3122,gemma-3-4b-it,100.0,paraphrase,instruction_following,9d4cec7f4f8538857423ef9a58757d7cd17a4d83d8e113ae5f7a5c788ba6463e
3123,llama-3.1-8b-instruct,100.0,paraphrase,instruction_following,9d4cec7f4f8538857423ef9a58757d7cd17a4d83d8e113ae5f7a5c788ba6463e
3124,llama-3.2-1b-instruct,0.0,paraphrase,instruction_following,9d4cec7f4f8538857423ef9a58757d7cd17a4d83d8e113ae5f7a5c788ba6463e
3125,llama-3.2-3b-instruct,100.0,paraphrase,instruction_following,9d4cec7f4f8538857423ef9a58757d7cd17a4d83d8e113ae5f7a5c788ba6463e
3126,mistral-24b,0.0,paraphrase,instruction_following,9d4cec7f4f8538857423ef9a58757d7cd17a4d83d8e113ae5f7a5c788ba6463e
3127,mistral-7b,0.0,paraphrase,instruction_following,9d4cec7f4f8538857423ef9a58757d7cd17a4d83d8e113ae5f7a5c788ba6463e
3128,qwen2.5-32b,100.0,paraphrase,instruction_following,9d4cec7f4f8538857423ef9a58757d7cd17a4d83d8e113ae5f7a5c788ba6463e
3129,qwen2.5-3b,0.0,paraphrase,instruction_following,9d4cec7f4f8538857423ef9a58757d7cd17a4d83d8e113ae5f7a5c788ba6463e
3130,gemma-3-12b-it,33.3333333333333,paraphrase,instruction_following,9f43f64520ead693ff0e6f05c139423ce1509a8f7e8ca8a43184fdda5100cb80
3131,gemma-3-1b-it,33.3333333333333,paraphrase,instruction_following,9f43f64520ead693ff0e6f05c139423ce1509a8f7e8ca8a43184fdda5100cb80
3132,gemma-3-4b-it,16.6666666666666,paraphrase,instruction_following,9f43f64520ead693ff0e6f05c139423ce1509a8f7e8ca8a43184fdda5100cb80
3133,llama-3.1-8b-instruct,16.6666666666666,paraphrase,instruction_following,9f43f64520ead693ff0e6f05c139423ce1509a8f7e8ca8a43184fdda5100cb80
3134,llama-3.2-1b-instruct,16.6666666666666,paraphrase,instruction_following,9f43f64520ead693ff0e6f05c139423ce1509a8f7e8ca8a43184fdda5100cb80
3135,llama-3.2-3b-instruct,33.3333333333333,paraphrase,instruction_following,9f43f64520ead693ff0e6f05c139423ce1509a8f7e8ca8a43184fdda5100cb80
3136,mistral-24b,33.3333333333333,paraphrase,instruction_following,9f43f64520ead693ff0e6f05c139423ce1509a8f7e8ca8a43184fdda5100cb80
3137,mistral-7b,33.3333333333333,paraphrase,instruction_following,9f43f64520ead693ff0e6f05c139423ce1509a8f7e8ca8a43184fdda5100cb80
3138,qwen2.5-32b,100.0,paraphrase,instruction_following,9f43f64520ead693ff0e6f05c139423ce1509a8f7e8ca8a43184fdda5100cb80
3139,qwen2.5-3b,33.3333333333333,paraphrase,instruction_following,9f43f64520ead693ff0e6f05c139423ce1509a8f7e8ca8a43184fdda5100cb80
3140,gemma-3-12b-it,33.3333333333333,paraphrase,instruction_following,9fc4e446b51db65ab044d7c682934237c6d7f5d95ce42deccaac467cdc3e59c1
3141,gemma-3-1b-it,33.3333333333333,paraphrase,instruction_following,9fc4e446b51db65ab044d7c682934237c6d7f5d95ce42deccaac467cdc3e59c1
3142,gemma-3-4b-it,33.3333333333333,paraphrase,instruction_following,9fc4e446b51db65ab044d7c682934237c6d7f5d95ce42deccaac467cdc3e59c1
3143,llama-3.1-8b-instruct,16.6666666666666,paraphrase,instruction_following,9fc4e446b51db65ab044d7c682934237c6d7f5d95ce42deccaac467cdc3e59c1
3144,llama-3.2-1b-instruct,33.3333333333333,paraphrase,instruction_following,9fc4e446b51db65ab044d7c682934237c6d7f5d95ce42deccaac467cdc3e59c1
3145,llama-3.2-3b-instruct,33.3333333333333,paraphrase,instruction_following,9fc4e446b51db65ab044d7c682934237c6d7f5d95ce42deccaac467cdc3e59c1
3146,mistral-24b,16.6666666666666,paraphrase,instruction_following,9fc4e446b51db65ab044d7c682934237c6d7f5d95ce42deccaac467cdc3e59c1
3147,mistral-7b,33.3333333333333,paraphrase,instruction_following,9fc4e446b51db65ab044d7c682934237c6d7f5d95ce42deccaac467cdc3e59c1
3148,qwen2.5-32b,33.3333333333333,paraphrase,instruction_following,9fc4e446b51db65ab044d7c682934237c6d7f5d95ce42deccaac467cdc3e59c1
3149,qwen2.5-3b,33.3333333333333,paraphrase,instruction_following,9fc4e446b51db65ab044d7c682934237c6d7f5d95ce42deccaac467cdc3e59c1
3150,gemma-3-12b-it,100.0,paraphrase,instruction_following,a2e9e6dfb13c827230a83fedd2c9cc0c2aad8faafda399486a48d606f7589b92
3151,gemma-3-1b-it,0.0,paraphrase,instruction_following,a2e9e6dfb13c827230a83fedd2c9cc0c2aad8faafda399486a48d606f7589b92
3152,gemma-3-4b-it,100.0,paraphrase,instruction_following,a2e9e6dfb13c827230a83fedd2c9cc0c2aad8faafda399486a48d606f7589b92
3153,llama-3.1-8b-instruct,100.0,paraphrase,instruction_following,a2e9e6dfb13c827230a83fedd2c9cc0c2aad8faafda399486a48d606f7589b92
3154,llama-3.2-1b-instruct,0.0,paraphrase,instruction_following,a2e9e6dfb13c827230a83fedd2c9cc0c2aad8faafda399486a48d606f7589b92
3155,llama-3.2-3b-instruct,0.0,paraphrase,instruction_following,a2e9e6dfb13c827230a83fedd2c9cc0c2aad8faafda399486a48d606f7589b92
3156,mistral-24b,0.0,paraphrase,instruction_following,a2e9e6dfb13c827230a83fedd2c9cc0c2aad8faafda399486a48d606f7589b92
3157,mistral-7b,0.0,paraphrase,instruction_following,a2e9e6dfb13c827230a83fedd2c9cc0c2aad8faafda399486a48d606f7589b92
3158,qwen2.5-32b,100.0,paraphrase,instruction_following,a2e9e6dfb13c827230a83fedd2c9cc0c2aad8faafda399486a48d606f7589b92
3159,qwen2.5-3b,0.0,paraphrase,instruction_following,a2e9e6dfb13c827230a83fedd2c9cc0c2aad8faafda399486a48d606f7589b92
3160,gemma-3-12b-it,40.0,paraphrase,instruction_following,a365e843fd014371b5de486fb1f161db1a3497dd3338268d33d5569f5f4d7185
3161,gemma-3-1b-it,20.0,paraphrase,instruction_following,a365e843fd014371b5de486fb1f161db1a3497dd3338268d33d5569f5f4d7185
3162,gemma-3-4b-it,40.0,paraphrase,instruction_following,a365e843fd014371b5de486fb1f161db1a3497dd3338268d33d5569f5f4d7185
3163,llama-3.1-8b-instruct,30.000000000000004,paraphrase,instruction_following,a365e843fd014371b5de486fb1f161db1a3497dd3338268d33d5569f5f4d7185
3164,llama-3.2-1b-instruct,30.000000000000004,paraphrase,instruction_following,a365e843fd014371b5de486fb1f161db1a3497dd3338268d33d5569f5f4d7185
3165,llama-3.2-3b-instruct,20.0,paraphrase,instruction_following,a365e843fd014371b5de486fb1f161db1a3497dd3338268d33d5569f5f4d7185
3166,mistral-24b,30.000000000000004,paraphrase,instruction_following,a365e843fd014371b5de486fb1f161db1a3497dd3338268d33d5569f5f4d7185
3167,mistral-7b,30.000000000000004,paraphrase,instruction_following,a365e843fd014371b5de486fb1f161db1a3497dd3338268d33d5569f5f4d7185
3168,qwen2.5-32b,40.0,paraphrase,instruction_following,a365e843fd014371b5de486fb1f161db1a3497dd3338268d33d5569f5f4d7185
3169,qwen2.5-3b,30.000000000000004,paraphrase,instruction_following,a365e843fd014371b5de486fb1f161db1a3497dd3338268d33d5569f5f4d7185
3170,gemma-3-12b-it,25.0,paraphrase,instruction_following,badbda157954ea39f1e24095f70d4f69ad8b72786e80775265de7272018e6b31
3171,gemma-3-1b-it,25.0,paraphrase,instruction_following,badbda157954ea39f1e24095f70d4f69ad8b72786e80775265de7272018e6b31
3172,gemma-3-4b-it,25.0,paraphrase,instruction_following,badbda157954ea39f1e24095f70d4f69ad8b72786e80775265de7272018e6b31
3173,llama-3.1-8b-instruct,25.0,paraphrase,instruction_following,badbda157954ea39f1e24095f70d4f69ad8b72786e80775265de7272018e6b31
3174,llama-3.2-1b-instruct,25.0,paraphrase,instruction_following,badbda157954ea39f1e24095f70d4f69ad8b72786e80775265de7272018e6b31
3175,llama-3.2-3b-instruct,25.0,paraphrase,instruction_following,badbda157954ea39f1e24095f70d4f69ad8b72786e80775265de7272018e6b31
3176,mistral-24b,25.0,paraphrase,instruction_following,badbda157954ea39f1e24095f70d4f69ad8b72786e80775265de7272018e6b31
3177,mistral-7b,25.0,paraphrase,instruction_following,badbda157954ea39f1e24095f70d4f69ad8b72786e80775265de7272018e6b31
3178,qwen2.5-32b,25.0,paraphrase,instruction_following,badbda157954ea39f1e24095f70d4f69ad8b72786e80775265de7272018e6b31
3179,qwen2.5-3b,25.0,paraphrase,instruction_following,badbda157954ea39f1e24095f70d4f69ad8b72786e80775265de7272018e6b31
3180,gemma-3-12b-it,33.3333333333333,paraphrase,instruction_following,be9fa970fb432051a4cd4a7ebe9a820b24efbc8a450ddfd1963cdd0b87748fe4
3181,gemma-3-1b-it,0.0,paraphrase,instruction_following,be9fa970fb432051a4cd4a7ebe9a820b24efbc8a450ddfd1963cdd0b87748fe4
3182,gemma-3-4b-it,0.0,paraphrase,instruction_following,be9fa970fb432051a4cd4a7ebe9a820b24efbc8a450ddfd1963cdd0b87748fe4
3183,llama-3.1-8b-instruct,16.6666666666666,paraphrase,instruction_following,be9fa970fb432051a4cd4a7ebe9a820b24efbc8a450ddfd1963cdd0b87748fe4
3184,llama-3.2-1b-instruct,0.0,paraphrase,instruction_following,be9fa970fb432051a4cd4a7ebe9a820b24efbc8a450ddfd1963cdd0b87748fe4
3185,llama-3.2-3b-instruct,16.6666666666666,paraphrase,instruction_following,be9fa970fb432051a4cd4a7ebe9a820b24efbc8a450ddfd1963cdd0b87748fe4
3186,mistral-24b,33.3333333333333,paraphrase,instruction_following,be9fa970fb432051a4cd4a7ebe9a820b24efbc8a450ddfd1963cdd0b87748fe4
3187,mistral-7b,16.6666666666666,paraphrase,instruction_following,be9fa970fb432051a4cd4a7ebe9a820b24efbc8a450ddfd1963cdd0b87748fe4
3188,qwen2.5-32b,33.3333333333333,paraphrase,instruction_following,be9fa970fb432051a4cd4a7ebe9a820b24efbc8a450ddfd1963cdd0b87748fe4
3189,qwen2.5-3b,16.6666666666666,paraphrase,instruction_following,be9fa970fb432051a4cd4a7ebe9a820b24efbc8a450ddfd1963cdd0b87748fe4
3190,gemma-3-12b-it,33.3333333333333,paraphrase,instruction_following,bee240a0fddbbecbd89c9ec02ac8e412c0b219609cc876eb5cf6f8e58f71a0c6
3191,gemma-3-1b-it,33.3333333333333,paraphrase,instruction_following,bee240a0fddbbecbd89c9ec02ac8e412c0b219609cc876eb5cf6f8e58f71a0c6
3192,gemma-3-4b-it,33.3333333333333,paraphrase,instruction_following,bee240a0fddbbecbd89c9ec02ac8e412c0b219609cc876eb5cf6f8e58f71a0c6
3193,llama-3.1-8b-instruct,33.3333333333333,paraphrase,instruction_following,bee240a0fddbbecbd89c9ec02ac8e412c0b219609cc876eb5cf6f8e58f71a0c6
3194,llama-3.2-1b-instruct,33.3333333333333,paraphrase,instruction_following,bee240a0fddbbecbd89c9ec02ac8e412c0b219609cc876eb5cf6f8e58f71a0c6
3195,llama-3.2-3b-instruct,33.3333333333333,paraphrase,instruction_following,bee240a0fddbbecbd89c9ec02ac8e412c0b219609cc876eb5cf6f8e58f71a0c6
3196,mistral-24b,16.6666666666666,paraphrase,instruction_following,bee240a0fddbbecbd89c9ec02ac8e412c0b219609cc876eb5cf6f8e58f71a0c6
3197,mistral-7b,33.3333333333333,paraphrase,instruction_following,bee240a0fddbbecbd89c9ec02ac8e412c0b219609cc876eb5cf6f8e58f71a0c6
3198,qwen2.5-32b,16.6666666666666,paraphrase,instruction_following,bee240a0fddbbecbd89c9ec02ac8e412c0b219609cc876eb5cf6f8e58f71a0c6
3199,qwen2.5-3b,16.6666666666666,paraphrase,instruction_following,bee240a0fddbbecbd89c9ec02ac8e412c0b219609cc876eb5cf6f8e58f71a0c6
3200,gemma-3-12b-it,0.0,paraphrase,instruction_following,c7b94d923f84984a887cad0ea46b22f7ea0088c10ec6e9e6b11ba8f9f18ea669
3201,gemma-3-1b-it,0.0,paraphrase,instruction_following,c7b94d923f84984a887cad0ea46b22f7ea0088c10ec6e9e6b11ba8f9f18ea669
3202,gemma-3-4b-it,0.0,paraphrase,instruction_following,c7b94d923f84984a887cad0ea46b22f7ea0088c10ec6e9e6b11ba8f9f18ea669
3203,llama-3.1-8b-instruct,0.0,paraphrase,instruction_following,c7b94d923f84984a887cad0ea46b22f7ea0088c10ec6e9e6b11ba8f9f18ea669
3204,llama-3.2-1b-instruct,0.0,paraphrase,instruction_following,c7b94d923f84984a887cad0ea46b22f7ea0088c10ec6e9e6b11ba8f9f18ea669
3205,llama-3.2-3b-instruct,25.0,paraphrase,instruction_following,c7b94d923f84984a887cad0ea46b22f7ea0088c10ec6e9e6b11ba8f9f18ea669
3206,mistral-24b,0.0,paraphrase,instruction_following,c7b94d923f84984a887cad0ea46b22f7ea0088c10ec6e9e6b11ba8f9f18ea669
3207,mistral-7b,25.0,paraphrase,instruction_following,c7b94d923f84984a887cad0ea46b22f7ea0088c10ec6e9e6b11ba8f9f18ea669
3208,qwen2.5-32b,25.0,paraphrase,instruction_following,c7b94d923f84984a887cad0ea46b22f7ea0088c10ec6e9e6b11ba8f9f18ea669
3209,qwen2.5-3b,25.0,paraphrase,instruction_following,c7b94d923f84984a887cad0ea46b22f7ea0088c10ec6e9e6b11ba8f9f18ea669
3210,gemma-3-12b-it,100.0,paraphrase,instruction_following,cac27bd258fe503db270cac5f1b5b7e67a16a603323a4c87118290815224ba8a
3211,gemma-3-1b-it,33.3333333333333,paraphrase,instruction_following,cac27bd258fe503db270cac5f1b5b7e67a16a603323a4c87118290815224ba8a
3212,gemma-3-4b-it,100.0,paraphrase,instruction_following,cac27bd258fe503db270cac5f1b5b7e67a16a603323a4c87118290815224ba8a
3213,llama-3.1-8b-instruct,100.0,paraphrase,instruction_following,cac27bd258fe503db270cac5f1b5b7e67a16a603323a4c87118290815224ba8a
3214,llama-3.2-1b-instruct,16.6666666666666,paraphrase,instruction_following,cac27bd258fe503db270cac5f1b5b7e67a16a603323a4c87118290815224ba8a
3215,llama-3.2-3b-instruct,100.0,paraphrase,instruction_following,cac27bd258fe503db270cac5f1b5b7e67a16a603323a4c87118290815224ba8a
3216,mistral-24b,33.3333333333333,paraphrase,instruction_following,cac27bd258fe503db270cac5f1b5b7e67a16a603323a4c87118290815224ba8a
3217,mistral-7b,16.6666666666666,paraphrase,instruction_following,cac27bd258fe503db270cac5f1b5b7e67a16a603323a4c87118290815224ba8a
3218,qwen2.5-32b,100.0,paraphrase,instruction_following,cac27bd258fe503db270cac5f1b5b7e67a16a603323a4c87118290815224ba8a
3219,qwen2.5-3b,33.3333333333333,paraphrase,instruction_following,cac27bd258fe503db270cac5f1b5b7e67a16a603323a4c87118290815224ba8a
3220,gemma-3-12b-it,16.6666666666666,paraphrase,instruction_following,d2adc0a1fad83dc359b9b10550d05c3b551685dbd85ca6f9f68721a7ecdc4785
3221,gemma-3-1b-it,16.6666666666666,paraphrase,instruction_following,d2adc0a1fad83dc359b9b10550d05c3b551685dbd85ca6f9f68721a7ecdc4785
3222,gemma-3-4b-it,16.6666666666666,paraphrase,instruction_following,d2adc0a1fad83dc359b9b10550d05c3b551685dbd85ca6f9f68721a7ecdc4785
3223,llama-3.1-8b-instruct,33.3333333333333,paraphrase,instruction_following,d2adc0a1fad83dc359b9b10550d05c3b551685dbd85ca6f9f68721a7ecdc4785
3224,llama-3.2-1b-instruct,16.6666666666666,paraphrase,instruction_following,d2adc0a1fad83dc359b9b10550d05c3b551685dbd85ca6f9f68721a7ecdc4785
3225,llama-3.2-3b-instruct,16.6666666666666,paraphrase,instruction_following,d2adc0a1fad83dc359b9b10550d05c3b551685dbd85ca6f9f68721a7ecdc4785
3226,mistral-24b,16.6666666666666,paraphrase,instruction_following,d2adc0a1fad83dc359b9b10550d05c3b551685dbd85ca6f9f68721a7ecdc4785
3227,mistral-7b,33.3333333333333,paraphrase,instruction_following,d2adc0a1fad83dc359b9b10550d05c3b551685dbd85ca6f9f68721a7ecdc4785
3228,qwen2.5-32b,33.3333333333333,paraphrase,instruction_following,d2adc0a1fad83dc359b9b10550d05c3b551685dbd85ca6f9f68721a7ecdc4785
3229,qwen2.5-3b,33.3333333333333,paraphrase,instruction_following,d2adc0a1fad83dc359b9b10550d05c3b551685dbd85ca6f9f68721a7ecdc4785
3230,gemma-3-12b-it,25.0,paraphrase,instruction_following,d5fbbb49de002618754cf40e38a38597778be9b7270db18aec5312ab3626646e
3231,gemma-3-1b-it,25.0,paraphrase,instruction_following,d5fbbb49de002618754cf40e38a38597778be9b7270db18aec5312ab3626646e
3232,gemma-3-4b-it,25.0,paraphrase,instruction_following,d5fbbb49de002618754cf40e38a38597778be9b7270db18aec5312ab3626646e
3233,llama-3.1-8b-instruct,25.0,paraphrase,instruction_following,d5fbbb49de002618754cf40e38a38597778be9b7270db18aec5312ab3626646e
3234,llama-3.2-1b-instruct,25.0,paraphrase,instruction_following,d5fbbb49de002618754cf40e38a38597778be9b7270db18aec5312ab3626646e
3235,llama-3.2-3b-instruct,25.0,paraphrase,instruction_following,d5fbbb49de002618754cf40e38a38597778be9b7270db18aec5312ab3626646e
3236,mistral-24b,25.0,paraphrase,instruction_following,d5fbbb49de002618754cf40e38a38597778be9b7270db18aec5312ab3626646e
3237,mistral-7b,100.0,paraphrase,instruction_following,d5fbbb49de002618754cf40e38a38597778be9b7270db18aec5312ab3626646e
3238,qwen2.5-32b,100.0,paraphrase,instruction_following,d5fbbb49de002618754cf40e38a38597778be9b7270db18aec5312ab3626646e
3239,qwen2.5-3b,25.0,paraphrase,instruction_following,d5fbbb49de002618754cf40e38a38597778be9b7270db18aec5312ab3626646e
3240,gemma-3-12b-it,25.0,paraphrase,instruction_following,da578f206820d6be4519d710c3872a4c217f97f111b1f09c89b8e9ad675ce88d
3241,gemma-3-1b-it,25.0,paraphrase,instruction_following,da578f206820d6be4519d710c3872a4c217f97f111b1f09c89b8e9ad675ce88d
3242,gemma-3-4b-it,100.0,paraphrase,instruction_following,da578f206820d6be4519d710c3872a4c217f97f111b1f09c89b8e9ad675ce88d
3243,llama-3.1-8b-instruct,25.0,paraphrase,instruction_following,da578f206820d6be4519d710c3872a4c217f97f111b1f09c89b8e9ad675ce88d
3244,llama-3.2-1b-instruct,25.0,paraphrase,instruction_following,da578f206820d6be4519d710c3872a4c217f97f111b1f09c89b8e9ad675ce88d
3245,llama-3.2-3b-instruct,25.0,paraphrase,instruction_following,da578f206820d6be4519d710c3872a4c217f97f111b1f09c89b8e9ad675ce88d
3246,mistral-24b,100.0,paraphrase,instruction_following,da578f206820d6be4519d710c3872a4c217f97f111b1f09c89b8e9ad675ce88d
3247,mistral-7b,100.0,paraphrase,instruction_following,da578f206820d6be4519d710c3872a4c217f97f111b1f09c89b8e9ad675ce88d
3248,qwen2.5-32b,100.0,paraphrase,instruction_following,da578f206820d6be4519d710c3872a4c217f97f111b1f09c89b8e9ad675ce88d
3249,qwen2.5-3b,25.0,paraphrase,instruction_following,da578f206820d6be4519d710c3872a4c217f97f111b1f09c89b8e9ad675ce88d
3250,gemma-3-12b-it,100.0,paraphrase,instruction_following,dab0e3e74f8e31526d20c92dd0167e7825b547fa664110e5c674ab3e5407c448
3251,gemma-3-1b-it,0.0,paraphrase,instruction_following,dab0e3e74f8e31526d20c92dd0167e7825b547fa664110e5c674ab3e5407c448
3252,gemma-3-4b-it,0.0,paraphrase,instruction_following,dab0e3e74f8e31526d20c92dd0167e7825b547fa664110e5c674ab3e5407c448
3253,llama-3.1-8b-instruct,100.0,paraphrase,instruction_following,dab0e3e74f8e31526d20c92dd0167e7825b547fa664110e5c674ab3e5407c448
3254,llama-3.2-1b-instruct,0.0,paraphrase,instruction_following,dab0e3e74f8e31526d20c92dd0167e7825b547fa664110e5c674ab3e5407c448
3255,llama-3.2-3b-instruct,0.0,paraphrase,instruction_following,dab0e3e74f8e31526d20c92dd0167e7825b547fa664110e5c674ab3e5407c448
3256,mistral-24b,0.0,paraphrase,instruction_following,dab0e3e74f8e31526d20c92dd0167e7825b547fa664110e5c674ab3e5407c448
3257,mistral-7b,0.0,paraphrase,instruction_following,dab0e3e74f8e31526d20c92dd0167e7825b547fa664110e5c674ab3e5407c448
3258,qwen2.5-32b,0.0,paraphrase,instruction_following,dab0e3e74f8e31526d20c92dd0167e7825b547fa664110e5c674ab3e5407c448
3259,qwen2.5-3b,100.0,paraphrase,instruction_following,dab0e3e74f8e31526d20c92dd0167e7825b547fa664110e5c674ab3e5407c448
3260,gemma-3-12b-it,100.0,paraphrase,instruction_following,e0d7b854424266401aea4f8c4081861b5424fc4aa0548e83579229ebfcd859d7
3261,gemma-3-1b-it,100.0,paraphrase,instruction_following,e0d7b854424266401aea4f8c4081861b5424fc4aa0548e83579229ebfcd859d7
3262,gemma-3-4b-it,100.0,paraphrase,instruction_following,e0d7b854424266401aea4f8c4081861b5424fc4aa0548e83579229ebfcd859d7
3263,llama-3.1-8b-instruct,100.0,paraphrase,instruction_following,e0d7b854424266401aea4f8c4081861b5424fc4aa0548e83579229ebfcd859d7
3264,llama-3.2-1b-instruct,100.0,paraphrase,instruction_following,e0d7b854424266401aea4f8c4081861b5424fc4aa0548e83579229ebfcd859d7
3265,llama-3.2-3b-instruct,100.0,paraphrase,instruction_following,e0d7b854424266401aea4f8c4081861b5424fc4aa0548e83579229ebfcd859d7
3266,mistral-24b,100.0,paraphrase,instruction_following,e0d7b854424266401aea4f8c4081861b5424fc4aa0548e83579229ebfcd859d7
3267,mistral-7b,100.0,paraphrase,instruction_following,e0d7b854424266401aea4f8c4081861b5424fc4aa0548e83579229ebfcd859d7
3268,qwen2.5-32b,100.0,paraphrase,instruction_following,e0d7b854424266401aea4f8c4081861b5424fc4aa0548e83579229ebfcd859d7
3269,qwen2.5-3b,100.0,paraphrase,instruction_following,e0d7b854424266401aea4f8c4081861b5424fc4aa0548e83579229ebfcd859d7
3270,gemma-3-12b-it,33.3333333333333,paraphrase,instruction_following,e7981d47a1a5a7e8c80a6d59399b198d940ef3a0ca33f5e5205e39a0836759cc
3271,gemma-3-1b-it,16.6666666666666,paraphrase,instruction_following,e7981d47a1a5a7e8c80a6d59399b198d940ef3a0ca33f5e5205e39a0836759cc
3272,gemma-3-4b-it,16.6666666666666,paraphrase,instruction_following,e7981d47a1a5a7e8c80a6d59399b198d940ef3a0ca33f5e5205e39a0836759cc
3273,llama-3.1-8b-instruct,33.3333333333333,paraphrase,instruction_following,e7981d47a1a5a7e8c80a6d59399b198d940ef3a0ca33f5e5205e39a0836759cc
3274,llama-3.2-1b-instruct,16.6666666666666,paraphrase,instruction_following,e7981d47a1a5a7e8c80a6d59399b198d940ef3a0ca33f5e5205e39a0836759cc
3275,llama-3.2-3b-instruct,16.6666666666666,paraphrase,instruction_following,e7981d47a1a5a7e8c80a6d59399b198d940ef3a0ca33f5e5205e39a0836759cc
3276,mistral-24b,33.3333333333333,paraphrase,instruction_following,e7981d47a1a5a7e8c80a6d59399b198d940ef3a0ca33f5e5205e39a0836759cc
3277,mistral-7b,33.3333333333333,paraphrase,instruction_following,e7981d47a1a5a7e8c80a6d59399b198d940ef3a0ca33f5e5205e39a0836759cc
3278,qwen2.5-32b,33.3333333333333,paraphrase,instruction_following,e7981d47a1a5a7e8c80a6d59399b198d940ef3a0ca33f5e5205e39a0836759cc
3279,qwen2.5-3b,33.3333333333333,paraphrase,instruction_following,e7981d47a1a5a7e8c80a6d59399b198d940ef3a0ca33f5e5205e39a0836759cc
3280,gemma-3-12b-it,25.0,paraphrase,instruction_following,f1425aa8a7be412d92d033667c5b37e2ca3e56b2a051e94f8381105bc6d4ad78
3281,gemma-3-1b-it,25.0,paraphrase,instruction_following,f1425aa8a7be412d92d033667c5b37e2ca3e56b2a051e94f8381105bc6d4ad78
3282,gemma-3-4b-it,25.0,paraphrase,instruction_following,f1425aa8a7be412d92d033667c5b37e2ca3e56b2a051e94f8381105bc6d4ad78
3283,llama-3.1-8b-instruct,0.0,paraphrase,instruction_following,f1425aa8a7be412d92d033667c5b37e2ca3e56b2a051e94f8381105bc6d4ad78
3284,llama-3.2-1b-instruct,25.0,paraphrase,instruction_following,f1425aa8a7be412d92d033667c5b37e2ca3e56b2a051e94f8381105bc6d4ad78
3285,llama-3.2-3b-instruct,100.0,paraphrase,instruction_following,f1425aa8a7be412d92d033667c5b37e2ca3e56b2a051e94f8381105bc6d4ad78
3286,mistral-24b,25.0,paraphrase,instruction_following,f1425aa8a7be412d92d033667c5b37e2ca3e56b2a051e94f8381105bc6d4ad78
3287,mistral-7b,100.0,paraphrase,instruction_following,f1425aa8a7be412d92d033667c5b37e2ca3e56b2a051e94f8381105bc6d4ad78
3288,qwen2.5-32b,25.0,paraphrase,instruction_following,f1425aa8a7be412d92d033667c5b37e2ca3e56b2a051e94f8381105bc6d4ad78
3289,qwen2.5-3b,25.0,paraphrase,instruction_following,f1425aa8a7be412d92d033667c5b37e2ca3e56b2a051e94f8381105bc6d4ad78
3290,gemma-3-12b-it,40.0,paraphrase,instruction_following,f3472a74bc480a915c2a3875c505fd5b3ebe475d25cefdae9447002ed88b0106
3291,gemma-3-1b-it,20.0,paraphrase,instruction_following,f3472a74bc480a915c2a3875c505fd5b3ebe475d25cefdae9447002ed88b0106
3292,gemma-3-4b-it,20.0,paraphrase,instruction_following,f3472a74bc480a915c2a3875c505fd5b3ebe475d25cefdae9447002ed88b0106
3293,llama-3.1-8b-instruct,40.0,paraphrase,instruction_following,f3472a74bc480a915c2a3875c505fd5b3ebe475d25cefdae9447002ed88b0106
3294,llama-3.2-1b-instruct,20.0,paraphrase,instruction_following,f3472a74bc480a915c2a3875c505fd5b3ebe475d25cefdae9447002ed88b0106
3295,llama-3.2-3b-instruct,20.0,paraphrase,instruction_following,f3472a74bc480a915c2a3875c505fd5b3ebe475d25cefdae9447002ed88b0106
3296,mistral-24b,30.000000000000004,paraphrase,instruction_following,f3472a74bc480a915c2a3875c505fd5b3ebe475d25cefdae9447002ed88b0106
3297,mistral-7b,20.0,paraphrase,instruction_following,f3472a74bc480a915c2a3875c505fd5b3ebe475d25cefdae9447002ed88b0106
3298,qwen2.5-32b,40.0,paraphrase,instruction_following,f3472a74bc480a915c2a3875c505fd5b3ebe475d25cefdae9447002ed88b0106
3299,qwen2.5-3b,10.0,paraphrase,instruction_following,f3472a74bc480a915c2a3875c505fd5b3ebe475d25cefdae9447002ed88b0106
3300,gemma-3-12b-it,100.0,paraphrase,instruction_following,f4cbfc58a683894a66b028420969bb75a35fe4acda1bd3dce0024062c11b2041
3301,gemma-3-1b-it,16.6666666666666,paraphrase,instruction_following,f4cbfc58a683894a66b028420969bb75a35fe4acda1bd3dce0024062c11b2041
3302,gemma-3-4b-it,33.3333333333333,paraphrase,instruction_following,f4cbfc58a683894a66b028420969bb75a35fe4acda1bd3dce0024062c11b2041
3303,llama-3.1-8b-instruct,16.6666666666666,paraphrase,instruction_following,f4cbfc58a683894a66b028420969bb75a35fe4acda1bd3dce0024062c11b2041
3304,llama-3.2-1b-instruct,16.6666666666666,paraphrase,instruction_following,f4cbfc58a683894a66b028420969bb75a35fe4acda1bd3dce0024062c11b2041
3305,llama-3.2-3b-instruct,33.3333333333333,paraphrase,instruction_following,f4cbfc58a683894a66b028420969bb75a35fe4acda1bd3dce0024062c11b2041
3306,mistral-24b,16.6666666666666,paraphrase,instruction_following,f4cbfc58a683894a66b028420969bb75a35fe4acda1bd3dce0024062c11b2041
3307,mistral-7b,33.3333333333333,paraphrase,instruction_following,f4cbfc58a683894a66b028420969bb75a35fe4acda1bd3dce0024062c11b2041
3308,qwen2.5-32b,16.6666666666666,paraphrase,instruction_following,f4cbfc58a683894a66b028420969bb75a35fe4acda1bd3dce0024062c11b2041
3309,qwen2.5-3b,33.3333333333333,paraphrase,instruction_following,f4cbfc58a683894a66b028420969bb75a35fe4acda1bd3dce0024062c11b2041
3310,gemma-3-12b-it,100.0,paraphrase,instruction_following,ff7a17eb1dba0fc66f092f90004874e629b2efc6ec5a1203b66a46d9ae749fba
3311,gemma-3-1b-it,0.0,paraphrase,instruction_following,ff7a17eb1dba0fc66f092f90004874e629b2efc6ec5a1203b66a46d9ae749fba
3312,gemma-3-4b-it,100.0,paraphrase,instruction_following,ff7a17eb1dba0fc66f092f90004874e629b2efc6ec5a1203b66a46d9ae749fba
3313,llama-3.1-8b-instruct,100.0,paraphrase,instruction_following,ff7a17eb1dba0fc66f092f90004874e629b2efc6ec5a1203b66a46d9ae749fba
3314,llama-3.2-1b-instruct,0.0,paraphrase,instruction_following,ff7a17eb1dba0fc66f092f90004874e629b2efc6ec5a1203b66a46d9ae749fba
3315,llama-3.2-3b-instruct,0.0,paraphrase,instruction_following,ff7a17eb1dba0fc66f092f90004874e629b2efc6ec5a1203b66a46d9ae749fba
3316,mistral-24b,100.0,paraphrase,instruction_following,ff7a17eb1dba0fc66f092f90004874e629b2efc6ec5a1203b66a46d9ae749fba
3317,mistral-7b,0.0,paraphrase,instruction_following,ff7a17eb1dba0fc66f092f90004874e629b2efc6ec5a1203b66a46d9ae749fba
3318,qwen2.5-32b,0.0,paraphrase,instruction_following,ff7a17eb1dba0fc66f092f90004874e629b2efc6ec5a1203b66a46d9ae749fba
3319,qwen2.5-3b,0.0,paraphrase,instruction_following,ff7a17eb1dba0fc66f092f90004874e629b2efc6ec5a1203b66a46d9ae749fba
3320,gemma-3-12b-it,16.6666666666666,story_generation,instruction_following,006d27d0a338a42a35e7d50e01bfd5b8e502897097c15ab7a4b01a6e38c6bf4b
3321,gemma-3-1b-it,16.6666666666666,story_generation,instruction_following,006d27d0a338a42a35e7d50e01bfd5b8e502897097c15ab7a4b01a6e38c6bf4b
3322,gemma-3-4b-it,16.6666666666666,story_generation,instruction_following,006d27d0a338a42a35e7d50e01bfd5b8e502897097c15ab7a4b01a6e38c6bf4b
3323,llama-3.1-8b-instruct,33.3333333333333,story_generation,instruction_following,006d27d0a338a42a35e7d50e01bfd5b8e502897097c15ab7a4b01a6e38c6bf4b
3324,llama-3.2-1b-instruct,16.6666666666666,story_generation,instruction_following,006d27d0a338a42a35e7d50e01bfd5b8e502897097c15ab7a4b01a6e38c6bf4b
3325,llama-3.2-3b-instruct,16.6666666666666,story_generation,instruction_following,006d27d0a338a42a35e7d50e01bfd5b8e502897097c15ab7a4b01a6e38c6bf4b
3326,mistral-24b,16.6666666666666,story_generation,instruction_following,006d27d0a338a42a35e7d50e01bfd5b8e502897097c15ab7a4b01a6e38c6bf4b
3327,mistral-7b,16.6666666666666,story_generation,instruction_following,006d27d0a338a42a35e7d50e01bfd5b8e502897097c15ab7a4b01a6e38c6bf4b
3328,qwen2.5-32b,16.6666666666666,story_generation,instruction_following,006d27d0a338a42a35e7d50e01bfd5b8e502897097c15ab7a4b01a6e38c6bf4b
3329,qwen2.5-3b,16.6666666666666,story_generation,instruction_following,006d27d0a338a42a35e7d50e01bfd5b8e502897097c15ab7a4b01a6e38c6bf4b
3330,gemma-3-12b-it,0.0,story_generation,instruction_following,05dd93ecefb22fdd5d3a5d396616c472436ffcebfa9c0d95fedda3ff661a11fa
3331,gemma-3-1b-it,0.0,story_generation,instruction_following,05dd93ecefb22fdd5d3a5d396616c472436ffcebfa9c0d95fedda3ff661a11fa
3332,gemma-3-4b-it,0.0,story_generation,instruction_following,05dd93ecefb22fdd5d3a5d396616c472436ffcebfa9c0d95fedda3ff661a11fa
3333,llama-3.1-8b-instruct,0.0,story_generation,instruction_following,05dd93ecefb22fdd5d3a5d396616c472436ffcebfa9c0d95fedda3ff661a11fa
3334,llama-3.2-1b-instruct,0.0,story_generation,instruction_following,05dd93ecefb22fdd5d3a5d396616c472436ffcebfa9c0d95fedda3ff661a11fa
3335,llama-3.2-3b-instruct,0.0,story_generation,instruction_following,05dd93ecefb22fdd5d3a5d396616c472436ffcebfa9c0d95fedda3ff661a11fa
3336,mistral-24b,0.0,story_generation,instruction_following,05dd93ecefb22fdd5d3a5d396616c472436ffcebfa9c0d95fedda3ff661a11fa
3337,mistral-7b,0.0,story_generation,instruction_following,05dd93ecefb22fdd5d3a5d396616c472436ffcebfa9c0d95fedda3ff661a11fa
3338,qwen2.5-32b,0.0,story_generation,instruction_following,05dd93ecefb22fdd5d3a5d396616c472436ffcebfa9c0d95fedda3ff661a11fa
3339,qwen2.5-3b,0.0,story_generation,instruction_following,05dd93ecefb22fdd5d3a5d396616c472436ffcebfa9c0d95fedda3ff661a11fa
3340,gemma-3-12b-it,100.0,story_generation,instruction_following,0f7d9c4e9e52b68d21b2c8a04f685bc992ea144fbf9b9e5441339ef29c40610f
3341,gemma-3-1b-it,100.0,story_generation,instruction_following,0f7d9c4e9e52b68d21b2c8a04f685bc992ea144fbf9b9e5441339ef29c40610f
3342,gemma-3-4b-it,100.0,story_generation,instruction_following,0f7d9c4e9e52b68d21b2c8a04f685bc992ea144fbf9b9e5441339ef29c40610f
3343,llama-3.1-8b-instruct,100.0,story_generation,instruction_following,0f7d9c4e9e52b68d21b2c8a04f685bc992ea144fbf9b9e5441339ef29c40610f
3344,llama-3.2-1b-instruct,0.0,story_generation,instruction_following,0f7d9c4e9e52b68d21b2c8a04f685bc992ea144fbf9b9e5441339ef29c40610f
3345,llama-3.2-3b-instruct,100.0,story_generation,instruction_following,0f7d9c4e9e52b68d21b2c8a04f685bc992ea144fbf9b9e5441339ef29c40610f
3346,mistral-24b,100.0,story_generation,instruction_following,0f7d9c4e9e52b68d21b2c8a04f685bc992ea144fbf9b9e5441339ef29c40610f
3347,mistral-7b,100.0,story_generation,instruction_following,0f7d9c4e9e52b68d21b2c8a04f685bc992ea144fbf9b9e5441339ef29c40610f
3348,qwen2.5-32b,100.0,story_generation,instruction_following,0f7d9c4e9e52b68d21b2c8a04f685bc992ea144fbf9b9e5441339ef29c40610f
3349,qwen2.5-3b,100.0,story_generation,instruction_following,0f7d9c4e9e52b68d21b2c8a04f685bc992ea144fbf9b9e5441339ef29c40610f
3350,gemma-3-12b-it,33.3333333333333,story_generation,instruction_following,15a04d320c993aaedd8e2e9918e71683f331884c84b5816719236f373f831e05
3351,gemma-3-1b-it,33.3333333333333,story_generation,instruction_following,15a04d320c993aaedd8e2e9918e71683f331884c84b5816719236f373f831e05
3352,gemma-3-4b-it,33.3333333333333,story_generation,instruction_following,15a04d320c993aaedd8e2e9918e71683f331884c84b5816719236f373f831e05
3353,llama-3.1-8b-instruct,33.3333333333333,story_generation,instruction_following,15a04d320c993aaedd8e2e9918e71683f331884c84b5816719236f373f831e05
3354,llama-3.2-1b-instruct,16.6666666666666,story_generation,instruction_following,15a04d320c993aaedd8e2e9918e71683f331884c84b5816719236f373f831e05
3355,llama-3.2-3b-instruct,33.3333333333333,story_generation,instruction_following,15a04d320c993aaedd8e2e9918e71683f331884c84b5816719236f373f831e05
3356,mistral-24b,33.3333333333333,story_generation,instruction_following,15a04d320c993aaedd8e2e9918e71683f331884c84b5816719236f373f831e05
3357,mistral-7b,33.3333333333333,story_generation,instruction_following,15a04d320c993aaedd8e2e9918e71683f331884c84b5816719236f373f831e05
3358,qwen2.5-32b,100.0,story_generation,instruction_following,15a04d320c993aaedd8e2e9918e71683f331884c84b5816719236f373f831e05
3359,qwen2.5-3b,33.3333333333333,story_generation,instruction_following,15a04d320c993aaedd8e2e9918e71683f331884c84b5816719236f373f831e05
3360,gemma-3-12b-it,33.3333333333333,story_generation,instruction_following,177ccbc243d5867c5dfda52a0dde4585016747ec63e1d3bf8511f109258212ca
3361,gemma-3-1b-it,33.3333333333333,story_generation,instruction_following,177ccbc243d5867c5dfda52a0dde4585016747ec63e1d3bf8511f109258212ca
3362,gemma-3-4b-it,33.3333333333333,story_generation,instruction_following,177ccbc243d5867c5dfda52a0dde4585016747ec63e1d3bf8511f109258212ca
3363,llama-3.1-8b-instruct,16.6666666666666,story_generation,instruction_following,177ccbc243d5867c5dfda52a0dde4585016747ec63e1d3bf8511f109258212ca
3364,llama-3.2-1b-instruct,33.3333333333333,story_generation,instruction_following,177ccbc243d5867c5dfda52a0dde4585016747ec63e1d3bf8511f109258212ca
3365,llama-3.2-3b-instruct,33.3333333333333,story_generation,instruction_following,177ccbc243d5867c5dfda52a0dde4585016747ec63e1d3bf8511f109258212ca
3366,mistral-24b,33.3333333333333,story_generation,instruction_following,177ccbc243d5867c5dfda52a0dde4585016747ec63e1d3bf8511f109258212ca
3367,mistral-7b,33.3333333333333,story_generation,instruction_following,177ccbc243d5867c5dfda52a0dde4585016747ec63e1d3bf8511f109258212ca
3368,qwen2.5-32b,33.3333333333333,story_generation,instruction_following,177ccbc243d5867c5dfda52a0dde4585016747ec63e1d3bf8511f109258212ca
3369,qwen2.5-3b,33.3333333333333,story_generation,instruction_following,177ccbc243d5867c5dfda52a0dde4585016747ec63e1d3bf8511f109258212ca
3370,gemma-3-12b-it,16.6666666666666,story_generation,instruction_following,17854a4f3ee38888982a95aa5b240ed428714943c35b4ad185f754cebb5b29af
3371,gemma-3-1b-it,0.0,story_generation,instruction_following,17854a4f3ee38888982a95aa5b240ed428714943c35b4ad185f754cebb5b29af
3372,gemma-3-4b-it,0.0,story_generation,instruction_following,17854a4f3ee38888982a95aa5b240ed428714943c35b4ad185f754cebb5b29af
3373,llama-3.1-8b-instruct,0.0,story_generation,instruction_following,17854a4f3ee38888982a95aa5b240ed428714943c35b4ad185f754cebb5b29af
3374,llama-3.2-1b-instruct,0.0,story_generation,instruction_following,17854a4f3ee38888982a95aa5b240ed428714943c35b4ad185f754cebb5b29af
3375,llama-3.2-3b-instruct,0.0,story_generation,instruction_following,17854a4f3ee38888982a95aa5b240ed428714943c35b4ad185f754cebb5b29af
3376,mistral-24b,16.6666666666666,story_generation,instruction_following,17854a4f3ee38888982a95aa5b240ed428714943c35b4ad185f754cebb5b29af
3377,mistral-7b,0.0,story_generation,instruction_following,17854a4f3ee38888982a95aa5b240ed428714943c35b4ad185f754cebb5b29af
3378,qwen2.5-32b,33.3333333333333,story_generation,instruction_following,17854a4f3ee38888982a95aa5b240ed428714943c35b4ad185f754cebb5b29af
3379,qwen2.5-3b,0.0,story_generation,instruction_following,17854a4f3ee38888982a95aa5b240ed428714943c35b4ad185f754cebb5b29af
3380,gemma-3-12b-it,33.3333333333333,story_generation,instruction_following,1b09cc8158b5a64a86811f45c389ae6517d798b89640ad6c6059e98c7dd83b83
3381,gemma-3-1b-it,16.6666666666666,story_generation,instruction_following,1b09cc8158b5a64a86811f45c389ae6517d798b89640ad6c6059e98c7dd83b83
3382,gemma-3-4b-it,33.3333333333333,story_generation,instruction_following,1b09cc8158b5a64a86811f45c389ae6517d798b89640ad6c6059e98c7dd83b83
3383,llama-3.1-8b-instruct,33.3333333333333,story_generation,instruction_following,1b09cc8158b5a64a86811f45c389ae6517d798b89640ad6c6059e98c7dd83b83
3384,llama-3.2-1b-instruct,16.6666666666666,story_generation,instruction_following,1b09cc8158b5a64a86811f45c389ae6517d798b89640ad6c6059e98c7dd83b83
3385,llama-3.2-3b-instruct,33.3333333333333,story_generation,instruction_following,1b09cc8158b5a64a86811f45c389ae6517d798b89640ad6c6059e98c7dd83b83
3386,mistral-24b,100.0,story_generation,instruction_following,1b09cc8158b5a64a86811f45c389ae6517d798b89640ad6c6059e98c7dd83b83
3387,mistral-7b,100.0,story_generation,instruction_following,1b09cc8158b5a64a86811f45c389ae6517d798b89640ad6c6059e98c7dd83b83
3388,qwen2.5-32b,33.3333333333333,story_generation,instruction_following,1b09cc8158b5a64a86811f45c389ae6517d798b89640ad6c6059e98c7dd83b83
3389,qwen2.5-3b,16.6666666666666,story_generation,instruction_following,1b09cc8158b5a64a86811f45c389ae6517d798b89640ad6c6059e98c7dd83b83
3390,gemma-3-12b-it,33.3333333333333,story_generation,instruction_following,1ed6a0a2c7b4b879b3f6b6bdc77f297735aae9c255fbd5210fb4b7bafce80aac
3391,gemma-3-1b-it,0.0,story_generation,instruction_following,1ed6a0a2c7b4b879b3f6b6bdc77f297735aae9c255fbd5210fb4b7bafce80aac
3392,gemma-3-4b-it,16.6666666666666,story_generation,instruction_following,1ed6a0a2c7b4b879b3f6b6bdc77f297735aae9c255fbd5210fb4b7bafce80aac
3393,llama-3.1-8b-instruct,16.6666666666666,story_generation,instruction_following,1ed6a0a2c7b4b879b3f6b6bdc77f297735aae9c255fbd5210fb4b7bafce80aac
3394,llama-3.2-1b-instruct,0.0,story_generation,instruction_following,1ed6a0a2c7b4b879b3f6b6bdc77f297735aae9c255fbd5210fb4b7bafce80aac
3395,llama-3.2-3b-instruct,0.0,story_generation,instruction_following,1ed6a0a2c7b4b879b3f6b6bdc77f297735aae9c255fbd5210fb4b7bafce80aac
3396,mistral-24b,33.3333333333333,story_generation,instruction_following,1ed6a0a2c7b4b879b3f6b6bdc77f297735aae9c255fbd5210fb4b7bafce80aac
3397,mistral-7b,0.0,story_generation,instruction_following,1ed6a0a2c7b4b879b3f6b6bdc77f297735aae9c255fbd5210fb4b7bafce80aac
3398,qwen2.5-32b,100.0,story_generation,instruction_following,1ed6a0a2c7b4b879b3f6b6bdc77f297735aae9c255fbd5210fb4b7bafce80aac
3399,qwen2.5-3b,16.6666666666666,story_generation,instruction_following,1ed6a0a2c7b4b879b3f6b6bdc77f297735aae9c255fbd5210fb4b7bafce80aac
3400,gemma-3-12b-it,37.5,story_generation,instruction_following,21f4f5c292c5f8ce8c12f0c04b8919ea81af86717e6f03740e21437acf602bfc
3401,gemma-3-1b-it,37.5,story_generation,instruction_following,21f4f5c292c5f8ce8c12f0c04b8919ea81af86717e6f03740e21437acf602bfc
3402,gemma-3-4b-it,25.0,story_generation,instruction_following,21f4f5c292c5f8ce8c12f0c04b8919ea81af86717e6f03740e21437acf602bfc
3403,llama-3.1-8b-instruct,100.0,story_generation,instruction_following,21f4f5c292c5f8ce8c12f0c04b8919ea81af86717e6f03740e21437acf602bfc
3404,llama-3.2-1b-instruct,25.0,story_generation,instruction_following,21f4f5c292c5f8ce8c12f0c04b8919ea81af86717e6f03740e21437acf602bfc
3405,llama-3.2-3b-instruct,100.0,story_generation,instruction_following,21f4f5c292c5f8ce8c12f0c04b8919ea81af86717e6f03740e21437acf602bfc
3406,mistral-24b,100.0,story_generation,instruction_following,21f4f5c292c5f8ce8c12f0c04b8919ea81af86717e6f03740e21437acf602bfc
3407,mistral-7b,37.5,story_generation,instruction_following,21f4f5c292c5f8ce8c12f0c04b8919ea81af86717e6f03740e21437acf602bfc
3408,qwen2.5-32b,100.0,story_generation,instruction_following,21f4f5c292c5f8ce8c12f0c04b8919ea81af86717e6f03740e21437acf602bfc
3409,qwen2.5-3b,100.0,story_generation,instruction_following,21f4f5c292c5f8ce8c12f0c04b8919ea81af86717e6f03740e21437acf602bfc
3410,gemma-3-12b-it,0.0,story_generation,instruction_following,30813a0174cef54c60bb121f95e328f69c750cc63a764b93fdbe26b4c41e5c3e
3411,gemma-3-1b-it,0.0,story_generation,instruction_following,30813a0174cef54c60bb121f95e328f69c750cc63a764b93fdbe26b4c41e5c3e
3412,gemma-3-4b-it,0.0,story_generation,instruction_following,30813a0174cef54c60bb121f95e328f69c750cc63a764b93fdbe26b4c41e5c3e
3413,llama-3.1-8b-instruct,0.0,story_generation,instruction_following,30813a0174cef54c60bb121f95e328f69c750cc63a764b93fdbe26b4c41e5c3e
3414,llama-3.2-1b-instruct,0.0,story_generation,instruction_following,30813a0174cef54c60bb121f95e328f69c750cc63a764b93fdbe26b4c41e5c3e
3415,llama-3.2-3b-instruct,0.0,story_generation,instruction_following,30813a0174cef54c60bb121f95e328f69c750cc63a764b93fdbe26b4c41e5c3e
3416,mistral-24b,0.0,story_generation,instruction_following,30813a0174cef54c60bb121f95e328f69c750cc63a764b93fdbe26b4c41e5c3e
3417,mistral-7b,100.0,story_generation,instruction_following,30813a0174cef54c60bb121f95e328f69c750cc63a764b93fdbe26b4c41e5c3e
3418,qwen2.5-32b,25.0,story_generation,instruction_following,30813a0174cef54c60bb121f95e328f69c750cc63a764b93fdbe26b4c41e5c3e
3419,qwen2.5-3b,0.0,story_generation,instruction_following,30813a0174cef54c60bb121f95e328f69c750cc63a764b93fdbe26b4c41e5c3e
3420,gemma-3-12b-it,33.3333333333333,story_generation,instruction_following,309f90f2b74f7916a6a280e64232fe19b870f699133ed3f81449870672867fa7
3421,gemma-3-1b-it,16.6666666666666,story_generation,instruction_following,309f90f2b74f7916a6a280e64232fe19b870f699133ed3f81449870672867fa7
3422,gemma-3-4b-it,33.3333333333333,story_generation,instruction_following,309f90f2b74f7916a6a280e64232fe19b870f699133ed3f81449870672867fa7
3423,llama-3.1-8b-instruct,33.3333333333333,story_generation,instruction_following,309f90f2b74f7916a6a280e64232fe19b870f699133ed3f81449870672867fa7
3424,llama-3.2-1b-instruct,16.6666666666666,story_generation,instruction_following,309f90f2b74f7916a6a280e64232fe19b870f699133ed3f81449870672867fa7
3425,llama-3.2-3b-instruct,33.3333333333333,story_generation,instruction_following,309f90f2b74f7916a6a280e64232fe19b870f699133ed3f81449870672867fa7
3426,mistral-24b,16.6666666666666,story_generation,instruction_following,309f90f2b74f7916a6a280e64232fe19b870f699133ed3f81449870672867fa7
3427,mistral-7b,100.0,story_generation,instruction_following,309f90f2b74f7916a6a280e64232fe19b870f699133ed3f81449870672867fa7
3428,qwen2.5-32b,16.6666666666666,story_generation,instruction_following,309f90f2b74f7916a6a280e64232fe19b870f699133ed3f81449870672867fa7
3429,qwen2.5-3b,33.3333333333333,story_generation,instruction_following,309f90f2b74f7916a6a280e64232fe19b870f699133ed3f81449870672867fa7
3430,gemma-3-12b-it,25.0,story_generation,instruction_following,35429a8692dc7256b27f4c45abb36b4b33f86bb982c0c29965faaa6c8cc34d66
3431,gemma-3-1b-it,0.0,story_generation,instruction_following,35429a8692dc7256b27f4c45abb36b4b33f86bb982c0c29965faaa6c8cc34d66
3432,gemma-3-4b-it,25.0,story_generation,instruction_following,35429a8692dc7256b27f4c45abb36b4b33f86bb982c0c29965faaa6c8cc34d66
3433,llama-3.1-8b-instruct,25.0,story_generation,instruction_following,35429a8692dc7256b27f4c45abb36b4b33f86bb982c0c29965faaa6c8cc34d66
3434,llama-3.2-1b-instruct,0.0,story_generation,instruction_following,35429a8692dc7256b27f4c45abb36b4b33f86bb982c0c29965faaa6c8cc34d66
3435,llama-3.2-3b-instruct,0.0,story_generation,instruction_following,35429a8692dc7256b27f4c45abb36b4b33f86bb982c0c29965faaa6c8cc34d66
3436,mistral-24b,25.0,story_generation,instruction_following,35429a8692dc7256b27f4c45abb36b4b33f86bb982c0c29965faaa6c8cc34d66
3437,mistral-7b,0.0,story_generation,instruction_following,35429a8692dc7256b27f4c45abb36b4b33f86bb982c0c29965faaa6c8cc34d66
3438,qwen2.5-32b,25.0,story_generation,instruction_following,35429a8692dc7256b27f4c45abb36b4b33f86bb982c0c29965faaa6c8cc34d66
3439,qwen2.5-3b,25.0,story_generation,instruction_following,35429a8692dc7256b27f4c45abb36b4b33f86bb982c0c29965faaa6c8cc34d66
3440,gemma-3-12b-it,25.0,story_generation,instruction_following,3c582f6d13ac1cf0b33aa6e3cdc0a1baf42f1cd1da7080f96b0fadebb5a8b71d
3441,gemma-3-1b-it,0.0,story_generation,instruction_following,3c582f6d13ac1cf0b33aa6e3cdc0a1baf42f1cd1da7080f96b0fadebb5a8b71d
3442,gemma-3-4b-it,25.0,story_generation,instruction_following,3c582f6d13ac1cf0b33aa6e3cdc0a1baf42f1cd1da7080f96b0fadebb5a8b71d
3443,llama-3.1-8b-instruct,100.0,story_generation,instruction_following,3c582f6d13ac1cf0b33aa6e3cdc0a1baf42f1cd1da7080f96b0fadebb5a8b71d
3444,llama-3.2-1b-instruct,25.0,story_generation,instruction_following,3c582f6d13ac1cf0b33aa6e3cdc0a1baf42f1cd1da7080f96b0fadebb5a8b71d
3445,llama-3.2-3b-instruct,100.0,story_generation,instruction_following,3c582f6d13ac1cf0b33aa6e3cdc0a1baf42f1cd1da7080f96b0fadebb5a8b71d
3446,mistral-24b,25.0,story_generation,instruction_following,3c582f6d13ac1cf0b33aa6e3cdc0a1baf42f1cd1da7080f96b0fadebb5a8b71d
3447,mistral-7b,25.0,story_generation,instruction_following,3c582f6d13ac1cf0b33aa6e3cdc0a1baf42f1cd1da7080f96b0fadebb5a8b71d
3448,qwen2.5-32b,100.0,story_generation,instruction_following,3c582f6d13ac1cf0b33aa6e3cdc0a1baf42f1cd1da7080f96b0fadebb5a8b71d
3449,qwen2.5-3b,100.0,story_generation,instruction_following,3c582f6d13ac1cf0b33aa6e3cdc0a1baf42f1cd1da7080f96b0fadebb5a8b71d
3450,gemma-3-12b-it,25.0,story_generation,instruction_following,3d384d57ad1d293a7747beb55353c83c03472cfc5d03d90acbf2c0f37e6b84c3
3451,gemma-3-1b-it,25.0,story_generation,instruction_following,3d384d57ad1d293a7747beb55353c83c03472cfc5d03d90acbf2c0f37e6b84c3
3452,gemma-3-4b-it,25.0,story_generation,instruction_following,3d384d57ad1d293a7747beb55353c83c03472cfc5d03d90acbf2c0f37e6b84c3
3453,llama-3.1-8b-instruct,37.5,story_generation,instruction_following,3d384d57ad1d293a7747beb55353c83c03472cfc5d03d90acbf2c0f37e6b84c3
3454,llama-3.2-1b-instruct,12.5,story_generation,instruction_following,3d384d57ad1d293a7747beb55353c83c03472cfc5d03d90acbf2c0f37e6b84c3
3455,llama-3.2-3b-instruct,37.5,story_generation,instruction_following,3d384d57ad1d293a7747beb55353c83c03472cfc5d03d90acbf2c0f37e6b84c3
3456,mistral-24b,12.5,story_generation,instruction_following,3d384d57ad1d293a7747beb55353c83c03472cfc5d03d90acbf2c0f37e6b84c3
3457,mistral-7b,25.0,story_generation,instruction_following,3d384d57ad1d293a7747beb55353c83c03472cfc5d03d90acbf2c0f37e6b84c3
3458,qwen2.5-32b,37.5,story_generation,instruction_following,3d384d57ad1d293a7747beb55353c83c03472cfc5d03d90acbf2c0f37e6b84c3
3459,qwen2.5-3b,25.0,story_generation,instruction_following,3d384d57ad1d293a7747beb55353c83c03472cfc5d03d90acbf2c0f37e6b84c3
3460,gemma-3-12b-it,33.3333333333333,story_generation,instruction_following,425a0c3acd761293fc3d925177333f91e9652fb1ff91b22258f14b086624c838
3461,gemma-3-1b-it,33.3333333333333,story_generation,instruction_following,425a0c3acd761293fc3d925177333f91e9652fb1ff91b22258f14b086624c838
3462,gemma-3-4b-it,0.0,story_generation,instruction_following,425a0c3acd761293fc3d925177333f91e9652fb1ff91b22258f14b086624c838
3463,llama-3.1-8b-instruct,33.3333333333333,story_generation,instruction_following,425a0c3acd761293fc3d925177333f91e9652fb1ff91b22258f14b086624c838
3464,llama-3.2-1b-instruct,0.0,story_generation,instruction_following,425a0c3acd761293fc3d925177333f91e9652fb1ff91b22258f14b086624c838
3465,llama-3.2-3b-instruct,33.3333333333333,story_generation,instruction_following,425a0c3acd761293fc3d925177333f91e9652fb1ff91b22258f14b086624c838
3466,mistral-24b,16.6666666666666,story_generation,instruction_following,425a0c3acd761293fc3d925177333f91e9652fb1ff91b22258f14b086624c838
3467,mistral-7b,16.6666666666666,story_generation,instruction_following,425a0c3acd761293fc3d925177333f91e9652fb1ff91b22258f14b086624c838
3468,qwen2.5-32b,16.6666666666666,story_generation,instruction_following,425a0c3acd761293fc3d925177333f91e9652fb1ff91b22258f14b086624c838
3469,qwen2.5-3b,16.6666666666666,story_generation,instruction_following,425a0c3acd761293fc3d925177333f91e9652fb1ff91b22258f14b086624c838
3470,gemma-3-12b-it,33.3333333333333,story_generation,instruction_following,42df65283184c31527f8de3add005c74c25e06ee43dc24ac9ba69b3c2d38bc9b
3471,gemma-3-1b-it,33.3333333333333,story_generation,instruction_following,42df65283184c31527f8de3add005c74c25e06ee43dc24ac9ba69b3c2d38bc9b
3472,gemma-3-4b-it,100.0,story_generation,instruction_following,42df65283184c31527f8de3add005c74c25e06ee43dc24ac9ba69b3c2d38bc9b
3473,llama-3.1-8b-instruct,100.0,story_generation,instruction_following,42df65283184c31527f8de3add005c74c25e06ee43dc24ac9ba69b3c2d38bc9b
3474,llama-3.2-1b-instruct,33.3333333333333,story_generation,instruction_following,42df65283184c31527f8de3add005c74c25e06ee43dc24ac9ba69b3c2d38bc9b
3475,llama-3.2-3b-instruct,16.6666666666666,story_generation,instruction_following,42df65283184c31527f8de3add005c74c25e06ee43dc24ac9ba69b3c2d38bc9b
3476,mistral-24b,16.6666666666666,story_generation,instruction_following,42df65283184c31527f8de3add005c74c25e06ee43dc24ac9ba69b3c2d38bc9b
3477,mistral-7b,33.3333333333333,story_generation,instruction_following,42df65283184c31527f8de3add005c74c25e06ee43dc24ac9ba69b3c2d38bc9b
3478,qwen2.5-32b,100.0,story_generation,instruction_following,42df65283184c31527f8de3add005c74c25e06ee43dc24ac9ba69b3c2d38bc9b
3479,qwen2.5-3b,33.3333333333333,story_generation,instruction_following,42df65283184c31527f8de3add005c74c25e06ee43dc24ac9ba69b3c2d38bc9b
3480,gemma-3-12b-it,37.5,story_generation,instruction_following,45b2b49b7d512ce1d39340eb8ccea81d4ae11d237f25eb3c9599c3e99d0d5e8c
3481,gemma-3-1b-it,25.0,story_generation,instruction_following,45b2b49b7d512ce1d39340eb8ccea81d4ae11d237f25eb3c9599c3e99d0d5e8c
3482,gemma-3-4b-it,25.0,story_generation,instruction_following,45b2b49b7d512ce1d39340eb8ccea81d4ae11d237f25eb3c9599c3e99d0d5e8c
3483,llama-3.1-8b-instruct,25.0,story_generation,instruction_following,45b2b49b7d512ce1d39340eb8ccea81d4ae11d237f25eb3c9599c3e99d0d5e8c
3484,llama-3.2-1b-instruct,25.0,story_generation,instruction_following,45b2b49b7d512ce1d39340eb8ccea81d4ae11d237f25eb3c9599c3e99d0d5e8c
3485,llama-3.2-3b-instruct,12.5,story_generation,instruction_following,45b2b49b7d512ce1d39340eb8ccea81d4ae11d237f25eb3c9599c3e99d0d5e8c
3486,mistral-24b,100.0,story_generation,instruction_following,45b2b49b7d512ce1d39340eb8ccea81d4ae11d237f25eb3c9599c3e99d0d5e8c
3487,mistral-7b,37.5,story_generation,instruction_following,45b2b49b7d512ce1d39340eb8ccea81d4ae11d237f25eb3c9599c3e99d0d5e8c
3488,qwen2.5-32b,25.0,story_generation,instruction_following,45b2b49b7d512ce1d39340eb8ccea81d4ae11d237f25eb3c9599c3e99d0d5e8c
3489,qwen2.5-3b,37.5,story_generation,instruction_following,45b2b49b7d512ce1d39340eb8ccea81d4ae11d237f25eb3c9599c3e99d0d5e8c
3490,gemma-3-12b-it,100.0,story_generation,instruction_following,60190416f20733f1307b983eddd6ef349f1273324e6049ac6e9cfb5a8986b355
3491,gemma-3-1b-it,37.5,story_generation,instruction_following,60190416f20733f1307b983eddd6ef349f1273324e6049ac6e9cfb5a8986b355
3492,gemma-3-4b-it,37.5,story_generation,instruction_following,60190416f20733f1307b983eddd6ef349f1273324e6049ac6e9cfb5a8986b355
3493,llama-3.1-8b-instruct,25.0,story_generation,instruction_following,60190416f20733f1307b983eddd6ef349f1273324e6049ac6e9cfb5a8986b355
3494,llama-3.2-1b-instruct,25.0,story_generation,instruction_following,60190416f20733f1307b983eddd6ef349f1273324e6049ac6e9cfb5a8986b355
3495,llama-3.2-3b-instruct,100.0,story_generation,instruction_following,60190416f20733f1307b983eddd6ef349f1273324e6049ac6e9cfb5a8986b355
3496,mistral-24b,25.0,story_generation,instruction_following,60190416f20733f1307b983eddd6ef349f1273324e6049ac6e9cfb5a8986b355
3497,mistral-7b,25.0,story_generation,instruction_following,60190416f20733f1307b983eddd6ef349f1273324e6049ac6e9cfb5a8986b355
3498,qwen2.5-32b,25.0,story_generation,instruction_following,60190416f20733f1307b983eddd6ef349f1273324e6049ac6e9cfb5a8986b355
3499,qwen2.5-3b,25.0,story_generation,instruction_following,60190416f20733f1307b983eddd6ef349f1273324e6049ac6e9cfb5a8986b355
3500,gemma-3-12b-it,16.6666666666666,story_generation,instruction_following,649f08464328ecc126391dc2f7bd95015a497abf5983cb3fd543617c6ec188e7
3501,gemma-3-1b-it,16.6666666666666,story_generation,instruction_following,649f08464328ecc126391dc2f7bd95015a497abf5983cb3fd543617c6ec188e7
3502,gemma-3-4b-it,0.0,story_generation,instruction_following,649f08464328ecc126391dc2f7bd95015a497abf5983cb3fd543617c6ec188e7
3503,llama-3.1-8b-instruct,33.3333333333333,story_generation,instruction_following,649f08464328ecc126391dc2f7bd95015a497abf5983cb3fd543617c6ec188e7
3504,llama-3.2-1b-instruct,0.0,story_generation,instruction_following,649f08464328ecc126391dc2f7bd95015a497abf5983cb3fd543617c6ec188e7
3505,llama-3.2-3b-instruct,0.0,story_generation,instruction_following,649f08464328ecc126391dc2f7bd95015a497abf5983cb3fd543617c6ec188e7
3506,mistral-24b,16.6666666666666,story_generation,instruction_following,649f08464328ecc126391dc2f7bd95015a497abf5983cb3fd543617c6ec188e7
3507,mistral-7b,33.3333333333333,story_generation,instruction_following,649f08464328ecc126391dc2f7bd95015a497abf5983cb3fd543617c6ec188e7
3508,qwen2.5-32b,33.3333333333333,story_generation,instruction_following,649f08464328ecc126391dc2f7bd95015a497abf5983cb3fd543617c6ec188e7
3509,qwen2.5-3b,0.0,story_generation,instruction_following,649f08464328ecc126391dc2f7bd95015a497abf5983cb3fd543617c6ec188e7
3510,gemma-3-12b-it,16.6666666666666,story_generation,instruction_following,681e0647847abfb10f13da61b27f8347e1e16242d8662f16cb6465ca85018f31
3511,gemma-3-1b-it,16.6666666666666,story_generation,instruction_following,681e0647847abfb10f13da61b27f8347e1e16242d8662f16cb6465ca85018f31
3512,gemma-3-4b-it,16.6666666666666,story_generation,instruction_following,681e0647847abfb10f13da61b27f8347e1e16242d8662f16cb6465ca85018f31
3513,llama-3.1-8b-instruct,16.6666666666666,story_generation,instruction_following,681e0647847abfb10f13da61b27f8347e1e16242d8662f16cb6465ca85018f31
3514,llama-3.2-1b-instruct,0.0,story_generation,instruction_following,681e0647847abfb10f13da61b27f8347e1e16242d8662f16cb6465ca85018f31
3515,llama-3.2-3b-instruct,33.3333333333333,story_generation,instruction_following,681e0647847abfb10f13da61b27f8347e1e16242d8662f16cb6465ca85018f31
3516,mistral-24b,33.3333333333333,story_generation,instruction_following,681e0647847abfb10f13da61b27f8347e1e16242d8662f16cb6465ca85018f31
3517,mistral-7b,16.6666666666666,story_generation,instruction_following,681e0647847abfb10f13da61b27f8347e1e16242d8662f16cb6465ca85018f31
3518,qwen2.5-32b,33.3333333333333,story_generation,instruction_following,681e0647847abfb10f13da61b27f8347e1e16242d8662f16cb6465ca85018f31
3519,qwen2.5-3b,16.6666666666666,story_generation,instruction_following,681e0647847abfb10f13da61b27f8347e1e16242d8662f16cb6465ca85018f31
3520,gemma-3-12b-it,33.3333333333333,story_generation,instruction_following,699d35c9bc63c9ef5eaa6a7ec032f096ebfa1af8cc61b66312a95938c041e2ab
3521,gemma-3-1b-it,16.6666666666666,story_generation,instruction_following,699d35c9bc63c9ef5eaa6a7ec032f096ebfa1af8cc61b66312a95938c041e2ab
3522,gemma-3-4b-it,33.3333333333333,story_generation,instruction_following,699d35c9bc63c9ef5eaa6a7ec032f096ebfa1af8cc61b66312a95938c041e2ab
3523,llama-3.1-8b-instruct,33.3333333333333,story_generation,instruction_following,699d35c9bc63c9ef5eaa6a7ec032f096ebfa1af8cc61b66312a95938c041e2ab
3524,llama-3.2-1b-instruct,16.6666666666666,story_generation,instruction_following,699d35c9bc63c9ef5eaa6a7ec032f096ebfa1af8cc61b66312a95938c041e2ab
3525,llama-3.2-3b-instruct,33.3333333333333,story_generation,instruction_following,699d35c9bc63c9ef5eaa6a7ec032f096ebfa1af8cc61b66312a95938c041e2ab
3526,mistral-24b,33.3333333333333,story_generation,instruction_following,699d35c9bc63c9ef5eaa6a7ec032f096ebfa1af8cc61b66312a95938c041e2ab
3527,mistral-7b,33.3333333333333,story_generation,instruction_following,699d35c9bc63c9ef5eaa6a7ec032f096ebfa1af8cc61b66312a95938c041e2ab
3528,qwen2.5-32b,33.3333333333333,story_generation,instruction_following,699d35c9bc63c9ef5eaa6a7ec032f096ebfa1af8cc61b66312a95938c041e2ab
3529,qwen2.5-3b,16.6666666666666,story_generation,instruction_following,699d35c9bc63c9ef5eaa6a7ec032f096ebfa1af8cc61b66312a95938c041e2ab
3530,gemma-3-12b-it,25.0,story_generation,instruction_following,71d079525c95cd874224f0f3f5d0c2604b37c9acc7ba57e340e3af95c5abc9f9
3531,gemma-3-1b-it,0.0,story_generation,instruction_following,71d079525c95cd874224f0f3f5d0c2604b37c9acc7ba57e340e3af95c5abc9f9
3532,gemma-3-4b-it,25.0,story_generation,instruction_following,71d079525c95cd874224f0f3f5d0c2604b37c9acc7ba57e340e3af95c5abc9f9
3533,llama-3.1-8b-instruct,25.0,story_generation,instruction_following,71d079525c95cd874224f0f3f5d0c2604b37c9acc7ba57e340e3af95c5abc9f9
3534,llama-3.2-1b-instruct,0.0,story_generation,instruction_following,71d079525c95cd874224f0f3f5d0c2604b37c9acc7ba57e340e3af95c5abc9f9
3535,llama-3.2-3b-instruct,25.0,story_generation,instruction_following,71d079525c95cd874224f0f3f5d0c2604b37c9acc7ba57e340e3af95c5abc9f9
3536,mistral-24b,25.0,story_generation,instruction_following,71d079525c95cd874224f0f3f5d0c2604b37c9acc7ba57e340e3af95c5abc9f9
3537,mistral-7b,25.0,story_generation,instruction_following,71d079525c95cd874224f0f3f5d0c2604b37c9acc7ba57e340e3af95c5abc9f9
3538,qwen2.5-32b,25.0,story_generation,instruction_following,71d079525c95cd874224f0f3f5d0c2604b37c9acc7ba57e340e3af95c5abc9f9
3539,qwen2.5-3b,0.0,story_generation,instruction_following,71d079525c95cd874224f0f3f5d0c2604b37c9acc7ba57e340e3af95c5abc9f9
3540,gemma-3-12b-it,25.0,story_generation,instruction_following,76699c7eabb6e93d7f83e8dada4634091be60af3d52ad4e3d41881bd1633cda1
3541,gemma-3-1b-it,0.0,story_generation,instruction_following,76699c7eabb6e93d7f83e8dada4634091be60af3d52ad4e3d41881bd1633cda1
3542,gemma-3-4b-it,0.0,story_generation,instruction_following,76699c7eabb6e93d7f83e8dada4634091be60af3d52ad4e3d41881bd1633cda1
3543,llama-3.1-8b-instruct,25.0,story_generation,instruction_following,76699c7eabb6e93d7f83e8dada4634091be60af3d52ad4e3d41881bd1633cda1
3544,llama-3.2-1b-instruct,0.0,story_generation,instruction_following,76699c7eabb6e93d7f83e8dada4634091be60af3d52ad4e3d41881bd1633cda1
3545,llama-3.2-3b-instruct,0.0,story_generation,instruction_following,76699c7eabb6e93d7f83e8dada4634091be60af3d52ad4e3d41881bd1633cda1
3546,mistral-24b,100.0,story_generation,instruction_following,76699c7eabb6e93d7f83e8dada4634091be60af3d52ad4e3d41881bd1633cda1
3547,mistral-7b,25.0,story_generation,instruction_following,76699c7eabb6e93d7f83e8dada4634091be60af3d52ad4e3d41881bd1633cda1
3548,qwen2.5-32b,100.0,story_generation,instruction_following,76699c7eabb6e93d7f83e8dada4634091be60af3d52ad4e3d41881bd1633cda1
3549,qwen2.5-3b,25.0,story_generation,instruction_following,76699c7eabb6e93d7f83e8dada4634091be60af3d52ad4e3d41881bd1633cda1
3550,gemma-3-12b-it,0.0,story_generation,instruction_following,78324955c8a77181942b601b73d8fb7767cd55e3d28e040d2f97375f69976667
3551,gemma-3-1b-it,0.0,story_generation,instruction_following,78324955c8a77181942b601b73d8fb7767cd55e3d28e040d2f97375f69976667
3552,gemma-3-4b-it,100.0,story_generation,instruction_following,78324955c8a77181942b601b73d8fb7767cd55e3d28e040d2f97375f69976667
3553,llama-3.1-8b-instruct,100.0,story_generation,instruction_following,78324955c8a77181942b601b73d8fb7767cd55e3d28e040d2f97375f69976667
3554,llama-3.2-1b-instruct,0.0,story_generation,instruction_following,78324955c8a77181942b601b73d8fb7767cd55e3d28e040d2f97375f69976667
3555,llama-3.2-3b-instruct,0.0,story_generation,instruction_following,78324955c8a77181942b601b73d8fb7767cd55e3d28e040d2f97375f69976667
3556,mistral-24b,0.0,story_generation,instruction_following,78324955c8a77181942b601b73d8fb7767cd55e3d28e040d2f97375f69976667
3557,mistral-7b,100.0,story_generation,instruction_following,78324955c8a77181942b601b73d8fb7767cd55e3d28e040d2f97375f69976667
3558,qwen2.5-32b,0.0,story_generation,instruction_following,78324955c8a77181942b601b73d8fb7767cd55e3d28e040d2f97375f69976667
3559,qwen2.5-3b,100.0,story_generation,instruction_following,78324955c8a77181942b601b73d8fb7767cd55e3d28e040d2f97375f69976667
3560,gemma-3-12b-it,16.6666666666666,story_generation,instruction_following,7b2da96656605701102e0600b1fba272a630422f6a5858276c1ee8d4373cce97
3561,gemma-3-1b-it,16.6666666666666,story_generation,instruction_following,7b2da96656605701102e0600b1fba272a630422f6a5858276c1ee8d4373cce97
3562,gemma-3-4b-it,0.0,story_generation,instruction_following,7b2da96656605701102e0600b1fba272a630422f6a5858276c1ee8d4373cce97
3563,llama-3.1-8b-instruct,16.6666666666666,story_generation,instruction_following,7b2da96656605701102e0600b1fba272a630422f6a5858276c1ee8d4373cce97
3564,llama-3.2-1b-instruct,16.6666666666666,story_generation,instruction_following,7b2da96656605701102e0600b1fba272a630422f6a5858276c1ee8d4373cce97
3565,llama-3.2-3b-instruct,16.6666666666666,story_generation,instruction_following,7b2da96656605701102e0600b1fba272a630422f6a5858276c1ee8d4373cce97
3566,mistral-24b,16.6666666666666,story_generation,instruction_following,7b2da96656605701102e0600b1fba272a630422f6a5858276c1ee8d4373cce97
3567,mistral-7b,16.6666666666666,story_generation,instruction_following,7b2da96656605701102e0600b1fba272a630422f6a5858276c1ee8d4373cce97
3568,qwen2.5-32b,16.6666666666666,story_generation,instruction_following,7b2da96656605701102e0600b1fba272a630422f6a5858276c1ee8d4373cce97
3569,qwen2.5-3b,33.3333333333333,story_generation,instruction_following,7b2da96656605701102e0600b1fba272a630422f6a5858276c1ee8d4373cce97
3570,gemma-3-12b-it,33.3333333333333,story_generation,instruction_following,8e2cdce6c9acca68e148d560e76df9a9acd652ce2e3f2fab7cad89f7bf2aeb05
3571,gemma-3-1b-it,16.6666666666666,story_generation,instruction_following,8e2cdce6c9acca68e148d560e76df9a9acd652ce2e3f2fab7cad89f7bf2aeb05
3572,gemma-3-4b-it,33.3333333333333,story_generation,instruction_following,8e2cdce6c9acca68e148d560e76df9a9acd652ce2e3f2fab7cad89f7bf2aeb05
3573,llama-3.1-8b-instruct,33.3333333333333,story_generation,instruction_following,8e2cdce6c9acca68e148d560e76df9a9acd652ce2e3f2fab7cad89f7bf2aeb05
3574,llama-3.2-1b-instruct,0.0,story_generation,instruction_following,8e2cdce6c9acca68e148d560e76df9a9acd652ce2e3f2fab7cad89f7bf2aeb05
3575,llama-3.2-3b-instruct,100.0,story_generation,instruction_following,8e2cdce6c9acca68e148d560e76df9a9acd652ce2e3f2fab7cad89f7bf2aeb05
3576,mistral-24b,100.0,story_generation,instruction_following,8e2cdce6c9acca68e148d560e76df9a9acd652ce2e3f2fab7cad89f7bf2aeb05
3577,mistral-7b,33.3333333333333,story_generation,instruction_following,8e2cdce6c9acca68e148d560e76df9a9acd652ce2e3f2fab7cad89f7bf2aeb05
3578,qwen2.5-32b,33.3333333333333,story_generation,instruction_following,8e2cdce6c9acca68e148d560e76df9a9acd652ce2e3f2fab7cad89f7bf2aeb05
3579,qwen2.5-3b,33.3333333333333,story_generation,instruction_following,8e2cdce6c9acca68e148d560e76df9a9acd652ce2e3f2fab7cad89f7bf2aeb05
3580,gemma-3-12b-it,100.0,story_generation,instruction_following,97b5ba44d119ec4e50f122198f9049b4c2de8ec6191488dc69654f34eb5a54e3
3581,gemma-3-1b-it,100.0,story_generation,instruction_following,97b5ba44d119ec4e50f122198f9049b4c2de8ec6191488dc69654f34eb5a54e3
3582,gemma-3-4b-it,100.0,story_generation,instruction_following,97b5ba44d119ec4e50f122198f9049b4c2de8ec6191488dc69654f34eb5a54e3
3583,llama-3.1-8b-instruct,100.0,story_generation,instruction_following,97b5ba44d119ec4e50f122198f9049b4c2de8ec6191488dc69654f34eb5a54e3
3584,llama-3.2-1b-instruct,100.0,story_generation,instruction_following,97b5ba44d119ec4e50f122198f9049b4c2de8ec6191488dc69654f34eb5a54e3
3585,llama-3.2-3b-instruct,100.0,story_generation,instruction_following,97b5ba44d119ec4e50f122198f9049b4c2de8ec6191488dc69654f34eb5a54e3
3586,mistral-24b,0.0,story_generation,instruction_following,97b5ba44d119ec4e50f122198f9049b4c2de8ec6191488dc69654f34eb5a54e3
3587,mistral-7b,100.0,story_generation,instruction_following,97b5ba44d119ec4e50f122198f9049b4c2de8ec6191488dc69654f34eb5a54e3
3588,qwen2.5-32b,100.0,story_generation,instruction_following,97b5ba44d119ec4e50f122198f9049b4c2de8ec6191488dc69654f34eb5a54e3
3589,qwen2.5-3b,100.0,story_generation,instruction_following,97b5ba44d119ec4e50f122198f9049b4c2de8ec6191488dc69654f34eb5a54e3
3590,gemma-3-12b-it,100.0,story_generation,instruction_following,97c9703d0bf7f996429f32b52bfa704e1908d411488a8ef76d151e7b6d5702ad
3591,gemma-3-1b-it,33.3333333333333,story_generation,instruction_following,97c9703d0bf7f996429f32b52bfa704e1908d411488a8ef76d151e7b6d5702ad
3592,gemma-3-4b-it,33.3333333333333,story_generation,instruction_following,97c9703d0bf7f996429f32b52bfa704e1908d411488a8ef76d151e7b6d5702ad
3593,llama-3.1-8b-instruct,100.0,story_generation,instruction_following,97c9703d0bf7f996429f32b52bfa704e1908d411488a8ef76d151e7b6d5702ad
3594,llama-3.2-1b-instruct,33.3333333333333,story_generation,instruction_following,97c9703d0bf7f996429f32b52bfa704e1908d411488a8ef76d151e7b6d5702ad
3595,llama-3.2-3b-instruct,16.6666666666666,story_generation,instruction_following,97c9703d0bf7f996429f32b52bfa704e1908d411488a8ef76d151e7b6d5702ad
3596,mistral-24b,16.6666666666666,story_generation,instruction_following,97c9703d0bf7f996429f32b52bfa704e1908d411488a8ef76d151e7b6d5702ad
3597,mistral-7b,33.3333333333333,story_generation,instruction_following,97c9703d0bf7f996429f32b52bfa704e1908d411488a8ef76d151e7b6d5702ad
3598,qwen2.5-32b,33.3333333333333,story_generation,instruction_following,97c9703d0bf7f996429f32b52bfa704e1908d411488a8ef76d151e7b6d5702ad
3599,qwen2.5-3b,0.0,story_generation,instruction_following,97c9703d0bf7f996429f32b52bfa704e1908d411488a8ef76d151e7b6d5702ad
3600,gemma-3-12b-it,37.5,story_generation,instruction_following,98938243da14035b7618c295f52e20341880db15918c8ee19b16475bf7a0767f
3601,gemma-3-1b-it,12.5,story_generation,instruction_following,98938243da14035b7618c295f52e20341880db15918c8ee19b16475bf7a0767f
3602,gemma-3-4b-it,37.5,story_generation,instruction_following,98938243da14035b7618c295f52e20341880db15918c8ee19b16475bf7a0767f
3603,llama-3.1-8b-instruct,25.0,story_generation,instruction_following,98938243da14035b7618c295f52e20341880db15918c8ee19b16475bf7a0767f
3604,llama-3.2-1b-instruct,12.5,story_generation,instruction_following,98938243da14035b7618c295f52e20341880db15918c8ee19b16475bf7a0767f
3605,llama-3.2-3b-instruct,25.0,story_generation,instruction_following,98938243da14035b7618c295f52e20341880db15918c8ee19b16475bf7a0767f
3606,mistral-24b,37.5,story_generation,instruction_following,98938243da14035b7618c295f52e20341880db15918c8ee19b16475bf7a0767f
3607,mistral-7b,12.5,story_generation,instruction_following,98938243da14035b7618c295f52e20341880db15918c8ee19b16475bf7a0767f
3608,qwen2.5-32b,100.0,story_generation,instruction_following,98938243da14035b7618c295f52e20341880db15918c8ee19b16475bf7a0767f
3609,qwen2.5-3b,12.5,story_generation,instruction_following,98938243da14035b7618c295f52e20341880db15918c8ee19b16475bf7a0767f
3610,gemma-3-12b-it,25.0,story_generation,instruction_following,a55b1054b1b76ae59f5dbbeb178c7033831aa356529c641c51436d702f11388b
3611,gemma-3-1b-it,25.0,story_generation,instruction_following,a55b1054b1b76ae59f5dbbeb178c7033831aa356529c641c51436d702f11388b
3612,gemma-3-4b-it,25.0,story_generation,instruction_following,a55b1054b1b76ae59f5dbbeb178c7033831aa356529c641c51436d702f11388b
3613,llama-3.1-8b-instruct,25.0,story_generation,instruction_following,a55b1054b1b76ae59f5dbbeb178c7033831aa356529c641c51436d702f11388b
3614,llama-3.2-1b-instruct,0.0,story_generation,instruction_following,a55b1054b1b76ae59f5dbbeb178c7033831aa356529c641c51436d702f11388b
3615,llama-3.2-3b-instruct,25.0,story_generation,instruction_following,a55b1054b1b76ae59f5dbbeb178c7033831aa356529c641c51436d702f11388b
3616,mistral-24b,100.0,story_generation,instruction_following,a55b1054b1b76ae59f5dbbeb178c7033831aa356529c641c51436d702f11388b
3617,mistral-7b,0.0,story_generation,instruction_following,a55b1054b1b76ae59f5dbbeb178c7033831aa356529c641c51436d702f11388b
3618,qwen2.5-32b,25.0,story_generation,instruction_following,a55b1054b1b76ae59f5dbbeb178c7033831aa356529c641c51436d702f11388b
3619,qwen2.5-3b,0.0,story_generation,instruction_following,a55b1054b1b76ae59f5dbbeb178c7033831aa356529c641c51436d702f11388b
3620,gemma-3-12b-it,33.3333333333333,story_generation,instruction_following,a5648e44dd117cadfafdbdccd2543ff9d80ac5e48e5022efcc7a8345ef364250
3621,gemma-3-1b-it,100.0,story_generation,instruction_following,a5648e44dd117cadfafdbdccd2543ff9d80ac5e48e5022efcc7a8345ef364250
3622,gemma-3-4b-it,0.0,story_generation,instruction_following,a5648e44dd117cadfafdbdccd2543ff9d80ac5e48e5022efcc7a8345ef364250
3623,llama-3.1-8b-instruct,100.0,story_generation,instruction_following,a5648e44dd117cadfafdbdccd2543ff9d80ac5e48e5022efcc7a8345ef364250
3624,llama-3.2-1b-instruct,33.3333333333333,story_generation,instruction_following,a5648e44dd117cadfafdbdccd2543ff9d80ac5e48e5022efcc7a8345ef364250
3625,llama-3.2-3b-instruct,33.3333333333333,story_generation,instruction_following,a5648e44dd117cadfafdbdccd2543ff9d80ac5e48e5022efcc7a8345ef364250
3626,mistral-24b,33.3333333333333,story_generation,instruction_following,a5648e44dd117cadfafdbdccd2543ff9d80ac5e48e5022efcc7a8345ef364250
3627,mistral-7b,33.3333333333333,story_generation,instruction_following,a5648e44dd117cadfafdbdccd2543ff9d80ac5e48e5022efcc7a8345ef364250
3628,qwen2.5-32b,100.0,story_generation,instruction_following,a5648e44dd117cadfafdbdccd2543ff9d80ac5e48e5022efcc7a8345ef364250
3629,qwen2.5-3b,16.6666666666666,story_generation,instruction_following,a5648e44dd117cadfafdbdccd2543ff9d80ac5e48e5022efcc7a8345ef364250
3630,gemma-3-12b-it,100.0,story_generation,instruction_following,afb9acd72d96db629195ec7761134e39ab5d39cfc03486ec91b6e1582f1be20d
3631,gemma-3-1b-it,37.5,story_generation,instruction_following,afb9acd72d96db629195ec7761134e39ab5d39cfc03486ec91b6e1582f1be20d
3632,gemma-3-4b-it,37.5,story_generation,instruction_following,afb9acd72d96db629195ec7761134e39ab5d39cfc03486ec91b6e1582f1be20d
3633,llama-3.1-8b-instruct,37.5,story_generation,instruction_following,afb9acd72d96db629195ec7761134e39ab5d39cfc03486ec91b6e1582f1be20d
3634,llama-3.2-1b-instruct,25.0,story_generation,instruction_following,afb9acd72d96db629195ec7761134e39ab5d39cfc03486ec91b6e1582f1be20d
3635,llama-3.2-3b-instruct,100.0,story_generation,instruction_following,afb9acd72d96db629195ec7761134e39ab5d39cfc03486ec91b6e1582f1be20d
3636,mistral-24b,25.0,story_generation,instruction_following,afb9acd72d96db629195ec7761134e39ab5d39cfc03486ec91b6e1582f1be20d
3637,mistral-7b,37.5,story_generation,instruction_following,afb9acd72d96db629195ec7761134e39ab5d39cfc03486ec91b6e1582f1be20d
3638,qwen2.5-32b,37.5,story_generation,instruction_following,afb9acd72d96db629195ec7761134e39ab5d39cfc03486ec91b6e1582f1be20d
3639,qwen2.5-3b,25.0,story_generation,instruction_following,afb9acd72d96db629195ec7761134e39ab5d39cfc03486ec91b6e1582f1be20d
3640,gemma-3-12b-it,33.3333333333333,story_generation,instruction_following,b53b8c4094b8d3c178658afd22b9b52650a67ca59abe7d3fa0e0d79ca2169b05
3641,gemma-3-1b-it,33.3333333333333,story_generation,instruction_following,b53b8c4094b8d3c178658afd22b9b52650a67ca59abe7d3fa0e0d79ca2169b05
3642,gemma-3-4b-it,33.3333333333333,story_generation,instruction_following,b53b8c4094b8d3c178658afd22b9b52650a67ca59abe7d3fa0e0d79ca2169b05
3643,llama-3.1-8b-instruct,100.0,story_generation,instruction_following,b53b8c4094b8d3c178658afd22b9b52650a67ca59abe7d3fa0e0d79ca2169b05
3644,llama-3.2-1b-instruct,0.0,story_generation,instruction_following,b53b8c4094b8d3c178658afd22b9b52650a67ca59abe7d3fa0e0d79ca2169b05
3645,llama-3.2-3b-instruct,33.3333333333333,story_generation,instruction_following,b53b8c4094b8d3c178658afd22b9b52650a67ca59abe7d3fa0e0d79ca2169b05
3646,mistral-24b,33.3333333333333,story_generation,instruction_following,b53b8c4094b8d3c178658afd22b9b52650a67ca59abe7d3fa0e0d79ca2169b05
3647,mistral-7b,0.0,story_generation,instruction_following,b53b8c4094b8d3c178658afd22b9b52650a67ca59abe7d3fa0e0d79ca2169b05
3648,qwen2.5-32b,33.3333333333333,story_generation,instruction_following,b53b8c4094b8d3c178658afd22b9b52650a67ca59abe7d3fa0e0d79ca2169b05
3649,qwen2.5-3b,16.6666666666666,story_generation,instruction_following,b53b8c4094b8d3c178658afd22b9b52650a67ca59abe7d3fa0e0d79ca2169b05
3650,gemma-3-12b-it,100.0,story_generation,instruction_following,beaa0bcfabc7fb0ef9be7afd46b33c1eeae56168a65423a1104d7b5e0042c019
3651,gemma-3-1b-it,100.0,story_generation,instruction_following,beaa0bcfabc7fb0ef9be7afd46b33c1eeae56168a65423a1104d7b5e0042c019
3652,gemma-3-4b-it,100.0,story_generation,instruction_following,beaa0bcfabc7fb0ef9be7afd46b33c1eeae56168a65423a1104d7b5e0042c019
3653,llama-3.1-8b-instruct,100.0,story_generation,instruction_following,beaa0bcfabc7fb0ef9be7afd46b33c1eeae56168a65423a1104d7b5e0042c019
3654,llama-3.2-1b-instruct,25.0,story_generation,instruction_following,beaa0bcfabc7fb0ef9be7afd46b33c1eeae56168a65423a1104d7b5e0042c019
3655,llama-3.2-3b-instruct,25.0,story_generation,instruction_following,beaa0bcfabc7fb0ef9be7afd46b33c1eeae56168a65423a1104d7b5e0042c019
3656,mistral-24b,100.0,story_generation,instruction_following,beaa0bcfabc7fb0ef9be7afd46b33c1eeae56168a65423a1104d7b5e0042c019
3657,mistral-7b,25.0,story_generation,instruction_following,beaa0bcfabc7fb0ef9be7afd46b33c1eeae56168a65423a1104d7b5e0042c019
3658,qwen2.5-32b,25.0,story_generation,instruction_following,beaa0bcfabc7fb0ef9be7afd46b33c1eeae56168a65423a1104d7b5e0042c019
3659,qwen2.5-3b,25.0,story_generation,instruction_following,beaa0bcfabc7fb0ef9be7afd46b33c1eeae56168a65423a1104d7b5e0042c019
3660,gemma-3-12b-it,33.3333333333333,story_generation,instruction_following,c0ad0a8be5febc0ce0e92f38925d9985a04cff53495c61be3c978e8c3076d7fd
3661,gemma-3-1b-it,0.0,story_generation,instruction_following,c0ad0a8be5febc0ce0e92f38925d9985a04cff53495c61be3c978e8c3076d7fd
3662,gemma-3-4b-it,33.3333333333333,story_generation,instruction_following,c0ad0a8be5febc0ce0e92f38925d9985a04cff53495c61be3c978e8c3076d7fd
3663,llama-3.1-8b-instruct,33.3333333333333,story_generation,instruction_following,c0ad0a8be5febc0ce0e92f38925d9985a04cff53495c61be3c978e8c3076d7fd
3664,llama-3.2-1b-instruct,33.3333333333333,story_generation,instruction_following,c0ad0a8be5febc0ce0e92f38925d9985a04cff53495c61be3c978e8c3076d7fd
3665,llama-3.2-3b-instruct,100.0,story_generation,instruction_following,c0ad0a8be5febc0ce0e92f38925d9985a04cff53495c61be3c978e8c3076d7fd
3666,mistral-24b,16.6666666666666,story_generation,instruction_following,c0ad0a8be5febc0ce0e92f38925d9985a04cff53495c61be3c978e8c3076d7fd
3667,mistral-7b,16.6666666666666,story_generation,instruction_following,c0ad0a8be5febc0ce0e92f38925d9985a04cff53495c61be3c978e8c3076d7fd
3668,qwen2.5-32b,100.0,story_generation,instruction_following,c0ad0a8be5febc0ce0e92f38925d9985a04cff53495c61be3c978e8c3076d7fd
3669,qwen2.5-3b,100.0,story_generation,instruction_following,c0ad0a8be5febc0ce0e92f38925d9985a04cff53495c61be3c978e8c3076d7fd
3670,gemma-3-12b-it,40.0,story_generation,instruction_following,c0e4dc6b1c4cca07e408c5952ee4013a46a8663f0fc7684453ed5ce56b87e0c9
3671,gemma-3-1b-it,20.0,story_generation,instruction_following,c0e4dc6b1c4cca07e408c5952ee4013a46a8663f0fc7684453ed5ce56b87e0c9
3672,gemma-3-4b-it,40.0,story_generation,instruction_following,c0e4dc6b1c4cca07e408c5952ee4013a46a8663f0fc7684453ed5ce56b87e0c9
3673,llama-3.1-8b-instruct,30.000000000000004,story_generation,instruction_following,c0e4dc6b1c4cca07e408c5952ee4013a46a8663f0fc7684453ed5ce56b87e0c9
3674,llama-3.2-1b-instruct,30.000000000000004,story_generation,instruction_following,c0e4dc6b1c4cca07e408c5952ee4013a46a8663f0fc7684453ed5ce56b87e0c9
3675,llama-3.2-3b-instruct,40.0,story_generation,instruction_following,c0e4dc6b1c4cca07e408c5952ee4013a46a8663f0fc7684453ed5ce56b87e0c9
3676,mistral-24b,100.0,story_generation,instruction_following,c0e4dc6b1c4cca07e408c5952ee4013a46a8663f0fc7684453ed5ce56b87e0c9
3677,mistral-7b,40.0,story_generation,instruction_following,c0e4dc6b1c4cca07e408c5952ee4013a46a8663f0fc7684453ed5ce56b87e0c9
3678,qwen2.5-32b,100.0,story_generation,instruction_following,c0e4dc6b1c4cca07e408c5952ee4013a46a8663f0fc7684453ed5ce56b87e0c9
3679,qwen2.5-3b,40.0,story_generation,instruction_following,c0e4dc6b1c4cca07e408c5952ee4013a46a8663f0fc7684453ed5ce56b87e0c9
3680,gemma-3-12b-it,100.0,story_generation,instruction_following,c193be57467a07b1c3a90271673cda9a5828906902e0e8c3aa0b25fb3d46d5a8
3681,gemma-3-1b-it,33.3333333333333,story_generation,instruction_following,c193be57467a07b1c3a90271673cda9a5828906902e0e8c3aa0b25fb3d46d5a8
3682,gemma-3-4b-it,100.0,story_generation,instruction_following,c193be57467a07b1c3a90271673cda9a5828906902e0e8c3aa0b25fb3d46d5a8
3683,llama-3.1-8b-instruct,33.3333333333333,story_generation,instruction_following,c193be57467a07b1c3a90271673cda9a5828906902e0e8c3aa0b25fb3d46d5a8
3684,llama-3.2-1b-instruct,16.6666666666666,story_generation,instruction_following,c193be57467a07b1c3a90271673cda9a5828906902e0e8c3aa0b25fb3d46d5a8
3685,llama-3.2-3b-instruct,33.3333333333333,story_generation,instruction_following,c193be57467a07b1c3a90271673cda9a5828906902e0e8c3aa0b25fb3d46d5a8
3686,mistral-24b,33.3333333333333,story_generation,instruction_following,c193be57467a07b1c3a90271673cda9a5828906902e0e8c3aa0b25fb3d46d5a8
3687,mistral-7b,33.3333333333333,story_generation,instruction_following,c193be57467a07b1c3a90271673cda9a5828906902e0e8c3aa0b25fb3d46d5a8
3688,qwen2.5-32b,100.0,story_generation,instruction_following,c193be57467a07b1c3a90271673cda9a5828906902e0e8c3aa0b25fb3d46d5a8
3689,qwen2.5-3b,33.3333333333333,story_generation,instruction_following,c193be57467a07b1c3a90271673cda9a5828906902e0e8c3aa0b25fb3d46d5a8
3690,gemma-3-12b-it,25.0,story_generation,instruction_following,c20b82f04aa9a5c4deb8722352aa0d8297f2245973109556abbe50e5b756c96e
3691,gemma-3-1b-it,0.0,story_generation,instruction_following,c20b82f04aa9a5c4deb8722352aa0d8297f2245973109556abbe50e5b756c96e
3692,gemma-3-4b-it,25.0,story_generation,instruction_following,c20b82f04aa9a5c4deb8722352aa0d8297f2245973109556abbe50e5b756c96e
3693,llama-3.1-8b-instruct,25.0,story_generation,instruction_following,c20b82f04aa9a5c4deb8722352aa0d8297f2245973109556abbe50e5b756c96e
3694,llama-3.2-1b-instruct,25.0,story_generation,instruction_following,c20b82f04aa9a5c4deb8722352aa0d8297f2245973109556abbe50e5b756c96e
3695,llama-3.2-3b-instruct,0.0,story_generation,instruction_following,c20b82f04aa9a5c4deb8722352aa0d8297f2245973109556abbe50e5b756c96e
3696,mistral-24b,25.0,story_generation,instruction_following,c20b82f04aa9a5c4deb8722352aa0d8297f2245973109556abbe50e5b756c96e
3697,mistral-7b,0.0,story_generation,instruction_following,c20b82f04aa9a5c4deb8722352aa0d8297f2245973109556abbe50e5b756c96e
3698,qwen2.5-32b,100.0,story_generation,instruction_following,c20b82f04aa9a5c4deb8722352aa0d8297f2245973109556abbe50e5b756c96e
3699,qwen2.5-3b,25.0,story_generation,instruction_following,c20b82f04aa9a5c4deb8722352aa0d8297f2245973109556abbe50e5b756c96e
3700,gemma-3-12b-it,37.5,story_generation,instruction_following,ce85ea09bd1b45d602a41bdf37410fa01280217d3c187e360101931d2353bae7
3701,gemma-3-1b-it,25.0,story_generation,instruction_following,ce85ea09bd1b45d602a41bdf37410fa01280217d3c187e360101931d2353bae7
3702,gemma-3-4b-it,37.5,story_generation,instruction_following,ce85ea09bd1b45d602a41bdf37410fa01280217d3c187e360101931d2353bae7
3703,llama-3.1-8b-instruct,37.5,story_generation,instruction_following,ce85ea09bd1b45d602a41bdf37410fa01280217d3c187e360101931d2353bae7
3704,llama-3.2-1b-instruct,12.5,story_generation,instruction_following,ce85ea09bd1b45d602a41bdf37410fa01280217d3c187e360101931d2353bae7
3705,llama-3.2-3b-instruct,37.5,story_generation,instruction_following,ce85ea09bd1b45d602a41bdf37410fa01280217d3c187e360101931d2353bae7
3706,mistral-24b,25.0,story_generation,instruction_following,ce85ea09bd1b45d602a41bdf37410fa01280217d3c187e360101931d2353bae7
3707,mistral-7b,37.5,story_generation,instruction_following,ce85ea09bd1b45d602a41bdf37410fa01280217d3c187e360101931d2353bae7
3708,qwen2.5-32b,37.5,story_generation,instruction_following,ce85ea09bd1b45d602a41bdf37410fa01280217d3c187e360101931d2353bae7
3709,qwen2.5-3b,12.5,story_generation,instruction_following,ce85ea09bd1b45d602a41bdf37410fa01280217d3c187e360101931d2353bae7
3710,gemma-3-12b-it,25.0,story_generation,instruction_following,d215f136dd28c2a6025790c860970c60e5b06184c62a05dbf343512be0e0a366
3711,gemma-3-1b-it,25.0,story_generation,instruction_following,d215f136dd28c2a6025790c860970c60e5b06184c62a05dbf343512be0e0a366
3712,gemma-3-4b-it,25.0,story_generation,instruction_following,d215f136dd28c2a6025790c860970c60e5b06184c62a05dbf343512be0e0a366
3713,llama-3.1-8b-instruct,25.0,story_generation,instruction_following,d215f136dd28c2a6025790c860970c60e5b06184c62a05dbf343512be0e0a366
3714,llama-3.2-1b-instruct,25.0,story_generation,instruction_following,d215f136dd28c2a6025790c860970c60e5b06184c62a05dbf343512be0e0a366
3715,llama-3.2-3b-instruct,25.0,story_generation,instruction_following,d215f136dd28c2a6025790c860970c60e5b06184c62a05dbf343512be0e0a366
3716,mistral-24b,25.0,story_generation,instruction_following,d215f136dd28c2a6025790c860970c60e5b06184c62a05dbf343512be0e0a366
3717,mistral-7b,25.0,story_generation,instruction_following,d215f136dd28c2a6025790c860970c60e5b06184c62a05dbf343512be0e0a366
3718,qwen2.5-32b,25.0,story_generation,instruction_following,d215f136dd28c2a6025790c860970c60e5b06184c62a05dbf343512be0e0a366
3719,qwen2.5-3b,25.0,story_generation,instruction_following,d215f136dd28c2a6025790c860970c60e5b06184c62a05dbf343512be0e0a366
3720,gemma-3-12b-it,100.0,story_generation,instruction_following,d3919fa302f33fe30caae89da7722915f88e27d6ba44fbac6db24c3ec4f067c2
3721,gemma-3-1b-it,100.0,story_generation,instruction_following,d3919fa302f33fe30caae89da7722915f88e27d6ba44fbac6db24c3ec4f067c2
3722,gemma-3-4b-it,100.0,story_generation,instruction_following,d3919fa302f33fe30caae89da7722915f88e27d6ba44fbac6db24c3ec4f067c2
3723,llama-3.1-8b-instruct,100.0,story_generation,instruction_following,d3919fa302f33fe30caae89da7722915f88e27d6ba44fbac6db24c3ec4f067c2
3724,llama-3.2-1b-instruct,33.3333333333333,story_generation,instruction_following,d3919fa302f33fe30caae89da7722915f88e27d6ba44fbac6db24c3ec4f067c2
3725,llama-3.2-3b-instruct,100.0,story_generation,instruction_following,d3919fa302f33fe30caae89da7722915f88e27d6ba44fbac6db24c3ec4f067c2
3726,mistral-24b,100.0,story_generation,instruction_following,d3919fa302f33fe30caae89da7722915f88e27d6ba44fbac6db24c3ec4f067c2
3727,mistral-7b,100.0,story_generation,instruction_following,d3919fa302f33fe30caae89da7722915f88e27d6ba44fbac6db24c3ec4f067c2
3728,qwen2.5-32b,100.0,story_generation,instruction_following,d3919fa302f33fe30caae89da7722915f88e27d6ba44fbac6db24c3ec4f067c2
3729,qwen2.5-3b,100.0,story_generation,instruction_following,d3919fa302f33fe30caae89da7722915f88e27d6ba44fbac6db24c3ec4f067c2
3730,gemma-3-12b-it,25.0,story_generation,instruction_following,d7607dec42363e3828a0c31e98bb99fb6e58ce05b8cbeee4414a520f693948d2
3731,gemma-3-1b-it,25.0,story_generation,instruction_following,d7607dec42363e3828a0c31e98bb99fb6e58ce05b8cbeee4414a520f693948d2
3732,gemma-3-4b-it,12.5,story_generation,instruction_following,d7607dec42363e3828a0c31e98bb99fb6e58ce05b8cbeee4414a520f693948d2
3733,llama-3.1-8b-instruct,25.0,story_generation,instruction_following,d7607dec42363e3828a0c31e98bb99fb6e58ce05b8cbeee4414a520f693948d2
3734,llama-3.2-1b-instruct,25.0,story_generation,instruction_following,d7607dec42363e3828a0c31e98bb99fb6e58ce05b8cbeee4414a520f693948d2
3735,llama-3.2-3b-instruct,12.5,story_generation,instruction_following,d7607dec42363e3828a0c31e98bb99fb6e58ce05b8cbeee4414a520f693948d2
3736,mistral-24b,37.5,story_generation,instruction_following,d7607dec42363e3828a0c31e98bb99fb6e58ce05b8cbeee4414a520f693948d2
3737,mistral-7b,37.5,story_generation,instruction_following,d7607dec42363e3828a0c31e98bb99fb6e58ce05b8cbeee4414a520f693948d2
3738,qwen2.5-32b,100.0,story_generation,instruction_following,d7607dec42363e3828a0c31e98bb99fb6e58ce05b8cbeee4414a520f693948d2
3739,qwen2.5-3b,25.0,story_generation,instruction_following,d7607dec42363e3828a0c31e98bb99fb6e58ce05b8cbeee4414a520f693948d2
3740,gemma-3-12b-it,25.0,story_generation,instruction_following,d7b934711b98d115e78266febd8c9caba4a3e99f5de3246a7b36171a5d37ba93
3741,gemma-3-1b-it,25.0,story_generation,instruction_following,d7b934711b98d115e78266febd8c9caba4a3e99f5de3246a7b36171a5d37ba93
3742,gemma-3-4b-it,25.0,story_generation,instruction_following,d7b934711b98d115e78266febd8c9caba4a3e99f5de3246a7b36171a5d37ba93
3743,llama-3.1-8b-instruct,25.0,story_generation,instruction_following,d7b934711b98d115e78266febd8c9caba4a3e99f5de3246a7b36171a5d37ba93
3744,llama-3.2-1b-instruct,37.5,story_generation,instruction_following,d7b934711b98d115e78266febd8c9caba4a3e99f5de3246a7b36171a5d37ba93
3745,llama-3.2-3b-instruct,37.5,story_generation,instruction_following,d7b934711b98d115e78266febd8c9caba4a3e99f5de3246a7b36171a5d37ba93
3746,mistral-24b,37.5,story_generation,instruction_following,d7b934711b98d115e78266febd8c9caba4a3e99f5de3246a7b36171a5d37ba93
3747,mistral-7b,37.5,story_generation,instruction_following,d7b934711b98d115e78266febd8c9caba4a3e99f5de3246a7b36171a5d37ba93
3748,qwen2.5-32b,37.5,story_generation,instruction_following,d7b934711b98d115e78266febd8c9caba4a3e99f5de3246a7b36171a5d37ba93
3749,qwen2.5-3b,37.5,story_generation,instruction_following,d7b934711b98d115e78266febd8c9caba4a3e99f5de3246a7b36171a5d37ba93
3750,gemma-3-12b-it,100.0,story_generation,instruction_following,d994e90dbdaa211f30c77fc72b4915c28f7e91ad57bec4b13af8b55582c68075
3751,gemma-3-1b-it,100.0,story_generation,instruction_following,d994e90dbdaa211f30c77fc72b4915c28f7e91ad57bec4b13af8b55582c68075
3752,gemma-3-4b-it,100.0,story_generation,instruction_following,d994e90dbdaa211f30c77fc72b4915c28f7e91ad57bec4b13af8b55582c68075
3753,llama-3.1-8b-instruct,100.0,story_generation,instruction_following,d994e90dbdaa211f30c77fc72b4915c28f7e91ad57bec4b13af8b55582c68075
3754,llama-3.2-1b-instruct,100.0,story_generation,instruction_following,d994e90dbdaa211f30c77fc72b4915c28f7e91ad57bec4b13af8b55582c68075
3755,llama-3.2-3b-instruct,100.0,story_generation,instruction_following,d994e90dbdaa211f30c77fc72b4915c28f7e91ad57bec4b13af8b55582c68075
3756,mistral-24b,100.0,story_generation,instruction_following,d994e90dbdaa211f30c77fc72b4915c28f7e91ad57bec4b13af8b55582c68075
3757,mistral-7b,25.0,story_generation,instruction_following,d994e90dbdaa211f30c77fc72b4915c28f7e91ad57bec4b13af8b55582c68075
3758,qwen2.5-32b,100.0,story_generation,instruction_following,d994e90dbdaa211f30c77fc72b4915c28f7e91ad57bec4b13af8b55582c68075
3759,qwen2.5-3b,100.0,story_generation,instruction_following,d994e90dbdaa211f30c77fc72b4915c28f7e91ad57bec4b13af8b55582c68075
3760,gemma-3-12b-it,100.0,story_generation,instruction_following,dbb381035a3f08c31a59c46c5018491c18641e970e12dbde471a00afcff6ca26
3761,gemma-3-1b-it,100.0,story_generation,instruction_following,dbb381035a3f08c31a59c46c5018491c18641e970e12dbde471a00afcff6ca26
3762,gemma-3-4b-it,100.0,story_generation,instruction_following,dbb381035a3f08c31a59c46c5018491c18641e970e12dbde471a00afcff6ca26
3763,llama-3.1-8b-instruct,100.0,story_generation,instruction_following,dbb381035a3f08c31a59c46c5018491c18641e970e12dbde471a00afcff6ca26
3764,llama-3.2-1b-instruct,25.0,story_generation,instruction_following,dbb381035a3f08c31a59c46c5018491c18641e970e12dbde471a00afcff6ca26
3765,llama-3.2-3b-instruct,100.0,story_generation,instruction_following,dbb381035a3f08c31a59c46c5018491c18641e970e12dbde471a00afcff6ca26
3766,mistral-24b,100.0,story_generation,instruction_following,dbb381035a3f08c31a59c46c5018491c18641e970e12dbde471a00afcff6ca26
3767,mistral-7b,25.0,story_generation,instruction_following,dbb381035a3f08c31a59c46c5018491c18641e970e12dbde471a00afcff6ca26
3768,qwen2.5-32b,100.0,story_generation,instruction_following,dbb381035a3f08c31a59c46c5018491c18641e970e12dbde471a00afcff6ca26
3769,qwen2.5-3b,25.0,story_generation,instruction_following,dbb381035a3f08c31a59c46c5018491c18641e970e12dbde471a00afcff6ca26
3770,gemma-3-12b-it,37.5,story_generation,instruction_following,dbf2644a22244d678a05dab31e931414656027ac2b4ca9095efc1ebf0903048d
3771,gemma-3-1b-it,25.0,story_generation,instruction_following,dbf2644a22244d678a05dab31e931414656027ac2b4ca9095efc1ebf0903048d
3772,gemma-3-4b-it,25.0,story_generation,instruction_following,dbf2644a22244d678a05dab31e931414656027ac2b4ca9095efc1ebf0903048d
3773,llama-3.1-8b-instruct,37.5,story_generation,instruction_following,dbf2644a22244d678a05dab31e931414656027ac2b4ca9095efc1ebf0903048d
3774,llama-3.2-1b-instruct,12.5,story_generation,instruction_following,dbf2644a22244d678a05dab31e931414656027ac2b4ca9095efc1ebf0903048d
3775,llama-3.2-3b-instruct,37.5,story_generation,instruction_following,dbf2644a22244d678a05dab31e931414656027ac2b4ca9095efc1ebf0903048d
3776,mistral-24b,25.0,story_generation,instruction_following,dbf2644a22244d678a05dab31e931414656027ac2b4ca9095efc1ebf0903048d
3777,mistral-7b,100.0,story_generation,instruction_following,dbf2644a22244d678a05dab31e931414656027ac2b4ca9095efc1ebf0903048d
3778,qwen2.5-32b,37.5,story_generation,instruction_following,dbf2644a22244d678a05dab31e931414656027ac2b4ca9095efc1ebf0903048d
3779,qwen2.5-3b,37.5,story_generation,instruction_following,dbf2644a22244d678a05dab31e931414656027ac2b4ca9095efc1ebf0903048d
3780,gemma-3-12b-it,100.0,story_generation,instruction_following,e02faeeb797678cda7c1f9a4777f029750063f4b33732791fc6f9fc91762ff65
3781,gemma-3-1b-it,25.0,story_generation,instruction_following,e02faeeb797678cda7c1f9a4777f029750063f4b33732791fc6f9fc91762ff65
3782,gemma-3-4b-it,100.0,story_generation,instruction_following,e02faeeb797678cda7c1f9a4777f029750063f4b33732791fc6f9fc91762ff65
3783,llama-3.1-8b-instruct,100.0,story_generation,instruction_following,e02faeeb797678cda7c1f9a4777f029750063f4b33732791fc6f9fc91762ff65
3784,llama-3.2-1b-instruct,100.0,story_generation,instruction_following,e02faeeb797678cda7c1f9a4777f029750063f4b33732791fc6f9fc91762ff65
3785,llama-3.2-3b-instruct,25.0,story_generation,instruction_following,e02faeeb797678cda7c1f9a4777f029750063f4b33732791fc6f9fc91762ff65
3786,mistral-24b,100.0,story_generation,instruction_following,e02faeeb797678cda7c1f9a4777f029750063f4b33732791fc6f9fc91762ff65
3787,mistral-7b,25.0,story_generation,instruction_following,e02faeeb797678cda7c1f9a4777f029750063f4b33732791fc6f9fc91762ff65
3788,qwen2.5-32b,100.0,story_generation,instruction_following,e02faeeb797678cda7c1f9a4777f029750063f4b33732791fc6f9fc91762ff65
3789,qwen2.5-3b,100.0,story_generation,instruction_following,e02faeeb797678cda7c1f9a4777f029750063f4b33732791fc6f9fc91762ff65
3790,gemma-3-12b-it,25.0,story_generation,instruction_following,e2c7a0f0938892d93840717da56911ccad14da745ca461fb38c32215e0a77696
3791,gemma-3-1b-it,25.0,story_generation,instruction_following,e2c7a0f0938892d93840717da56911ccad14da745ca461fb38c32215e0a77696
3792,gemma-3-4b-it,25.0,story_generation,instruction_following,e2c7a0f0938892d93840717da56911ccad14da745ca461fb38c32215e0a77696
3793,llama-3.1-8b-instruct,25.0,story_generation,instruction_following,e2c7a0f0938892d93840717da56911ccad14da745ca461fb38c32215e0a77696
3794,llama-3.2-1b-instruct,25.0,story_generation,instruction_following,e2c7a0f0938892d93840717da56911ccad14da745ca461fb38c32215e0a77696
3795,llama-3.2-3b-instruct,25.0,story_generation,instruction_following,e2c7a0f0938892d93840717da56911ccad14da745ca461fb38c32215e0a77696
3796,mistral-24b,25.0,story_generation,instruction_following,e2c7a0f0938892d93840717da56911ccad14da745ca461fb38c32215e0a77696
3797,mistral-7b,25.0,story_generation,instruction_following,e2c7a0f0938892d93840717da56911ccad14da745ca461fb38c32215e0a77696
3798,qwen2.5-32b,25.0,story_generation,instruction_following,e2c7a0f0938892d93840717da56911ccad14da745ca461fb38c32215e0a77696
3799,qwen2.5-3b,25.0,story_generation,instruction_following,e2c7a0f0938892d93840717da56911ccad14da745ca461fb38c32215e0a77696
3800,gemma-3-12b-it,37.5,story_generation,instruction_following,f1d80363e45e3d74ff216f632ef51639f3eb73ce57aed2d46251119466716220
3801,gemma-3-1b-it,12.5,story_generation,instruction_following,f1d80363e45e3d74ff216f632ef51639f3eb73ce57aed2d46251119466716220
3802,gemma-3-4b-it,37.5,story_generation,instruction_following,f1d80363e45e3d74ff216f632ef51639f3eb73ce57aed2d46251119466716220
3803,llama-3.1-8b-instruct,37.5,story_generation,instruction_following,f1d80363e45e3d74ff216f632ef51639f3eb73ce57aed2d46251119466716220
3804,llama-3.2-1b-instruct,12.5,story_generation,instruction_following,f1d80363e45e3d74ff216f632ef51639f3eb73ce57aed2d46251119466716220
3805,llama-3.2-3b-instruct,37.5,story_generation,instruction_following,f1d80363e45e3d74ff216f632ef51639f3eb73ce57aed2d46251119466716220
3806,mistral-24b,25.0,story_generation,instruction_following,f1d80363e45e3d74ff216f632ef51639f3eb73ce57aed2d46251119466716220
3807,mistral-7b,37.5,story_generation,instruction_following,f1d80363e45e3d74ff216f632ef51639f3eb73ce57aed2d46251119466716220
3808,qwen2.5-32b,37.5,story_generation,instruction_following,f1d80363e45e3d74ff216f632ef51639f3eb73ce57aed2d46251119466716220
3809,qwen2.5-3b,37.5,story_generation,instruction_following,f1d80363e45e3d74ff216f632ef51639f3eb73ce57aed2d46251119466716220
3810,gemma-3-12b-it,25.0,story_generation,instruction_following,f7b6ab7fff6e44155779dcb52205e5fa8d61701005b32e6b0cc527e681549acb
3811,gemma-3-1b-it,37.5,story_generation,instruction_following,f7b6ab7fff6e44155779dcb52205e5fa8d61701005b32e6b0cc527e681549acb
3812,gemma-3-4b-it,25.0,story_generation,instruction_following,f7b6ab7fff6e44155779dcb52205e5fa8d61701005b32e6b0cc527e681549acb
3813,llama-3.1-8b-instruct,37.5,story_generation,instruction_following,f7b6ab7fff6e44155779dcb52205e5fa8d61701005b32e6b0cc527e681549acb
3814,llama-3.2-1b-instruct,25.0,story_generation,instruction_following,f7b6ab7fff6e44155779dcb52205e5fa8d61701005b32e6b0cc527e681549acb
3815,llama-3.2-3b-instruct,25.0,story_generation,instruction_following,f7b6ab7fff6e44155779dcb52205e5fa8d61701005b32e6b0cc527e681549acb
3816,mistral-24b,37.5,story_generation,instruction_following,f7b6ab7fff6e44155779dcb52205e5fa8d61701005b32e6b0cc527e681549acb
3817,mistral-7b,37.5,story_generation,instruction_following,f7b6ab7fff6e44155779dcb52205e5fa8d61701005b32e6b0cc527e681549acb
3818,qwen2.5-32b,37.5,story_generation,instruction_following,f7b6ab7fff6e44155779dcb52205e5fa8d61701005b32e6b0cc527e681549acb
3819,qwen2.5-3b,37.5,story_generation,instruction_following,f7b6ab7fff6e44155779dcb52205e5fa8d61701005b32e6b0cc527e681549acb
3820,gemma-3-12b-it,0.0,connections,language,101e363752a4f40a813226b9d55eaeaba40a95d984f9158a12fa144bc2696733
3821,gemma-3-1b-it,0.0,connections,language,101e363752a4f40a813226b9d55eaeaba40a95d984f9158a12fa144bc2696733
3822,gemma-3-4b-it,0.0,connections,language,101e363752a4f40a813226b9d55eaeaba40a95d984f9158a12fa144bc2696733
3823,llama-3.1-8b-instruct,0.0,connections,language,101e363752a4f40a813226b9d55eaeaba40a95d984f9158a12fa144bc2696733
3824,llama-3.2-1b-instruct,0.0,connections,language,101e363752a4f40a813226b9d55eaeaba40a95d984f9158a12fa144bc2696733
3825,llama-3.2-3b-instruct,0.0,connections,language,101e363752a4f40a813226b9d55eaeaba40a95d984f9158a12fa144bc2696733
3826,mistral-24b,0.0,connections,language,101e363752a4f40a813226b9d55eaeaba40a95d984f9158a12fa144bc2696733
3827,mistral-7b,0.0,connections,language,101e363752a4f40a813226b9d55eaeaba40a95d984f9158a12fa144bc2696733
3828,qwen2.5-32b,0.0,connections,language,101e363752a4f40a813226b9d55eaeaba40a95d984f9158a12fa144bc2696733
3829,qwen2.5-3b,0.0,connections,language,101e363752a4f40a813226b9d55eaeaba40a95d984f9158a12fa144bc2696733
3830,gemma-3-12b-it,25.0,connections,language,11fe6e706f1d052a38c42d39c3d2ef5f94a6bbee363a0b297ffda502b2e5c6bf
3831,gemma-3-1b-it,0.0,connections,language,11fe6e706f1d052a38c42d39c3d2ef5f94a6bbee363a0b297ffda502b2e5c6bf
3832,gemma-3-4b-it,0.0,connections,language,11fe6e706f1d052a38c42d39c3d2ef5f94a6bbee363a0b297ffda502b2e5c6bf
3833,llama-3.1-8b-instruct,0.0,connections,language,11fe6e706f1d052a38c42d39c3d2ef5f94a6bbee363a0b297ffda502b2e5c6bf
3834,llama-3.2-1b-instruct,0.0,connections,language,11fe6e706f1d052a38c42d39c3d2ef5f94a6bbee363a0b297ffda502b2e5c6bf
3835,llama-3.2-3b-instruct,0.0,connections,language,11fe6e706f1d052a38c42d39c3d2ef5f94a6bbee363a0b297ffda502b2e5c6bf
3836,mistral-24b,25.0,connections,language,11fe6e706f1d052a38c42d39c3d2ef5f94a6bbee363a0b297ffda502b2e5c6bf
3837,mistral-7b,0.0,connections,language,11fe6e706f1d052a38c42d39c3d2ef5f94a6bbee363a0b297ffda502b2e5c6bf
3838,qwen2.5-32b,0.0,connections,language,11fe6e706f1d052a38c42d39c3d2ef5f94a6bbee363a0b297ffda502b2e5c6bf
3839,qwen2.5-3b,0.0,connections,language,11fe6e706f1d052a38c42d39c3d2ef5f94a6bbee363a0b297ffda502b2e5c6bf
3840,gemma-3-12b-it,25.0,connections,language,162ad0e042c0e4d60efa30e270f8e1665b0795af06341a69fbdc34b5b03e0185
3841,gemma-3-1b-it,0.0,connections,language,162ad0e042c0e4d60efa30e270f8e1665b0795af06341a69fbdc34b5b03e0185
3842,gemma-3-4b-it,0.0,connections,language,162ad0e042c0e4d60efa30e270f8e1665b0795af06341a69fbdc34b5b03e0185
3843,llama-3.1-8b-instruct,0.0,connections,language,162ad0e042c0e4d60efa30e270f8e1665b0795af06341a69fbdc34b5b03e0185
3844,llama-3.2-1b-instruct,0.0,connections,language,162ad0e042c0e4d60efa30e270f8e1665b0795af06341a69fbdc34b5b03e0185
3845,llama-3.2-3b-instruct,0.0,connections,language,162ad0e042c0e4d60efa30e270f8e1665b0795af06341a69fbdc34b5b03e0185
3846,mistral-24b,25.0,connections,language,162ad0e042c0e4d60efa30e270f8e1665b0795af06341a69fbdc34b5b03e0185
3847,mistral-7b,0.0,connections,language,162ad0e042c0e4d60efa30e270f8e1665b0795af06341a69fbdc34b5b03e0185
3848,qwen2.5-32b,50.0,connections,language,162ad0e042c0e4d60efa30e270f8e1665b0795af06341a69fbdc34b5b03e0185
3849,qwen2.5-3b,0.0,connections,language,162ad0e042c0e4d60efa30e270f8e1665b0795af06341a69fbdc34b5b03e0185
3850,gemma-3-12b-it,0.0,connections,language,181616b71589f6ea32ce70228a57497526abb72f096af8f8a4ddac2196b297de
3851,gemma-3-1b-it,0.0,connections,language,181616b71589f6ea32ce70228a57497526abb72f096af8f8a4ddac2196b297de
3852,gemma-3-4b-it,0.0,connections,language,181616b71589f6ea32ce70228a57497526abb72f096af8f8a4ddac2196b297de
3853,llama-3.1-8b-instruct,0.0,connections,language,181616b71589f6ea32ce70228a57497526abb72f096af8f8a4ddac2196b297de
3854,llama-3.2-1b-instruct,0.0,connections,language,181616b71589f6ea32ce70228a57497526abb72f096af8f8a4ddac2196b297de
3855,llama-3.2-3b-instruct,0.0,connections,language,181616b71589f6ea32ce70228a57497526abb72f096af8f8a4ddac2196b297de
3856,mistral-24b,25.0,connections,language,181616b71589f6ea32ce70228a57497526abb72f096af8f8a4ddac2196b297de
3857,mistral-7b,0.0,connections,language,181616b71589f6ea32ce70228a57497526abb72f096af8f8a4ddac2196b297de
3858,qwen2.5-32b,50.0,connections,language,181616b71589f6ea32ce70228a57497526abb72f096af8f8a4ddac2196b297de
3859,qwen2.5-3b,0.0,connections,language,181616b71589f6ea32ce70228a57497526abb72f096af8f8a4ddac2196b297de
3860,gemma-3-12b-it,33.3333333333333,connections,language,1a815d0098ae41a88ccfc14ac642080b14f01e551b543e834e1bf901897bc470
3861,gemma-3-1b-it,0.0,connections,language,1a815d0098ae41a88ccfc14ac642080b14f01e551b543e834e1bf901897bc470
3862,gemma-3-4b-it,0.0,connections,language,1a815d0098ae41a88ccfc14ac642080b14f01e551b543e834e1bf901897bc470
3863,llama-3.1-8b-instruct,0.0,connections,language,1a815d0098ae41a88ccfc14ac642080b14f01e551b543e834e1bf901897bc470
3864,llama-3.2-1b-instruct,0.0,connections,language,1a815d0098ae41a88ccfc14ac642080b14f01e551b543e834e1bf901897bc470
3865,llama-3.2-3b-instruct,0.0,connections,language,1a815d0098ae41a88ccfc14ac642080b14f01e551b543e834e1bf901897bc470
3866,mistral-24b,0.0,connections,language,1a815d0098ae41a88ccfc14ac642080b14f01e551b543e834e1bf901897bc470
3867,mistral-7b,0.0,connections,language,1a815d0098ae41a88ccfc14ac642080b14f01e551b543e834e1bf901897bc470
3868,qwen2.5-32b,0.0,connections,language,1a815d0098ae41a88ccfc14ac642080b14f01e551b543e834e1bf901897bc470
3869,qwen2.5-3b,33.3333333333333,connections,language,1a815d0098ae41a88ccfc14ac642080b14f01e551b543e834e1bf901897bc470
3870,gemma-3-12b-it,0.0,connections,language,1a9a81b8cedbe633033a0e5371270c3c379ed1979f5173afb2ec64132a90489b
3871,gemma-3-1b-it,0.0,connections,language,1a9a81b8cedbe633033a0e5371270c3c379ed1979f5173afb2ec64132a90489b
3872,gemma-3-4b-it,0.0,connections,language,1a9a81b8cedbe633033a0e5371270c3c379ed1979f5173afb2ec64132a90489b
3873,llama-3.1-8b-instruct,0.0,connections,language,1a9a81b8cedbe633033a0e5371270c3c379ed1979f5173afb2ec64132a90489b
3874,llama-3.2-1b-instruct,0.0,connections,language,1a9a81b8cedbe633033a0e5371270c3c379ed1979f5173afb2ec64132a90489b
3875,llama-3.2-3b-instruct,0.0,connections,language,1a9a81b8cedbe633033a0e5371270c3c379ed1979f5173afb2ec64132a90489b
3876,mistral-24b,0.0,connections,language,1a9a81b8cedbe633033a0e5371270c3c379ed1979f5173afb2ec64132a90489b
3877,mistral-7b,0.0,connections,language,1a9a81b8cedbe633033a0e5371270c3c379ed1979f5173afb2ec64132a90489b
3878,qwen2.5-32b,0.0,connections,language,1a9a81b8cedbe633033a0e5371270c3c379ed1979f5173afb2ec64132a90489b
3879,qwen2.5-3b,25.0,connections,language,1a9a81b8cedbe633033a0e5371270c3c379ed1979f5173afb2ec64132a90489b
3880,gemma-3-12b-it,0.0,connections,language,1ad1d332901ea1841a6ff90d32a3a82871011fb38e3ccc3f3c59a839a4e21253
3881,gemma-3-1b-it,0.0,connections,language,1ad1d332901ea1841a6ff90d32a3a82871011fb38e3ccc3f3c59a839a4e21253
3882,gemma-3-4b-it,0.0,connections,language,1ad1d332901ea1841a6ff90d32a3a82871011fb38e3ccc3f3c59a839a4e21253
3883,llama-3.1-8b-instruct,0.0,connections,language,1ad1d332901ea1841a6ff90d32a3a82871011fb38e3ccc3f3c59a839a4e21253
3884,llama-3.2-1b-instruct,0.0,connections,language,1ad1d332901ea1841a6ff90d32a3a82871011fb38e3ccc3f3c59a839a4e21253
3885,llama-3.2-3b-instruct,0.0,connections,language,1ad1d332901ea1841a6ff90d32a3a82871011fb38e3ccc3f3c59a839a4e21253
3886,mistral-24b,0.0,connections,language,1ad1d332901ea1841a6ff90d32a3a82871011fb38e3ccc3f3c59a839a4e21253
3887,mistral-7b,0.0,connections,language,1ad1d332901ea1841a6ff90d32a3a82871011fb38e3ccc3f3c59a839a4e21253
3888,qwen2.5-32b,0.0,connections,language,1ad1d332901ea1841a6ff90d32a3a82871011fb38e3ccc3f3c59a839a4e21253
3889,qwen2.5-3b,0.0,connections,language,1ad1d332901ea1841a6ff90d32a3a82871011fb38e3ccc3f3c59a839a4e21253
3890,gemma-3-12b-it,0.0,connections,language,1b33907ddc96e526609a7dfdd94c7f27435f1958681bbd4651bad33bc0e8fbc0
3891,gemma-3-1b-it,0.0,connections,language,1b33907ddc96e526609a7dfdd94c7f27435f1958681bbd4651bad33bc0e8fbc0
3892,gemma-3-4b-it,0.0,connections,language,1b33907ddc96e526609a7dfdd94c7f27435f1958681bbd4651bad33bc0e8fbc0
3893,llama-3.1-8b-instruct,0.0,connections,language,1b33907ddc96e526609a7dfdd94c7f27435f1958681bbd4651bad33bc0e8fbc0
3894,llama-3.2-1b-instruct,0.0,connections,language,1b33907ddc96e526609a7dfdd94c7f27435f1958681bbd4651bad33bc0e8fbc0
3895,llama-3.2-3b-instruct,0.0,connections,language,1b33907ddc96e526609a7dfdd94c7f27435f1958681bbd4651bad33bc0e8fbc0
3896,mistral-24b,0.0,connections,language,1b33907ddc96e526609a7dfdd94c7f27435f1958681bbd4651bad33bc0e8fbc0
3897,mistral-7b,0.0,connections,language,1b33907ddc96e526609a7dfdd94c7f27435f1958681bbd4651bad33bc0e8fbc0
3898,qwen2.5-32b,0.0,connections,language,1b33907ddc96e526609a7dfdd94c7f27435f1958681bbd4651bad33bc0e8fbc0
3899,qwen2.5-3b,0.0,connections,language,1b33907ddc96e526609a7dfdd94c7f27435f1958681bbd4651bad33bc0e8fbc0
3900,gemma-3-12b-it,100.0,connections,language,1bf6d776cc09ddaadb2f3ca88813d76aa3bf8926bcdbbf2768b50bcc14fdb234
3901,gemma-3-1b-it,0.0,connections,language,1bf6d776cc09ddaadb2f3ca88813d76aa3bf8926bcdbbf2768b50bcc14fdb234
3902,gemma-3-4b-it,33.3333333333333,connections,language,1bf6d776cc09ddaadb2f3ca88813d76aa3bf8926bcdbbf2768b50bcc14fdb234
3903,llama-3.1-8b-instruct,0.0,connections,language,1bf6d776cc09ddaadb2f3ca88813d76aa3bf8926bcdbbf2768b50bcc14fdb234
3904,llama-3.2-1b-instruct,0.0,connections,language,1bf6d776cc09ddaadb2f3ca88813d76aa3bf8926bcdbbf2768b50bcc14fdb234
3905,llama-3.2-3b-instruct,0.0,connections,language,1bf6d776cc09ddaadb2f3ca88813d76aa3bf8926bcdbbf2768b50bcc14fdb234
3906,mistral-24b,0.0,connections,language,1bf6d776cc09ddaadb2f3ca88813d76aa3bf8926bcdbbf2768b50bcc14fdb234
3907,mistral-7b,0.0,connections,language,1bf6d776cc09ddaadb2f3ca88813d76aa3bf8926bcdbbf2768b50bcc14fdb234
3908,qwen2.5-32b,33.3333333333333,connections,language,1bf6d776cc09ddaadb2f3ca88813d76aa3bf8926bcdbbf2768b50bcc14fdb234
3909,qwen2.5-3b,0.0,connections,language,1bf6d776cc09ddaadb2f3ca88813d76aa3bf8926bcdbbf2768b50bcc14fdb234
3910,gemma-3-12b-it,0.0,connections,language,27662d962f1e50ef82296d3b3e60ea96b719aee5d821f390beb1fd4af4e5385f
3911,gemma-3-1b-it,0.0,connections,language,27662d962f1e50ef82296d3b3e60ea96b719aee5d821f390beb1fd4af4e5385f
3912,gemma-3-4b-it,0.0,connections,language,27662d962f1e50ef82296d3b3e60ea96b719aee5d821f390beb1fd4af4e5385f
3913,llama-3.1-8b-instruct,0.0,connections,language,27662d962f1e50ef82296d3b3e60ea96b719aee5d821f390beb1fd4af4e5385f
3914,llama-3.2-1b-instruct,0.0,connections,language,27662d962f1e50ef82296d3b3e60ea96b719aee5d821f390beb1fd4af4e5385f
3915,llama-3.2-3b-instruct,0.0,connections,language,27662d962f1e50ef82296d3b3e60ea96b719aee5d821f390beb1fd4af4e5385f
3916,mistral-24b,0.0,connections,language,27662d962f1e50ef82296d3b3e60ea96b719aee5d821f390beb1fd4af4e5385f
3917,mistral-7b,0.0,connections,language,27662d962f1e50ef82296d3b3e60ea96b719aee5d821f390beb1fd4af4e5385f
3918,qwen2.5-32b,0.0,connections,language,27662d962f1e50ef82296d3b3e60ea96b719aee5d821f390beb1fd4af4e5385f
3919,qwen2.5-3b,0.0,connections,language,27662d962f1e50ef82296d3b3e60ea96b719aee5d821f390beb1fd4af4e5385f
3920,gemma-3-12b-it,0.0,connections,language,285e561bcfc061b705ab7ee6bf8b37cb9aed961c0cfacc48451c770fe86b5e9c
3921,gemma-3-1b-it,0.0,connections,language,285e561bcfc061b705ab7ee6bf8b37cb9aed961c0cfacc48451c770fe86b5e9c
3922,gemma-3-4b-it,0.0,connections,language,285e561bcfc061b705ab7ee6bf8b37cb9aed961c0cfacc48451c770fe86b5e9c
3923,llama-3.1-8b-instruct,0.0,connections,language,285e561bcfc061b705ab7ee6bf8b37cb9aed961c0cfacc48451c770fe86b5e9c
3924,llama-3.2-1b-instruct,0.0,connections,language,285e561bcfc061b705ab7ee6bf8b37cb9aed961c0cfacc48451c770fe86b5e9c
3925,llama-3.2-3b-instruct,0.0,connections,language,285e561bcfc061b705ab7ee6bf8b37cb9aed961c0cfacc48451c770fe86b5e9c
3926,mistral-24b,0.0,connections,language,285e561bcfc061b705ab7ee6bf8b37cb9aed961c0cfacc48451c770fe86b5e9c
3927,mistral-7b,0.0,connections,language,285e561bcfc061b705ab7ee6bf8b37cb9aed961c0cfacc48451c770fe86b5e9c
3928,qwen2.5-32b,0.0,connections,language,285e561bcfc061b705ab7ee6bf8b37cb9aed961c0cfacc48451c770fe86b5e9c
3929,qwen2.5-3b,0.0,connections,language,285e561bcfc061b705ab7ee6bf8b37cb9aed961c0cfacc48451c770fe86b5e9c
3930,gemma-3-12b-it,0.0,connections,language,2a742686612961190f946dce13e791ab60542bc74ff7838f70a6b11e920495ea
3931,gemma-3-1b-it,0.0,connections,language,2a742686612961190f946dce13e791ab60542bc74ff7838f70a6b11e920495ea
3932,gemma-3-4b-it,0.0,connections,language,2a742686612961190f946dce13e791ab60542bc74ff7838f70a6b11e920495ea
3933,llama-3.1-8b-instruct,0.0,connections,language,2a742686612961190f946dce13e791ab60542bc74ff7838f70a6b11e920495ea
3934,llama-3.2-1b-instruct,0.0,connections,language,2a742686612961190f946dce13e791ab60542bc74ff7838f70a6b11e920495ea
3935,llama-3.2-3b-instruct,0.0,connections,language,2a742686612961190f946dce13e791ab60542bc74ff7838f70a6b11e920495ea
3936,mistral-24b,0.0,connections,language,2a742686612961190f946dce13e791ab60542bc74ff7838f70a6b11e920495ea
3937,mistral-7b,0.0,connections,language,2a742686612961190f946dce13e791ab60542bc74ff7838f70a6b11e920495ea
3938,qwen2.5-32b,0.0,connections,language,2a742686612961190f946dce13e791ab60542bc74ff7838f70a6b11e920495ea
3939,qwen2.5-3b,0.0,connections,language,2a742686612961190f946dce13e791ab60542bc74ff7838f70a6b11e920495ea
3940,gemma-3-12b-it,0.0,connections,language,2a9acd0663982cd5cb0df3e089f022ec2c55b2c03589bbf07d7ec6c9a98bab3b
3941,gemma-3-1b-it,0.0,connections,language,2a9acd0663982cd5cb0df3e089f022ec2c55b2c03589bbf07d7ec6c9a98bab3b
3942,gemma-3-4b-it,0.0,connections,language,2a9acd0663982cd5cb0df3e089f022ec2c55b2c03589bbf07d7ec6c9a98bab3b
3943,llama-3.1-8b-instruct,0.0,connections,language,2a9acd0663982cd5cb0df3e089f022ec2c55b2c03589bbf07d7ec6c9a98bab3b
3944,llama-3.2-1b-instruct,0.0,connections,language,2a9acd0663982cd5cb0df3e089f022ec2c55b2c03589bbf07d7ec6c9a98bab3b
3945,llama-3.2-3b-instruct,0.0,connections,language,2a9acd0663982cd5cb0df3e089f022ec2c55b2c03589bbf07d7ec6c9a98bab3b
3946,mistral-24b,0.0,connections,language,2a9acd0663982cd5cb0df3e089f022ec2c55b2c03589bbf07d7ec6c9a98bab3b
3947,mistral-7b,0.0,connections,language,2a9acd0663982cd5cb0df3e089f022ec2c55b2c03589bbf07d7ec6c9a98bab3b
3948,qwen2.5-32b,0.0,connections,language,2a9acd0663982cd5cb0df3e089f022ec2c55b2c03589bbf07d7ec6c9a98bab3b
3949,qwen2.5-3b,0.0,connections,language,2a9acd0663982cd5cb0df3e089f022ec2c55b2c03589bbf07d7ec6c9a98bab3b
3950,gemma-3-12b-it,0.0,connections,language,31479de5bef8c0abea0ba41134d2e14b31fbc9668aafa98141a02689adb92b09
3951,gemma-3-1b-it,0.0,connections,language,31479de5bef8c0abea0ba41134d2e14b31fbc9668aafa98141a02689adb92b09
3952,gemma-3-4b-it,0.0,connections,language,31479de5bef8c0abea0ba41134d2e14b31fbc9668aafa98141a02689adb92b09
3953,llama-3.1-8b-instruct,0.0,connections,language,31479de5bef8c0abea0ba41134d2e14b31fbc9668aafa98141a02689adb92b09
3954,llama-3.2-1b-instruct,0.0,connections,language,31479de5bef8c0abea0ba41134d2e14b31fbc9668aafa98141a02689adb92b09
3955,llama-3.2-3b-instruct,0.0,connections,language,31479de5bef8c0abea0ba41134d2e14b31fbc9668aafa98141a02689adb92b09
3956,mistral-24b,0.0,connections,language,31479de5bef8c0abea0ba41134d2e14b31fbc9668aafa98141a02689adb92b09
3957,mistral-7b,0.0,connections,language,31479de5bef8c0abea0ba41134d2e14b31fbc9668aafa98141a02689adb92b09
3958,qwen2.5-32b,0.0,connections,language,31479de5bef8c0abea0ba41134d2e14b31fbc9668aafa98141a02689adb92b09
3959,qwen2.5-3b,0.0,connections,language,31479de5bef8c0abea0ba41134d2e14b31fbc9668aafa98141a02689adb92b09
3960,gemma-3-12b-it,50.0,connections,language,3236b5af45d8be294d3c367dbd90f369edcc13cb992a3ac81a74715894a5c509
3961,gemma-3-1b-it,0.0,connections,language,3236b5af45d8be294d3c367dbd90f369edcc13cb992a3ac81a74715894a5c509
3962,gemma-3-4b-it,0.0,connections,language,3236b5af45d8be294d3c367dbd90f369edcc13cb992a3ac81a74715894a5c509
3963,llama-3.1-8b-instruct,0.0,connections,language,3236b5af45d8be294d3c367dbd90f369edcc13cb992a3ac81a74715894a5c509
3964,llama-3.2-1b-instruct,0.0,connections,language,3236b5af45d8be294d3c367dbd90f369edcc13cb992a3ac81a74715894a5c509
3965,llama-3.2-3b-instruct,0.0,connections,language,3236b5af45d8be294d3c367dbd90f369edcc13cb992a3ac81a74715894a5c509
3966,mistral-24b,50.0,connections,language,3236b5af45d8be294d3c367dbd90f369edcc13cb992a3ac81a74715894a5c509
3967,mistral-7b,0.0,connections,language,3236b5af45d8be294d3c367dbd90f369edcc13cb992a3ac81a74715894a5c509
3968,qwen2.5-32b,25.0,connections,language,3236b5af45d8be294d3c367dbd90f369edcc13cb992a3ac81a74715894a5c509
3969,qwen2.5-3b,0.0,connections,language,3236b5af45d8be294d3c367dbd90f369edcc13cb992a3ac81a74715894a5c509
3970,gemma-3-12b-it,33.3333333333333,connections,language,423c1619dd19ac5e474876b3f65fa2a0a5d7fe4b7511199d7fd13bb8e7dff7d4
3971,gemma-3-1b-it,0.0,connections,language,423c1619dd19ac5e474876b3f65fa2a0a5d7fe4b7511199d7fd13bb8e7dff7d4
3972,gemma-3-4b-it,100.0,connections,language,423c1619dd19ac5e474876b3f65fa2a0a5d7fe4b7511199d7fd13bb8e7dff7d4
3973,llama-3.1-8b-instruct,33.3333333333333,connections,language,423c1619dd19ac5e474876b3f65fa2a0a5d7fe4b7511199d7fd13bb8e7dff7d4
3974,llama-3.2-1b-instruct,0.0,connections,language,423c1619dd19ac5e474876b3f65fa2a0a5d7fe4b7511199d7fd13bb8e7dff7d4
3975,llama-3.2-3b-instruct,0.0,connections,language,423c1619dd19ac5e474876b3f65fa2a0a5d7fe4b7511199d7fd13bb8e7dff7d4
3976,mistral-24b,33.3333333333333,connections,language,423c1619dd19ac5e474876b3f65fa2a0a5d7fe4b7511199d7fd13bb8e7dff7d4
3977,mistral-7b,0.0,connections,language,423c1619dd19ac5e474876b3f65fa2a0a5d7fe4b7511199d7fd13bb8e7dff7d4
3978,qwen2.5-32b,33.3333333333333,connections,language,423c1619dd19ac5e474876b3f65fa2a0a5d7fe4b7511199d7fd13bb8e7dff7d4
3979,qwen2.5-3b,0.0,connections,language,423c1619dd19ac5e474876b3f65fa2a0a5d7fe4b7511199d7fd13bb8e7dff7d4
3980,gemma-3-12b-it,0.0,connections,language,4a70a9ee65e34a89d9852f0b493437860acf6bcf9339453aae820df7773d5a77
3981,gemma-3-1b-it,0.0,connections,language,4a70a9ee65e34a89d9852f0b493437860acf6bcf9339453aae820df7773d5a77
3982,gemma-3-4b-it,0.0,connections,language,4a70a9ee65e34a89d9852f0b493437860acf6bcf9339453aae820df7773d5a77
3983,llama-3.1-8b-instruct,0.0,connections,language,4a70a9ee65e34a89d9852f0b493437860acf6bcf9339453aae820df7773d5a77
3984,llama-3.2-1b-instruct,0.0,connections,language,4a70a9ee65e34a89d9852f0b493437860acf6bcf9339453aae820df7773d5a77
3985,llama-3.2-3b-instruct,0.0,connections,language,4a70a9ee65e34a89d9852f0b493437860acf6bcf9339453aae820df7773d5a77
3986,mistral-24b,0.0,connections,language,4a70a9ee65e34a89d9852f0b493437860acf6bcf9339453aae820df7773d5a77
3987,mistral-7b,0.0,connections,language,4a70a9ee65e34a89d9852f0b493437860acf6bcf9339453aae820df7773d5a77
3988,qwen2.5-32b,0.0,connections,language,4a70a9ee65e34a89d9852f0b493437860acf6bcf9339453aae820df7773d5a77
3989,qwen2.5-3b,0.0,connections,language,4a70a9ee65e34a89d9852f0b493437860acf6bcf9339453aae820df7773d5a77
3990,gemma-3-12b-it,50.0,connections,language,5330887c5b2a52e42dd0377b798203edb2665ddee6df136304570d1b674058ab
3991,gemma-3-1b-it,0.0,connections,language,5330887c5b2a52e42dd0377b798203edb2665ddee6df136304570d1b674058ab
3992,gemma-3-4b-it,0.0,connections,language,5330887c5b2a52e42dd0377b798203edb2665ddee6df136304570d1b674058ab
3993,llama-3.1-8b-instruct,0.0,connections,language,5330887c5b2a52e42dd0377b798203edb2665ddee6df136304570d1b674058ab
3994,llama-3.2-1b-instruct,0.0,connections,language,5330887c5b2a52e42dd0377b798203edb2665ddee6df136304570d1b674058ab
3995,llama-3.2-3b-instruct,0.0,connections,language,5330887c5b2a52e42dd0377b798203edb2665ddee6df136304570d1b674058ab
3996,mistral-24b,0.0,connections,language,5330887c5b2a52e42dd0377b798203edb2665ddee6df136304570d1b674058ab
3997,mistral-7b,0.0,connections,language,5330887c5b2a52e42dd0377b798203edb2665ddee6df136304570d1b674058ab
3998,qwen2.5-32b,0.0,connections,language,5330887c5b2a52e42dd0377b798203edb2665ddee6df136304570d1b674058ab
3999,qwen2.5-3b,0.0,connections,language,5330887c5b2a52e42dd0377b798203edb2665ddee6df136304570d1b674058ab
4000,gemma-3-12b-it,0.0,connections,language,542aac3c0e8d4edd1c0adafc0005f199dc6c51bf88356112120acf2551d8073d
4001,gemma-3-1b-it,0.0,connections,language,542aac3c0e8d4edd1c0adafc0005f199dc6c51bf88356112120acf2551d8073d
4002,gemma-3-4b-it,0.0,connections,language,542aac3c0e8d4edd1c0adafc0005f199dc6c51bf88356112120acf2551d8073d
4003,llama-3.1-8b-instruct,0.0,connections,language,542aac3c0e8d4edd1c0adafc0005f199dc6c51bf88356112120acf2551d8073d
4004,llama-3.2-1b-instruct,0.0,connections,language,542aac3c0e8d4edd1c0adafc0005f199dc6c51bf88356112120acf2551d8073d
4005,llama-3.2-3b-instruct,0.0,connections,language,542aac3c0e8d4edd1c0adafc0005f199dc6c51bf88356112120acf2551d8073d
4006,mistral-24b,0.0,connections,language,542aac3c0e8d4edd1c0adafc0005f199dc6c51bf88356112120acf2551d8073d
4007,mistral-7b,0.0,connections,language,542aac3c0e8d4edd1c0adafc0005f199dc6c51bf88356112120acf2551d8073d
4008,qwen2.5-32b,25.0,connections,language,542aac3c0e8d4edd1c0adafc0005f199dc6c51bf88356112120acf2551d8073d
4009,qwen2.5-3b,0.0,connections,language,542aac3c0e8d4edd1c0adafc0005f199dc6c51bf88356112120acf2551d8073d
4010,gemma-3-12b-it,0.0,connections,language,5751ec57dab9313c21ee319c3a03dcb19b6ef35fe2473c93c6fd95f0b8af392e
4011,gemma-3-1b-it,0.0,connections,language,5751ec57dab9313c21ee319c3a03dcb19b6ef35fe2473c93c6fd95f0b8af392e
4012,gemma-3-4b-it,0.0,connections,language,5751ec57dab9313c21ee319c3a03dcb19b6ef35fe2473c93c6fd95f0b8af392e
4013,llama-3.1-8b-instruct,0.0,connections,language,5751ec57dab9313c21ee319c3a03dcb19b6ef35fe2473c93c6fd95f0b8af392e
4014,llama-3.2-1b-instruct,0.0,connections,language,5751ec57dab9313c21ee319c3a03dcb19b6ef35fe2473c93c6fd95f0b8af392e
4015,llama-3.2-3b-instruct,0.0,connections,language,5751ec57dab9313c21ee319c3a03dcb19b6ef35fe2473c93c6fd95f0b8af392e
4016,mistral-24b,0.0,connections,language,5751ec57dab9313c21ee319c3a03dcb19b6ef35fe2473c93c6fd95f0b8af392e
4017,mistral-7b,0.0,connections,language,5751ec57dab9313c21ee319c3a03dcb19b6ef35fe2473c93c6fd95f0b8af392e
4018,qwen2.5-32b,0.0,connections,language,5751ec57dab9313c21ee319c3a03dcb19b6ef35fe2473c93c6fd95f0b8af392e
4019,qwen2.5-3b,0.0,connections,language,5751ec57dab9313c21ee319c3a03dcb19b6ef35fe2473c93c6fd95f0b8af392e
4020,gemma-3-12b-it,0.0,connections,language,5c6cbb7f47e2b3199b57786242e1ac886344c834d1bae7841fde7ad83017cabc
4021,gemma-3-1b-it,0.0,connections,language,5c6cbb7f47e2b3199b57786242e1ac886344c834d1bae7841fde7ad83017cabc
4022,gemma-3-4b-it,0.0,connections,language,5c6cbb7f47e2b3199b57786242e1ac886344c834d1bae7841fde7ad83017cabc
4023,llama-3.1-8b-instruct,0.0,connections,language,5c6cbb7f47e2b3199b57786242e1ac886344c834d1bae7841fde7ad83017cabc
4024,llama-3.2-1b-instruct,0.0,connections,language,5c6cbb7f47e2b3199b57786242e1ac886344c834d1bae7841fde7ad83017cabc
4025,llama-3.2-3b-instruct,0.0,connections,language,5c6cbb7f47e2b3199b57786242e1ac886344c834d1bae7841fde7ad83017cabc
4026,mistral-24b,0.0,connections,language,5c6cbb7f47e2b3199b57786242e1ac886344c834d1bae7841fde7ad83017cabc
4027,mistral-7b,0.0,connections,language,5c6cbb7f47e2b3199b57786242e1ac886344c834d1bae7841fde7ad83017cabc
4028,qwen2.5-32b,33.3333333333333,connections,language,5c6cbb7f47e2b3199b57786242e1ac886344c834d1bae7841fde7ad83017cabc
4029,qwen2.5-3b,0.0,connections,language,5c6cbb7f47e2b3199b57786242e1ac886344c834d1bae7841fde7ad83017cabc
4030,gemma-3-12b-it,0.0,connections,language,67e29605da625671247caf857746dbc83a2e92f241700aab787cb0737aa10a60
4031,gemma-3-1b-it,0.0,connections,language,67e29605da625671247caf857746dbc83a2e92f241700aab787cb0737aa10a60
4032,gemma-3-4b-it,0.0,connections,language,67e29605da625671247caf857746dbc83a2e92f241700aab787cb0737aa10a60
4033,llama-3.1-8b-instruct,0.0,connections,language,67e29605da625671247caf857746dbc83a2e92f241700aab787cb0737aa10a60
4034,llama-3.2-1b-instruct,0.0,connections,language,67e29605da625671247caf857746dbc83a2e92f241700aab787cb0737aa10a60
4035,llama-3.2-3b-instruct,0.0,connections,language,67e29605da625671247caf857746dbc83a2e92f241700aab787cb0737aa10a60
4036,mistral-24b,0.0,connections,language,67e29605da625671247caf857746dbc83a2e92f241700aab787cb0737aa10a60
4037,mistral-7b,0.0,connections,language,67e29605da625671247caf857746dbc83a2e92f241700aab787cb0737aa10a60
4038,qwen2.5-32b,0.0,connections,language,67e29605da625671247caf857746dbc83a2e92f241700aab787cb0737aa10a60
4039,qwen2.5-3b,0.0,connections,language,67e29605da625671247caf857746dbc83a2e92f241700aab787cb0737aa10a60
4040,gemma-3-12b-it,100.0,connections,language,6a71b04728e36e941da59f9a14512e9ee1ff553f927f5ebbee9cfe4921f886d4
4041,gemma-3-1b-it,0.0,connections,language,6a71b04728e36e941da59f9a14512e9ee1ff553f927f5ebbee9cfe4921f886d4
4042,gemma-3-4b-it,0.0,connections,language,6a71b04728e36e941da59f9a14512e9ee1ff553f927f5ebbee9cfe4921f886d4
4043,llama-3.1-8b-instruct,100.0,connections,language,6a71b04728e36e941da59f9a14512e9ee1ff553f927f5ebbee9cfe4921f886d4
4044,llama-3.2-1b-instruct,0.0,connections,language,6a71b04728e36e941da59f9a14512e9ee1ff553f927f5ebbee9cfe4921f886d4
4045,llama-3.2-3b-instruct,0.0,connections,language,6a71b04728e36e941da59f9a14512e9ee1ff553f927f5ebbee9cfe4921f886d4
4046,mistral-24b,0.0,connections,language,6a71b04728e36e941da59f9a14512e9ee1ff553f927f5ebbee9cfe4921f886d4
4047,mistral-7b,0.0,connections,language,6a71b04728e36e941da59f9a14512e9ee1ff553f927f5ebbee9cfe4921f886d4
4048,qwen2.5-32b,100.0,connections,language,6a71b04728e36e941da59f9a14512e9ee1ff553f927f5ebbee9cfe4921f886d4
4049,qwen2.5-3b,0.0,connections,language,6a71b04728e36e941da59f9a14512e9ee1ff553f927f5ebbee9cfe4921f886d4
4050,gemma-3-12b-it,0.0,connections,language,7068689cae6865cd2c07a81fd15d5207d348677b76bbabc1ec9a2f18a975be5b
4051,gemma-3-1b-it,0.0,connections,language,7068689cae6865cd2c07a81fd15d5207d348677b76bbabc1ec9a2f18a975be5b
4052,gemma-3-4b-it,0.0,connections,language,7068689cae6865cd2c07a81fd15d5207d348677b76bbabc1ec9a2f18a975be5b
4053,llama-3.1-8b-instruct,0.0,connections,language,7068689cae6865cd2c07a81fd15d5207d348677b76bbabc1ec9a2f18a975be5b
4054,llama-3.2-1b-instruct,0.0,connections,language,7068689cae6865cd2c07a81fd15d5207d348677b76bbabc1ec9a2f18a975be5b
4055,llama-3.2-3b-instruct,0.0,connections,language,7068689cae6865cd2c07a81fd15d5207d348677b76bbabc1ec9a2f18a975be5b
4056,mistral-24b,0.0,connections,language,7068689cae6865cd2c07a81fd15d5207d348677b76bbabc1ec9a2f18a975be5b
4057,mistral-7b,0.0,connections,language,7068689cae6865cd2c07a81fd15d5207d348677b76bbabc1ec9a2f18a975be5b
4058,qwen2.5-32b,0.0,connections,language,7068689cae6865cd2c07a81fd15d5207d348677b76bbabc1ec9a2f18a975be5b
4059,qwen2.5-3b,0.0,connections,language,7068689cae6865cd2c07a81fd15d5207d348677b76bbabc1ec9a2f18a975be5b
4060,gemma-3-12b-it,0.0,connections,language,71e45cfd9d8b8b24c5db608127ff9bc890725fbc7727219531b14484742cdf40
4061,gemma-3-1b-it,0.0,connections,language,71e45cfd9d8b8b24c5db608127ff9bc890725fbc7727219531b14484742cdf40
4062,gemma-3-4b-it,0.0,connections,language,71e45cfd9d8b8b24c5db608127ff9bc890725fbc7727219531b14484742cdf40
4063,llama-3.1-8b-instruct,0.0,connections,language,71e45cfd9d8b8b24c5db608127ff9bc890725fbc7727219531b14484742cdf40
4064,llama-3.2-1b-instruct,0.0,connections,language,71e45cfd9d8b8b24c5db608127ff9bc890725fbc7727219531b14484742cdf40
4065,llama-3.2-3b-instruct,0.0,connections,language,71e45cfd9d8b8b24c5db608127ff9bc890725fbc7727219531b14484742cdf40
4066,mistral-24b,0.0,connections,language,71e45cfd9d8b8b24c5db608127ff9bc890725fbc7727219531b14484742cdf40
4067,mistral-7b,25.0,connections,language,71e45cfd9d8b8b24c5db608127ff9bc890725fbc7727219531b14484742cdf40
4068,qwen2.5-32b,0.0,connections,language,71e45cfd9d8b8b24c5db608127ff9bc890725fbc7727219531b14484742cdf40
4069,qwen2.5-3b,0.0,connections,language,71e45cfd9d8b8b24c5db608127ff9bc890725fbc7727219531b14484742cdf40
4070,gemma-3-12b-it,33.3333333333333,connections,language,727726933d358a0f4adc03060b6bce1572cd6f8e5fd2289b9b0356d67697711f
4071,gemma-3-1b-it,0.0,connections,language,727726933d358a0f4adc03060b6bce1572cd6f8e5fd2289b9b0356d67697711f
4072,gemma-3-4b-it,33.3333333333333,connections,language,727726933d358a0f4adc03060b6bce1572cd6f8e5fd2289b9b0356d67697711f
4073,llama-3.1-8b-instruct,0.0,connections,language,727726933d358a0f4adc03060b6bce1572cd6f8e5fd2289b9b0356d67697711f
4074,llama-3.2-1b-instruct,0.0,connections,language,727726933d358a0f4adc03060b6bce1572cd6f8e5fd2289b9b0356d67697711f
4075,llama-3.2-3b-instruct,0.0,connections,language,727726933d358a0f4adc03060b6bce1572cd6f8e5fd2289b9b0356d67697711f
4076,mistral-24b,33.3333333333333,connections,language,727726933d358a0f4adc03060b6bce1572cd6f8e5fd2289b9b0356d67697711f
4077,mistral-7b,0.0,connections,language,727726933d358a0f4adc03060b6bce1572cd6f8e5fd2289b9b0356d67697711f
4078,qwen2.5-32b,0.0,connections,language,727726933d358a0f4adc03060b6bce1572cd6f8e5fd2289b9b0356d67697711f
4079,qwen2.5-3b,0.0,connections,language,727726933d358a0f4adc03060b6bce1572cd6f8e5fd2289b9b0356d67697711f
4080,gemma-3-12b-it,33.3333333333333,connections,language,7327ff4cf4a089d1ef9959d6f4482b1238590f404e24f1fd48988965ec6e121b
4081,gemma-3-1b-it,0.0,connections,language,7327ff4cf4a089d1ef9959d6f4482b1238590f404e24f1fd48988965ec6e121b
4082,gemma-3-4b-it,100.0,connections,language,7327ff4cf4a089d1ef9959d6f4482b1238590f404e24f1fd48988965ec6e121b
4083,llama-3.1-8b-instruct,0.0,connections,language,7327ff4cf4a089d1ef9959d6f4482b1238590f404e24f1fd48988965ec6e121b
4084,llama-3.2-1b-instruct,0.0,connections,language,7327ff4cf4a089d1ef9959d6f4482b1238590f404e24f1fd48988965ec6e121b
4085,llama-3.2-3b-instruct,0.0,connections,language,7327ff4cf4a089d1ef9959d6f4482b1238590f404e24f1fd48988965ec6e121b
4086,mistral-24b,0.0,connections,language,7327ff4cf4a089d1ef9959d6f4482b1238590f404e24f1fd48988965ec6e121b
4087,mistral-7b,0.0,connections,language,7327ff4cf4a089d1ef9959d6f4482b1238590f404e24f1fd48988965ec6e121b
4088,qwen2.5-32b,100.0,connections,language,7327ff4cf4a089d1ef9959d6f4482b1238590f404e24f1fd48988965ec6e121b
4089,qwen2.5-3b,33.3333333333333,connections,language,7327ff4cf4a089d1ef9959d6f4482b1238590f404e24f1fd48988965ec6e121b
4090,gemma-3-12b-it,100.0,connections,language,7b3275558223f88fb360e85e9a75dea0349539b88545b810236a2997679d26f0
4091,gemma-3-1b-it,0.0,connections,language,7b3275558223f88fb360e85e9a75dea0349539b88545b810236a2997679d26f0
4092,gemma-3-4b-it,0.0,connections,language,7b3275558223f88fb360e85e9a75dea0349539b88545b810236a2997679d26f0
4093,llama-3.1-8b-instruct,0.0,connections,language,7b3275558223f88fb360e85e9a75dea0349539b88545b810236a2997679d26f0
4094,llama-3.2-1b-instruct,0.0,connections,language,7b3275558223f88fb360e85e9a75dea0349539b88545b810236a2997679d26f0
4095,llama-3.2-3b-instruct,0.0,connections,language,7b3275558223f88fb360e85e9a75dea0349539b88545b810236a2997679d26f0
4096,mistral-24b,0.0,connections,language,7b3275558223f88fb360e85e9a75dea0349539b88545b810236a2997679d26f0
4097,mistral-7b,0.0,connections,language,7b3275558223f88fb360e85e9a75dea0349539b88545b810236a2997679d26f0
4098,qwen2.5-32b,0.0,connections,language,7b3275558223f88fb360e85e9a75dea0349539b88545b810236a2997679d26f0
4099,qwen2.5-3b,0.0,connections,language,7b3275558223f88fb360e85e9a75dea0349539b88545b810236a2997679d26f0
4100,gemma-3-12b-it,0.0,connections,language,7f2702331fb76e3854f278b7a3ec3c8f3a02191dde539880936a0110c253082f
4101,gemma-3-1b-it,0.0,connections,language,7f2702331fb76e3854f278b7a3ec3c8f3a02191dde539880936a0110c253082f
4102,gemma-3-4b-it,0.0,connections,language,7f2702331fb76e3854f278b7a3ec3c8f3a02191dde539880936a0110c253082f
4103,llama-3.1-8b-instruct,0.0,connections,language,7f2702331fb76e3854f278b7a3ec3c8f3a02191dde539880936a0110c253082f
4104,llama-3.2-1b-instruct,0.0,connections,language,7f2702331fb76e3854f278b7a3ec3c8f3a02191dde539880936a0110c253082f
4105,llama-3.2-3b-instruct,0.0,connections,language,7f2702331fb76e3854f278b7a3ec3c8f3a02191dde539880936a0110c253082f
4106,mistral-24b,0.0,connections,language,7f2702331fb76e3854f278b7a3ec3c8f3a02191dde539880936a0110c253082f
4107,mistral-7b,0.0,connections,language,7f2702331fb76e3854f278b7a3ec3c8f3a02191dde539880936a0110c253082f
4108,qwen2.5-32b,25.0,connections,language,7f2702331fb76e3854f278b7a3ec3c8f3a02191dde539880936a0110c253082f
4109,qwen2.5-3b,0.0,connections,language,7f2702331fb76e3854f278b7a3ec3c8f3a02191dde539880936a0110c253082f
4110,gemma-3-12b-it,0.0,connections,language,859128912cf690e876b4e1a336fa09e30969f9ce77a8c3a3d9d2c680b5fb83e7
4111,gemma-3-1b-it,0.0,connections,language,859128912cf690e876b4e1a336fa09e30969f9ce77a8c3a3d9d2c680b5fb83e7
4112,gemma-3-4b-it,33.3333333333333,connections,language,859128912cf690e876b4e1a336fa09e30969f9ce77a8c3a3d9d2c680b5fb83e7
4113,llama-3.1-8b-instruct,0.0,connections,language,859128912cf690e876b4e1a336fa09e30969f9ce77a8c3a3d9d2c680b5fb83e7
4114,llama-3.2-1b-instruct,0.0,connections,language,859128912cf690e876b4e1a336fa09e30969f9ce77a8c3a3d9d2c680b5fb83e7
4115,llama-3.2-3b-instruct,0.0,connections,language,859128912cf690e876b4e1a336fa09e30969f9ce77a8c3a3d9d2c680b5fb83e7
4116,mistral-24b,0.0,connections,language,859128912cf690e876b4e1a336fa09e30969f9ce77a8c3a3d9d2c680b5fb83e7
4117,mistral-7b,0.0,connections,language,859128912cf690e876b4e1a336fa09e30969f9ce77a8c3a3d9d2c680b5fb83e7
4118,qwen2.5-32b,33.3333333333333,connections,language,859128912cf690e876b4e1a336fa09e30969f9ce77a8c3a3d9d2c680b5fb83e7
4119,qwen2.5-3b,0.0,connections,language,859128912cf690e876b4e1a336fa09e30969f9ce77a8c3a3d9d2c680b5fb83e7
4120,gemma-3-12b-it,33.3333333333333,connections,language,88469d31544334ab642e51631f33033977dab39dbee67d5e94342809cb9cc3d4
4121,gemma-3-1b-it,0.0,connections,language,88469d31544334ab642e51631f33033977dab39dbee67d5e94342809cb9cc3d4
4122,gemma-3-4b-it,33.3333333333333,connections,language,88469d31544334ab642e51631f33033977dab39dbee67d5e94342809cb9cc3d4
4123,llama-3.1-8b-instruct,33.3333333333333,connections,language,88469d31544334ab642e51631f33033977dab39dbee67d5e94342809cb9cc3d4
4124,llama-3.2-1b-instruct,0.0,connections,language,88469d31544334ab642e51631f33033977dab39dbee67d5e94342809cb9cc3d4
4125,llama-3.2-3b-instruct,0.0,connections,language,88469d31544334ab642e51631f33033977dab39dbee67d5e94342809cb9cc3d4
4126,mistral-24b,33.3333333333333,connections,language,88469d31544334ab642e51631f33033977dab39dbee67d5e94342809cb9cc3d4
4127,mistral-7b,0.0,connections,language,88469d31544334ab642e51631f33033977dab39dbee67d5e94342809cb9cc3d4
4128,qwen2.5-32b,33.3333333333333,connections,language,88469d31544334ab642e51631f33033977dab39dbee67d5e94342809cb9cc3d4
4129,qwen2.5-3b,33.3333333333333,connections,language,88469d31544334ab642e51631f33033977dab39dbee67d5e94342809cb9cc3d4
4130,gemma-3-12b-it,0.0,connections,language,8b0ddb74e55cf3c1f13cde9f7a873698a3f63ebc798b9fc41d0f147e2ab5230b
4131,gemma-3-1b-it,0.0,connections,language,8b0ddb74e55cf3c1f13cde9f7a873698a3f63ebc798b9fc41d0f147e2ab5230b
4132,gemma-3-4b-it,0.0,connections,language,8b0ddb74e55cf3c1f13cde9f7a873698a3f63ebc798b9fc41d0f147e2ab5230b
4133,llama-3.1-8b-instruct,0.0,connections,language,8b0ddb74e55cf3c1f13cde9f7a873698a3f63ebc798b9fc41d0f147e2ab5230b
4134,llama-3.2-1b-instruct,0.0,connections,language,8b0ddb74e55cf3c1f13cde9f7a873698a3f63ebc798b9fc41d0f147e2ab5230b
4135,llama-3.2-3b-instruct,0.0,connections,language,8b0ddb74e55cf3c1f13cde9f7a873698a3f63ebc798b9fc41d0f147e2ab5230b
4136,mistral-24b,0.0,connections,language,8b0ddb74e55cf3c1f13cde9f7a873698a3f63ebc798b9fc41d0f147e2ab5230b
4137,mistral-7b,0.0,connections,language,8b0ddb74e55cf3c1f13cde9f7a873698a3f63ebc798b9fc41d0f147e2ab5230b
4138,qwen2.5-32b,0.0,connections,language,8b0ddb74e55cf3c1f13cde9f7a873698a3f63ebc798b9fc41d0f147e2ab5230b
4139,qwen2.5-3b,0.0,connections,language,8b0ddb74e55cf3c1f13cde9f7a873698a3f63ebc798b9fc41d0f147e2ab5230b
4140,gemma-3-12b-it,25.0,connections,language,8d110e5e1c6456679a4adf8b9f05d57b19bea78a1117149bfd60e72b60553b14
4141,gemma-3-1b-it,0.0,connections,language,8d110e5e1c6456679a4adf8b9f05d57b19bea78a1117149bfd60e72b60553b14
4142,gemma-3-4b-it,25.0,connections,language,8d110e5e1c6456679a4adf8b9f05d57b19bea78a1117149bfd60e72b60553b14
4143,llama-3.1-8b-instruct,0.0,connections,language,8d110e5e1c6456679a4adf8b9f05d57b19bea78a1117149bfd60e72b60553b14
4144,llama-3.2-1b-instruct,0.0,connections,language,8d110e5e1c6456679a4adf8b9f05d57b19bea78a1117149bfd60e72b60553b14
4145,llama-3.2-3b-instruct,0.0,connections,language,8d110e5e1c6456679a4adf8b9f05d57b19bea78a1117149bfd60e72b60553b14
4146,mistral-24b,25.0,connections,language,8d110e5e1c6456679a4adf8b9f05d57b19bea78a1117149bfd60e72b60553b14
4147,mistral-7b,0.0,connections,language,8d110e5e1c6456679a4adf8b9f05d57b19bea78a1117149bfd60e72b60553b14
4148,qwen2.5-32b,25.0,connections,language,8d110e5e1c6456679a4adf8b9f05d57b19bea78a1117149bfd60e72b60553b14
4149,qwen2.5-3b,0.0,connections,language,8d110e5e1c6456679a4adf8b9f05d57b19bea78a1117149bfd60e72b60553b14
4150,gemma-3-12b-it,0.0,connections,language,9f24482b933a5afa9e3c39d99b87616a9030c0c224252a7aabd1ec0c56062450
4151,gemma-3-1b-it,0.0,connections,language,9f24482b933a5afa9e3c39d99b87616a9030c0c224252a7aabd1ec0c56062450
4152,gemma-3-4b-it,100.0,connections,language,9f24482b933a5afa9e3c39d99b87616a9030c0c224252a7aabd1ec0c56062450
4153,llama-3.1-8b-instruct,0.0,connections,language,9f24482b933a5afa9e3c39d99b87616a9030c0c224252a7aabd1ec0c56062450
4154,llama-3.2-1b-instruct,0.0,connections,language,9f24482b933a5afa9e3c39d99b87616a9030c0c224252a7aabd1ec0c56062450
4155,llama-3.2-3b-instruct,0.0,connections,language,9f24482b933a5afa9e3c39d99b87616a9030c0c224252a7aabd1ec0c56062450
4156,mistral-24b,0.0,connections,language,9f24482b933a5afa9e3c39d99b87616a9030c0c224252a7aabd1ec0c56062450
4157,mistral-7b,50.0,connections,language,9f24482b933a5afa9e3c39d99b87616a9030c0c224252a7aabd1ec0c56062450
4158,qwen2.5-32b,100.0,connections,language,9f24482b933a5afa9e3c39d99b87616a9030c0c224252a7aabd1ec0c56062450
4159,qwen2.5-3b,0.0,connections,language,9f24482b933a5afa9e3c39d99b87616a9030c0c224252a7aabd1ec0c56062450
4160,gemma-3-12b-it,33.3333333333333,connections,language,acf4ea331cdcfa09c2bd7e22fcd637a2ea7486eda559060d10292e52ddc42a0d
4161,gemma-3-1b-it,0.0,connections,language,acf4ea331cdcfa09c2bd7e22fcd637a2ea7486eda559060d10292e52ddc42a0d
4162,gemma-3-4b-it,0.0,connections,language,acf4ea331cdcfa09c2bd7e22fcd637a2ea7486eda559060d10292e52ddc42a0d
4163,llama-3.1-8b-instruct,0.0,connections,language,acf4ea331cdcfa09c2bd7e22fcd637a2ea7486eda559060d10292e52ddc42a0d
4164,llama-3.2-1b-instruct,33.3333333333333,connections,language,acf4ea331cdcfa09c2bd7e22fcd637a2ea7486eda559060d10292e52ddc42a0d
4165,llama-3.2-3b-instruct,0.0,connections,language,acf4ea331cdcfa09c2bd7e22fcd637a2ea7486eda559060d10292e52ddc42a0d
4166,mistral-24b,0.0,connections,language,acf4ea331cdcfa09c2bd7e22fcd637a2ea7486eda559060d10292e52ddc42a0d
4167,mistral-7b,0.0,connections,language,acf4ea331cdcfa09c2bd7e22fcd637a2ea7486eda559060d10292e52ddc42a0d
4168,qwen2.5-32b,100.0,connections,language,acf4ea331cdcfa09c2bd7e22fcd637a2ea7486eda559060d10292e52ddc42a0d
4169,qwen2.5-3b,0.0,connections,language,acf4ea331cdcfa09c2bd7e22fcd637a2ea7486eda559060d10292e52ddc42a0d
4170,gemma-3-12b-it,0.0,connections,language,b806d4b039528bdb5bbf7e42c3115866b8dc7b3b496afb48a931a324ec22447f
4171,gemma-3-1b-it,0.0,connections,language,b806d4b039528bdb5bbf7e42c3115866b8dc7b3b496afb48a931a324ec22447f
4172,gemma-3-4b-it,0.0,connections,language,b806d4b039528bdb5bbf7e42c3115866b8dc7b3b496afb48a931a324ec22447f
4173,llama-3.1-8b-instruct,0.0,connections,language,b806d4b039528bdb5bbf7e42c3115866b8dc7b3b496afb48a931a324ec22447f
4174,llama-3.2-1b-instruct,0.0,connections,language,b806d4b039528bdb5bbf7e42c3115866b8dc7b3b496afb48a931a324ec22447f
4175,llama-3.2-3b-instruct,0.0,connections,language,b806d4b039528bdb5bbf7e42c3115866b8dc7b3b496afb48a931a324ec22447f
4176,mistral-24b,0.0,connections,language,b806d4b039528bdb5bbf7e42c3115866b8dc7b3b496afb48a931a324ec22447f
4177,mistral-7b,0.0,connections,language,b806d4b039528bdb5bbf7e42c3115866b8dc7b3b496afb48a931a324ec22447f
4178,qwen2.5-32b,33.3333333333333,connections,language,b806d4b039528bdb5bbf7e42c3115866b8dc7b3b496afb48a931a324ec22447f
4179,qwen2.5-3b,0.0,connections,language,b806d4b039528bdb5bbf7e42c3115866b8dc7b3b496afb48a931a324ec22447f
4180,gemma-3-12b-it,0.0,connections,language,b9341bc879a4d873f1bd6cd763e2bd57caf3946c736f8c446bead3bf8420734c
4181,gemma-3-1b-it,0.0,connections,language,b9341bc879a4d873f1bd6cd763e2bd57caf3946c736f8c446bead3bf8420734c
4182,gemma-3-4b-it,0.0,connections,language,b9341bc879a4d873f1bd6cd763e2bd57caf3946c736f8c446bead3bf8420734c
4183,llama-3.1-8b-instruct,0.0,connections,language,b9341bc879a4d873f1bd6cd763e2bd57caf3946c736f8c446bead3bf8420734c
4184,llama-3.2-1b-instruct,0.0,connections,language,b9341bc879a4d873f1bd6cd763e2bd57caf3946c736f8c446bead3bf8420734c
4185,llama-3.2-3b-instruct,0.0,connections,language,b9341bc879a4d873f1bd6cd763e2bd57caf3946c736f8c446bead3bf8420734c
4186,mistral-24b,0.0,connections,language,b9341bc879a4d873f1bd6cd763e2bd57caf3946c736f8c446bead3bf8420734c
4187,mistral-7b,0.0,connections,language,b9341bc879a4d873f1bd6cd763e2bd57caf3946c736f8c446bead3bf8420734c
4188,qwen2.5-32b,0.0,connections,language,b9341bc879a4d873f1bd6cd763e2bd57caf3946c736f8c446bead3bf8420734c
4189,qwen2.5-3b,0.0,connections,language,b9341bc879a4d873f1bd6cd763e2bd57caf3946c736f8c446bead3bf8420734c
4190,gemma-3-12b-it,50.0,connections,language,c0c9f3b12babbbbda14ca02480d23a47be24b2583e208cf825b0d224d384e9b9
4191,gemma-3-1b-it,0.0,connections,language,c0c9f3b12babbbbda14ca02480d23a47be24b2583e208cf825b0d224d384e9b9
4192,gemma-3-4b-it,0.0,connections,language,c0c9f3b12babbbbda14ca02480d23a47be24b2583e208cf825b0d224d384e9b9
4193,llama-3.1-8b-instruct,0.0,connections,language,c0c9f3b12babbbbda14ca02480d23a47be24b2583e208cf825b0d224d384e9b9
4194,llama-3.2-1b-instruct,0.0,connections,language,c0c9f3b12babbbbda14ca02480d23a47be24b2583e208cf825b0d224d384e9b9
4195,llama-3.2-3b-instruct,0.0,connections,language,c0c9f3b12babbbbda14ca02480d23a47be24b2583e208cf825b0d224d384e9b9
4196,mistral-24b,0.0,connections,language,c0c9f3b12babbbbda14ca02480d23a47be24b2583e208cf825b0d224d384e9b9
4197,mistral-7b,0.0,connections,language,c0c9f3b12babbbbda14ca02480d23a47be24b2583e208cf825b0d224d384e9b9
4198,qwen2.5-32b,0.0,connections,language,c0c9f3b12babbbbda14ca02480d23a47be24b2583e208cf825b0d224d384e9b9
4199,qwen2.5-3b,0.0,connections,language,c0c9f3b12babbbbda14ca02480d23a47be24b2583e208cf825b0d224d384e9b9
4200,gemma-3-12b-it,0.0,connections,language,c7807c2577e787d7fa8dd21a799d1732b16d7145af40fe4744a9c0616995f1db
4201,gemma-3-1b-it,0.0,connections,language,c7807c2577e787d7fa8dd21a799d1732b16d7145af40fe4744a9c0616995f1db
4202,gemma-3-4b-it,0.0,connections,language,c7807c2577e787d7fa8dd21a799d1732b16d7145af40fe4744a9c0616995f1db
4203,llama-3.1-8b-instruct,0.0,connections,language,c7807c2577e787d7fa8dd21a799d1732b16d7145af40fe4744a9c0616995f1db
4204,llama-3.2-1b-instruct,0.0,connections,language,c7807c2577e787d7fa8dd21a799d1732b16d7145af40fe4744a9c0616995f1db
4205,llama-3.2-3b-instruct,0.0,connections,language,c7807c2577e787d7fa8dd21a799d1732b16d7145af40fe4744a9c0616995f1db
4206,mistral-24b,33.3333333333333,connections,language,c7807c2577e787d7fa8dd21a799d1732b16d7145af40fe4744a9c0616995f1db
4207,mistral-7b,0.0,connections,language,c7807c2577e787d7fa8dd21a799d1732b16d7145af40fe4744a9c0616995f1db
4208,qwen2.5-32b,0.0,connections,language,c7807c2577e787d7fa8dd21a799d1732b16d7145af40fe4744a9c0616995f1db
4209,qwen2.5-3b,0.0,connections,language,c7807c2577e787d7fa8dd21a799d1732b16d7145af40fe4744a9c0616995f1db
4210,gemma-3-12b-it,0.0,connections,language,c94b09d2821d5c5bc7b4c5539a9dc2a9d28b862c78870e2e0117e5d73ebd0208
4211,gemma-3-1b-it,0.0,connections,language,c94b09d2821d5c5bc7b4c5539a9dc2a9d28b862c78870e2e0117e5d73ebd0208
4212,gemma-3-4b-it,0.0,connections,language,c94b09d2821d5c5bc7b4c5539a9dc2a9d28b862c78870e2e0117e5d73ebd0208
4213,llama-3.1-8b-instruct,0.0,connections,language,c94b09d2821d5c5bc7b4c5539a9dc2a9d28b862c78870e2e0117e5d73ebd0208
4214,llama-3.2-1b-instruct,0.0,connections,language,c94b09d2821d5c5bc7b4c5539a9dc2a9d28b862c78870e2e0117e5d73ebd0208
4215,llama-3.2-3b-instruct,0.0,connections,language,c94b09d2821d5c5bc7b4c5539a9dc2a9d28b862c78870e2e0117e5d73ebd0208
4216,mistral-24b,0.0,connections,language,c94b09d2821d5c5bc7b4c5539a9dc2a9d28b862c78870e2e0117e5d73ebd0208
4217,mistral-7b,0.0,connections,language,c94b09d2821d5c5bc7b4c5539a9dc2a9d28b862c78870e2e0117e5d73ebd0208
4218,qwen2.5-32b,0.0,connections,language,c94b09d2821d5c5bc7b4c5539a9dc2a9d28b862c78870e2e0117e5d73ebd0208
4219,qwen2.5-3b,0.0,connections,language,c94b09d2821d5c5bc7b4c5539a9dc2a9d28b862c78870e2e0117e5d73ebd0208
4220,gemma-3-12b-it,0.0,connections,language,d12f011a17ae215859dc3f252922c1ad4b9292a0bda447889231a1b25c5baf6e
4221,gemma-3-1b-it,0.0,connections,language,d12f011a17ae215859dc3f252922c1ad4b9292a0bda447889231a1b25c5baf6e
4222,gemma-3-4b-it,0.0,connections,language,d12f011a17ae215859dc3f252922c1ad4b9292a0bda447889231a1b25c5baf6e
4223,llama-3.1-8b-instruct,0.0,connections,language,d12f011a17ae215859dc3f252922c1ad4b9292a0bda447889231a1b25c5baf6e
4224,llama-3.2-1b-instruct,0.0,connections,language,d12f011a17ae215859dc3f252922c1ad4b9292a0bda447889231a1b25c5baf6e
4225,llama-3.2-3b-instruct,25.0,connections,language,d12f011a17ae215859dc3f252922c1ad4b9292a0bda447889231a1b25c5baf6e
4226,mistral-24b,0.0,connections,language,d12f011a17ae215859dc3f252922c1ad4b9292a0bda447889231a1b25c5baf6e
4227,mistral-7b,0.0,connections,language,d12f011a17ae215859dc3f252922c1ad4b9292a0bda447889231a1b25c5baf6e
4228,qwen2.5-32b,50.0,connections,language,d12f011a17ae215859dc3f252922c1ad4b9292a0bda447889231a1b25c5baf6e
4229,qwen2.5-3b,0.0,connections,language,d12f011a17ae215859dc3f252922c1ad4b9292a0bda447889231a1b25c5baf6e
4230,gemma-3-12b-it,0.0,connections,language,d1fa30fdaf510249ebfb000dbf2c8369b1eba32ad681d242a42965b861702aa2
4231,gemma-3-1b-it,100.0,connections,language,d1fa30fdaf510249ebfb000dbf2c8369b1eba32ad681d242a42965b861702aa2
4232,gemma-3-4b-it,0.0,connections,language,d1fa30fdaf510249ebfb000dbf2c8369b1eba32ad681d242a42965b861702aa2
4233,llama-3.1-8b-instruct,100.0,connections,language,d1fa30fdaf510249ebfb000dbf2c8369b1eba32ad681d242a42965b861702aa2
4234,llama-3.2-1b-instruct,0.0,connections,language,d1fa30fdaf510249ebfb000dbf2c8369b1eba32ad681d242a42965b861702aa2
4235,llama-3.2-3b-instruct,0.0,connections,language,d1fa30fdaf510249ebfb000dbf2c8369b1eba32ad681d242a42965b861702aa2
4236,mistral-24b,0.0,connections,language,d1fa30fdaf510249ebfb000dbf2c8369b1eba32ad681d242a42965b861702aa2
4237,mistral-7b,0.0,connections,language,d1fa30fdaf510249ebfb000dbf2c8369b1eba32ad681d242a42965b861702aa2
4238,qwen2.5-32b,100.0,connections,language,d1fa30fdaf510249ebfb000dbf2c8369b1eba32ad681d242a42965b861702aa2
4239,qwen2.5-3b,0.0,connections,language,d1fa30fdaf510249ebfb000dbf2c8369b1eba32ad681d242a42965b861702aa2
4240,gemma-3-12b-it,33.3333333333333,connections,language,dc30b118e83a6e140862c48065766d7c0657cd8b201793ef86acbfd78295254c
4241,gemma-3-1b-it,0.0,connections,language,dc30b118e83a6e140862c48065766d7c0657cd8b201793ef86acbfd78295254c
4242,gemma-3-4b-it,33.3333333333333,connections,language,dc30b118e83a6e140862c48065766d7c0657cd8b201793ef86acbfd78295254c
4243,llama-3.1-8b-instruct,0.0,connections,language,dc30b118e83a6e140862c48065766d7c0657cd8b201793ef86acbfd78295254c
4244,llama-3.2-1b-instruct,0.0,connections,language,dc30b118e83a6e140862c48065766d7c0657cd8b201793ef86acbfd78295254c
4245,llama-3.2-3b-instruct,0.0,connections,language,dc30b118e83a6e140862c48065766d7c0657cd8b201793ef86acbfd78295254c
4246,mistral-24b,0.0,connections,language,dc30b118e83a6e140862c48065766d7c0657cd8b201793ef86acbfd78295254c
4247,mistral-7b,0.0,connections,language,dc30b118e83a6e140862c48065766d7c0657cd8b201793ef86acbfd78295254c
4248,qwen2.5-32b,0.0,connections,language,dc30b118e83a6e140862c48065766d7c0657cd8b201793ef86acbfd78295254c
4249,qwen2.5-3b,0.0,connections,language,dc30b118e83a6e140862c48065766d7c0657cd8b201793ef86acbfd78295254c
4250,gemma-3-12b-it,0.0,connections,language,ded1bbd76730572f6ff7723c239ba59271cc1d210ba5286befed4b84245b6717
4251,gemma-3-1b-it,0.0,connections,language,ded1bbd76730572f6ff7723c239ba59271cc1d210ba5286befed4b84245b6717
4252,gemma-3-4b-it,0.0,connections,language,ded1bbd76730572f6ff7723c239ba59271cc1d210ba5286befed4b84245b6717
4253,llama-3.1-8b-instruct,0.0,connections,language,ded1bbd76730572f6ff7723c239ba59271cc1d210ba5286befed4b84245b6717
4254,llama-3.2-1b-instruct,0.0,connections,language,ded1bbd76730572f6ff7723c239ba59271cc1d210ba5286befed4b84245b6717
4255,llama-3.2-3b-instruct,0.0,connections,language,ded1bbd76730572f6ff7723c239ba59271cc1d210ba5286befed4b84245b6717
4256,mistral-24b,0.0,connections,language,ded1bbd76730572f6ff7723c239ba59271cc1d210ba5286befed4b84245b6717
4257,mistral-7b,0.0,connections,language,ded1bbd76730572f6ff7723c239ba59271cc1d210ba5286befed4b84245b6717
4258,qwen2.5-32b,0.0,connections,language,ded1bbd76730572f6ff7723c239ba59271cc1d210ba5286befed4b84245b6717
4259,qwen2.5-3b,0.0,connections,language,ded1bbd76730572f6ff7723c239ba59271cc1d210ba5286befed4b84245b6717
4260,gemma-3-12b-it,25.0,connections,language,e0768fa047fd5b72dbee4d576aad308f1324fd82d679b856ab77882bae193bb0
4261,gemma-3-1b-it,0.0,connections,language,e0768fa047fd5b72dbee4d576aad308f1324fd82d679b856ab77882bae193bb0
4262,gemma-3-4b-it,0.0,connections,language,e0768fa047fd5b72dbee4d576aad308f1324fd82d679b856ab77882bae193bb0
4263,llama-3.1-8b-instruct,0.0,connections,language,e0768fa047fd5b72dbee4d576aad308f1324fd82d679b856ab77882bae193bb0
4264,llama-3.2-1b-instruct,0.0,connections,language,e0768fa047fd5b72dbee4d576aad308f1324fd82d679b856ab77882bae193bb0
4265,llama-3.2-3b-instruct,0.0,connections,language,e0768fa047fd5b72dbee4d576aad308f1324fd82d679b856ab77882bae193bb0
4266,mistral-24b,0.0,connections,language,e0768fa047fd5b72dbee4d576aad308f1324fd82d679b856ab77882bae193bb0
4267,mistral-7b,0.0,connections,language,e0768fa047fd5b72dbee4d576aad308f1324fd82d679b856ab77882bae193bb0
4268,qwen2.5-32b,0.0,connections,language,e0768fa047fd5b72dbee4d576aad308f1324fd82d679b856ab77882bae193bb0
4269,qwen2.5-3b,0.0,connections,language,e0768fa047fd5b72dbee4d576aad308f1324fd82d679b856ab77882bae193bb0
4270,gemma-3-12b-it,0.0,connections,language,f42805de334df0e04afb7010433f9c7082528f8238bbfe7907ad3922328f5162
4271,gemma-3-1b-it,0.0,connections,language,f42805de334df0e04afb7010433f9c7082528f8238bbfe7907ad3922328f5162
4272,gemma-3-4b-it,0.0,connections,language,f42805de334df0e04afb7010433f9c7082528f8238bbfe7907ad3922328f5162
4273,llama-3.1-8b-instruct,0.0,connections,language,f42805de334df0e04afb7010433f9c7082528f8238bbfe7907ad3922328f5162
4274,llama-3.2-1b-instruct,0.0,connections,language,f42805de334df0e04afb7010433f9c7082528f8238bbfe7907ad3922328f5162
4275,llama-3.2-3b-instruct,0.0,connections,language,f42805de334df0e04afb7010433f9c7082528f8238bbfe7907ad3922328f5162
4276,mistral-24b,0.0,connections,language,f42805de334df0e04afb7010433f9c7082528f8238bbfe7907ad3922328f5162
4277,mistral-7b,0.0,connections,language,f42805de334df0e04afb7010433f9c7082528f8238bbfe7907ad3922328f5162
4278,qwen2.5-32b,0.0,connections,language,f42805de334df0e04afb7010433f9c7082528f8238bbfe7907ad3922328f5162
4279,qwen2.5-3b,33.3333333333333,connections,language,f42805de334df0e04afb7010433f9c7082528f8238bbfe7907ad3922328f5162
4280,gemma-3-12b-it,100.0,connections,language,f84cd7c8cb43a22f0ea23aecabc0896e11532a6986821e7cd0c505073dc07d79
4281,gemma-3-1b-it,0.0,connections,language,f84cd7c8cb43a22f0ea23aecabc0896e11532a6986821e7cd0c505073dc07d79
4282,gemma-3-4b-it,50.0,connections,language,f84cd7c8cb43a22f0ea23aecabc0896e11532a6986821e7cd0c505073dc07d79
4283,llama-3.1-8b-instruct,100.0,connections,language,f84cd7c8cb43a22f0ea23aecabc0896e11532a6986821e7cd0c505073dc07d79
4284,llama-3.2-1b-instruct,0.0,connections,language,f84cd7c8cb43a22f0ea23aecabc0896e11532a6986821e7cd0c505073dc07d79
4285,llama-3.2-3b-instruct,100.0,connections,language,f84cd7c8cb43a22f0ea23aecabc0896e11532a6986821e7cd0c505073dc07d79
4286,mistral-24b,100.0,connections,language,f84cd7c8cb43a22f0ea23aecabc0896e11532a6986821e7cd0c505073dc07d79
4287,mistral-7b,0.0,connections,language,f84cd7c8cb43a22f0ea23aecabc0896e11532a6986821e7cd0c505073dc07d79
4288,qwen2.5-32b,100.0,connections,language,f84cd7c8cb43a22f0ea23aecabc0896e11532a6986821e7cd0c505073dc07d79
4289,qwen2.5-3b,0.0,connections,language,f84cd7c8cb43a22f0ea23aecabc0896e11532a6986821e7cd0c505073dc07d79
4290,gemma-3-12b-it,100.0,connections,language,f9d14339d99363e4c8974cd6b26e6930b1d0c9ed1045230e15c6627939b723f5
4291,gemma-3-1b-it,50.0,connections,language,f9d14339d99363e4c8974cd6b26e6930b1d0c9ed1045230e15c6627939b723f5
4292,gemma-3-4b-it,100.0,connections,language,f9d14339d99363e4c8974cd6b26e6930b1d0c9ed1045230e15c6627939b723f5
4293,llama-3.1-8b-instruct,0.0,connections,language,f9d14339d99363e4c8974cd6b26e6930b1d0c9ed1045230e15c6627939b723f5
4294,llama-3.2-1b-instruct,0.0,connections,language,f9d14339d99363e4c8974cd6b26e6930b1d0c9ed1045230e15c6627939b723f5
4295,llama-3.2-3b-instruct,0.0,connections,language,f9d14339d99363e4c8974cd6b26e6930b1d0c9ed1045230e15c6627939b723f5
4296,mistral-24b,100.0,connections,language,f9d14339d99363e4c8974cd6b26e6930b1d0c9ed1045230e15c6627939b723f5
4297,mistral-7b,100.0,connections,language,f9d14339d99363e4c8974cd6b26e6930b1d0c9ed1045230e15c6627939b723f5
4298,qwen2.5-32b,100.0,connections,language,f9d14339d99363e4c8974cd6b26e6930b1d0c9ed1045230e15c6627939b723f5
4299,qwen2.5-3b,0.0,connections,language,f9d14339d99363e4c8974cd6b26e6930b1d0c9ed1045230e15c6627939b723f5
4300,gemma-3-12b-it,0.0,connections,language,fb313f6aafaf8227a01b5e898cbdc072d4773a418db41d4c48a37d5363e7617e
4301,gemma-3-1b-it,0.0,connections,language,fb313f6aafaf8227a01b5e898cbdc072d4773a418db41d4c48a37d5363e7617e
4302,gemma-3-4b-it,0.0,connections,language,fb313f6aafaf8227a01b5e898cbdc072d4773a418db41d4c48a37d5363e7617e
4303,llama-3.1-8b-instruct,0.0,connections,language,fb313f6aafaf8227a01b5e898cbdc072d4773a418db41d4c48a37d5363e7617e
4304,llama-3.2-1b-instruct,0.0,connections,language,fb313f6aafaf8227a01b5e898cbdc072d4773a418db41d4c48a37d5363e7617e
4305,llama-3.2-3b-instruct,0.0,connections,language,fb313f6aafaf8227a01b5e898cbdc072d4773a418db41d4c48a37d5363e7617e
4306,mistral-24b,0.0,connections,language,fb313f6aafaf8227a01b5e898cbdc072d4773a418db41d4c48a37d5363e7617e
4307,mistral-7b,0.0,connections,language,fb313f6aafaf8227a01b5e898cbdc072d4773a418db41d4c48a37d5363e7617e
4308,qwen2.5-32b,0.0,connections,language,fb313f6aafaf8227a01b5e898cbdc072d4773a418db41d4c48a37d5363e7617e
4309,qwen2.5-3b,0.0,connections,language,fb313f6aafaf8227a01b5e898cbdc072d4773a418db41d4c48a37d5363e7617e
4310,gemma-3-12b-it,0.0,connections,language,fbd81ec7518af4ef5e3692a7717cff83cb941ced7c1f7695e908075f174a7b8b
4311,gemma-3-1b-it,0.0,connections,language,fbd81ec7518af4ef5e3692a7717cff83cb941ced7c1f7695e908075f174a7b8b
4312,gemma-3-4b-it,0.0,connections,language,fbd81ec7518af4ef5e3692a7717cff83cb941ced7c1f7695e908075f174a7b8b
4313,llama-3.1-8b-instruct,0.0,connections,language,fbd81ec7518af4ef5e3692a7717cff83cb941ced7c1f7695e908075f174a7b8b
4314,llama-3.2-1b-instruct,0.0,connections,language,fbd81ec7518af4ef5e3692a7717cff83cb941ced7c1f7695e908075f174a7b8b
4315,llama-3.2-3b-instruct,0.0,connections,language,fbd81ec7518af4ef5e3692a7717cff83cb941ced7c1f7695e908075f174a7b8b
4316,mistral-24b,0.0,connections,language,fbd81ec7518af4ef5e3692a7717cff83cb941ced7c1f7695e908075f174a7b8b
4317,mistral-7b,0.0,connections,language,fbd81ec7518af4ef5e3692a7717cff83cb941ced7c1f7695e908075f174a7b8b
4318,qwen2.5-32b,0.0,connections,language,fbd81ec7518af4ef5e3692a7717cff83cb941ced7c1f7695e908075f174a7b8b
4319,qwen2.5-3b,0.0,connections,language,fbd81ec7518af4ef5e3692a7717cff83cb941ced7c1f7695e908075f174a7b8b
4320,gemma-3-12b-it,100.0,tablereformat,data_analysis,00d7be878c842d12814cb113caf8503525f8cf845b7d3ca4b8387c843f06ebc9
4321,gemma-3-1b-it,0.0,tablereformat,data_analysis,00d7be878c842d12814cb113caf8503525f8cf845b7d3ca4b8387c843f06ebc9
4322,gemma-3-4b-it,0.0,tablereformat,data_analysis,00d7be878c842d12814cb113caf8503525f8cf845b7d3ca4b8387c843f06ebc9
4323,llama-3.1-8b-instruct,100.0,tablereformat,data_analysis,00d7be878c842d12814cb113caf8503525f8cf845b7d3ca4b8387c843f06ebc9
4324,llama-3.2-1b-instruct,0.0,tablereformat,data_analysis,00d7be878c842d12814cb113caf8503525f8cf845b7d3ca4b8387c843f06ebc9
4325,llama-3.2-3b-instruct,100.0,tablereformat,data_analysis,00d7be878c842d12814cb113caf8503525f8cf845b7d3ca4b8387c843f06ebc9
4326,mistral-24b,100.0,tablereformat,data_analysis,00d7be878c842d12814cb113caf8503525f8cf845b7d3ca4b8387c843f06ebc9
4327,mistral-7b,0.0,tablereformat,data_analysis,00d7be878c842d12814cb113caf8503525f8cf845b7d3ca4b8387c843f06ebc9
4328,qwen2.5-32b,100.0,tablereformat,data_analysis,00d7be878c842d12814cb113caf8503525f8cf845b7d3ca4b8387c843f06ebc9
4329,qwen2.5-3b,100.0,tablereformat,data_analysis,00d7be878c842d12814cb113caf8503525f8cf845b7d3ca4b8387c843f06ebc9
4330,gemma-3-12b-it,100.0,tablereformat,data_analysis,07844eb9fb31c8e9cac12e29662d01c221f762a67418b020ff4eae637065539a
4331,gemma-3-1b-it,0.0,tablereformat,data_analysis,07844eb9fb31c8e9cac12e29662d01c221f762a67418b020ff4eae637065539a
4332,gemma-3-4b-it,0.0,tablereformat,data_analysis,07844eb9fb31c8e9cac12e29662d01c221f762a67418b020ff4eae637065539a
4333,llama-3.1-8b-instruct,0.0,tablereformat,data_analysis,07844eb9fb31c8e9cac12e29662d01c221f762a67418b020ff4eae637065539a
4334,llama-3.2-1b-instruct,0.0,tablereformat,data_analysis,07844eb9fb31c8e9cac12e29662d01c221f762a67418b020ff4eae637065539a
4335,llama-3.2-3b-instruct,0.0,tablereformat,data_analysis,07844eb9fb31c8e9cac12e29662d01c221f762a67418b020ff4eae637065539a
4336,mistral-24b,0.0,tablereformat,data_analysis,07844eb9fb31c8e9cac12e29662d01c221f762a67418b020ff4eae637065539a
4337,mistral-7b,0.0,tablereformat,data_analysis,07844eb9fb31c8e9cac12e29662d01c221f762a67418b020ff4eae637065539a
4338,qwen2.5-32b,0.0,tablereformat,data_analysis,07844eb9fb31c8e9cac12e29662d01c221f762a67418b020ff4eae637065539a
4339,qwen2.5-3b,0.0,tablereformat,data_analysis,07844eb9fb31c8e9cac12e29662d01c221f762a67418b020ff4eae637065539a
4340,gemma-3-12b-it,100.0,tablereformat,data_analysis,083282355242eb434e4c4559eabea700f94928fd2e1d0d4df6a59ee143866e60
4341,gemma-3-1b-it,0.0,tablereformat,data_analysis,083282355242eb434e4c4559eabea700f94928fd2e1d0d4df6a59ee143866e60
4342,gemma-3-4b-it,0.0,tablereformat,data_analysis,083282355242eb434e4c4559eabea700f94928fd2e1d0d4df6a59ee143866e60
4343,llama-3.1-8b-instruct,100.0,tablereformat,data_analysis,083282355242eb434e4c4559eabea700f94928fd2e1d0d4df6a59ee143866e60
4344,llama-3.2-1b-instruct,0.0,tablereformat,data_analysis,083282355242eb434e4c4559eabea700f94928fd2e1d0d4df6a59ee143866e60
4345,llama-3.2-3b-instruct,0.0,tablereformat,data_analysis,083282355242eb434e4c4559eabea700f94928fd2e1d0d4df6a59ee143866e60
4346,mistral-24b,100.0,tablereformat,data_analysis,083282355242eb434e4c4559eabea700f94928fd2e1d0d4df6a59ee143866e60
4347,mistral-7b,0.0,tablereformat,data_analysis,083282355242eb434e4c4559eabea700f94928fd2e1d0d4df6a59ee143866e60
4348,qwen2.5-32b,0.0,tablereformat,data_analysis,083282355242eb434e4c4559eabea700f94928fd2e1d0d4df6a59ee143866e60
4349,qwen2.5-3b,0.0,tablereformat,data_analysis,083282355242eb434e4c4559eabea700f94928fd2e1d0d4df6a59ee143866e60
4350,gemma-3-12b-it,100.0,tablereformat,data_analysis,09752b3d3e355017282301de1735bd903221368e1fadf3e64aa9594ef7730e62
4351,gemma-3-1b-it,0.0,tablereformat,data_analysis,09752b3d3e355017282301de1735bd903221368e1fadf3e64aa9594ef7730e62
4352,gemma-3-4b-it,100.0,tablereformat,data_analysis,09752b3d3e355017282301de1735bd903221368e1fadf3e64aa9594ef7730e62
4353,llama-3.1-8b-instruct,100.0,tablereformat,data_analysis,09752b3d3e355017282301de1735bd903221368e1fadf3e64aa9594ef7730e62
4354,llama-3.2-1b-instruct,0.0,tablereformat,data_analysis,09752b3d3e355017282301de1735bd903221368e1fadf3e64aa9594ef7730e62
4355,llama-3.2-3b-instruct,0.0,tablereformat,data_analysis,09752b3d3e355017282301de1735bd903221368e1fadf3e64aa9594ef7730e62
4356,mistral-24b,100.0,tablereformat,data_analysis,09752b3d3e355017282301de1735bd903221368e1fadf3e64aa9594ef7730e62
4357,mistral-7b,0.0,tablereformat,data_analysis,09752b3d3e355017282301de1735bd903221368e1fadf3e64aa9594ef7730e62
4358,qwen2.5-32b,100.0,tablereformat,data_analysis,09752b3d3e355017282301de1735bd903221368e1fadf3e64aa9594ef7730e62
4359,qwen2.5-3b,0.0,tablereformat,data_analysis,09752b3d3e355017282301de1735bd903221368e1fadf3e64aa9594ef7730e62
4360,gemma-3-12b-it,100.0,tablereformat,data_analysis,0a03666dc72cf14a5cf569f517483315380edb796ac0394c3c204ced2e4a7428
4361,gemma-3-1b-it,0.0,tablereformat,data_analysis,0a03666dc72cf14a5cf569f517483315380edb796ac0394c3c204ced2e4a7428
4362,gemma-3-4b-it,0.0,tablereformat,data_analysis,0a03666dc72cf14a5cf569f517483315380edb796ac0394c3c204ced2e4a7428
4363,llama-3.1-8b-instruct,100.0,tablereformat,data_analysis,0a03666dc72cf14a5cf569f517483315380edb796ac0394c3c204ced2e4a7428
4364,llama-3.2-1b-instruct,0.0,tablereformat,data_analysis,0a03666dc72cf14a5cf569f517483315380edb796ac0394c3c204ced2e4a7428
4365,llama-3.2-3b-instruct,0.0,tablereformat,data_analysis,0a03666dc72cf14a5cf569f517483315380edb796ac0394c3c204ced2e4a7428
4366,mistral-24b,100.0,tablereformat,data_analysis,0a03666dc72cf14a5cf569f517483315380edb796ac0394c3c204ced2e4a7428
4367,mistral-7b,100.0,tablereformat,data_analysis,0a03666dc72cf14a5cf569f517483315380edb796ac0394c3c204ced2e4a7428
4368,qwen2.5-32b,100.0,tablereformat,data_analysis,0a03666dc72cf14a5cf569f517483315380edb796ac0394c3c204ced2e4a7428
4369,qwen2.5-3b,0.0,tablereformat,data_analysis,0a03666dc72cf14a5cf569f517483315380edb796ac0394c3c204ced2e4a7428
4370,gemma-3-12b-it,100.0,tablereformat,data_analysis,0a9d3c9d94cdbd52adf5852ebdf291b4ff8788032d950f62695d1dcc298b54f6
4371,gemma-3-1b-it,0.0,tablereformat,data_analysis,0a9d3c9d94cdbd52adf5852ebdf291b4ff8788032d950f62695d1dcc298b54f6
4372,gemma-3-4b-it,100.0,tablereformat,data_analysis,0a9d3c9d94cdbd52adf5852ebdf291b4ff8788032d950f62695d1dcc298b54f6
4373,llama-3.1-8b-instruct,100.0,tablereformat,data_analysis,0a9d3c9d94cdbd52adf5852ebdf291b4ff8788032d950f62695d1dcc298b54f6
4374,llama-3.2-1b-instruct,0.0,tablereformat,data_analysis,0a9d3c9d94cdbd52adf5852ebdf291b4ff8788032d950f62695d1dcc298b54f6
4375,llama-3.2-3b-instruct,0.0,tablereformat,data_analysis,0a9d3c9d94cdbd52adf5852ebdf291b4ff8788032d950f62695d1dcc298b54f6
4376,mistral-24b,100.0,tablereformat,data_analysis,0a9d3c9d94cdbd52adf5852ebdf291b4ff8788032d950f62695d1dcc298b54f6
4377,mistral-7b,0.0,tablereformat,data_analysis,0a9d3c9d94cdbd52adf5852ebdf291b4ff8788032d950f62695d1dcc298b54f6
4378,qwen2.5-32b,0.0,tablereformat,data_analysis,0a9d3c9d94cdbd52adf5852ebdf291b4ff8788032d950f62695d1dcc298b54f6
4379,qwen2.5-3b,100.0,tablereformat,data_analysis,0a9d3c9d94cdbd52adf5852ebdf291b4ff8788032d950f62695d1dcc298b54f6
4380,gemma-3-12b-it,100.0,tablereformat,data_analysis,0bedfad80bcaab18b0ab15531247a61a8b75f42c6e87c40f05d398dc25984d35
4381,gemma-3-1b-it,0.0,tablereformat,data_analysis,0bedfad80bcaab18b0ab15531247a61a8b75f42c6e87c40f05d398dc25984d35
4382,gemma-3-4b-it,100.0,tablereformat,data_analysis,0bedfad80bcaab18b0ab15531247a61a8b75f42c6e87c40f05d398dc25984d35
4383,llama-3.1-8b-instruct,100.0,tablereformat,data_analysis,0bedfad80bcaab18b0ab15531247a61a8b75f42c6e87c40f05d398dc25984d35
4384,llama-3.2-1b-instruct,0.0,tablereformat,data_analysis,0bedfad80bcaab18b0ab15531247a61a8b75f42c6e87c40f05d398dc25984d35
4385,llama-3.2-3b-instruct,0.0,tablereformat,data_analysis,0bedfad80bcaab18b0ab15531247a61a8b75f42c6e87c40f05d398dc25984d35
4386,mistral-24b,100.0,tablereformat,data_analysis,0bedfad80bcaab18b0ab15531247a61a8b75f42c6e87c40f05d398dc25984d35
4387,mistral-7b,0.0,tablereformat,data_analysis,0bedfad80bcaab18b0ab15531247a61a8b75f42c6e87c40f05d398dc25984d35
4388,qwen2.5-32b,100.0,tablereformat,data_analysis,0bedfad80bcaab18b0ab15531247a61a8b75f42c6e87c40f05d398dc25984d35
4389,qwen2.5-3b,0.0,tablereformat,data_analysis,0bedfad80bcaab18b0ab15531247a61a8b75f42c6e87c40f05d398dc25984d35
4390,gemma-3-12b-it,100.0,tablereformat,data_analysis,0cbc79763d1930cd7c78821f52cbb8c368eacbee9ea3b9bb9ece1e79167deb4a
4391,gemma-3-1b-it,0.0,tablereformat,data_analysis,0cbc79763d1930cd7c78821f52cbb8c368eacbee9ea3b9bb9ece1e79167deb4a
4392,gemma-3-4b-it,100.0,tablereformat,data_analysis,0cbc79763d1930cd7c78821f52cbb8c368eacbee9ea3b9bb9ece1e79167deb4a
4393,llama-3.1-8b-instruct,100.0,tablereformat,data_analysis,0cbc79763d1930cd7c78821f52cbb8c368eacbee9ea3b9bb9ece1e79167deb4a
4394,llama-3.2-1b-instruct,0.0,tablereformat,data_analysis,0cbc79763d1930cd7c78821f52cbb8c368eacbee9ea3b9bb9ece1e79167deb4a
4395,llama-3.2-3b-instruct,100.0,tablereformat,data_analysis,0cbc79763d1930cd7c78821f52cbb8c368eacbee9ea3b9bb9ece1e79167deb4a
4396,mistral-24b,100.0,tablereformat,data_analysis,0cbc79763d1930cd7c78821f52cbb8c368eacbee9ea3b9bb9ece1e79167deb4a
4397,mistral-7b,0.0,tablereformat,data_analysis,0cbc79763d1930cd7c78821f52cbb8c368eacbee9ea3b9bb9ece1e79167deb4a
4398,qwen2.5-32b,100.0,tablereformat,data_analysis,0cbc79763d1930cd7c78821f52cbb8c368eacbee9ea3b9bb9ece1e79167deb4a
4399,qwen2.5-3b,0.0,tablereformat,data_analysis,0cbc79763d1930cd7c78821f52cbb8c368eacbee9ea3b9bb9ece1e79167deb4a
4400,gemma-3-12b-it,100.0,tablereformat,data_analysis,0d102a277bdaf52b40a8dc150408f122828ee63f2a55dd0e58f3c7b51933d345
4401,gemma-3-1b-it,0.0,tablereformat,data_analysis,0d102a277bdaf52b40a8dc150408f122828ee63f2a55dd0e58f3c7b51933d345
4402,gemma-3-4b-it,0.0,tablereformat,data_analysis,0d102a277bdaf52b40a8dc150408f122828ee63f2a55dd0e58f3c7b51933d345
4403,llama-3.1-8b-instruct,0.0,tablereformat,data_analysis,0d102a277bdaf52b40a8dc150408f122828ee63f2a55dd0e58f3c7b51933d345
4404,llama-3.2-1b-instruct,0.0,tablereformat,data_analysis,0d102a277bdaf52b40a8dc150408f122828ee63f2a55dd0e58f3c7b51933d345
4405,llama-3.2-3b-instruct,0.0,tablereformat,data_analysis,0d102a277bdaf52b40a8dc150408f122828ee63f2a55dd0e58f3c7b51933d345
4406,mistral-24b,100.0,tablereformat,data_analysis,0d102a277bdaf52b40a8dc150408f122828ee63f2a55dd0e58f3c7b51933d345
4407,mistral-7b,0.0,tablereformat,data_analysis,0d102a277bdaf52b40a8dc150408f122828ee63f2a55dd0e58f3c7b51933d345
4408,qwen2.5-32b,0.0,tablereformat,data_analysis,0d102a277bdaf52b40a8dc150408f122828ee63f2a55dd0e58f3c7b51933d345
4409,qwen2.5-3b,0.0,tablereformat,data_analysis,0d102a277bdaf52b40a8dc150408f122828ee63f2a55dd0e58f3c7b51933d345
4410,gemma-3-12b-it,100.0,tablereformat,data_analysis,0e5a359e5a70462b866ffd40a10f0b976ed63030be062c8a9eb8c72316ac2146
4411,gemma-3-1b-it,0.0,tablereformat,data_analysis,0e5a359e5a70462b866ffd40a10f0b976ed63030be062c8a9eb8c72316ac2146
4412,gemma-3-4b-it,100.0,tablereformat,data_analysis,0e5a359e5a70462b866ffd40a10f0b976ed63030be062c8a9eb8c72316ac2146
4413,llama-3.1-8b-instruct,100.0,tablereformat,data_analysis,0e5a359e5a70462b866ffd40a10f0b976ed63030be062c8a9eb8c72316ac2146
4414,llama-3.2-1b-instruct,0.0,tablereformat,data_analysis,0e5a359e5a70462b866ffd40a10f0b976ed63030be062c8a9eb8c72316ac2146
4415,llama-3.2-3b-instruct,0.0,tablereformat,data_analysis,0e5a359e5a70462b866ffd40a10f0b976ed63030be062c8a9eb8c72316ac2146
4416,mistral-24b,100.0,tablereformat,data_analysis,0e5a359e5a70462b866ffd40a10f0b976ed63030be062c8a9eb8c72316ac2146
4417,mistral-7b,100.0,tablereformat,data_analysis,0e5a359e5a70462b866ffd40a10f0b976ed63030be062c8a9eb8c72316ac2146
4418,qwen2.5-32b,100.0,tablereformat,data_analysis,0e5a359e5a70462b866ffd40a10f0b976ed63030be062c8a9eb8c72316ac2146
4419,qwen2.5-3b,0.0,tablereformat,data_analysis,0e5a359e5a70462b866ffd40a10f0b976ed63030be062c8a9eb8c72316ac2146
4420,gemma-3-12b-it,0.0,tablereformat,data_analysis,132dabf6ac92193bcc1b1cab0080ee5531ab45a959eefc1e5b3cbf57976bcf9a
4421,gemma-3-1b-it,0.0,tablereformat,data_analysis,132dabf6ac92193bcc1b1cab0080ee5531ab45a959eefc1e5b3cbf57976bcf9a
4422,gemma-3-4b-it,0.0,tablereformat,data_analysis,132dabf6ac92193bcc1b1cab0080ee5531ab45a959eefc1e5b3cbf57976bcf9a
4423,llama-3.1-8b-instruct,0.0,tablereformat,data_analysis,132dabf6ac92193bcc1b1cab0080ee5531ab45a959eefc1e5b3cbf57976bcf9a
4424,llama-3.2-1b-instruct,0.0,tablereformat,data_analysis,132dabf6ac92193bcc1b1cab0080ee5531ab45a959eefc1e5b3cbf57976bcf9a
4425,llama-3.2-3b-instruct,0.0,tablereformat,data_analysis,132dabf6ac92193bcc1b1cab0080ee5531ab45a959eefc1e5b3cbf57976bcf9a
4426,mistral-24b,0.0,tablereformat,data_analysis,132dabf6ac92193bcc1b1cab0080ee5531ab45a959eefc1e5b3cbf57976bcf9a
4427,mistral-7b,0.0,tablereformat,data_analysis,132dabf6ac92193bcc1b1cab0080ee5531ab45a959eefc1e5b3cbf57976bcf9a
4428,qwen2.5-32b,0.0,tablereformat,data_analysis,132dabf6ac92193bcc1b1cab0080ee5531ab45a959eefc1e5b3cbf57976bcf9a
4429,qwen2.5-3b,0.0,tablereformat,data_analysis,132dabf6ac92193bcc1b1cab0080ee5531ab45a959eefc1e5b3cbf57976bcf9a
4430,gemma-3-12b-it,0.0,tablereformat,data_analysis,16b99f3754472adfba51046b35d0bb8af8d7e95e8dbac50d5f0f82b9775229df
4431,gemma-3-1b-it,0.0,tablereformat,data_analysis,16b99f3754472adfba51046b35d0bb8af8d7e95e8dbac50d5f0f82b9775229df
4432,gemma-3-4b-it,0.0,tablereformat,data_analysis,16b99f3754472adfba51046b35d0bb8af8d7e95e8dbac50d5f0f82b9775229df
4433,llama-3.1-8b-instruct,100.0,tablereformat,data_analysis,16b99f3754472adfba51046b35d0bb8af8d7e95e8dbac50d5f0f82b9775229df
4434,llama-3.2-1b-instruct,0.0,tablereformat,data_analysis,16b99f3754472adfba51046b35d0bb8af8d7e95e8dbac50d5f0f82b9775229df
4435,llama-3.2-3b-instruct,0.0,tablereformat,data_analysis,16b99f3754472adfba51046b35d0bb8af8d7e95e8dbac50d5f0f82b9775229df
4436,mistral-24b,100.0,tablereformat,data_analysis,16b99f3754472adfba51046b35d0bb8af8d7e95e8dbac50d5f0f82b9775229df
4437,mistral-7b,0.0,tablereformat,data_analysis,16b99f3754472adfba51046b35d0bb8af8d7e95e8dbac50d5f0f82b9775229df
4438,qwen2.5-32b,0.0,tablereformat,data_analysis,16b99f3754472adfba51046b35d0bb8af8d7e95e8dbac50d5f0f82b9775229df
4439,qwen2.5-3b,0.0,tablereformat,data_analysis,16b99f3754472adfba51046b35d0bb8af8d7e95e8dbac50d5f0f82b9775229df
4440,gemma-3-12b-it,100.0,tablereformat,data_analysis,1f592e4e1a40499fb15905f6badb7c507a643106aec8d907f34de9cd200cb3fa
4441,gemma-3-1b-it,0.0,tablereformat,data_analysis,1f592e4e1a40499fb15905f6badb7c507a643106aec8d907f34de9cd200cb3fa
4442,gemma-3-4b-it,0.0,tablereformat,data_analysis,1f592e4e1a40499fb15905f6badb7c507a643106aec8d907f34de9cd200cb3fa
4443,llama-3.1-8b-instruct,0.0,tablereformat,data_analysis,1f592e4e1a40499fb15905f6badb7c507a643106aec8d907f34de9cd200cb3fa
4444,llama-3.2-1b-instruct,0.0,tablereformat,data_analysis,1f592e4e1a40499fb15905f6badb7c507a643106aec8d907f34de9cd200cb3fa
4445,llama-3.2-3b-instruct,0.0,tablereformat,data_analysis,1f592e4e1a40499fb15905f6badb7c507a643106aec8d907f34de9cd200cb3fa
4446,mistral-24b,100.0,tablereformat,data_analysis,1f592e4e1a40499fb15905f6badb7c507a643106aec8d907f34de9cd200cb3fa
4447,mistral-7b,0.0,tablereformat,data_analysis,1f592e4e1a40499fb15905f6badb7c507a643106aec8d907f34de9cd200cb3fa
4448,qwen2.5-32b,0.0,tablereformat,data_analysis,1f592e4e1a40499fb15905f6badb7c507a643106aec8d907f34de9cd200cb3fa
4449,qwen2.5-3b,100.0,tablereformat,data_analysis,1f592e4e1a40499fb15905f6badb7c507a643106aec8d907f34de9cd200cb3fa
4450,gemma-3-12b-it,100.0,tablereformat,data_analysis,23369207a1755bd3b7cea52155e7cbbd7ab1e2fa79015d1f8776111b8648f8ed
4451,gemma-3-1b-it,0.0,tablereformat,data_analysis,23369207a1755bd3b7cea52155e7cbbd7ab1e2fa79015d1f8776111b8648f8ed
4452,gemma-3-4b-it,100.0,tablereformat,data_analysis,23369207a1755bd3b7cea52155e7cbbd7ab1e2fa79015d1f8776111b8648f8ed
4453,llama-3.1-8b-instruct,0.0,tablereformat,data_analysis,23369207a1755bd3b7cea52155e7cbbd7ab1e2fa79015d1f8776111b8648f8ed
4454,llama-3.2-1b-instruct,0.0,tablereformat,data_analysis,23369207a1755bd3b7cea52155e7cbbd7ab1e2fa79015d1f8776111b8648f8ed
4455,llama-3.2-3b-instruct,0.0,tablereformat,data_analysis,23369207a1755bd3b7cea52155e7cbbd7ab1e2fa79015d1f8776111b8648f8ed
4456,mistral-24b,0.0,tablereformat,data_analysis,23369207a1755bd3b7cea52155e7cbbd7ab1e2fa79015d1f8776111b8648f8ed
4457,mistral-7b,0.0,tablereformat,data_analysis,23369207a1755bd3b7cea52155e7cbbd7ab1e2fa79015d1f8776111b8648f8ed
4458,qwen2.5-32b,0.0,tablereformat,data_analysis,23369207a1755bd3b7cea52155e7cbbd7ab1e2fa79015d1f8776111b8648f8ed
4459,qwen2.5-3b,0.0,tablereformat,data_analysis,23369207a1755bd3b7cea52155e7cbbd7ab1e2fa79015d1f8776111b8648f8ed
4460,gemma-3-12b-it,100.0,tablereformat,data_analysis,2379e1e2586eacdf0c9ea0b9385f3c679ff72aa7e2a74fb741aa42018b4d78ea
4461,gemma-3-1b-it,0.0,tablereformat,data_analysis,2379e1e2586eacdf0c9ea0b9385f3c679ff72aa7e2a74fb741aa42018b4d78ea
4462,gemma-3-4b-it,0.0,tablereformat,data_analysis,2379e1e2586eacdf0c9ea0b9385f3c679ff72aa7e2a74fb741aa42018b4d78ea
4463,llama-3.1-8b-instruct,100.0,tablereformat,data_analysis,2379e1e2586eacdf0c9ea0b9385f3c679ff72aa7e2a74fb741aa42018b4d78ea
4464,llama-3.2-1b-instruct,0.0,tablereformat,data_analysis,2379e1e2586eacdf0c9ea0b9385f3c679ff72aa7e2a74fb741aa42018b4d78ea
4465,llama-3.2-3b-instruct,0.0,tablereformat,data_analysis,2379e1e2586eacdf0c9ea0b9385f3c679ff72aa7e2a74fb741aa42018b4d78ea
4466,mistral-24b,100.0,tablereformat,data_analysis,2379e1e2586eacdf0c9ea0b9385f3c679ff72aa7e2a74fb741aa42018b4d78ea
4467,mistral-7b,0.0,tablereformat,data_analysis,2379e1e2586eacdf0c9ea0b9385f3c679ff72aa7e2a74fb741aa42018b4d78ea
4468,qwen2.5-32b,100.0,tablereformat,data_analysis,2379e1e2586eacdf0c9ea0b9385f3c679ff72aa7e2a74fb741aa42018b4d78ea
4469,qwen2.5-3b,0.0,tablereformat,data_analysis,2379e1e2586eacdf0c9ea0b9385f3c679ff72aa7e2a74fb741aa42018b4d78ea
4470,gemma-3-12b-it,100.0,tablereformat,data_analysis,26fbcb603a637ccd27d65387509e548e532334c5895fd56d7a9d531cc1b125fb
4471,gemma-3-1b-it,0.0,tablereformat,data_analysis,26fbcb603a637ccd27d65387509e548e532334c5895fd56d7a9d531cc1b125fb
4472,gemma-3-4b-it,100.0,tablereformat,data_analysis,26fbcb603a637ccd27d65387509e548e532334c5895fd56d7a9d531cc1b125fb
4473,llama-3.1-8b-instruct,0.0,tablereformat,data_analysis,26fbcb603a637ccd27d65387509e548e532334c5895fd56d7a9d531cc1b125fb
4474,llama-3.2-1b-instruct,0.0,tablereformat,data_analysis,26fbcb603a637ccd27d65387509e548e532334c5895fd56d7a9d531cc1b125fb
4475,llama-3.2-3b-instruct,0.0,tablereformat,data_analysis,26fbcb603a637ccd27d65387509e548e532334c5895fd56d7a9d531cc1b125fb
4476,mistral-24b,100.0,tablereformat,data_analysis,26fbcb603a637ccd27d65387509e548e532334c5895fd56d7a9d531cc1b125fb
4477,mistral-7b,0.0,tablereformat,data_analysis,26fbcb603a637ccd27d65387509e548e532334c5895fd56d7a9d531cc1b125fb
4478,qwen2.5-32b,100.0,tablereformat,data_analysis,26fbcb603a637ccd27d65387509e548e532334c5895fd56d7a9d531cc1b125fb
4479,qwen2.5-3b,0.0,tablereformat,data_analysis,26fbcb603a637ccd27d65387509e548e532334c5895fd56d7a9d531cc1b125fb
4480,gemma-3-12b-it,0.0,tablereformat,data_analysis,31b5500fbd88c9b6087f15229a84578b6863700ef5b4bf2c645d8927a4723a77
4481,gemma-3-1b-it,0.0,tablereformat,data_analysis,31b5500fbd88c9b6087f15229a84578b6863700ef5b4bf2c645d8927a4723a77
4482,gemma-3-4b-it,100.0,tablereformat,data_analysis,31b5500fbd88c9b6087f15229a84578b6863700ef5b4bf2c645d8927a4723a77
4483,llama-3.1-8b-instruct,0.0,tablereformat,data_analysis,31b5500fbd88c9b6087f15229a84578b6863700ef5b4bf2c645d8927a4723a77
4484,llama-3.2-1b-instruct,0.0,tablereformat,data_analysis,31b5500fbd88c9b6087f15229a84578b6863700ef5b4bf2c645d8927a4723a77
4485,llama-3.2-3b-instruct,0.0,tablereformat,data_analysis,31b5500fbd88c9b6087f15229a84578b6863700ef5b4bf2c645d8927a4723a77
4486,mistral-24b,0.0,tablereformat,data_analysis,31b5500fbd88c9b6087f15229a84578b6863700ef5b4bf2c645d8927a4723a77
4487,mistral-7b,0.0,tablereformat,data_analysis,31b5500fbd88c9b6087f15229a84578b6863700ef5b4bf2c645d8927a4723a77
4488,qwen2.5-32b,100.0,tablereformat,data_analysis,31b5500fbd88c9b6087f15229a84578b6863700ef5b4bf2c645d8927a4723a77
4489,qwen2.5-3b,0.0,tablereformat,data_analysis,31b5500fbd88c9b6087f15229a84578b6863700ef5b4bf2c645d8927a4723a77
4490,gemma-3-12b-it,100.0,tablereformat,data_analysis,35b3098f43e9129b80af5263066ffad973670da10a3bbc4d350fa88cea4d980f
4491,gemma-3-1b-it,0.0,tablereformat,data_analysis,35b3098f43e9129b80af5263066ffad973670da10a3bbc4d350fa88cea4d980f
4492,gemma-3-4b-it,100.0,tablereformat,data_analysis,35b3098f43e9129b80af5263066ffad973670da10a3bbc4d350fa88cea4d980f
4493,llama-3.1-8b-instruct,100.0,tablereformat,data_analysis,35b3098f43e9129b80af5263066ffad973670da10a3bbc4d350fa88cea4d980f
4494,llama-3.2-1b-instruct,0.0,tablereformat,data_analysis,35b3098f43e9129b80af5263066ffad973670da10a3bbc4d350fa88cea4d980f
4495,llama-3.2-3b-instruct,0.0,tablereformat,data_analysis,35b3098f43e9129b80af5263066ffad973670da10a3bbc4d350fa88cea4d980f
4496,mistral-24b,100.0,tablereformat,data_analysis,35b3098f43e9129b80af5263066ffad973670da10a3bbc4d350fa88cea4d980f
4497,mistral-7b,0.0,tablereformat,data_analysis,35b3098f43e9129b80af5263066ffad973670da10a3bbc4d350fa88cea4d980f
4498,qwen2.5-32b,100.0,tablereformat,data_analysis,35b3098f43e9129b80af5263066ffad973670da10a3bbc4d350fa88cea4d980f
4499,qwen2.5-3b,0.0,tablereformat,data_analysis,35b3098f43e9129b80af5263066ffad973670da10a3bbc4d350fa88cea4d980f
4500,gemma-3-12b-it,100.0,tablereformat,data_analysis,3f9091ebb24ea69d1e9ad7a20e3a617f47548595e9b0b0a46a95061ec3e81740
4501,gemma-3-1b-it,0.0,tablereformat,data_analysis,3f9091ebb24ea69d1e9ad7a20e3a617f47548595e9b0b0a46a95061ec3e81740
4502,gemma-3-4b-it,0.0,tablereformat,data_analysis,3f9091ebb24ea69d1e9ad7a20e3a617f47548595e9b0b0a46a95061ec3e81740
4503,llama-3.1-8b-instruct,0.0,tablereformat,data_analysis,3f9091ebb24ea69d1e9ad7a20e3a617f47548595e9b0b0a46a95061ec3e81740
4504,llama-3.2-1b-instruct,0.0,tablereformat,data_analysis,3f9091ebb24ea69d1e9ad7a20e3a617f47548595e9b0b0a46a95061ec3e81740
4505,llama-3.2-3b-instruct,0.0,tablereformat,data_analysis,3f9091ebb24ea69d1e9ad7a20e3a617f47548595e9b0b0a46a95061ec3e81740
4506,mistral-24b,0.0,tablereformat,data_analysis,3f9091ebb24ea69d1e9ad7a20e3a617f47548595e9b0b0a46a95061ec3e81740
4507,mistral-7b,0.0,tablereformat,data_analysis,3f9091ebb24ea69d1e9ad7a20e3a617f47548595e9b0b0a46a95061ec3e81740
4508,qwen2.5-32b,0.0,tablereformat,data_analysis,3f9091ebb24ea69d1e9ad7a20e3a617f47548595e9b0b0a46a95061ec3e81740
4509,qwen2.5-3b,0.0,tablereformat,data_analysis,3f9091ebb24ea69d1e9ad7a20e3a617f47548595e9b0b0a46a95061ec3e81740
4510,gemma-3-12b-it,100.0,tablereformat,data_analysis,40af2768cabe32744e3b1efd2552edb077e2539a8f45808852e7d83147a82519
4511,gemma-3-1b-it,0.0,tablereformat,data_analysis,40af2768cabe32744e3b1efd2552edb077e2539a8f45808852e7d83147a82519
4512,gemma-3-4b-it,100.0,tablereformat,data_analysis,40af2768cabe32744e3b1efd2552edb077e2539a8f45808852e7d83147a82519
4513,llama-3.1-8b-instruct,0.0,tablereformat,data_analysis,40af2768cabe32744e3b1efd2552edb077e2539a8f45808852e7d83147a82519
4514,llama-3.2-1b-instruct,0.0,tablereformat,data_analysis,40af2768cabe32744e3b1efd2552edb077e2539a8f45808852e7d83147a82519
4515,llama-3.2-3b-instruct,0.0,tablereformat,data_analysis,40af2768cabe32744e3b1efd2552edb077e2539a8f45808852e7d83147a82519
4516,mistral-24b,100.0,tablereformat,data_analysis,40af2768cabe32744e3b1efd2552edb077e2539a8f45808852e7d83147a82519
4517,mistral-7b,0.0,tablereformat,data_analysis,40af2768cabe32744e3b1efd2552edb077e2539a8f45808852e7d83147a82519
4518,qwen2.5-32b,100.0,tablereformat,data_analysis,40af2768cabe32744e3b1efd2552edb077e2539a8f45808852e7d83147a82519
4519,qwen2.5-3b,0.0,tablereformat,data_analysis,40af2768cabe32744e3b1efd2552edb077e2539a8f45808852e7d83147a82519
4520,gemma-3-12b-it,100.0,tablereformat,data_analysis,4810de734ddf549ae44d69fe3717e2ad95593f88a0f7d72211f46cbdd22ad513
4521,gemma-3-1b-it,0.0,tablereformat,data_analysis,4810de734ddf549ae44d69fe3717e2ad95593f88a0f7d72211f46cbdd22ad513
4522,gemma-3-4b-it,100.0,tablereformat,data_analysis,4810de734ddf549ae44d69fe3717e2ad95593f88a0f7d72211f46cbdd22ad513
4523,llama-3.1-8b-instruct,0.0,tablereformat,data_analysis,4810de734ddf549ae44d69fe3717e2ad95593f88a0f7d72211f46cbdd22ad513
4524,llama-3.2-1b-instruct,0.0,tablereformat,data_analysis,4810de734ddf549ae44d69fe3717e2ad95593f88a0f7d72211f46cbdd22ad513
4525,llama-3.2-3b-instruct,100.0,tablereformat,data_analysis,4810de734ddf549ae44d69fe3717e2ad95593f88a0f7d72211f46cbdd22ad513
4526,mistral-24b,100.0,tablereformat,data_analysis,4810de734ddf549ae44d69fe3717e2ad95593f88a0f7d72211f46cbdd22ad513
4527,mistral-7b,0.0,tablereformat,data_analysis,4810de734ddf549ae44d69fe3717e2ad95593f88a0f7d72211f46cbdd22ad513
4528,qwen2.5-32b,100.0,tablereformat,data_analysis,4810de734ddf549ae44d69fe3717e2ad95593f88a0f7d72211f46cbdd22ad513
4529,qwen2.5-3b,0.0,tablereformat,data_analysis,4810de734ddf549ae44d69fe3717e2ad95593f88a0f7d72211f46cbdd22ad513
4530,gemma-3-12b-it,100.0,tablereformat,data_analysis,4d22f4f91dfc8188c2244048d968e9885ee063658c14fcf43c8156983f5a395f
4531,gemma-3-1b-it,0.0,tablereformat,data_analysis,4d22f4f91dfc8188c2244048d968e9885ee063658c14fcf43c8156983f5a395f
4532,gemma-3-4b-it,100.0,tablereformat,data_analysis,4d22f4f91dfc8188c2244048d968e9885ee063658c14fcf43c8156983f5a395f
4533,llama-3.1-8b-instruct,0.0,tablereformat,data_analysis,4d22f4f91dfc8188c2244048d968e9885ee063658c14fcf43c8156983f5a395f
4534,llama-3.2-1b-instruct,0.0,tablereformat,data_analysis,4d22f4f91dfc8188c2244048d968e9885ee063658c14fcf43c8156983f5a395f
4535,llama-3.2-3b-instruct,100.0,tablereformat,data_analysis,4d22f4f91dfc8188c2244048d968e9885ee063658c14fcf43c8156983f5a395f
4536,mistral-24b,100.0,tablereformat,data_analysis,4d22f4f91dfc8188c2244048d968e9885ee063658c14fcf43c8156983f5a395f
4537,mistral-7b,100.0,tablereformat,data_analysis,4d22f4f91dfc8188c2244048d968e9885ee063658c14fcf43c8156983f5a395f
4538,qwen2.5-32b,100.0,tablereformat,data_analysis,4d22f4f91dfc8188c2244048d968e9885ee063658c14fcf43c8156983f5a395f
4539,qwen2.5-3b,0.0,tablereformat,data_analysis,4d22f4f91dfc8188c2244048d968e9885ee063658c14fcf43c8156983f5a395f
4540,gemma-3-12b-it,100.0,tablereformat,data_analysis,56ace477670fa1527771dc1a4f2babac3b704f1c313b8981a53ce892f55b6c05
4541,gemma-3-1b-it,0.0,tablereformat,data_analysis,56ace477670fa1527771dc1a4f2babac3b704f1c313b8981a53ce892f55b6c05
4542,gemma-3-4b-it,100.0,tablereformat,data_analysis,56ace477670fa1527771dc1a4f2babac3b704f1c313b8981a53ce892f55b6c05
4543,llama-3.1-8b-instruct,100.0,tablereformat,data_analysis,56ace477670fa1527771dc1a4f2babac3b704f1c313b8981a53ce892f55b6c05
4544,llama-3.2-1b-instruct,0.0,tablereformat,data_analysis,56ace477670fa1527771dc1a4f2babac3b704f1c313b8981a53ce892f55b6c05
4545,llama-3.2-3b-instruct,0.0,tablereformat,data_analysis,56ace477670fa1527771dc1a4f2babac3b704f1c313b8981a53ce892f55b6c05
4546,mistral-24b,100.0,tablereformat,data_analysis,56ace477670fa1527771dc1a4f2babac3b704f1c313b8981a53ce892f55b6c05
4547,mistral-7b,0.0,tablereformat,data_analysis,56ace477670fa1527771dc1a4f2babac3b704f1c313b8981a53ce892f55b6c05
4548,qwen2.5-32b,100.0,tablereformat,data_analysis,56ace477670fa1527771dc1a4f2babac3b704f1c313b8981a53ce892f55b6c05
4549,qwen2.5-3b,100.0,tablereformat,data_analysis,56ace477670fa1527771dc1a4f2babac3b704f1c313b8981a53ce892f55b6c05
4550,gemma-3-12b-it,100.0,tablereformat,data_analysis,57772b38ab8d4f9f2e30d5e0cca6e007f228786523ed027bdbf37b59fe20e3b1
4551,gemma-3-1b-it,0.0,tablereformat,data_analysis,57772b38ab8d4f9f2e30d5e0cca6e007f228786523ed027bdbf37b59fe20e3b1
4552,gemma-3-4b-it,100.0,tablereformat,data_analysis,57772b38ab8d4f9f2e30d5e0cca6e007f228786523ed027bdbf37b59fe20e3b1
4553,llama-3.1-8b-instruct,100.0,tablereformat,data_analysis,57772b38ab8d4f9f2e30d5e0cca6e007f228786523ed027bdbf37b59fe20e3b1
4554,llama-3.2-1b-instruct,0.0,tablereformat,data_analysis,57772b38ab8d4f9f2e30d5e0cca6e007f228786523ed027bdbf37b59fe20e3b1
4555,llama-3.2-3b-instruct,0.0,tablereformat,data_analysis,57772b38ab8d4f9f2e30d5e0cca6e007f228786523ed027bdbf37b59fe20e3b1
4556,mistral-24b,100.0,tablereformat,data_analysis,57772b38ab8d4f9f2e30d5e0cca6e007f228786523ed027bdbf37b59fe20e3b1
4557,mistral-7b,0.0,tablereformat,data_analysis,57772b38ab8d4f9f2e30d5e0cca6e007f228786523ed027bdbf37b59fe20e3b1
4558,qwen2.5-32b,100.0,tablereformat,data_analysis,57772b38ab8d4f9f2e30d5e0cca6e007f228786523ed027bdbf37b59fe20e3b1
4559,qwen2.5-3b,0.0,tablereformat,data_analysis,57772b38ab8d4f9f2e30d5e0cca6e007f228786523ed027bdbf37b59fe20e3b1
4560,gemma-3-12b-it,100.0,tablereformat,data_analysis,6204f00c8a38e299225434e2218dc1fbf65eb3040ed083a97c048e4f3b7dc2c8
4561,gemma-3-1b-it,0.0,tablereformat,data_analysis,6204f00c8a38e299225434e2218dc1fbf65eb3040ed083a97c048e4f3b7dc2c8
4562,gemma-3-4b-it,100.0,tablereformat,data_analysis,6204f00c8a38e299225434e2218dc1fbf65eb3040ed083a97c048e4f3b7dc2c8
4563,llama-3.1-8b-instruct,100.0,tablereformat,data_analysis,6204f00c8a38e299225434e2218dc1fbf65eb3040ed083a97c048e4f3b7dc2c8
4564,llama-3.2-1b-instruct,0.0,tablereformat,data_analysis,6204f00c8a38e299225434e2218dc1fbf65eb3040ed083a97c048e4f3b7dc2c8
4565,llama-3.2-3b-instruct,0.0,tablereformat,data_analysis,6204f00c8a38e299225434e2218dc1fbf65eb3040ed083a97c048e4f3b7dc2c8
4566,mistral-24b,100.0,tablereformat,data_analysis,6204f00c8a38e299225434e2218dc1fbf65eb3040ed083a97c048e4f3b7dc2c8
4567,mistral-7b,0.0,tablereformat,data_analysis,6204f00c8a38e299225434e2218dc1fbf65eb3040ed083a97c048e4f3b7dc2c8
4568,qwen2.5-32b,100.0,tablereformat,data_analysis,6204f00c8a38e299225434e2218dc1fbf65eb3040ed083a97c048e4f3b7dc2c8
4569,qwen2.5-3b,0.0,tablereformat,data_analysis,6204f00c8a38e299225434e2218dc1fbf65eb3040ed083a97c048e4f3b7dc2c8
4570,gemma-3-12b-it,100.0,tablereformat,data_analysis,6a71a2fd132bae45c6ef2fc93d0bfcf3d4f71025db07ec88fed08ff83b4eca45
4571,gemma-3-1b-it,0.0,tablereformat,data_analysis,6a71a2fd132bae45c6ef2fc93d0bfcf3d4f71025db07ec88fed08ff83b4eca45
4572,gemma-3-4b-it,100.0,tablereformat,data_analysis,6a71a2fd132bae45c6ef2fc93d0bfcf3d4f71025db07ec88fed08ff83b4eca45
4573,llama-3.1-8b-instruct,100.0,tablereformat,data_analysis,6a71a2fd132bae45c6ef2fc93d0bfcf3d4f71025db07ec88fed08ff83b4eca45
4574,llama-3.2-1b-instruct,0.0,tablereformat,data_analysis,6a71a2fd132bae45c6ef2fc93d0bfcf3d4f71025db07ec88fed08ff83b4eca45
4575,llama-3.2-3b-instruct,0.0,tablereformat,data_analysis,6a71a2fd132bae45c6ef2fc93d0bfcf3d4f71025db07ec88fed08ff83b4eca45
4576,mistral-24b,100.0,tablereformat,data_analysis,6a71a2fd132bae45c6ef2fc93d0bfcf3d4f71025db07ec88fed08ff83b4eca45
4577,mistral-7b,100.0,tablereformat,data_analysis,6a71a2fd132bae45c6ef2fc93d0bfcf3d4f71025db07ec88fed08ff83b4eca45
4578,qwen2.5-32b,100.0,tablereformat,data_analysis,6a71a2fd132bae45c6ef2fc93d0bfcf3d4f71025db07ec88fed08ff83b4eca45
4579,qwen2.5-3b,0.0,tablereformat,data_analysis,6a71a2fd132bae45c6ef2fc93d0bfcf3d4f71025db07ec88fed08ff83b4eca45
4580,gemma-3-12b-it,100.0,tablereformat,data_analysis,77765399a07884782f5a539ccb9e8820f5c15a090a666f59b21f804706ecadc9
4581,gemma-3-1b-it,0.0,tablereformat,data_analysis,77765399a07884782f5a539ccb9e8820f5c15a090a666f59b21f804706ecadc9
4582,gemma-3-4b-it,100.0,tablereformat,data_analysis,77765399a07884782f5a539ccb9e8820f5c15a090a666f59b21f804706ecadc9
4583,llama-3.1-8b-instruct,0.0,tablereformat,data_analysis,77765399a07884782f5a539ccb9e8820f5c15a090a666f59b21f804706ecadc9
4584,llama-3.2-1b-instruct,0.0,tablereformat,data_analysis,77765399a07884782f5a539ccb9e8820f5c15a090a666f59b21f804706ecadc9
4585,llama-3.2-3b-instruct,0.0,tablereformat,data_analysis,77765399a07884782f5a539ccb9e8820f5c15a090a666f59b21f804706ecadc9
4586,mistral-24b,100.0,tablereformat,data_analysis,77765399a07884782f5a539ccb9e8820f5c15a090a666f59b21f804706ecadc9
4587,mistral-7b,0.0,tablereformat,data_analysis,77765399a07884782f5a539ccb9e8820f5c15a090a666f59b21f804706ecadc9
4588,qwen2.5-32b,100.0,tablereformat,data_analysis,77765399a07884782f5a539ccb9e8820f5c15a090a666f59b21f804706ecadc9
4589,qwen2.5-3b,0.0,tablereformat,data_analysis,77765399a07884782f5a539ccb9e8820f5c15a090a666f59b21f804706ecadc9
4590,gemma-3-12b-it,100.0,tablereformat,data_analysis,804182061bd3648a5d1079e9836aa8cb7e9201a32f190863551299075fbeac47
4591,gemma-3-1b-it,0.0,tablereformat,data_analysis,804182061bd3648a5d1079e9836aa8cb7e9201a32f190863551299075fbeac47
4592,gemma-3-4b-it,100.0,tablereformat,data_analysis,804182061bd3648a5d1079e9836aa8cb7e9201a32f190863551299075fbeac47
4593,llama-3.1-8b-instruct,0.0,tablereformat,data_analysis,804182061bd3648a5d1079e9836aa8cb7e9201a32f190863551299075fbeac47
4594,llama-3.2-1b-instruct,0.0,tablereformat,data_analysis,804182061bd3648a5d1079e9836aa8cb7e9201a32f190863551299075fbeac47
4595,llama-3.2-3b-instruct,0.0,tablereformat,data_analysis,804182061bd3648a5d1079e9836aa8cb7e9201a32f190863551299075fbeac47
4596,mistral-24b,100.0,tablereformat,data_analysis,804182061bd3648a5d1079e9836aa8cb7e9201a32f190863551299075fbeac47
4597,mistral-7b,0.0,tablereformat,data_analysis,804182061bd3648a5d1079e9836aa8cb7e9201a32f190863551299075fbeac47
4598,qwen2.5-32b,0.0,tablereformat,data_analysis,804182061bd3648a5d1079e9836aa8cb7e9201a32f190863551299075fbeac47
4599,qwen2.5-3b,0.0,tablereformat,data_analysis,804182061bd3648a5d1079e9836aa8cb7e9201a32f190863551299075fbeac47
4600,gemma-3-12b-it,100.0,tablereformat,data_analysis,8b25c07592f100c7c61af45d3de6eec07f4996d0a211f613cc1e224db02bba4c
4601,gemma-3-1b-it,0.0,tablereformat,data_analysis,8b25c07592f100c7c61af45d3de6eec07f4996d0a211f613cc1e224db02bba4c
4602,gemma-3-4b-it,100.0,tablereformat,data_analysis,8b25c07592f100c7c61af45d3de6eec07f4996d0a211f613cc1e224db02bba4c
4603,llama-3.1-8b-instruct,100.0,tablereformat,data_analysis,8b25c07592f100c7c61af45d3de6eec07f4996d0a211f613cc1e224db02bba4c
4604,llama-3.2-1b-instruct,0.0,tablereformat,data_analysis,8b25c07592f100c7c61af45d3de6eec07f4996d0a211f613cc1e224db02bba4c
4605,llama-3.2-3b-instruct,0.0,tablereformat,data_analysis,8b25c07592f100c7c61af45d3de6eec07f4996d0a211f613cc1e224db02bba4c
4606,mistral-24b,100.0,tablereformat,data_analysis,8b25c07592f100c7c61af45d3de6eec07f4996d0a211f613cc1e224db02bba4c
4607,mistral-7b,100.0,tablereformat,data_analysis,8b25c07592f100c7c61af45d3de6eec07f4996d0a211f613cc1e224db02bba4c
4608,qwen2.5-32b,100.0,tablereformat,data_analysis,8b25c07592f100c7c61af45d3de6eec07f4996d0a211f613cc1e224db02bba4c
4609,qwen2.5-3b,100.0,tablereformat,data_analysis,8b25c07592f100c7c61af45d3de6eec07f4996d0a211f613cc1e224db02bba4c
4610,gemma-3-12b-it,0.0,tablereformat,data_analysis,8f3ca4d439a2167eda91a41deaecf48838405ce32967097d2ec7e931b1313cf4
4611,gemma-3-1b-it,0.0,tablereformat,data_analysis,8f3ca4d439a2167eda91a41deaecf48838405ce32967097d2ec7e931b1313cf4
4612,gemma-3-4b-it,100.0,tablereformat,data_analysis,8f3ca4d439a2167eda91a41deaecf48838405ce32967097d2ec7e931b1313cf4
4613,llama-3.1-8b-instruct,0.0,tablereformat,data_analysis,8f3ca4d439a2167eda91a41deaecf48838405ce32967097d2ec7e931b1313cf4
4614,llama-3.2-1b-instruct,0.0,tablereformat,data_analysis,8f3ca4d439a2167eda91a41deaecf48838405ce32967097d2ec7e931b1313cf4
4615,llama-3.2-3b-instruct,0.0,tablereformat,data_analysis,8f3ca4d439a2167eda91a41deaecf48838405ce32967097d2ec7e931b1313cf4
4616,mistral-24b,0.0,tablereformat,data_analysis,8f3ca4d439a2167eda91a41deaecf48838405ce32967097d2ec7e931b1313cf4
4617,mistral-7b,0.0,tablereformat,data_analysis,8f3ca4d439a2167eda91a41deaecf48838405ce32967097d2ec7e931b1313cf4
4618,qwen2.5-32b,100.0,tablereformat,data_analysis,8f3ca4d439a2167eda91a41deaecf48838405ce32967097d2ec7e931b1313cf4
4619,qwen2.5-3b,0.0,tablereformat,data_analysis,8f3ca4d439a2167eda91a41deaecf48838405ce32967097d2ec7e931b1313cf4
4620,gemma-3-12b-it,0.0,tablereformat,data_analysis,9b8b3c1cdfbadc5d248114dcd74f7376fe3e24db964f3acb8d12159404199aac
4621,gemma-3-1b-it,0.0,tablereformat,data_analysis,9b8b3c1cdfbadc5d248114dcd74f7376fe3e24db964f3acb8d12159404199aac
4622,gemma-3-4b-it,100.0,tablereformat,data_analysis,9b8b3c1cdfbadc5d248114dcd74f7376fe3e24db964f3acb8d12159404199aac
4623,llama-3.1-8b-instruct,0.0,tablereformat,data_analysis,9b8b3c1cdfbadc5d248114dcd74f7376fe3e24db964f3acb8d12159404199aac
4624,llama-3.2-1b-instruct,0.0,tablereformat,data_analysis,9b8b3c1cdfbadc5d248114dcd74f7376fe3e24db964f3acb8d12159404199aac
4625,llama-3.2-3b-instruct,100.0,tablereformat,data_analysis,9b8b3c1cdfbadc5d248114dcd74f7376fe3e24db964f3acb8d12159404199aac
4626,mistral-24b,0.0,tablereformat,data_analysis,9b8b3c1cdfbadc5d248114dcd74f7376fe3e24db964f3acb8d12159404199aac
4627,mistral-7b,0.0,tablereformat,data_analysis,9b8b3c1cdfbadc5d248114dcd74f7376fe3e24db964f3acb8d12159404199aac
4628,qwen2.5-32b,0.0,tablereformat,data_analysis,9b8b3c1cdfbadc5d248114dcd74f7376fe3e24db964f3acb8d12159404199aac
4629,qwen2.5-3b,100.0,tablereformat,data_analysis,9b8b3c1cdfbadc5d248114dcd74f7376fe3e24db964f3acb8d12159404199aac
4630,gemma-3-12b-it,0.0,tablereformat,data_analysis,9cd37119651a821e2695ee073ddf004d50d9add830f4e7f3bc469f9b0d4ddbe3
4631,gemma-3-1b-it,0.0,tablereformat,data_analysis,9cd37119651a821e2695ee073ddf004d50d9add830f4e7f3bc469f9b0d4ddbe3
4632,gemma-3-4b-it,100.0,tablereformat,data_analysis,9cd37119651a821e2695ee073ddf004d50d9add830f4e7f3bc469f9b0d4ddbe3
4633,llama-3.1-8b-instruct,100.0,tablereformat,data_analysis,9cd37119651a821e2695ee073ddf004d50d9add830f4e7f3bc469f9b0d4ddbe3
4634,llama-3.2-1b-instruct,0.0,tablereformat,data_analysis,9cd37119651a821e2695ee073ddf004d50d9add830f4e7f3bc469f9b0d4ddbe3
4635,llama-3.2-3b-instruct,0.0,tablereformat,data_analysis,9cd37119651a821e2695ee073ddf004d50d9add830f4e7f3bc469f9b0d4ddbe3
4636,mistral-24b,0.0,tablereformat,data_analysis,9cd37119651a821e2695ee073ddf004d50d9add830f4e7f3bc469f9b0d4ddbe3
4637,mistral-7b,0.0,tablereformat,data_analysis,9cd37119651a821e2695ee073ddf004d50d9add830f4e7f3bc469f9b0d4ddbe3
4638,qwen2.5-32b,0.0,tablereformat,data_analysis,9cd37119651a821e2695ee073ddf004d50d9add830f4e7f3bc469f9b0d4ddbe3
4639,qwen2.5-3b,0.0,tablereformat,data_analysis,9cd37119651a821e2695ee073ddf004d50d9add830f4e7f3bc469f9b0d4ddbe3
4640,gemma-3-12b-it,100.0,tablereformat,data_analysis,9dd93740e50a0913119103c1212284600703756ff930d2a8fa46d3dc97912d96
4641,gemma-3-1b-it,0.0,tablereformat,data_analysis,9dd93740e50a0913119103c1212284600703756ff930d2a8fa46d3dc97912d96
4642,gemma-3-4b-it,0.0,tablereformat,data_analysis,9dd93740e50a0913119103c1212284600703756ff930d2a8fa46d3dc97912d96
4643,llama-3.1-8b-instruct,0.0,tablereformat,data_analysis,9dd93740e50a0913119103c1212284600703756ff930d2a8fa46d3dc97912d96
4644,llama-3.2-1b-instruct,0.0,tablereformat,data_analysis,9dd93740e50a0913119103c1212284600703756ff930d2a8fa46d3dc97912d96
4645,llama-3.2-3b-instruct,0.0,tablereformat,data_analysis,9dd93740e50a0913119103c1212284600703756ff930d2a8fa46d3dc97912d96
4646,mistral-24b,100.0,tablereformat,data_analysis,9dd93740e50a0913119103c1212284600703756ff930d2a8fa46d3dc97912d96
4647,mistral-7b,0.0,tablereformat,data_analysis,9dd93740e50a0913119103c1212284600703756ff930d2a8fa46d3dc97912d96
4648,qwen2.5-32b,100.0,tablereformat,data_analysis,9dd93740e50a0913119103c1212284600703756ff930d2a8fa46d3dc97912d96
4649,qwen2.5-3b,0.0,tablereformat,data_analysis,9dd93740e50a0913119103c1212284600703756ff930d2a8fa46d3dc97912d96
4650,gemma-3-12b-it,0.0,tablereformat,data_analysis,af06a250c4d58799cd7bf0f73df94134106098b21d8b0a3a3e61dd9eacda6724
4651,gemma-3-1b-it,0.0,tablereformat,data_analysis,af06a250c4d58799cd7bf0f73df94134106098b21d8b0a3a3e61dd9eacda6724
4652,gemma-3-4b-it,0.0,tablereformat,data_analysis,af06a250c4d58799cd7bf0f73df94134106098b21d8b0a3a3e61dd9eacda6724
4653,llama-3.1-8b-instruct,0.0,tablereformat,data_analysis,af06a250c4d58799cd7bf0f73df94134106098b21d8b0a3a3e61dd9eacda6724
4654,llama-3.2-1b-instruct,0.0,tablereformat,data_analysis,af06a250c4d58799cd7bf0f73df94134106098b21d8b0a3a3e61dd9eacda6724
4655,llama-3.2-3b-instruct,0.0,tablereformat,data_analysis,af06a250c4d58799cd7bf0f73df94134106098b21d8b0a3a3e61dd9eacda6724
4656,mistral-24b,0.0,tablereformat,data_analysis,af06a250c4d58799cd7bf0f73df94134106098b21d8b0a3a3e61dd9eacda6724
4657,mistral-7b,0.0,tablereformat,data_analysis,af06a250c4d58799cd7bf0f73df94134106098b21d8b0a3a3e61dd9eacda6724
4658,qwen2.5-32b,0.0,tablereformat,data_analysis,af06a250c4d58799cd7bf0f73df94134106098b21d8b0a3a3e61dd9eacda6724
4659,qwen2.5-3b,0.0,tablereformat,data_analysis,af06a250c4d58799cd7bf0f73df94134106098b21d8b0a3a3e61dd9eacda6724
4660,gemma-3-12b-it,100.0,tablereformat,data_analysis,b64b2155d2e4e74cbb52dcb6f97298cbf28eef0159973600aecdc80a6c49c8df
4661,gemma-3-1b-it,0.0,tablereformat,data_analysis,b64b2155d2e4e74cbb52dcb6f97298cbf28eef0159973600aecdc80a6c49c8df
4662,gemma-3-4b-it,0.0,tablereformat,data_analysis,b64b2155d2e4e74cbb52dcb6f97298cbf28eef0159973600aecdc80a6c49c8df
4663,llama-3.1-8b-instruct,0.0,tablereformat,data_analysis,b64b2155d2e4e74cbb52dcb6f97298cbf28eef0159973600aecdc80a6c49c8df
4664,llama-3.2-1b-instruct,0.0,tablereformat,data_analysis,b64b2155d2e4e74cbb52dcb6f97298cbf28eef0159973600aecdc80a6c49c8df
4665,llama-3.2-3b-instruct,0.0,tablereformat,data_analysis,b64b2155d2e4e74cbb52dcb6f97298cbf28eef0159973600aecdc80a6c49c8df
4666,mistral-24b,0.0,tablereformat,data_analysis,b64b2155d2e4e74cbb52dcb6f97298cbf28eef0159973600aecdc80a6c49c8df
4667,mistral-7b,0.0,tablereformat,data_analysis,b64b2155d2e4e74cbb52dcb6f97298cbf28eef0159973600aecdc80a6c49c8df
4668,qwen2.5-32b,0.0,tablereformat,data_analysis,b64b2155d2e4e74cbb52dcb6f97298cbf28eef0159973600aecdc80a6c49c8df
4669,qwen2.5-3b,0.0,tablereformat,data_analysis,b64b2155d2e4e74cbb52dcb6f97298cbf28eef0159973600aecdc80a6c49c8df
4670,gemma-3-12b-it,100.0,tablereformat,data_analysis,b78c258e2cfd2954eb6ff290f39427d6270c69d57cc36e8a1c31839de39c885a
4671,gemma-3-1b-it,0.0,tablereformat,data_analysis,b78c258e2cfd2954eb6ff290f39427d6270c69d57cc36e8a1c31839de39c885a
4672,gemma-3-4b-it,100.0,tablereformat,data_analysis,b78c258e2cfd2954eb6ff290f39427d6270c69d57cc36e8a1c31839de39c885a
4673,llama-3.1-8b-instruct,100.0,tablereformat,data_analysis,b78c258e2cfd2954eb6ff290f39427d6270c69d57cc36e8a1c31839de39c885a
4674,llama-3.2-1b-instruct,0.0,tablereformat,data_analysis,b78c258e2cfd2954eb6ff290f39427d6270c69d57cc36e8a1c31839de39c885a
4675,llama-3.2-3b-instruct,0.0,tablereformat,data_analysis,b78c258e2cfd2954eb6ff290f39427d6270c69d57cc36e8a1c31839de39c885a
4676,mistral-24b,100.0,tablereformat,data_analysis,b78c258e2cfd2954eb6ff290f39427d6270c69d57cc36e8a1c31839de39c885a
4677,mistral-7b,0.0,tablereformat,data_analysis,b78c258e2cfd2954eb6ff290f39427d6270c69d57cc36e8a1c31839de39c885a
4678,qwen2.5-32b,0.0,tablereformat,data_analysis,b78c258e2cfd2954eb6ff290f39427d6270c69d57cc36e8a1c31839de39c885a
4679,qwen2.5-3b,0.0,tablereformat,data_analysis,b78c258e2cfd2954eb6ff290f39427d6270c69d57cc36e8a1c31839de39c885a
4680,gemma-3-12b-it,0.0,tablereformat,data_analysis,bfe58cf09204ef9dddeb7358323fbab09c078fbc88d022c2387e0eada4470849
4681,gemma-3-1b-it,0.0,tablereformat,data_analysis,bfe58cf09204ef9dddeb7358323fbab09c078fbc88d022c2387e0eada4470849
4682,gemma-3-4b-it,0.0,tablereformat,data_analysis,bfe58cf09204ef9dddeb7358323fbab09c078fbc88d022c2387e0eada4470849
4683,llama-3.1-8b-instruct,0.0,tablereformat,data_analysis,bfe58cf09204ef9dddeb7358323fbab09c078fbc88d022c2387e0eada4470849
4684,llama-3.2-1b-instruct,0.0,tablereformat,data_analysis,bfe58cf09204ef9dddeb7358323fbab09c078fbc88d022c2387e0eada4470849
4685,llama-3.2-3b-instruct,0.0,tablereformat,data_analysis,bfe58cf09204ef9dddeb7358323fbab09c078fbc88d022c2387e0eada4470849
4686,mistral-24b,100.0,tablereformat,data_analysis,bfe58cf09204ef9dddeb7358323fbab09c078fbc88d022c2387e0eada4470849
4687,mistral-7b,0.0,tablereformat,data_analysis,bfe58cf09204ef9dddeb7358323fbab09c078fbc88d022c2387e0eada4470849
4688,qwen2.5-32b,0.0,tablereformat,data_analysis,bfe58cf09204ef9dddeb7358323fbab09c078fbc88d022c2387e0eada4470849
4689,qwen2.5-3b,0.0,tablereformat,data_analysis,bfe58cf09204ef9dddeb7358323fbab09c078fbc88d022c2387e0eada4470849
4690,gemma-3-12b-it,100.0,tablereformat,data_analysis,c42ef3e7297ebddb097e9aa4d5527dce29367f617c29bf7144de2633107ead00
4691,gemma-3-1b-it,0.0,tablereformat,data_analysis,c42ef3e7297ebddb097e9aa4d5527dce29367f617c29bf7144de2633107ead00
4692,gemma-3-4b-it,0.0,tablereformat,data_analysis,c42ef3e7297ebddb097e9aa4d5527dce29367f617c29bf7144de2633107ead00
4693,llama-3.1-8b-instruct,100.0,tablereformat,data_analysis,c42ef3e7297ebddb097e9aa4d5527dce29367f617c29bf7144de2633107ead00
4694,llama-3.2-1b-instruct,0.0,tablereformat,data_analysis,c42ef3e7297ebddb097e9aa4d5527dce29367f617c29bf7144de2633107ead00
4695,llama-3.2-3b-instruct,0.0,tablereformat,data_analysis,c42ef3e7297ebddb097e9aa4d5527dce29367f617c29bf7144de2633107ead00
4696,mistral-24b,100.0,tablereformat,data_analysis,c42ef3e7297ebddb097e9aa4d5527dce29367f617c29bf7144de2633107ead00
4697,mistral-7b,0.0,tablereformat,data_analysis,c42ef3e7297ebddb097e9aa4d5527dce29367f617c29bf7144de2633107ead00
4698,qwen2.5-32b,0.0,tablereformat,data_analysis,c42ef3e7297ebddb097e9aa4d5527dce29367f617c29bf7144de2633107ead00
4699,qwen2.5-3b,0.0,tablereformat,data_analysis,c42ef3e7297ebddb097e9aa4d5527dce29367f617c29bf7144de2633107ead00
4700,gemma-3-12b-it,100.0,tablereformat,data_analysis,c55626b8561ca43f0fdf11e24b2083c4d3180a83c87ea6171a159a1e82f1da54
4701,gemma-3-1b-it,0.0,tablereformat,data_analysis,c55626b8561ca43f0fdf11e24b2083c4d3180a83c87ea6171a159a1e82f1da54
4702,gemma-3-4b-it,100.0,tablereformat,data_analysis,c55626b8561ca43f0fdf11e24b2083c4d3180a83c87ea6171a159a1e82f1da54
4703,llama-3.1-8b-instruct,0.0,tablereformat,data_analysis,c55626b8561ca43f0fdf11e24b2083c4d3180a83c87ea6171a159a1e82f1da54
4704,llama-3.2-1b-instruct,0.0,tablereformat,data_analysis,c55626b8561ca43f0fdf11e24b2083c4d3180a83c87ea6171a159a1e82f1da54
4705,llama-3.2-3b-instruct,0.0,tablereformat,data_analysis,c55626b8561ca43f0fdf11e24b2083c4d3180a83c87ea6171a159a1e82f1da54
4706,mistral-24b,100.0,tablereformat,data_analysis,c55626b8561ca43f0fdf11e24b2083c4d3180a83c87ea6171a159a1e82f1da54
4707,mistral-7b,0.0,tablereformat,data_analysis,c55626b8561ca43f0fdf11e24b2083c4d3180a83c87ea6171a159a1e82f1da54
4708,qwen2.5-32b,0.0,tablereformat,data_analysis,c55626b8561ca43f0fdf11e24b2083c4d3180a83c87ea6171a159a1e82f1da54
4709,qwen2.5-3b,0.0,tablereformat,data_analysis,c55626b8561ca43f0fdf11e24b2083c4d3180a83c87ea6171a159a1e82f1da54
4710,gemma-3-12b-it,100.0,tablereformat,data_analysis,ce1fa8f673c3d33b3986e4f4f148ab1a11e42cd2b7f15390f0f4f2acb530a6e3
4711,gemma-3-1b-it,0.0,tablereformat,data_analysis,ce1fa8f673c3d33b3986e4f4f148ab1a11e42cd2b7f15390f0f4f2acb530a6e3
4712,gemma-3-4b-it,100.0,tablereformat,data_analysis,ce1fa8f673c3d33b3986e4f4f148ab1a11e42cd2b7f15390f0f4f2acb530a6e3
4713,llama-3.1-8b-instruct,0.0,tablereformat,data_analysis,ce1fa8f673c3d33b3986e4f4f148ab1a11e42cd2b7f15390f0f4f2acb530a6e3
4714,llama-3.2-1b-instruct,0.0,tablereformat,data_analysis,ce1fa8f673c3d33b3986e4f4f148ab1a11e42cd2b7f15390f0f4f2acb530a6e3
4715,llama-3.2-3b-instruct,0.0,tablereformat,data_analysis,ce1fa8f673c3d33b3986e4f4f148ab1a11e42cd2b7f15390f0f4f2acb530a6e3
4716,mistral-24b,100.0,tablereformat,data_analysis,ce1fa8f673c3d33b3986e4f4f148ab1a11e42cd2b7f15390f0f4f2acb530a6e3
4717,mistral-7b,0.0,tablereformat,data_analysis,ce1fa8f673c3d33b3986e4f4f148ab1a11e42cd2b7f15390f0f4f2acb530a6e3
4718,qwen2.5-32b,100.0,tablereformat,data_analysis,ce1fa8f673c3d33b3986e4f4f148ab1a11e42cd2b7f15390f0f4f2acb530a6e3
4719,qwen2.5-3b,0.0,tablereformat,data_analysis,ce1fa8f673c3d33b3986e4f4f148ab1a11e42cd2b7f15390f0f4f2acb530a6e3
4720,gemma-3-12b-it,100.0,tablereformat,data_analysis,dbc100e6b17f59547b155762e53564c1d30e21197f86780b166e4c067ee4b0e8
4721,gemma-3-1b-it,0.0,tablereformat,data_analysis,dbc100e6b17f59547b155762e53564c1d30e21197f86780b166e4c067ee4b0e8
4722,gemma-3-4b-it,0.0,tablereformat,data_analysis,dbc100e6b17f59547b155762e53564c1d30e21197f86780b166e4c067ee4b0e8
4723,llama-3.1-8b-instruct,100.0,tablereformat,data_analysis,dbc100e6b17f59547b155762e53564c1d30e21197f86780b166e4c067ee4b0e8
4724,llama-3.2-1b-instruct,0.0,tablereformat,data_analysis,dbc100e6b17f59547b155762e53564c1d30e21197f86780b166e4c067ee4b0e8
4725,llama-3.2-3b-instruct,0.0,tablereformat,data_analysis,dbc100e6b17f59547b155762e53564c1d30e21197f86780b166e4c067ee4b0e8
4726,mistral-24b,0.0,tablereformat,data_analysis,dbc100e6b17f59547b155762e53564c1d30e21197f86780b166e4c067ee4b0e8
4727,mistral-7b,0.0,tablereformat,data_analysis,dbc100e6b17f59547b155762e53564c1d30e21197f86780b166e4c067ee4b0e8
4728,qwen2.5-32b,0.0,tablereformat,data_analysis,dbc100e6b17f59547b155762e53564c1d30e21197f86780b166e4c067ee4b0e8
4729,qwen2.5-3b,0.0,tablereformat,data_analysis,dbc100e6b17f59547b155762e53564c1d30e21197f86780b166e4c067ee4b0e8
4730,gemma-3-12b-it,100.0,tablereformat,data_analysis,e114ea800daa6938bd7bbc29c6fde32844324662764b5cb63d7e4e78c3b66c65
4731,gemma-3-1b-it,0.0,tablereformat,data_analysis,e114ea800daa6938bd7bbc29c6fde32844324662764b5cb63d7e4e78c3b66c65
4732,gemma-3-4b-it,100.0,tablereformat,data_analysis,e114ea800daa6938bd7bbc29c6fde32844324662764b5cb63d7e4e78c3b66c65
4733,llama-3.1-8b-instruct,0.0,tablereformat,data_analysis,e114ea800daa6938bd7bbc29c6fde32844324662764b5cb63d7e4e78c3b66c65
4734,llama-3.2-1b-instruct,0.0,tablereformat,data_analysis,e114ea800daa6938bd7bbc29c6fde32844324662764b5cb63d7e4e78c3b66c65
4735,llama-3.2-3b-instruct,100.0,tablereformat,data_analysis,e114ea800daa6938bd7bbc29c6fde32844324662764b5cb63d7e4e78c3b66c65
4736,mistral-24b,100.0,tablereformat,data_analysis,e114ea800daa6938bd7bbc29c6fde32844324662764b5cb63d7e4e78c3b66c65
4737,mistral-7b,0.0,tablereformat,data_analysis,e114ea800daa6938bd7bbc29c6fde32844324662764b5cb63d7e4e78c3b66c65
4738,qwen2.5-32b,100.0,tablereformat,data_analysis,e114ea800daa6938bd7bbc29c6fde32844324662764b5cb63d7e4e78c3b66c65
4739,qwen2.5-3b,0.0,tablereformat,data_analysis,e114ea800daa6938bd7bbc29c6fde32844324662764b5cb63d7e4e78c3b66c65
4740,gemma-3-12b-it,0.0,tablereformat,data_analysis,e321ff8846ddd951d029b63efd6f0cdadb5b6daae266e3b21a6f3e805faf75e4
4741,gemma-3-1b-it,0.0,tablereformat,data_analysis,e321ff8846ddd951d029b63efd6f0cdadb5b6daae266e3b21a6f3e805faf75e4
4742,gemma-3-4b-it,100.0,tablereformat,data_analysis,e321ff8846ddd951d029b63efd6f0cdadb5b6daae266e3b21a6f3e805faf75e4
4743,llama-3.1-8b-instruct,0.0,tablereformat,data_analysis,e321ff8846ddd951d029b63efd6f0cdadb5b6daae266e3b21a6f3e805faf75e4
4744,llama-3.2-1b-instruct,0.0,tablereformat,data_analysis,e321ff8846ddd951d029b63efd6f0cdadb5b6daae266e3b21a6f3e805faf75e4
4745,llama-3.2-3b-instruct,0.0,tablereformat,data_analysis,e321ff8846ddd951d029b63efd6f0cdadb5b6daae266e3b21a6f3e805faf75e4
4746,mistral-24b,100.0,tablereformat,data_analysis,e321ff8846ddd951d029b63efd6f0cdadb5b6daae266e3b21a6f3e805faf75e4
4747,mistral-7b,0.0,tablereformat,data_analysis,e321ff8846ddd951d029b63efd6f0cdadb5b6daae266e3b21a6f3e805faf75e4
4748,qwen2.5-32b,0.0,tablereformat,data_analysis,e321ff8846ddd951d029b63efd6f0cdadb5b6daae266e3b21a6f3e805faf75e4
4749,qwen2.5-3b,0.0,tablereformat,data_analysis,e321ff8846ddd951d029b63efd6f0cdadb5b6daae266e3b21a6f3e805faf75e4
4750,gemma-3-12b-it,0.0,tablereformat,data_analysis,e852443f6993386ec44106f68bee0f7f278cfd9fb116228e55a50713257692b2
4751,gemma-3-1b-it,0.0,tablereformat,data_analysis,e852443f6993386ec44106f68bee0f7f278cfd9fb116228e55a50713257692b2
4752,gemma-3-4b-it,0.0,tablereformat,data_analysis,e852443f6993386ec44106f68bee0f7f278cfd9fb116228e55a50713257692b2
4753,llama-3.1-8b-instruct,0.0,tablereformat,data_analysis,e852443f6993386ec44106f68bee0f7f278cfd9fb116228e55a50713257692b2
4754,llama-3.2-1b-instruct,0.0,tablereformat,data_analysis,e852443f6993386ec44106f68bee0f7f278cfd9fb116228e55a50713257692b2
4755,llama-3.2-3b-instruct,0.0,tablereformat,data_analysis,e852443f6993386ec44106f68bee0f7f278cfd9fb116228e55a50713257692b2
4756,mistral-24b,100.0,tablereformat,data_analysis,e852443f6993386ec44106f68bee0f7f278cfd9fb116228e55a50713257692b2
4757,mistral-7b,0.0,tablereformat,data_analysis,e852443f6993386ec44106f68bee0f7f278cfd9fb116228e55a50713257692b2
4758,qwen2.5-32b,0.0,tablereformat,data_analysis,e852443f6993386ec44106f68bee0f7f278cfd9fb116228e55a50713257692b2
4759,qwen2.5-3b,0.0,tablereformat,data_analysis,e852443f6993386ec44106f68bee0f7f278cfd9fb116228e55a50713257692b2
4760,gemma-3-12b-it,0.0,tablereformat,data_analysis,eb8aebddc3e1eff35a92de9e8306dfcfebd25201eefda2921b830226b5347dc5
4761,gemma-3-1b-it,100.0,tablereformat,data_analysis,eb8aebddc3e1eff35a92de9e8306dfcfebd25201eefda2921b830226b5347dc5
4762,gemma-3-4b-it,100.0,tablereformat,data_analysis,eb8aebddc3e1eff35a92de9e8306dfcfebd25201eefda2921b830226b5347dc5
4763,llama-3.1-8b-instruct,0.0,tablereformat,data_analysis,eb8aebddc3e1eff35a92de9e8306dfcfebd25201eefda2921b830226b5347dc5
4764,llama-3.2-1b-instruct,0.0,tablereformat,data_analysis,eb8aebddc3e1eff35a92de9e8306dfcfebd25201eefda2921b830226b5347dc5
4765,llama-3.2-3b-instruct,0.0,tablereformat,data_analysis,eb8aebddc3e1eff35a92de9e8306dfcfebd25201eefda2921b830226b5347dc5
4766,mistral-24b,0.0,tablereformat,data_analysis,eb8aebddc3e1eff35a92de9e8306dfcfebd25201eefda2921b830226b5347dc5
4767,mistral-7b,0.0,tablereformat,data_analysis,eb8aebddc3e1eff35a92de9e8306dfcfebd25201eefda2921b830226b5347dc5
4768,qwen2.5-32b,100.0,tablereformat,data_analysis,eb8aebddc3e1eff35a92de9e8306dfcfebd25201eefda2921b830226b5347dc5
4769,qwen2.5-3b,0.0,tablereformat,data_analysis,eb8aebddc3e1eff35a92de9e8306dfcfebd25201eefda2921b830226b5347dc5
4770,gemma-3-12b-it,100.0,tablereformat,data_analysis,ed3a1cf09c7eefe66d4775384c633a1bbc48f09a7d2257028362479f057d7e3e
4771,gemma-3-1b-it,0.0,tablereformat,data_analysis,ed3a1cf09c7eefe66d4775384c633a1bbc48f09a7d2257028362479f057d7e3e
4772,gemma-3-4b-it,100.0,tablereformat,data_analysis,ed3a1cf09c7eefe66d4775384c633a1bbc48f09a7d2257028362479f057d7e3e
4773,llama-3.1-8b-instruct,100.0,tablereformat,data_analysis,ed3a1cf09c7eefe66d4775384c633a1bbc48f09a7d2257028362479f057d7e3e
4774,llama-3.2-1b-instruct,0.0,tablereformat,data_analysis,ed3a1cf09c7eefe66d4775384c633a1bbc48f09a7d2257028362479f057d7e3e
4775,llama-3.2-3b-instruct,0.0,tablereformat,data_analysis,ed3a1cf09c7eefe66d4775384c633a1bbc48f09a7d2257028362479f057d7e3e
4776,mistral-24b,100.0,tablereformat,data_analysis,ed3a1cf09c7eefe66d4775384c633a1bbc48f09a7d2257028362479f057d7e3e
4777,mistral-7b,100.0,tablereformat,data_analysis,ed3a1cf09c7eefe66d4775384c633a1bbc48f09a7d2257028362479f057d7e3e
4778,qwen2.5-32b,100.0,tablereformat,data_analysis,ed3a1cf09c7eefe66d4775384c633a1bbc48f09a7d2257028362479f057d7e3e
4779,qwen2.5-3b,0.0,tablereformat,data_analysis,ed3a1cf09c7eefe66d4775384c633a1bbc48f09a7d2257028362479f057d7e3e
4780,gemma-3-12b-it,100.0,tablereformat,data_analysis,ed588c8250de9be2b31be0bc4c7820f3fa97c6084f822bce03d324f20d4c228d
4781,gemma-3-1b-it,0.0,tablereformat,data_analysis,ed588c8250de9be2b31be0bc4c7820f3fa97c6084f822bce03d324f20d4c228d
4782,gemma-3-4b-it,100.0,tablereformat,data_analysis,ed588c8250de9be2b31be0bc4c7820f3fa97c6084f822bce03d324f20d4c228d
4783,llama-3.1-8b-instruct,0.0,tablereformat,data_analysis,ed588c8250de9be2b31be0bc4c7820f3fa97c6084f822bce03d324f20d4c228d
4784,llama-3.2-1b-instruct,0.0,tablereformat,data_analysis,ed588c8250de9be2b31be0bc4c7820f3fa97c6084f822bce03d324f20d4c228d
4785,llama-3.2-3b-instruct,0.0,tablereformat,data_analysis,ed588c8250de9be2b31be0bc4c7820f3fa97c6084f822bce03d324f20d4c228d
4786,mistral-24b,0.0,tablereformat,data_analysis,ed588c8250de9be2b31be0bc4c7820f3fa97c6084f822bce03d324f20d4c228d
4787,mistral-7b,0.0,tablereformat,data_analysis,ed588c8250de9be2b31be0bc4c7820f3fa97c6084f822bce03d324f20d4c228d
4788,qwen2.5-32b,100.0,tablereformat,data_analysis,ed588c8250de9be2b31be0bc4c7820f3fa97c6084f822bce03d324f20d4c228d
4789,qwen2.5-3b,0.0,tablereformat,data_analysis,ed588c8250de9be2b31be0bc4c7820f3fa97c6084f822bce03d324f20d4c228d
4790,gemma-3-12b-it,100.0,tablereformat,data_analysis,f2dcd6a353c4390c3d98c8d4ff03d778f00d0d6c6b9f8238af4f09f81f6d9924
4791,gemma-3-1b-it,0.0,tablereformat,data_analysis,f2dcd6a353c4390c3d98c8d4ff03d778f00d0d6c6b9f8238af4f09f81f6d9924
4792,gemma-3-4b-it,0.0,tablereformat,data_analysis,f2dcd6a353c4390c3d98c8d4ff03d778f00d0d6c6b9f8238af4f09f81f6d9924
4793,llama-3.1-8b-instruct,100.0,tablereformat,data_analysis,f2dcd6a353c4390c3d98c8d4ff03d778f00d0d6c6b9f8238af4f09f81f6d9924
4794,llama-3.2-1b-instruct,0.0,tablereformat,data_analysis,f2dcd6a353c4390c3d98c8d4ff03d778f00d0d6c6b9f8238af4f09f81f6d9924
4795,llama-3.2-3b-instruct,100.0,tablereformat,data_analysis,f2dcd6a353c4390c3d98c8d4ff03d778f00d0d6c6b9f8238af4f09f81f6d9924
4796,mistral-24b,100.0,tablereformat,data_analysis,f2dcd6a353c4390c3d98c8d4ff03d778f00d0d6c6b9f8238af4f09f81f6d9924
4797,mistral-7b,100.0,tablereformat,data_analysis,f2dcd6a353c4390c3d98c8d4ff03d778f00d0d6c6b9f8238af4f09f81f6d9924
4798,qwen2.5-32b,0.0,tablereformat,data_analysis,f2dcd6a353c4390c3d98c8d4ff03d778f00d0d6c6b9f8238af4f09f81f6d9924
4799,qwen2.5-3b,0.0,tablereformat,data_analysis,f2dcd6a353c4390c3d98c8d4ff03d778f00d0d6c6b9f8238af4f09f81f6d9924
4800,gemma-3-12b-it,100.0,tablereformat,data_analysis,f44bcc507aa7a438c07f435c70e687868c07af785cc257410780ff861c54c646
4801,gemma-3-1b-it,0.0,tablereformat,data_analysis,f44bcc507aa7a438c07f435c70e687868c07af785cc257410780ff861c54c646
4802,gemma-3-4b-it,100.0,tablereformat,data_analysis,f44bcc507aa7a438c07f435c70e687868c07af785cc257410780ff861c54c646
4803,llama-3.1-8b-instruct,100.0,tablereformat,data_analysis,f44bcc507aa7a438c07f435c70e687868c07af785cc257410780ff861c54c646
4804,llama-3.2-1b-instruct,0.0,tablereformat,data_analysis,f44bcc507aa7a438c07f435c70e687868c07af785cc257410780ff861c54c646
4805,llama-3.2-3b-instruct,0.0,tablereformat,data_analysis,f44bcc507aa7a438c07f435c70e687868c07af785cc257410780ff861c54c646
4806,mistral-24b,100.0,tablereformat,data_analysis,f44bcc507aa7a438c07f435c70e687868c07af785cc257410780ff861c54c646
4807,mistral-7b,0.0,tablereformat,data_analysis,f44bcc507aa7a438c07f435c70e687868c07af785cc257410780ff861c54c646
4808,qwen2.5-32b,100.0,tablereformat,data_analysis,f44bcc507aa7a438c07f435c70e687868c07af785cc257410780ff861c54c646
4809,qwen2.5-3b,100.0,tablereformat,data_analysis,f44bcc507aa7a438c07f435c70e687868c07af785cc257410780ff861c54c646
4810,gemma-3-12b-it,100.0,tablereformat,data_analysis,fe2193c57ea45001a4926fe79284b5a1405531d70f8ff5e5a4ebfeea8a79a10e
4811,gemma-3-1b-it,0.0,tablereformat,data_analysis,fe2193c57ea45001a4926fe79284b5a1405531d70f8ff5e5a4ebfeea8a79a10e
4812,gemma-3-4b-it,100.0,tablereformat,data_analysis,fe2193c57ea45001a4926fe79284b5a1405531d70f8ff5e5a4ebfeea8a79a10e
4813,llama-3.1-8b-instruct,0.0,tablereformat,data_analysis,fe2193c57ea45001a4926fe79284b5a1405531d70f8ff5e5a4ebfeea8a79a10e
4814,llama-3.2-1b-instruct,0.0,tablereformat,data_analysis,fe2193c57ea45001a4926fe79284b5a1405531d70f8ff5e5a4ebfeea8a79a10e
4815,llama-3.2-3b-instruct,0.0,tablereformat,data_analysis,fe2193c57ea45001a4926fe79284b5a1405531d70f8ff5e5a4ebfeea8a79a10e
4816,mistral-24b,0.0,tablereformat,data_analysis,fe2193c57ea45001a4926fe79284b5a1405531d70f8ff5e5a4ebfeea8a79a10e
4817,mistral-7b,0.0,tablereformat,data_analysis,fe2193c57ea45001a4926fe79284b5a1405531d70f8ff5e5a4ebfeea8a79a10e
4818,qwen2.5-32b,0.0,tablereformat,data_analysis,fe2193c57ea45001a4926fe79284b5a1405531d70f8ff5e5a4ebfeea8a79a10e
4819,qwen2.5-3b,0.0,tablereformat,data_analysis,fe2193c57ea45001a4926fe79284b5a1405531d70f8ff5e5a4ebfeea8a79a10e
4820,gemma-3-12b-it,0.0,tablejoin,data_analysis,01fc14e123214c67cbf235824d1ec952a825d5f78464ecc18fb9609c2781f50c
4821,gemma-3-1b-it,0.0,tablejoin,data_analysis,01fc14e123214c67cbf235824d1ec952a825d5f78464ecc18fb9609c2781f50c
4822,gemma-3-4b-it,0.0,tablejoin,data_analysis,01fc14e123214c67cbf235824d1ec952a825d5f78464ecc18fb9609c2781f50c
4823,llama-3.1-8b-instruct,0.0,tablejoin,data_analysis,01fc14e123214c67cbf235824d1ec952a825d5f78464ecc18fb9609c2781f50c
4824,llama-3.2-1b-instruct,0.0,tablejoin,data_analysis,01fc14e123214c67cbf235824d1ec952a825d5f78464ecc18fb9609c2781f50c
4825,llama-3.2-3b-instruct,0.0,tablejoin,data_analysis,01fc14e123214c67cbf235824d1ec952a825d5f78464ecc18fb9609c2781f50c
4826,mistral-24b,0.0,tablejoin,data_analysis,01fc14e123214c67cbf235824d1ec952a825d5f78464ecc18fb9609c2781f50c
4827,mistral-7b,0.0,tablejoin,data_analysis,01fc14e123214c67cbf235824d1ec952a825d5f78464ecc18fb9609c2781f50c
4828,qwen2.5-32b,100.0,tablejoin,data_analysis,01fc14e123214c67cbf235824d1ec952a825d5f78464ecc18fb9609c2781f50c
4829,qwen2.5-3b,100.0,tablejoin,data_analysis,01fc14e123214c67cbf235824d1ec952a825d5f78464ecc18fb9609c2781f50c
4830,gemma-3-12b-it,17.0,tablejoin,data_analysis,04ba0a2b8fe86cdd255723961356723f6de221cbe6bbc7af4b9ac93d45cd40ec
4831,gemma-3-1b-it,0.0,tablejoin,data_analysis,04ba0a2b8fe86cdd255723961356723f6de221cbe6bbc7af4b9ac93d45cd40ec
4832,gemma-3-4b-it,0.0,tablejoin,data_analysis,04ba0a2b8fe86cdd255723961356723f6de221cbe6bbc7af4b9ac93d45cd40ec
4833,llama-3.1-8b-instruct,0.0,tablejoin,data_analysis,04ba0a2b8fe86cdd255723961356723f6de221cbe6bbc7af4b9ac93d45cd40ec
4834,llama-3.2-1b-instruct,0.0,tablejoin,data_analysis,04ba0a2b8fe86cdd255723961356723f6de221cbe6bbc7af4b9ac93d45cd40ec
4835,llama-3.2-3b-instruct,0.0,tablejoin,data_analysis,04ba0a2b8fe86cdd255723961356723f6de221cbe6bbc7af4b9ac93d45cd40ec
4836,mistral-24b,15.0,tablejoin,data_analysis,04ba0a2b8fe86cdd255723961356723f6de221cbe6bbc7af4b9ac93d45cd40ec
4837,mistral-7b,0.0,tablejoin,data_analysis,04ba0a2b8fe86cdd255723961356723f6de221cbe6bbc7af4b9ac93d45cd40ec
4838,qwen2.5-32b,25.0,tablejoin,data_analysis,04ba0a2b8fe86cdd255723961356723f6de221cbe6bbc7af4b9ac93d45cd40ec
4839,qwen2.5-3b,0.0,tablejoin,data_analysis,04ba0a2b8fe86cdd255723961356723f6de221cbe6bbc7af4b9ac93d45cd40ec
4840,gemma-3-12b-it,0.0,tablejoin,data_analysis,0764131eaf30bb8af36ad749f144da01c0113b1cee00092dde2919287df2ba78
4841,gemma-3-1b-it,0.0,tablejoin,data_analysis,0764131eaf30bb8af36ad749f144da01c0113b1cee00092dde2919287df2ba78
4842,gemma-3-4b-it,0.0,tablejoin,data_analysis,0764131eaf30bb8af36ad749f144da01c0113b1cee00092dde2919287df2ba78
4843,llama-3.1-8b-instruct,0.0,tablejoin,data_analysis,0764131eaf30bb8af36ad749f144da01c0113b1cee00092dde2919287df2ba78
4844,llama-3.2-1b-instruct,0.0,tablejoin,data_analysis,0764131eaf30bb8af36ad749f144da01c0113b1cee00092dde2919287df2ba78
4845,llama-3.2-3b-instruct,0.0,tablejoin,data_analysis,0764131eaf30bb8af36ad749f144da01c0113b1cee00092dde2919287df2ba78
4846,mistral-24b,0.0,tablejoin,data_analysis,0764131eaf30bb8af36ad749f144da01c0113b1cee00092dde2919287df2ba78
4847,mistral-7b,0.0,tablejoin,data_analysis,0764131eaf30bb8af36ad749f144da01c0113b1cee00092dde2919287df2ba78
4848,qwen2.5-32b,0.0,tablejoin,data_analysis,0764131eaf30bb8af36ad749f144da01c0113b1cee00092dde2919287df2ba78
4849,qwen2.5-3b,0.0,tablejoin,data_analysis,0764131eaf30bb8af36ad749f144da01c0113b1cee00092dde2919287df2ba78
4850,gemma-3-12b-it,0.0,tablejoin,data_analysis,0bf086ff674cfda54c0293a3ae03a3720d2d1cb755748cc4800d43b375d20a3c
4851,gemma-3-1b-it,0.0,tablejoin,data_analysis,0bf086ff674cfda54c0293a3ae03a3720d2d1cb755748cc4800d43b375d20a3c
4852,gemma-3-4b-it,0.0,tablejoin,data_analysis,0bf086ff674cfda54c0293a3ae03a3720d2d1cb755748cc4800d43b375d20a3c
4853,llama-3.1-8b-instruct,0.0,tablejoin,data_analysis,0bf086ff674cfda54c0293a3ae03a3720d2d1cb755748cc4800d43b375d20a3c
4854,llama-3.2-1b-instruct,0.0,tablejoin,data_analysis,0bf086ff674cfda54c0293a3ae03a3720d2d1cb755748cc4800d43b375d20a3c
4855,llama-3.2-3b-instruct,0.0,tablejoin,data_analysis,0bf086ff674cfda54c0293a3ae03a3720d2d1cb755748cc4800d43b375d20a3c
4856,mistral-24b,0.0,tablejoin,data_analysis,0bf086ff674cfda54c0293a3ae03a3720d2d1cb755748cc4800d43b375d20a3c
4857,mistral-7b,0.0,tablejoin,data_analysis,0bf086ff674cfda54c0293a3ae03a3720d2d1cb755748cc4800d43b375d20a3c
4858,qwen2.5-32b,0.0,tablejoin,data_analysis,0bf086ff674cfda54c0293a3ae03a3720d2d1cb755748cc4800d43b375d20a3c
4859,qwen2.5-3b,0.0,tablejoin,data_analysis,0bf086ff674cfda54c0293a3ae03a3720d2d1cb755748cc4800d43b375d20a3c
4860,gemma-3-12b-it,0.0,tablejoin,data_analysis,10047d040ef1e563f1db3278979d56d1182617b3484c63ed53a388a0d006a7e4
4861,gemma-3-1b-it,0.0,tablejoin,data_analysis,10047d040ef1e563f1db3278979d56d1182617b3484c63ed53a388a0d006a7e4
4862,gemma-3-4b-it,0.0,tablejoin,data_analysis,10047d040ef1e563f1db3278979d56d1182617b3484c63ed53a388a0d006a7e4
4863,llama-3.1-8b-instruct,0.0,tablejoin,data_analysis,10047d040ef1e563f1db3278979d56d1182617b3484c63ed53a388a0d006a7e4
4864,llama-3.2-1b-instruct,0.0,tablejoin,data_analysis,10047d040ef1e563f1db3278979d56d1182617b3484c63ed53a388a0d006a7e4
4865,llama-3.2-3b-instruct,0.0,tablejoin,data_analysis,10047d040ef1e563f1db3278979d56d1182617b3484c63ed53a388a0d006a7e4
4866,mistral-24b,0.0,tablejoin,data_analysis,10047d040ef1e563f1db3278979d56d1182617b3484c63ed53a388a0d006a7e4
4867,mistral-7b,0.0,tablejoin,data_analysis,10047d040ef1e563f1db3278979d56d1182617b3484c63ed53a388a0d006a7e4
4868,qwen2.5-32b,17.0,tablejoin,data_analysis,10047d040ef1e563f1db3278979d56d1182617b3484c63ed53a388a0d006a7e4
4869,qwen2.5-3b,0.0,tablejoin,data_analysis,10047d040ef1e563f1db3278979d56d1182617b3484c63ed53a388a0d006a7e4
4870,gemma-3-12b-it,0.0,tablejoin,data_analysis,140b7ab87b7be33e80fff3cfc052077d34cc51b5038c1c390cfb9780ad948c04
4871,gemma-3-1b-it,0.0,tablejoin,data_analysis,140b7ab87b7be33e80fff3cfc052077d34cc51b5038c1c390cfb9780ad948c04
4872,gemma-3-4b-it,0.0,tablejoin,data_analysis,140b7ab87b7be33e80fff3cfc052077d34cc51b5038c1c390cfb9780ad948c04
4873,llama-3.1-8b-instruct,14.000000000000002,tablejoin,data_analysis,140b7ab87b7be33e80fff3cfc052077d34cc51b5038c1c390cfb9780ad948c04
4874,llama-3.2-1b-instruct,0.0,tablejoin,data_analysis,140b7ab87b7be33e80fff3cfc052077d34cc51b5038c1c390cfb9780ad948c04
4875,llama-3.2-3b-instruct,0.0,tablejoin,data_analysis,140b7ab87b7be33e80fff3cfc052077d34cc51b5038c1c390cfb9780ad948c04
4876,mistral-24b,0.0,tablejoin,data_analysis,140b7ab87b7be33e80fff3cfc052077d34cc51b5038c1c390cfb9780ad948c04
4877,mistral-7b,0.0,tablejoin,data_analysis,140b7ab87b7be33e80fff3cfc052077d34cc51b5038c1c390cfb9780ad948c04
4878,qwen2.5-32b,25.0,tablejoin,data_analysis,140b7ab87b7be33e80fff3cfc052077d34cc51b5038c1c390cfb9780ad948c04
4879,qwen2.5-3b,0.0,tablejoin,data_analysis,140b7ab87b7be33e80fff3cfc052077d34cc51b5038c1c390cfb9780ad948c04
4880,gemma-3-12b-it,0.0,tablejoin,data_analysis,145cfcc10c148be13cc52c96a77611ff6fa5a2b2f756b7f8f9bc0220404a83d7
4881,gemma-3-1b-it,0.0,tablejoin,data_analysis,145cfcc10c148be13cc52c96a77611ff6fa5a2b2f756b7f8f9bc0220404a83d7
4882,gemma-3-4b-it,0.0,tablejoin,data_analysis,145cfcc10c148be13cc52c96a77611ff6fa5a2b2f756b7f8f9bc0220404a83d7
4883,llama-3.1-8b-instruct,0.0,tablejoin,data_analysis,145cfcc10c148be13cc52c96a77611ff6fa5a2b2f756b7f8f9bc0220404a83d7
4884,llama-3.2-1b-instruct,0.0,tablejoin,data_analysis,145cfcc10c148be13cc52c96a77611ff6fa5a2b2f756b7f8f9bc0220404a83d7
4885,llama-3.2-3b-instruct,0.0,tablejoin,data_analysis,145cfcc10c148be13cc52c96a77611ff6fa5a2b2f756b7f8f9bc0220404a83d7
4886,mistral-24b,0.0,tablejoin,data_analysis,145cfcc10c148be13cc52c96a77611ff6fa5a2b2f756b7f8f9bc0220404a83d7
4887,mistral-7b,0.0,tablejoin,data_analysis,145cfcc10c148be13cc52c96a77611ff6fa5a2b2f756b7f8f9bc0220404a83d7
4888,qwen2.5-32b,0.0,tablejoin,data_analysis,145cfcc10c148be13cc52c96a77611ff6fa5a2b2f756b7f8f9bc0220404a83d7
4889,qwen2.5-3b,0.0,tablejoin,data_analysis,145cfcc10c148be13cc52c96a77611ff6fa5a2b2f756b7f8f9bc0220404a83d7
4890,gemma-3-12b-it,67.0,tablejoin,data_analysis,1555bac3606cf98dc257767598c8a85738893f74b07a0a7f2d150751d0ab4939
4891,gemma-3-1b-it,0.0,tablejoin,data_analysis,1555bac3606cf98dc257767598c8a85738893f74b07a0a7f2d150751d0ab4939
4892,gemma-3-4b-it,0.0,tablejoin,data_analysis,1555bac3606cf98dc257767598c8a85738893f74b07a0a7f2d150751d0ab4939
4893,llama-3.1-8b-instruct,0.0,tablejoin,data_analysis,1555bac3606cf98dc257767598c8a85738893f74b07a0a7f2d150751d0ab4939
4894,llama-3.2-1b-instruct,0.0,tablejoin,data_analysis,1555bac3606cf98dc257767598c8a85738893f74b07a0a7f2d150751d0ab4939
4895,llama-3.2-3b-instruct,0.0,tablejoin,data_analysis,1555bac3606cf98dc257767598c8a85738893f74b07a0a7f2d150751d0ab4939
4896,mistral-24b,67.0,tablejoin,data_analysis,1555bac3606cf98dc257767598c8a85738893f74b07a0a7f2d150751d0ab4939
4897,mistral-7b,0.0,tablejoin,data_analysis,1555bac3606cf98dc257767598c8a85738893f74b07a0a7f2d150751d0ab4939
4898,qwen2.5-32b,67.0,tablejoin,data_analysis,1555bac3606cf98dc257767598c8a85738893f74b07a0a7f2d150751d0ab4939
4899,qwen2.5-3b,0.0,tablejoin,data_analysis,1555bac3606cf98dc257767598c8a85738893f74b07a0a7f2d150751d0ab4939
4900,gemma-3-12b-it,22.0,tablejoin,data_analysis,1620e3381c6b9ba1ff0bcde15d816ec23ce445e1de6ed45de56ca41b0d1ae855
4901,gemma-3-1b-it,0.0,tablejoin,data_analysis,1620e3381c6b9ba1ff0bcde15d816ec23ce445e1de6ed45de56ca41b0d1ae855
4902,gemma-3-4b-it,0.0,tablejoin,data_analysis,1620e3381c6b9ba1ff0bcde15d816ec23ce445e1de6ed45de56ca41b0d1ae855
4903,llama-3.1-8b-instruct,0.0,tablejoin,data_analysis,1620e3381c6b9ba1ff0bcde15d816ec23ce445e1de6ed45de56ca41b0d1ae855
4904,llama-3.2-1b-instruct,0.0,tablejoin,data_analysis,1620e3381c6b9ba1ff0bcde15d816ec23ce445e1de6ed45de56ca41b0d1ae855
4905,llama-3.2-3b-instruct,18.0,tablejoin,data_analysis,1620e3381c6b9ba1ff0bcde15d816ec23ce445e1de6ed45de56ca41b0d1ae855
4906,mistral-24b,22.0,tablejoin,data_analysis,1620e3381c6b9ba1ff0bcde15d816ec23ce445e1de6ed45de56ca41b0d1ae855
4907,mistral-7b,0.0,tablejoin,data_analysis,1620e3381c6b9ba1ff0bcde15d816ec23ce445e1de6ed45de56ca41b0d1ae855
4908,qwen2.5-32b,28.999999999999996,tablejoin,data_analysis,1620e3381c6b9ba1ff0bcde15d816ec23ce445e1de6ed45de56ca41b0d1ae855
4909,qwen2.5-3b,0.0,tablejoin,data_analysis,1620e3381c6b9ba1ff0bcde15d816ec23ce445e1de6ed45de56ca41b0d1ae855
4910,gemma-3-12b-it,0.0,tablejoin,data_analysis,27da7f0ed5df368fa2d311fe3be17bbece8769109b41fc6e7768706d5d26f662
4911,gemma-3-1b-it,0.0,tablejoin,data_analysis,27da7f0ed5df368fa2d311fe3be17bbece8769109b41fc6e7768706d5d26f662
4912,gemma-3-4b-it,0.0,tablejoin,data_analysis,27da7f0ed5df368fa2d311fe3be17bbece8769109b41fc6e7768706d5d26f662
4913,llama-3.1-8b-instruct,0.0,tablejoin,data_analysis,27da7f0ed5df368fa2d311fe3be17bbece8769109b41fc6e7768706d5d26f662
4914,llama-3.2-1b-instruct,0.0,tablejoin,data_analysis,27da7f0ed5df368fa2d311fe3be17bbece8769109b41fc6e7768706d5d26f662
4915,llama-3.2-3b-instruct,0.0,tablejoin,data_analysis,27da7f0ed5df368fa2d311fe3be17bbece8769109b41fc6e7768706d5d26f662
4916,mistral-24b,0.0,tablejoin,data_analysis,27da7f0ed5df368fa2d311fe3be17bbece8769109b41fc6e7768706d5d26f662
4917,mistral-7b,0.0,tablejoin,data_analysis,27da7f0ed5df368fa2d311fe3be17bbece8769109b41fc6e7768706d5d26f662
4918,qwen2.5-32b,0.0,tablejoin,data_analysis,27da7f0ed5df368fa2d311fe3be17bbece8769109b41fc6e7768706d5d26f662
4919,qwen2.5-3b,0.0,tablejoin,data_analysis,27da7f0ed5df368fa2d311fe3be17bbece8769109b41fc6e7768706d5d26f662
4920,gemma-3-12b-it,0.0,tablejoin,data_analysis,2e645a9a481f16ce14b5d069b62520852babd3b55383e00a75f675707088fddc
4921,gemma-3-1b-it,0.0,tablejoin,data_analysis,2e645a9a481f16ce14b5d069b62520852babd3b55383e00a75f675707088fddc
4922,gemma-3-4b-it,0.0,tablejoin,data_analysis,2e645a9a481f16ce14b5d069b62520852babd3b55383e00a75f675707088fddc
4923,llama-3.1-8b-instruct,0.0,tablejoin,data_analysis,2e645a9a481f16ce14b5d069b62520852babd3b55383e00a75f675707088fddc
4924,llama-3.2-1b-instruct,0.0,tablejoin,data_analysis,2e645a9a481f16ce14b5d069b62520852babd3b55383e00a75f675707088fddc
4925,llama-3.2-3b-instruct,0.0,tablejoin,data_analysis,2e645a9a481f16ce14b5d069b62520852babd3b55383e00a75f675707088fddc
4926,mistral-24b,0.0,tablejoin,data_analysis,2e645a9a481f16ce14b5d069b62520852babd3b55383e00a75f675707088fddc
4927,mistral-7b,0.0,tablejoin,data_analysis,2e645a9a481f16ce14b5d069b62520852babd3b55383e00a75f675707088fddc
4928,qwen2.5-32b,18.0,tablejoin,data_analysis,2e645a9a481f16ce14b5d069b62520852babd3b55383e00a75f675707088fddc
4929,qwen2.5-3b,0.0,tablejoin,data_analysis,2e645a9a481f16ce14b5d069b62520852babd3b55383e00a75f675707088fddc
4930,gemma-3-12b-it,0.0,tablejoin,data_analysis,2f1500d37ffd0e42cd2c89c04011cbbf5dd6b1f71f495156b016a967270cdded
4931,gemma-3-1b-it,0.0,tablejoin,data_analysis,2f1500d37ffd0e42cd2c89c04011cbbf5dd6b1f71f495156b016a967270cdded
4932,gemma-3-4b-it,0.0,tablejoin,data_analysis,2f1500d37ffd0e42cd2c89c04011cbbf5dd6b1f71f495156b016a967270cdded
4933,llama-3.1-8b-instruct,0.0,tablejoin,data_analysis,2f1500d37ffd0e42cd2c89c04011cbbf5dd6b1f71f495156b016a967270cdded
4934,llama-3.2-1b-instruct,0.0,tablejoin,data_analysis,2f1500d37ffd0e42cd2c89c04011cbbf5dd6b1f71f495156b016a967270cdded
4935,llama-3.2-3b-instruct,0.0,tablejoin,data_analysis,2f1500d37ffd0e42cd2c89c04011cbbf5dd6b1f71f495156b016a967270cdded
4936,mistral-24b,0.0,tablejoin,data_analysis,2f1500d37ffd0e42cd2c89c04011cbbf5dd6b1f71f495156b016a967270cdded
4937,mistral-7b,0.0,tablejoin,data_analysis,2f1500d37ffd0e42cd2c89c04011cbbf5dd6b1f71f495156b016a967270cdded
4938,qwen2.5-32b,62.0,tablejoin,data_analysis,2f1500d37ffd0e42cd2c89c04011cbbf5dd6b1f71f495156b016a967270cdded
4939,qwen2.5-3b,0.0,tablejoin,data_analysis,2f1500d37ffd0e42cd2c89c04011cbbf5dd6b1f71f495156b016a967270cdded
4940,gemma-3-12b-it,0.0,tablejoin,data_analysis,31b308131501939d06a5af26b6e26500ab71fc1585a16324abda514a2276ed14
4941,gemma-3-1b-it,0.0,tablejoin,data_analysis,31b308131501939d06a5af26b6e26500ab71fc1585a16324abda514a2276ed14
4942,gemma-3-4b-it,0.0,tablejoin,data_analysis,31b308131501939d06a5af26b6e26500ab71fc1585a16324abda514a2276ed14
4943,llama-3.1-8b-instruct,0.0,tablejoin,data_analysis,31b308131501939d06a5af26b6e26500ab71fc1585a16324abda514a2276ed14
4944,llama-3.2-1b-instruct,0.0,tablejoin,data_analysis,31b308131501939d06a5af26b6e26500ab71fc1585a16324abda514a2276ed14
4945,llama-3.2-3b-instruct,0.0,tablejoin,data_analysis,31b308131501939d06a5af26b6e26500ab71fc1585a16324abda514a2276ed14
4946,mistral-24b,0.0,tablejoin,data_analysis,31b308131501939d06a5af26b6e26500ab71fc1585a16324abda514a2276ed14
4947,mistral-7b,0.0,tablejoin,data_analysis,31b308131501939d06a5af26b6e26500ab71fc1585a16324abda514a2276ed14
4948,qwen2.5-32b,36.0,tablejoin,data_analysis,31b308131501939d06a5af26b6e26500ab71fc1585a16324abda514a2276ed14
4949,qwen2.5-3b,0.0,tablejoin,data_analysis,31b308131501939d06a5af26b6e26500ab71fc1585a16324abda514a2276ed14
4950,gemma-3-12b-it,0.0,tablejoin,data_analysis,44953ce33916e7caae16bbce54fbd5a4e00d438924e5e53c0b5c5765ce5a583f
4951,gemma-3-1b-it,0.0,tablejoin,data_analysis,44953ce33916e7caae16bbce54fbd5a4e00d438924e5e53c0b5c5765ce5a583f
4952,gemma-3-4b-it,0.0,tablejoin,data_analysis,44953ce33916e7caae16bbce54fbd5a4e00d438924e5e53c0b5c5765ce5a583f
4953,llama-3.1-8b-instruct,0.0,tablejoin,data_analysis,44953ce33916e7caae16bbce54fbd5a4e00d438924e5e53c0b5c5765ce5a583f
4954,llama-3.2-1b-instruct,0.0,tablejoin,data_analysis,44953ce33916e7caae16bbce54fbd5a4e00d438924e5e53c0b5c5765ce5a583f
4955,llama-3.2-3b-instruct,0.0,tablejoin,data_analysis,44953ce33916e7caae16bbce54fbd5a4e00d438924e5e53c0b5c5765ce5a583f
4956,mistral-24b,0.0,tablejoin,data_analysis,44953ce33916e7caae16bbce54fbd5a4e00d438924e5e53c0b5c5765ce5a583f
4957,mistral-7b,0.0,tablejoin,data_analysis,44953ce33916e7caae16bbce54fbd5a4e00d438924e5e53c0b5c5765ce5a583f
4958,qwen2.5-32b,50.0,tablejoin,data_analysis,44953ce33916e7caae16bbce54fbd5a4e00d438924e5e53c0b5c5765ce5a583f
4959,qwen2.5-3b,0.0,tablejoin,data_analysis,44953ce33916e7caae16bbce54fbd5a4e00d438924e5e53c0b5c5765ce5a583f
4960,gemma-3-12b-it,0.0,tablejoin,data_analysis,4840c0c5075383274db75d8610087c3a725f4be885832e5fa97a46933e7485ae
4961,gemma-3-1b-it,0.0,tablejoin,data_analysis,4840c0c5075383274db75d8610087c3a725f4be885832e5fa97a46933e7485ae
4962,gemma-3-4b-it,0.0,tablejoin,data_analysis,4840c0c5075383274db75d8610087c3a725f4be885832e5fa97a46933e7485ae
4963,llama-3.1-8b-instruct,0.0,tablejoin,data_analysis,4840c0c5075383274db75d8610087c3a725f4be885832e5fa97a46933e7485ae
4964,llama-3.2-1b-instruct,0.0,tablejoin,data_analysis,4840c0c5075383274db75d8610087c3a725f4be885832e5fa97a46933e7485ae
4965,llama-3.2-3b-instruct,0.0,tablejoin,data_analysis,4840c0c5075383274db75d8610087c3a725f4be885832e5fa97a46933e7485ae
4966,mistral-24b,0.0,tablejoin,data_analysis,4840c0c5075383274db75d8610087c3a725f4be885832e5fa97a46933e7485ae
4967,mistral-7b,0.0,tablejoin,data_analysis,4840c0c5075383274db75d8610087c3a725f4be885832e5fa97a46933e7485ae
4968,qwen2.5-32b,0.0,tablejoin,data_analysis,4840c0c5075383274db75d8610087c3a725f4be885832e5fa97a46933e7485ae
4969,qwen2.5-3b,0.0,tablejoin,data_analysis,4840c0c5075383274db75d8610087c3a725f4be885832e5fa97a46933e7485ae
4970,gemma-3-12b-it,40.0,tablejoin,data_analysis,490dfdc0383f199c870aa7710499c4081c35ff3545415dab3904f64e7526a809
4971,gemma-3-1b-it,0.0,tablejoin,data_analysis,490dfdc0383f199c870aa7710499c4081c35ff3545415dab3904f64e7526a809
4972,gemma-3-4b-it,0.0,tablejoin,data_analysis,490dfdc0383f199c870aa7710499c4081c35ff3545415dab3904f64e7526a809
4973,llama-3.1-8b-instruct,0.0,tablejoin,data_analysis,490dfdc0383f199c870aa7710499c4081c35ff3545415dab3904f64e7526a809
4974,llama-3.2-1b-instruct,0.0,tablejoin,data_analysis,490dfdc0383f199c870aa7710499c4081c35ff3545415dab3904f64e7526a809
4975,llama-3.2-3b-instruct,0.0,tablejoin,data_analysis,490dfdc0383f199c870aa7710499c4081c35ff3545415dab3904f64e7526a809
4976,mistral-24b,0.0,tablejoin,data_analysis,490dfdc0383f199c870aa7710499c4081c35ff3545415dab3904f64e7526a809
4977,mistral-7b,0.0,tablejoin,data_analysis,490dfdc0383f199c870aa7710499c4081c35ff3545415dab3904f64e7526a809
4978,qwen2.5-32b,86.0,tablejoin,data_analysis,490dfdc0383f199c870aa7710499c4081c35ff3545415dab3904f64e7526a809
4979,qwen2.5-3b,0.0,tablejoin,data_analysis,490dfdc0383f199c870aa7710499c4081c35ff3545415dab3904f64e7526a809
4980,gemma-3-12b-it,0.0,tablejoin,data_analysis,4d351c29bdddf5c41d59cd7bd1b70bb4d2ae2a071ada382d7690066b1cd7764c
4981,gemma-3-1b-it,0.0,tablejoin,data_analysis,4d351c29bdddf5c41d59cd7bd1b70bb4d2ae2a071ada382d7690066b1cd7764c
4982,gemma-3-4b-it,0.0,tablejoin,data_analysis,4d351c29bdddf5c41d59cd7bd1b70bb4d2ae2a071ada382d7690066b1cd7764c
4983,llama-3.1-8b-instruct,0.0,tablejoin,data_analysis,4d351c29bdddf5c41d59cd7bd1b70bb4d2ae2a071ada382d7690066b1cd7764c
4984,llama-3.2-1b-instruct,0.0,tablejoin,data_analysis,4d351c29bdddf5c41d59cd7bd1b70bb4d2ae2a071ada382d7690066b1cd7764c
4985,llama-3.2-3b-instruct,0.0,tablejoin,data_analysis,4d351c29bdddf5c41d59cd7bd1b70bb4d2ae2a071ada382d7690066b1cd7764c
4986,mistral-24b,22.0,tablejoin,data_analysis,4d351c29bdddf5c41d59cd7bd1b70bb4d2ae2a071ada382d7690066b1cd7764c
4987,mistral-7b,0.0,tablejoin,data_analysis,4d351c29bdddf5c41d59cd7bd1b70bb4d2ae2a071ada382d7690066b1cd7764c
4988,qwen2.5-32b,0.0,tablejoin,data_analysis,4d351c29bdddf5c41d59cd7bd1b70bb4d2ae2a071ada382d7690066b1cd7764c
4989,qwen2.5-3b,0.0,tablejoin,data_analysis,4d351c29bdddf5c41d59cd7bd1b70bb4d2ae2a071ada382d7690066b1cd7764c
4990,gemma-3-12b-it,25.0,tablejoin,data_analysis,5063b77b06647a10818a76a2feda884741860ca4ef5816ae4580babafea11fb0
4991,gemma-3-1b-it,0.0,tablejoin,data_analysis,5063b77b06647a10818a76a2feda884741860ca4ef5816ae4580babafea11fb0
4992,gemma-3-4b-it,0.0,tablejoin,data_analysis,5063b77b06647a10818a76a2feda884741860ca4ef5816ae4580babafea11fb0
4993,llama-3.1-8b-instruct,0.0,tablejoin,data_analysis,5063b77b06647a10818a76a2feda884741860ca4ef5816ae4580babafea11fb0
4994,llama-3.2-1b-instruct,0.0,tablejoin,data_analysis,5063b77b06647a10818a76a2feda884741860ca4ef5816ae4580babafea11fb0
4995,llama-3.2-3b-instruct,0.0,tablejoin,data_analysis,5063b77b06647a10818a76a2feda884741860ca4ef5816ae4580babafea11fb0
4996,mistral-24b,0.0,tablejoin,data_analysis,5063b77b06647a10818a76a2feda884741860ca4ef5816ae4580babafea11fb0
4997,mistral-7b,0.0,tablejoin,data_analysis,5063b77b06647a10818a76a2feda884741860ca4ef5816ae4580babafea11fb0
4998,qwen2.5-32b,100.0,tablejoin,data_analysis,5063b77b06647a10818a76a2feda884741860ca4ef5816ae4580babafea11fb0
4999,qwen2.5-3b,0.0,tablejoin,data_analysis,5063b77b06647a10818a76a2feda884741860ca4ef5816ae4580babafea11fb0
5000,gemma-3-12b-it,0.0,tablejoin,data_analysis,519653e1054c2c48e303e4f8fb1fa2e5fe01d1fd1fb4d26fa45a33b5eb781a3c
5001,gemma-3-1b-it,0.0,tablejoin,data_analysis,519653e1054c2c48e303e4f8fb1fa2e5fe01d1fd1fb4d26fa45a33b5eb781a3c
5002,gemma-3-4b-it,0.0,tablejoin,data_analysis,519653e1054c2c48e303e4f8fb1fa2e5fe01d1fd1fb4d26fa45a33b5eb781a3c
5003,llama-3.1-8b-instruct,0.0,tablejoin,data_analysis,519653e1054c2c48e303e4f8fb1fa2e5fe01d1fd1fb4d26fa45a33b5eb781a3c
5004,llama-3.2-1b-instruct,0.0,tablejoin,data_analysis,519653e1054c2c48e303e4f8fb1fa2e5fe01d1fd1fb4d26fa45a33b5eb781a3c
5005,llama-3.2-3b-instruct,0.0,tablejoin,data_analysis,519653e1054c2c48e303e4f8fb1fa2e5fe01d1fd1fb4d26fa45a33b5eb781a3c
5006,mistral-24b,0.0,tablejoin,data_analysis,519653e1054c2c48e303e4f8fb1fa2e5fe01d1fd1fb4d26fa45a33b5eb781a3c
5007,mistral-7b,0.0,tablejoin,data_analysis,519653e1054c2c48e303e4f8fb1fa2e5fe01d1fd1fb4d26fa45a33b5eb781a3c
5008,qwen2.5-32b,0.0,tablejoin,data_analysis,519653e1054c2c48e303e4f8fb1fa2e5fe01d1fd1fb4d26fa45a33b5eb781a3c
5009,qwen2.5-3b,0.0,tablejoin,data_analysis,519653e1054c2c48e303e4f8fb1fa2e5fe01d1fd1fb4d26fa45a33b5eb781a3c
5010,gemma-3-12b-it,0.0,tablejoin,data_analysis,52b2630e360ae523378662c58b554046d5086033761e830cee61d24e46850889
5011,gemma-3-1b-it,0.0,tablejoin,data_analysis,52b2630e360ae523378662c58b554046d5086033761e830cee61d24e46850889
5012,gemma-3-4b-it,0.0,tablejoin,data_analysis,52b2630e360ae523378662c58b554046d5086033761e830cee61d24e46850889
5013,llama-3.1-8b-instruct,0.0,tablejoin,data_analysis,52b2630e360ae523378662c58b554046d5086033761e830cee61d24e46850889
5014,llama-3.2-1b-instruct,0.0,tablejoin,data_analysis,52b2630e360ae523378662c58b554046d5086033761e830cee61d24e46850889
5015,llama-3.2-3b-instruct,0.0,tablejoin,data_analysis,52b2630e360ae523378662c58b554046d5086033761e830cee61d24e46850889
5016,mistral-24b,0.0,tablejoin,data_analysis,52b2630e360ae523378662c58b554046d5086033761e830cee61d24e46850889
5017,mistral-7b,0.0,tablejoin,data_analysis,52b2630e360ae523378662c58b554046d5086033761e830cee61d24e46850889
5018,qwen2.5-32b,57.00000000000001,tablejoin,data_analysis,52b2630e360ae523378662c58b554046d5086033761e830cee61d24e46850889
5019,qwen2.5-3b,0.0,tablejoin,data_analysis,52b2630e360ae523378662c58b554046d5086033761e830cee61d24e46850889
5020,gemma-3-12b-it,0.0,tablejoin,data_analysis,539fd06729e1f852302dd51aab15ffa115225362425ef04808cdef88d000d300
5021,gemma-3-1b-it,0.0,tablejoin,data_analysis,539fd06729e1f852302dd51aab15ffa115225362425ef04808cdef88d000d300
5022,gemma-3-4b-it,0.0,tablejoin,data_analysis,539fd06729e1f852302dd51aab15ffa115225362425ef04808cdef88d000d300
5023,llama-3.1-8b-instruct,0.0,tablejoin,data_analysis,539fd06729e1f852302dd51aab15ffa115225362425ef04808cdef88d000d300
5024,llama-3.2-1b-instruct,0.0,tablejoin,data_analysis,539fd06729e1f852302dd51aab15ffa115225362425ef04808cdef88d000d300
5025,llama-3.2-3b-instruct,0.0,tablejoin,data_analysis,539fd06729e1f852302dd51aab15ffa115225362425ef04808cdef88d000d300
5026,mistral-24b,0.0,tablejoin,data_analysis,539fd06729e1f852302dd51aab15ffa115225362425ef04808cdef88d000d300
5027,mistral-7b,0.0,tablejoin,data_analysis,539fd06729e1f852302dd51aab15ffa115225362425ef04808cdef88d000d300
5028,qwen2.5-32b,0.0,tablejoin,data_analysis,539fd06729e1f852302dd51aab15ffa115225362425ef04808cdef88d000d300
5029,qwen2.5-3b,0.0,tablejoin,data_analysis,539fd06729e1f852302dd51aab15ffa115225362425ef04808cdef88d000d300
5030,gemma-3-12b-it,28.999999999999996,tablejoin,data_analysis,55d610b0b74c049e9664df825f1bffcb7999fffc0576ff3317960a2124c3feaf
5031,gemma-3-1b-it,0.0,tablejoin,data_analysis,55d610b0b74c049e9664df825f1bffcb7999fffc0576ff3317960a2124c3feaf
5032,gemma-3-4b-it,0.0,tablejoin,data_analysis,55d610b0b74c049e9664df825f1bffcb7999fffc0576ff3317960a2124c3feaf
5033,llama-3.1-8b-instruct,0.0,tablejoin,data_analysis,55d610b0b74c049e9664df825f1bffcb7999fffc0576ff3317960a2124c3feaf
5034,llama-3.2-1b-instruct,0.0,tablejoin,data_analysis,55d610b0b74c049e9664df825f1bffcb7999fffc0576ff3317960a2124c3feaf
5035,llama-3.2-3b-instruct,0.0,tablejoin,data_analysis,55d610b0b74c049e9664df825f1bffcb7999fffc0576ff3317960a2124c3feaf
5036,mistral-24b,0.0,tablejoin,data_analysis,55d610b0b74c049e9664df825f1bffcb7999fffc0576ff3317960a2124c3feaf
5037,mistral-7b,0.0,tablejoin,data_analysis,55d610b0b74c049e9664df825f1bffcb7999fffc0576ff3317960a2124c3feaf
5038,qwen2.5-32b,0.0,tablejoin,data_analysis,55d610b0b74c049e9664df825f1bffcb7999fffc0576ff3317960a2124c3feaf
5039,qwen2.5-3b,0.0,tablejoin,data_analysis,55d610b0b74c049e9664df825f1bffcb7999fffc0576ff3317960a2124c3feaf
5040,gemma-3-12b-it,0.0,tablejoin,data_analysis,587e13e04d18246f787cc8d41da67701eb1343795150a63b1996c5ec8270b20e
5041,gemma-3-1b-it,0.0,tablejoin,data_analysis,587e13e04d18246f787cc8d41da67701eb1343795150a63b1996c5ec8270b20e
5042,gemma-3-4b-it,0.0,tablejoin,data_analysis,587e13e04d18246f787cc8d41da67701eb1343795150a63b1996c5ec8270b20e
5043,llama-3.1-8b-instruct,0.0,tablejoin,data_analysis,587e13e04d18246f787cc8d41da67701eb1343795150a63b1996c5ec8270b20e
5044,llama-3.2-1b-instruct,0.0,tablejoin,data_analysis,587e13e04d18246f787cc8d41da67701eb1343795150a63b1996c5ec8270b20e
5045,llama-3.2-3b-instruct,0.0,tablejoin,data_analysis,587e13e04d18246f787cc8d41da67701eb1343795150a63b1996c5ec8270b20e
5046,mistral-24b,0.0,tablejoin,data_analysis,587e13e04d18246f787cc8d41da67701eb1343795150a63b1996c5ec8270b20e
5047,mistral-7b,0.0,tablejoin,data_analysis,587e13e04d18246f787cc8d41da67701eb1343795150a63b1996c5ec8270b20e
5048,qwen2.5-32b,0.0,tablejoin,data_analysis,587e13e04d18246f787cc8d41da67701eb1343795150a63b1996c5ec8270b20e
5049,qwen2.5-3b,0.0,tablejoin,data_analysis,587e13e04d18246f787cc8d41da67701eb1343795150a63b1996c5ec8270b20e
5050,gemma-3-12b-it,50.0,tablejoin,data_analysis,75fca1a433c6e663241c1941e6034cd7625cd4b5981159c7f4ad74703df98b53
5051,gemma-3-1b-it,0.0,tablejoin,data_analysis,75fca1a433c6e663241c1941e6034cd7625cd4b5981159c7f4ad74703df98b53
5052,gemma-3-4b-it,0.0,tablejoin,data_analysis,75fca1a433c6e663241c1941e6034cd7625cd4b5981159c7f4ad74703df98b53
5053,llama-3.1-8b-instruct,0.0,tablejoin,data_analysis,75fca1a433c6e663241c1941e6034cd7625cd4b5981159c7f4ad74703df98b53
5054,llama-3.2-1b-instruct,0.0,tablejoin,data_analysis,75fca1a433c6e663241c1941e6034cd7625cd4b5981159c7f4ad74703df98b53
5055,llama-3.2-3b-instruct,0.0,tablejoin,data_analysis,75fca1a433c6e663241c1941e6034cd7625cd4b5981159c7f4ad74703df98b53
5056,mistral-24b,100.0,tablejoin,data_analysis,75fca1a433c6e663241c1941e6034cd7625cd4b5981159c7f4ad74703df98b53
5057,mistral-7b,0.0,tablejoin,data_analysis,75fca1a433c6e663241c1941e6034cd7625cd4b5981159c7f4ad74703df98b53
5058,qwen2.5-32b,0.0,tablejoin,data_analysis,75fca1a433c6e663241c1941e6034cd7625cd4b5981159c7f4ad74703df98b53
5059,qwen2.5-3b,0.0,tablejoin,data_analysis,75fca1a433c6e663241c1941e6034cd7625cd4b5981159c7f4ad74703df98b53
5060,gemma-3-12b-it,0.0,tablejoin,data_analysis,7c99777b2f4c5a9c88cc1f04d0345ac7b1e9dea2c7ac74b3fbf683e59bbf38f4
5061,gemma-3-1b-it,0.0,tablejoin,data_analysis,7c99777b2f4c5a9c88cc1f04d0345ac7b1e9dea2c7ac74b3fbf683e59bbf38f4
5062,gemma-3-4b-it,0.0,tablejoin,data_analysis,7c99777b2f4c5a9c88cc1f04d0345ac7b1e9dea2c7ac74b3fbf683e59bbf38f4
5063,llama-3.1-8b-instruct,0.0,tablejoin,data_analysis,7c99777b2f4c5a9c88cc1f04d0345ac7b1e9dea2c7ac74b3fbf683e59bbf38f4
5064,llama-3.2-1b-instruct,0.0,tablejoin,data_analysis,7c99777b2f4c5a9c88cc1f04d0345ac7b1e9dea2c7ac74b3fbf683e59bbf38f4
5065,llama-3.2-3b-instruct,0.0,tablejoin,data_analysis,7c99777b2f4c5a9c88cc1f04d0345ac7b1e9dea2c7ac74b3fbf683e59bbf38f4
5066,mistral-24b,0.0,tablejoin,data_analysis,7c99777b2f4c5a9c88cc1f04d0345ac7b1e9dea2c7ac74b3fbf683e59bbf38f4
5067,mistral-7b,0.0,tablejoin,data_analysis,7c99777b2f4c5a9c88cc1f04d0345ac7b1e9dea2c7ac74b3fbf683e59bbf38f4
5068,qwen2.5-32b,0.0,tablejoin,data_analysis,7c99777b2f4c5a9c88cc1f04d0345ac7b1e9dea2c7ac74b3fbf683e59bbf38f4
5069,qwen2.5-3b,0.0,tablejoin,data_analysis,7c99777b2f4c5a9c88cc1f04d0345ac7b1e9dea2c7ac74b3fbf683e59bbf38f4
5070,gemma-3-12b-it,40.0,tablejoin,data_analysis,7d3b232a7df622492efaa9230b09fe5a5e45c12d35ed346a99b6ec201497a1e3
5071,gemma-3-1b-it,0.0,tablejoin,data_analysis,7d3b232a7df622492efaa9230b09fe5a5e45c12d35ed346a99b6ec201497a1e3
5072,gemma-3-4b-it,0.0,tablejoin,data_analysis,7d3b232a7df622492efaa9230b09fe5a5e45c12d35ed346a99b6ec201497a1e3
5073,llama-3.1-8b-instruct,0.0,tablejoin,data_analysis,7d3b232a7df622492efaa9230b09fe5a5e45c12d35ed346a99b6ec201497a1e3
5074,llama-3.2-1b-instruct,0.0,tablejoin,data_analysis,7d3b232a7df622492efaa9230b09fe5a5e45c12d35ed346a99b6ec201497a1e3
5075,llama-3.2-3b-instruct,0.0,tablejoin,data_analysis,7d3b232a7df622492efaa9230b09fe5a5e45c12d35ed346a99b6ec201497a1e3
5076,mistral-24b,0.0,tablejoin,data_analysis,7d3b232a7df622492efaa9230b09fe5a5e45c12d35ed346a99b6ec201497a1e3
5077,mistral-7b,0.0,tablejoin,data_analysis,7d3b232a7df622492efaa9230b09fe5a5e45c12d35ed346a99b6ec201497a1e3
5078,qwen2.5-32b,67.0,tablejoin,data_analysis,7d3b232a7df622492efaa9230b09fe5a5e45c12d35ed346a99b6ec201497a1e3
5079,qwen2.5-3b,0.0,tablejoin,data_analysis,7d3b232a7df622492efaa9230b09fe5a5e45c12d35ed346a99b6ec201497a1e3
5080,gemma-3-12b-it,0.0,tablejoin,data_analysis,8b842182b7cbb2b961d8cdc64a1b4b28aff1f8ed4f4dd3fb58e3533baa754043
5081,gemma-3-1b-it,0.0,tablejoin,data_analysis,8b842182b7cbb2b961d8cdc64a1b4b28aff1f8ed4f4dd3fb58e3533baa754043
5082,gemma-3-4b-it,0.0,tablejoin,data_analysis,8b842182b7cbb2b961d8cdc64a1b4b28aff1f8ed4f4dd3fb58e3533baa754043
5083,llama-3.1-8b-instruct,0.0,tablejoin,data_analysis,8b842182b7cbb2b961d8cdc64a1b4b28aff1f8ed4f4dd3fb58e3533baa754043
5084,llama-3.2-1b-instruct,0.0,tablejoin,data_analysis,8b842182b7cbb2b961d8cdc64a1b4b28aff1f8ed4f4dd3fb58e3533baa754043
5085,llama-3.2-3b-instruct,0.0,tablejoin,data_analysis,8b842182b7cbb2b961d8cdc64a1b4b28aff1f8ed4f4dd3fb58e3533baa754043
5086,mistral-24b,0.0,tablejoin,data_analysis,8b842182b7cbb2b961d8cdc64a1b4b28aff1f8ed4f4dd3fb58e3533baa754043
5087,mistral-7b,0.0,tablejoin,data_analysis,8b842182b7cbb2b961d8cdc64a1b4b28aff1f8ed4f4dd3fb58e3533baa754043
5088,qwen2.5-32b,0.0,tablejoin,data_analysis,8b842182b7cbb2b961d8cdc64a1b4b28aff1f8ed4f4dd3fb58e3533baa754043
5089,qwen2.5-3b,0.0,tablejoin,data_analysis,8b842182b7cbb2b961d8cdc64a1b4b28aff1f8ed4f4dd3fb58e3533baa754043
5090,gemma-3-12b-it,100.0,tablejoin,data_analysis,9318064da8b360eff10f17cdbde9ee624a2112203d8239516e536a0e5bec44e9
5091,gemma-3-1b-it,0.0,tablejoin,data_analysis,9318064da8b360eff10f17cdbde9ee624a2112203d8239516e536a0e5bec44e9
5092,gemma-3-4b-it,0.0,tablejoin,data_analysis,9318064da8b360eff10f17cdbde9ee624a2112203d8239516e536a0e5bec44e9
5093,llama-3.1-8b-instruct,0.0,tablejoin,data_analysis,9318064da8b360eff10f17cdbde9ee624a2112203d8239516e536a0e5bec44e9
5094,llama-3.2-1b-instruct,0.0,tablejoin,data_analysis,9318064da8b360eff10f17cdbde9ee624a2112203d8239516e536a0e5bec44e9
5095,llama-3.2-3b-instruct,0.0,tablejoin,data_analysis,9318064da8b360eff10f17cdbde9ee624a2112203d8239516e536a0e5bec44e9
5096,mistral-24b,67.0,tablejoin,data_analysis,9318064da8b360eff10f17cdbde9ee624a2112203d8239516e536a0e5bec44e9
5097,mistral-7b,0.0,tablejoin,data_analysis,9318064da8b360eff10f17cdbde9ee624a2112203d8239516e536a0e5bec44e9
5098,qwen2.5-32b,0.0,tablejoin,data_analysis,9318064da8b360eff10f17cdbde9ee624a2112203d8239516e536a0e5bec44e9
5099,qwen2.5-3b,0.0,tablejoin,data_analysis,9318064da8b360eff10f17cdbde9ee624a2112203d8239516e536a0e5bec44e9
5100,gemma-3-12b-it,0.0,tablejoin,data_analysis,9d53b3ca366bedc7b149a5d41a4dc5c52cd76f1989a0cb6020d304fef6eb8d8d
5101,gemma-3-1b-it,0.0,tablejoin,data_analysis,9d53b3ca366bedc7b149a5d41a4dc5c52cd76f1989a0cb6020d304fef6eb8d8d
5102,gemma-3-4b-it,0.0,tablejoin,data_analysis,9d53b3ca366bedc7b149a5d41a4dc5c52cd76f1989a0cb6020d304fef6eb8d8d
5103,llama-3.1-8b-instruct,0.0,tablejoin,data_analysis,9d53b3ca366bedc7b149a5d41a4dc5c52cd76f1989a0cb6020d304fef6eb8d8d
5104,llama-3.2-1b-instruct,0.0,tablejoin,data_analysis,9d53b3ca366bedc7b149a5d41a4dc5c52cd76f1989a0cb6020d304fef6eb8d8d
5105,llama-3.2-3b-instruct,0.0,tablejoin,data_analysis,9d53b3ca366bedc7b149a5d41a4dc5c52cd76f1989a0cb6020d304fef6eb8d8d
5106,mistral-24b,33.0,tablejoin,data_analysis,9d53b3ca366bedc7b149a5d41a4dc5c52cd76f1989a0cb6020d304fef6eb8d8d
5107,mistral-7b,0.0,tablejoin,data_analysis,9d53b3ca366bedc7b149a5d41a4dc5c52cd76f1989a0cb6020d304fef6eb8d8d
5108,qwen2.5-32b,50.0,tablejoin,data_analysis,9d53b3ca366bedc7b149a5d41a4dc5c52cd76f1989a0cb6020d304fef6eb8d8d
5109,qwen2.5-3b,0.0,tablejoin,data_analysis,9d53b3ca366bedc7b149a5d41a4dc5c52cd76f1989a0cb6020d304fef6eb8d8d
5110,gemma-3-12b-it,0.0,tablejoin,data_analysis,a215b90180b104679133c979614fe0feeb770b6a3d1df4d41065e15be2ed7051
5111,gemma-3-1b-it,0.0,tablejoin,data_analysis,a215b90180b104679133c979614fe0feeb770b6a3d1df4d41065e15be2ed7051
5112,gemma-3-4b-it,0.0,tablejoin,data_analysis,a215b90180b104679133c979614fe0feeb770b6a3d1df4d41065e15be2ed7051
5113,llama-3.1-8b-instruct,0.0,tablejoin,data_analysis,a215b90180b104679133c979614fe0feeb770b6a3d1df4d41065e15be2ed7051
5114,llama-3.2-1b-instruct,0.0,tablejoin,data_analysis,a215b90180b104679133c979614fe0feeb770b6a3d1df4d41065e15be2ed7051
5115,llama-3.2-3b-instruct,28.999999999999996,tablejoin,data_analysis,a215b90180b104679133c979614fe0feeb770b6a3d1df4d41065e15be2ed7051
5116,mistral-24b,0.0,tablejoin,data_analysis,a215b90180b104679133c979614fe0feeb770b6a3d1df4d41065e15be2ed7051
5117,mistral-7b,0.0,tablejoin,data_analysis,a215b90180b104679133c979614fe0feeb770b6a3d1df4d41065e15be2ed7051
5118,qwen2.5-32b,0.0,tablejoin,data_analysis,a215b90180b104679133c979614fe0feeb770b6a3d1df4d41065e15be2ed7051
5119,qwen2.5-3b,0.0,tablejoin,data_analysis,a215b90180b104679133c979614fe0feeb770b6a3d1df4d41065e15be2ed7051
5120,gemma-3-12b-it,0.0,tablejoin,data_analysis,a50e16a7dec04c766f864754305d6b28a99fe54602c7c913c525c067c405d279
5121,gemma-3-1b-it,0.0,tablejoin,data_analysis,a50e16a7dec04c766f864754305d6b28a99fe54602c7c913c525c067c405d279
5122,gemma-3-4b-it,0.0,tablejoin,data_analysis,a50e16a7dec04c766f864754305d6b28a99fe54602c7c913c525c067c405d279
5123,llama-3.1-8b-instruct,0.0,tablejoin,data_analysis,a50e16a7dec04c766f864754305d6b28a99fe54602c7c913c525c067c405d279
5124,llama-3.2-1b-instruct,0.0,tablejoin,data_analysis,a50e16a7dec04c766f864754305d6b28a99fe54602c7c913c525c067c405d279
5125,llama-3.2-3b-instruct,0.0,tablejoin,data_analysis,a50e16a7dec04c766f864754305d6b28a99fe54602c7c913c525c067c405d279
5126,mistral-24b,0.0,tablejoin,data_analysis,a50e16a7dec04c766f864754305d6b28a99fe54602c7c913c525c067c405d279
5127,mistral-7b,0.0,tablejoin,data_analysis,a50e16a7dec04c766f864754305d6b28a99fe54602c7c913c525c067c405d279
5128,qwen2.5-32b,60.00000000000001,tablejoin,data_analysis,a50e16a7dec04c766f864754305d6b28a99fe54602c7c913c525c067c405d279
5129,qwen2.5-3b,0.0,tablejoin,data_analysis,a50e16a7dec04c766f864754305d6b28a99fe54602c7c913c525c067c405d279
5130,gemma-3-12b-it,0.0,tablejoin,data_analysis,a783dc9652728632d05f85ac5f944f71ffdfb2cc9dc6ea27e21ad80a96f44e48
5131,gemma-3-1b-it,0.0,tablejoin,data_analysis,a783dc9652728632d05f85ac5f944f71ffdfb2cc9dc6ea27e21ad80a96f44e48
5132,gemma-3-4b-it,0.0,tablejoin,data_analysis,a783dc9652728632d05f85ac5f944f71ffdfb2cc9dc6ea27e21ad80a96f44e48
5133,llama-3.1-8b-instruct,0.0,tablejoin,data_analysis,a783dc9652728632d05f85ac5f944f71ffdfb2cc9dc6ea27e21ad80a96f44e48
5134,llama-3.2-1b-instruct,0.0,tablejoin,data_analysis,a783dc9652728632d05f85ac5f944f71ffdfb2cc9dc6ea27e21ad80a96f44e48
5135,llama-3.2-3b-instruct,0.0,tablejoin,data_analysis,a783dc9652728632d05f85ac5f944f71ffdfb2cc9dc6ea27e21ad80a96f44e48
5136,mistral-24b,0.0,tablejoin,data_analysis,a783dc9652728632d05f85ac5f944f71ffdfb2cc9dc6ea27e21ad80a96f44e48
5137,mistral-7b,0.0,tablejoin,data_analysis,a783dc9652728632d05f85ac5f944f71ffdfb2cc9dc6ea27e21ad80a96f44e48
5138,qwen2.5-32b,13.0,tablejoin,data_analysis,a783dc9652728632d05f85ac5f944f71ffdfb2cc9dc6ea27e21ad80a96f44e48
5139,qwen2.5-3b,0.0,tablejoin,data_analysis,a783dc9652728632d05f85ac5f944f71ffdfb2cc9dc6ea27e21ad80a96f44e48
5140,gemma-3-12b-it,0.0,tablejoin,data_analysis,a8995a220d4b23e751dded30067eb09897b7269b0ec3632762c9e97d41b80c95
5141,gemma-3-1b-it,0.0,tablejoin,data_analysis,a8995a220d4b23e751dded30067eb09897b7269b0ec3632762c9e97d41b80c95
5142,gemma-3-4b-it,0.0,tablejoin,data_analysis,a8995a220d4b23e751dded30067eb09897b7269b0ec3632762c9e97d41b80c95
5143,llama-3.1-8b-instruct,0.0,tablejoin,data_analysis,a8995a220d4b23e751dded30067eb09897b7269b0ec3632762c9e97d41b80c95
5144,llama-3.2-1b-instruct,0.0,tablejoin,data_analysis,a8995a220d4b23e751dded30067eb09897b7269b0ec3632762c9e97d41b80c95
5145,llama-3.2-3b-instruct,0.0,tablejoin,data_analysis,a8995a220d4b23e751dded30067eb09897b7269b0ec3632762c9e97d41b80c95
5146,mistral-24b,0.0,tablejoin,data_analysis,a8995a220d4b23e751dded30067eb09897b7269b0ec3632762c9e97d41b80c95
5147,mistral-7b,0.0,tablejoin,data_analysis,a8995a220d4b23e751dded30067eb09897b7269b0ec3632762c9e97d41b80c95
5148,qwen2.5-32b,67.0,tablejoin,data_analysis,a8995a220d4b23e751dded30067eb09897b7269b0ec3632762c9e97d41b80c95
5149,qwen2.5-3b,0.0,tablejoin,data_analysis,a8995a220d4b23e751dded30067eb09897b7269b0ec3632762c9e97d41b80c95
5150,gemma-3-12b-it,0.0,tablejoin,data_analysis,a9622ef291b2ff5dac8ee5335d50d52a7bc8bd9fa001130fabaf3ae3d1505100
5151,gemma-3-1b-it,0.0,tablejoin,data_analysis,a9622ef291b2ff5dac8ee5335d50d52a7bc8bd9fa001130fabaf3ae3d1505100
5152,gemma-3-4b-it,0.0,tablejoin,data_analysis,a9622ef291b2ff5dac8ee5335d50d52a7bc8bd9fa001130fabaf3ae3d1505100
5153,llama-3.1-8b-instruct,0.0,tablejoin,data_analysis,a9622ef291b2ff5dac8ee5335d50d52a7bc8bd9fa001130fabaf3ae3d1505100
5154,llama-3.2-1b-instruct,0.0,tablejoin,data_analysis,a9622ef291b2ff5dac8ee5335d50d52a7bc8bd9fa001130fabaf3ae3d1505100
5155,llama-3.2-3b-instruct,0.0,tablejoin,data_analysis,a9622ef291b2ff5dac8ee5335d50d52a7bc8bd9fa001130fabaf3ae3d1505100
5156,mistral-24b,0.0,tablejoin,data_analysis,a9622ef291b2ff5dac8ee5335d50d52a7bc8bd9fa001130fabaf3ae3d1505100
5157,mistral-7b,0.0,tablejoin,data_analysis,a9622ef291b2ff5dac8ee5335d50d52a7bc8bd9fa001130fabaf3ae3d1505100
5158,qwen2.5-32b,0.0,tablejoin,data_analysis,a9622ef291b2ff5dac8ee5335d50d52a7bc8bd9fa001130fabaf3ae3d1505100
5159,qwen2.5-3b,0.0,tablejoin,data_analysis,a9622ef291b2ff5dac8ee5335d50d52a7bc8bd9fa001130fabaf3ae3d1505100
5160,gemma-3-12b-it,0.0,tablejoin,data_analysis,ac146c48d703160bded02521568583372fc6b10bdbd98f36f57fcff7d0790d10
5161,gemma-3-1b-it,0.0,tablejoin,data_analysis,ac146c48d703160bded02521568583372fc6b10bdbd98f36f57fcff7d0790d10
5162,gemma-3-4b-it,0.0,tablejoin,data_analysis,ac146c48d703160bded02521568583372fc6b10bdbd98f36f57fcff7d0790d10
5163,llama-3.1-8b-instruct,0.0,tablejoin,data_analysis,ac146c48d703160bded02521568583372fc6b10bdbd98f36f57fcff7d0790d10
5164,llama-3.2-1b-instruct,0.0,tablejoin,data_analysis,ac146c48d703160bded02521568583372fc6b10bdbd98f36f57fcff7d0790d10
5165,llama-3.2-3b-instruct,0.0,tablejoin,data_analysis,ac146c48d703160bded02521568583372fc6b10bdbd98f36f57fcff7d0790d10
5166,mistral-24b,0.0,tablejoin,data_analysis,ac146c48d703160bded02521568583372fc6b10bdbd98f36f57fcff7d0790d10
5167,mistral-7b,0.0,tablejoin,data_analysis,ac146c48d703160bded02521568583372fc6b10bdbd98f36f57fcff7d0790d10
5168,qwen2.5-32b,40.0,tablejoin,data_analysis,ac146c48d703160bded02521568583372fc6b10bdbd98f36f57fcff7d0790d10
5169,qwen2.5-3b,0.0,tablejoin,data_analysis,ac146c48d703160bded02521568583372fc6b10bdbd98f36f57fcff7d0790d10
5170,gemma-3-12b-it,0.0,tablejoin,data_analysis,ae4654298c694908b994dd999e784904f1c22e2978e6e958d71cf0e5d5ab5975
5171,gemma-3-1b-it,0.0,tablejoin,data_analysis,ae4654298c694908b994dd999e784904f1c22e2978e6e958d71cf0e5d5ab5975
5172,gemma-3-4b-it,0.0,tablejoin,data_analysis,ae4654298c694908b994dd999e784904f1c22e2978e6e958d71cf0e5d5ab5975
5173,llama-3.1-8b-instruct,0.0,tablejoin,data_analysis,ae4654298c694908b994dd999e784904f1c22e2978e6e958d71cf0e5d5ab5975
5174,llama-3.2-1b-instruct,0.0,tablejoin,data_analysis,ae4654298c694908b994dd999e784904f1c22e2978e6e958d71cf0e5d5ab5975
5175,llama-3.2-3b-instruct,0.0,tablejoin,data_analysis,ae4654298c694908b994dd999e784904f1c22e2978e6e958d71cf0e5d5ab5975
5176,mistral-24b,0.0,tablejoin,data_analysis,ae4654298c694908b994dd999e784904f1c22e2978e6e958d71cf0e5d5ab5975
5177,mistral-7b,0.0,tablejoin,data_analysis,ae4654298c694908b994dd999e784904f1c22e2978e6e958d71cf0e5d5ab5975
5178,qwen2.5-32b,80.0,tablejoin,data_analysis,ae4654298c694908b994dd999e784904f1c22e2978e6e958d71cf0e5d5ab5975
5179,qwen2.5-3b,0.0,tablejoin,data_analysis,ae4654298c694908b994dd999e784904f1c22e2978e6e958d71cf0e5d5ab5975
5180,gemma-3-12b-it,50.0,tablejoin,data_analysis,b2c9accaab7ee5cac67f482c19dcda8942fb409b25b604ef1136367f56d07fd0
5181,gemma-3-1b-it,0.0,tablejoin,data_analysis,b2c9accaab7ee5cac67f482c19dcda8942fb409b25b604ef1136367f56d07fd0
5182,gemma-3-4b-it,0.0,tablejoin,data_analysis,b2c9accaab7ee5cac67f482c19dcda8942fb409b25b604ef1136367f56d07fd0
5183,llama-3.1-8b-instruct,0.0,tablejoin,data_analysis,b2c9accaab7ee5cac67f482c19dcda8942fb409b25b604ef1136367f56d07fd0
5184,llama-3.2-1b-instruct,0.0,tablejoin,data_analysis,b2c9accaab7ee5cac67f482c19dcda8942fb409b25b604ef1136367f56d07fd0
5185,llama-3.2-3b-instruct,0.0,tablejoin,data_analysis,b2c9accaab7ee5cac67f482c19dcda8942fb409b25b604ef1136367f56d07fd0
5186,mistral-24b,0.0,tablejoin,data_analysis,b2c9accaab7ee5cac67f482c19dcda8942fb409b25b604ef1136367f56d07fd0
5187,mistral-7b,0.0,tablejoin,data_analysis,b2c9accaab7ee5cac67f482c19dcda8942fb409b25b604ef1136367f56d07fd0
5188,qwen2.5-32b,67.0,tablejoin,data_analysis,b2c9accaab7ee5cac67f482c19dcda8942fb409b25b604ef1136367f56d07fd0
5189,qwen2.5-3b,0.0,tablejoin,data_analysis,b2c9accaab7ee5cac67f482c19dcda8942fb409b25b604ef1136367f56d07fd0
5190,gemma-3-12b-it,0.0,tablejoin,data_analysis,b8a3e0f6c177bbef546e0dd490a0193b02124e193d5ffe093d86963449cba596
5191,gemma-3-1b-it,0.0,tablejoin,data_analysis,b8a3e0f6c177bbef546e0dd490a0193b02124e193d5ffe093d86963449cba596
5192,gemma-3-4b-it,0.0,tablejoin,data_analysis,b8a3e0f6c177bbef546e0dd490a0193b02124e193d5ffe093d86963449cba596
5193,llama-3.1-8b-instruct,0.0,tablejoin,data_analysis,b8a3e0f6c177bbef546e0dd490a0193b02124e193d5ffe093d86963449cba596
5194,llama-3.2-1b-instruct,0.0,tablejoin,data_analysis,b8a3e0f6c177bbef546e0dd490a0193b02124e193d5ffe093d86963449cba596
5195,llama-3.2-3b-instruct,0.0,tablejoin,data_analysis,b8a3e0f6c177bbef546e0dd490a0193b02124e193d5ffe093d86963449cba596
5196,mistral-24b,0.0,tablejoin,data_analysis,b8a3e0f6c177bbef546e0dd490a0193b02124e193d5ffe093d86963449cba596
5197,mistral-7b,0.0,tablejoin,data_analysis,b8a3e0f6c177bbef546e0dd490a0193b02124e193d5ffe093d86963449cba596
5198,qwen2.5-32b,0.0,tablejoin,data_analysis,b8a3e0f6c177bbef546e0dd490a0193b02124e193d5ffe093d86963449cba596
5199,qwen2.5-3b,0.0,tablejoin,data_analysis,b8a3e0f6c177bbef546e0dd490a0193b02124e193d5ffe093d86963449cba596
5200,gemma-3-12b-it,0.0,tablejoin,data_analysis,bd4b2031ad50538f365ac3312534d813fb7326fd90cf5056ac80b31d189cbb15
5201,gemma-3-1b-it,0.0,tablejoin,data_analysis,bd4b2031ad50538f365ac3312534d813fb7326fd90cf5056ac80b31d189cbb15
5202,gemma-3-4b-it,0.0,tablejoin,data_analysis,bd4b2031ad50538f365ac3312534d813fb7326fd90cf5056ac80b31d189cbb15
5203,llama-3.1-8b-instruct,0.0,tablejoin,data_analysis,bd4b2031ad50538f365ac3312534d813fb7326fd90cf5056ac80b31d189cbb15
5204,llama-3.2-1b-instruct,0.0,tablejoin,data_analysis,bd4b2031ad50538f365ac3312534d813fb7326fd90cf5056ac80b31d189cbb15
5205,llama-3.2-3b-instruct,0.0,tablejoin,data_analysis,bd4b2031ad50538f365ac3312534d813fb7326fd90cf5056ac80b31d189cbb15
5206,mistral-24b,0.0,tablejoin,data_analysis,bd4b2031ad50538f365ac3312534d813fb7326fd90cf5056ac80b31d189cbb15
5207,mistral-7b,0.0,tablejoin,data_analysis,bd4b2031ad50538f365ac3312534d813fb7326fd90cf5056ac80b31d189cbb15
5208,qwen2.5-32b,0.0,tablejoin,data_analysis,bd4b2031ad50538f365ac3312534d813fb7326fd90cf5056ac80b31d189cbb15
5209,qwen2.5-3b,0.0,tablejoin,data_analysis,bd4b2031ad50538f365ac3312534d813fb7326fd90cf5056ac80b31d189cbb15
5210,gemma-3-12b-it,0.0,tablejoin,data_analysis,cb29bb1e6915d8366ff58783e47c9939d3d30712f2643cd23d6cbecc4210a2b2
5211,gemma-3-1b-it,0.0,tablejoin,data_analysis,cb29bb1e6915d8366ff58783e47c9939d3d30712f2643cd23d6cbecc4210a2b2
5212,gemma-3-4b-it,0.0,tablejoin,data_analysis,cb29bb1e6915d8366ff58783e47c9939d3d30712f2643cd23d6cbecc4210a2b2
5213,llama-3.1-8b-instruct,0.0,tablejoin,data_analysis,cb29bb1e6915d8366ff58783e47c9939d3d30712f2643cd23d6cbecc4210a2b2
5214,llama-3.2-1b-instruct,0.0,tablejoin,data_analysis,cb29bb1e6915d8366ff58783e47c9939d3d30712f2643cd23d6cbecc4210a2b2
5215,llama-3.2-3b-instruct,0.0,tablejoin,data_analysis,cb29bb1e6915d8366ff58783e47c9939d3d30712f2643cd23d6cbecc4210a2b2
5216,mistral-24b,0.0,tablejoin,data_analysis,cb29bb1e6915d8366ff58783e47c9939d3d30712f2643cd23d6cbecc4210a2b2
5217,mistral-7b,0.0,tablejoin,data_analysis,cb29bb1e6915d8366ff58783e47c9939d3d30712f2643cd23d6cbecc4210a2b2
5218,qwen2.5-32b,0.0,tablejoin,data_analysis,cb29bb1e6915d8366ff58783e47c9939d3d30712f2643cd23d6cbecc4210a2b2
5219,qwen2.5-3b,0.0,tablejoin,data_analysis,cb29bb1e6915d8366ff58783e47c9939d3d30712f2643cd23d6cbecc4210a2b2
5220,gemma-3-12b-it,0.0,tablejoin,data_analysis,d03bcee55bda5e582cc13547ab9bf898fbd1324fd5690481cc0d8a4ae9fd24f9
5221,gemma-3-1b-it,0.0,tablejoin,data_analysis,d03bcee55bda5e582cc13547ab9bf898fbd1324fd5690481cc0d8a4ae9fd24f9
5222,gemma-3-4b-it,0.0,tablejoin,data_analysis,d03bcee55bda5e582cc13547ab9bf898fbd1324fd5690481cc0d8a4ae9fd24f9
5223,llama-3.1-8b-instruct,0.0,tablejoin,data_analysis,d03bcee55bda5e582cc13547ab9bf898fbd1324fd5690481cc0d8a4ae9fd24f9
5224,llama-3.2-1b-instruct,0.0,tablejoin,data_analysis,d03bcee55bda5e582cc13547ab9bf898fbd1324fd5690481cc0d8a4ae9fd24f9
5225,llama-3.2-3b-instruct,0.0,tablejoin,data_analysis,d03bcee55bda5e582cc13547ab9bf898fbd1324fd5690481cc0d8a4ae9fd24f9
5226,mistral-24b,0.0,tablejoin,data_analysis,d03bcee55bda5e582cc13547ab9bf898fbd1324fd5690481cc0d8a4ae9fd24f9
5227,mistral-7b,0.0,tablejoin,data_analysis,d03bcee55bda5e582cc13547ab9bf898fbd1324fd5690481cc0d8a4ae9fd24f9
5228,qwen2.5-32b,0.0,tablejoin,data_analysis,d03bcee55bda5e582cc13547ab9bf898fbd1324fd5690481cc0d8a4ae9fd24f9
5229,qwen2.5-3b,0.0,tablejoin,data_analysis,d03bcee55bda5e582cc13547ab9bf898fbd1324fd5690481cc0d8a4ae9fd24f9
5230,gemma-3-12b-it,0.0,tablejoin,data_analysis,d4b2efd567053821eedf1ea3f759d4948f50264b94bd6ff37b18bc92e79d4fc1
5231,gemma-3-1b-it,0.0,tablejoin,data_analysis,d4b2efd567053821eedf1ea3f759d4948f50264b94bd6ff37b18bc92e79d4fc1
5232,gemma-3-4b-it,0.0,tablejoin,data_analysis,d4b2efd567053821eedf1ea3f759d4948f50264b94bd6ff37b18bc92e79d4fc1
5233,llama-3.1-8b-instruct,0.0,tablejoin,data_analysis,d4b2efd567053821eedf1ea3f759d4948f50264b94bd6ff37b18bc92e79d4fc1
5234,llama-3.2-1b-instruct,0.0,tablejoin,data_analysis,d4b2efd567053821eedf1ea3f759d4948f50264b94bd6ff37b18bc92e79d4fc1
5235,llama-3.2-3b-instruct,0.0,tablejoin,data_analysis,d4b2efd567053821eedf1ea3f759d4948f50264b94bd6ff37b18bc92e79d4fc1
5236,mistral-24b,0.0,tablejoin,data_analysis,d4b2efd567053821eedf1ea3f759d4948f50264b94bd6ff37b18bc92e79d4fc1
5237,mistral-7b,0.0,tablejoin,data_analysis,d4b2efd567053821eedf1ea3f759d4948f50264b94bd6ff37b18bc92e79d4fc1
5238,qwen2.5-32b,24.0,tablejoin,data_analysis,d4b2efd567053821eedf1ea3f759d4948f50264b94bd6ff37b18bc92e79d4fc1
5239,qwen2.5-3b,0.0,tablejoin,data_analysis,d4b2efd567053821eedf1ea3f759d4948f50264b94bd6ff37b18bc92e79d4fc1
5240,gemma-3-12b-it,0.0,tablejoin,data_analysis,d60522bc74ae4e6d7ba1a5e0401e53e4a3d7a7182fed328e72825445ceafba9d
5241,gemma-3-1b-it,0.0,tablejoin,data_analysis,d60522bc74ae4e6d7ba1a5e0401e53e4a3d7a7182fed328e72825445ceafba9d
5242,gemma-3-4b-it,0.0,tablejoin,data_analysis,d60522bc74ae4e6d7ba1a5e0401e53e4a3d7a7182fed328e72825445ceafba9d
5243,llama-3.1-8b-instruct,0.0,tablejoin,data_analysis,d60522bc74ae4e6d7ba1a5e0401e53e4a3d7a7182fed328e72825445ceafba9d
5244,llama-3.2-1b-instruct,0.0,tablejoin,data_analysis,d60522bc74ae4e6d7ba1a5e0401e53e4a3d7a7182fed328e72825445ceafba9d
5245,llama-3.2-3b-instruct,0.0,tablejoin,data_analysis,d60522bc74ae4e6d7ba1a5e0401e53e4a3d7a7182fed328e72825445ceafba9d
5246,mistral-24b,20.0,tablejoin,data_analysis,d60522bc74ae4e6d7ba1a5e0401e53e4a3d7a7182fed328e72825445ceafba9d
5247,mistral-7b,0.0,tablejoin,data_analysis,d60522bc74ae4e6d7ba1a5e0401e53e4a3d7a7182fed328e72825445ceafba9d
5248,qwen2.5-32b,0.0,tablejoin,data_analysis,d60522bc74ae4e6d7ba1a5e0401e53e4a3d7a7182fed328e72825445ceafba9d
5249,qwen2.5-3b,0.0,tablejoin,data_analysis,d60522bc74ae4e6d7ba1a5e0401e53e4a3d7a7182fed328e72825445ceafba9d
5250,gemma-3-12b-it,0.0,tablejoin,data_analysis,d89584191190995d5cb7307c938dbfb201e3af17ed7f666c2afae0fe2ad55985
5251,gemma-3-1b-it,0.0,tablejoin,data_analysis,d89584191190995d5cb7307c938dbfb201e3af17ed7f666c2afae0fe2ad55985
5252,gemma-3-4b-it,0.0,tablejoin,data_analysis,d89584191190995d5cb7307c938dbfb201e3af17ed7f666c2afae0fe2ad55985
5253,llama-3.1-8b-instruct,0.0,tablejoin,data_analysis,d89584191190995d5cb7307c938dbfb201e3af17ed7f666c2afae0fe2ad55985
5254,llama-3.2-1b-instruct,0.0,tablejoin,data_analysis,d89584191190995d5cb7307c938dbfb201e3af17ed7f666c2afae0fe2ad55985
5255,llama-3.2-3b-instruct,0.0,tablejoin,data_analysis,d89584191190995d5cb7307c938dbfb201e3af17ed7f666c2afae0fe2ad55985
5256,mistral-24b,0.0,tablejoin,data_analysis,d89584191190995d5cb7307c938dbfb201e3af17ed7f666c2afae0fe2ad55985
5257,mistral-7b,0.0,tablejoin,data_analysis,d89584191190995d5cb7307c938dbfb201e3af17ed7f666c2afae0fe2ad55985
5258,qwen2.5-32b,44.0,tablejoin,data_analysis,d89584191190995d5cb7307c938dbfb201e3af17ed7f666c2afae0fe2ad55985
5259,qwen2.5-3b,0.0,tablejoin,data_analysis,d89584191190995d5cb7307c938dbfb201e3af17ed7f666c2afae0fe2ad55985
5260,gemma-3-12b-it,0.0,tablejoin,data_analysis,da9f424fc770103fa6b2639920d84fd8be3c448031ed96d13b975289356f4a67
5261,gemma-3-1b-it,0.0,tablejoin,data_analysis,da9f424fc770103fa6b2639920d84fd8be3c448031ed96d13b975289356f4a67
5262,gemma-3-4b-it,0.0,tablejoin,data_analysis,da9f424fc770103fa6b2639920d84fd8be3c448031ed96d13b975289356f4a67
5263,llama-3.1-8b-instruct,0.0,tablejoin,data_analysis,da9f424fc770103fa6b2639920d84fd8be3c448031ed96d13b975289356f4a67
5264,llama-3.2-1b-instruct,0.0,tablejoin,data_analysis,da9f424fc770103fa6b2639920d84fd8be3c448031ed96d13b975289356f4a67
5265,llama-3.2-3b-instruct,0.0,tablejoin,data_analysis,da9f424fc770103fa6b2639920d84fd8be3c448031ed96d13b975289356f4a67
5266,mistral-24b,0.0,tablejoin,data_analysis,da9f424fc770103fa6b2639920d84fd8be3c448031ed96d13b975289356f4a67
5267,mistral-7b,0.0,tablejoin,data_analysis,da9f424fc770103fa6b2639920d84fd8be3c448031ed96d13b975289356f4a67
5268,qwen2.5-32b,0.0,tablejoin,data_analysis,da9f424fc770103fa6b2639920d84fd8be3c448031ed96d13b975289356f4a67
5269,qwen2.5-3b,0.0,tablejoin,data_analysis,da9f424fc770103fa6b2639920d84fd8be3c448031ed96d13b975289356f4a67
5270,gemma-3-12b-it,0.0,tablejoin,data_analysis,dc753a46614f7f4d1c839d06ec864324f8b6142e30bf804dae6aae8b6eb91941
5271,gemma-3-1b-it,0.0,tablejoin,data_analysis,dc753a46614f7f4d1c839d06ec864324f8b6142e30bf804dae6aae8b6eb91941
5272,gemma-3-4b-it,0.0,tablejoin,data_analysis,dc753a46614f7f4d1c839d06ec864324f8b6142e30bf804dae6aae8b6eb91941
5273,llama-3.1-8b-instruct,0.0,tablejoin,data_analysis,dc753a46614f7f4d1c839d06ec864324f8b6142e30bf804dae6aae8b6eb91941
5274,llama-3.2-1b-instruct,0.0,tablejoin,data_analysis,dc753a46614f7f4d1c839d06ec864324f8b6142e30bf804dae6aae8b6eb91941
5275,llama-3.2-3b-instruct,0.0,tablejoin,data_analysis,dc753a46614f7f4d1c839d06ec864324f8b6142e30bf804dae6aae8b6eb91941
5276,mistral-24b,14.000000000000002,tablejoin,data_analysis,dc753a46614f7f4d1c839d06ec864324f8b6142e30bf804dae6aae8b6eb91941
5277,mistral-7b,0.0,tablejoin,data_analysis,dc753a46614f7f4d1c839d06ec864324f8b6142e30bf804dae6aae8b6eb91941
5278,qwen2.5-32b,0.0,tablejoin,data_analysis,dc753a46614f7f4d1c839d06ec864324f8b6142e30bf804dae6aae8b6eb91941
5279,qwen2.5-3b,0.0,tablejoin,data_analysis,dc753a46614f7f4d1c839d06ec864324f8b6142e30bf804dae6aae8b6eb91941
5280,gemma-3-12b-it,0.0,tablejoin,data_analysis,dd7ff515b9cd4c4a6e1d3fe3cb5e14c77123225c73193ce89c104b4f3f80cf22
5281,gemma-3-1b-it,0.0,tablejoin,data_analysis,dd7ff515b9cd4c4a6e1d3fe3cb5e14c77123225c73193ce89c104b4f3f80cf22
5282,gemma-3-4b-it,0.0,tablejoin,data_analysis,dd7ff515b9cd4c4a6e1d3fe3cb5e14c77123225c73193ce89c104b4f3f80cf22
5283,llama-3.1-8b-instruct,0.0,tablejoin,data_analysis,dd7ff515b9cd4c4a6e1d3fe3cb5e14c77123225c73193ce89c104b4f3f80cf22
5284,llama-3.2-1b-instruct,0.0,tablejoin,data_analysis,dd7ff515b9cd4c4a6e1d3fe3cb5e14c77123225c73193ce89c104b4f3f80cf22
5285,llama-3.2-3b-instruct,0.0,tablejoin,data_analysis,dd7ff515b9cd4c4a6e1d3fe3cb5e14c77123225c73193ce89c104b4f3f80cf22
5286,mistral-24b,0.0,tablejoin,data_analysis,dd7ff515b9cd4c4a6e1d3fe3cb5e14c77123225c73193ce89c104b4f3f80cf22
5287,mistral-7b,0.0,tablejoin,data_analysis,dd7ff515b9cd4c4a6e1d3fe3cb5e14c77123225c73193ce89c104b4f3f80cf22
5288,qwen2.5-32b,20.0,tablejoin,data_analysis,dd7ff515b9cd4c4a6e1d3fe3cb5e14c77123225c73193ce89c104b4f3f80cf22
5289,qwen2.5-3b,0.0,tablejoin,data_analysis,dd7ff515b9cd4c4a6e1d3fe3cb5e14c77123225c73193ce89c104b4f3f80cf22
5290,gemma-3-12b-it,0.0,tablejoin,data_analysis,e824359153d4fea96a9257ecceb44a3bb95dd0c84f95e2e3964ebdcdf8e8b32b
5291,gemma-3-1b-it,0.0,tablejoin,data_analysis,e824359153d4fea96a9257ecceb44a3bb95dd0c84f95e2e3964ebdcdf8e8b32b
5292,gemma-3-4b-it,0.0,tablejoin,data_analysis,e824359153d4fea96a9257ecceb44a3bb95dd0c84f95e2e3964ebdcdf8e8b32b
5293,llama-3.1-8b-instruct,0.0,tablejoin,data_analysis,e824359153d4fea96a9257ecceb44a3bb95dd0c84f95e2e3964ebdcdf8e8b32b
5294,llama-3.2-1b-instruct,0.0,tablejoin,data_analysis,e824359153d4fea96a9257ecceb44a3bb95dd0c84f95e2e3964ebdcdf8e8b32b
5295,llama-3.2-3b-instruct,0.0,tablejoin,data_analysis,e824359153d4fea96a9257ecceb44a3bb95dd0c84f95e2e3964ebdcdf8e8b32b
5296,mistral-24b,0.0,tablejoin,data_analysis,e824359153d4fea96a9257ecceb44a3bb95dd0c84f95e2e3964ebdcdf8e8b32b
5297,mistral-7b,0.0,tablejoin,data_analysis,e824359153d4fea96a9257ecceb44a3bb95dd0c84f95e2e3964ebdcdf8e8b32b
5298,qwen2.5-32b,0.0,tablejoin,data_analysis,e824359153d4fea96a9257ecceb44a3bb95dd0c84f95e2e3964ebdcdf8e8b32b
5299,qwen2.5-3b,0.0,tablejoin,data_analysis,e824359153d4fea96a9257ecceb44a3bb95dd0c84f95e2e3964ebdcdf8e8b32b
5300,gemma-3-12b-it,0.0,tablejoin,data_analysis,eeec6c1afcb16c44895a770343d4c21c6eb88d2902ac8dc1568a6940d9502610
5301,gemma-3-1b-it,0.0,tablejoin,data_analysis,eeec6c1afcb16c44895a770343d4c21c6eb88d2902ac8dc1568a6940d9502610
5302,gemma-3-4b-it,0.0,tablejoin,data_analysis,eeec6c1afcb16c44895a770343d4c21c6eb88d2902ac8dc1568a6940d9502610
5303,llama-3.1-8b-instruct,0.0,tablejoin,data_analysis,eeec6c1afcb16c44895a770343d4c21c6eb88d2902ac8dc1568a6940d9502610
5304,llama-3.2-1b-instruct,0.0,tablejoin,data_analysis,eeec6c1afcb16c44895a770343d4c21c6eb88d2902ac8dc1568a6940d9502610
5305,llama-3.2-3b-instruct,0.0,tablejoin,data_analysis,eeec6c1afcb16c44895a770343d4c21c6eb88d2902ac8dc1568a6940d9502610
5306,mistral-24b,0.0,tablejoin,data_analysis,eeec6c1afcb16c44895a770343d4c21c6eb88d2902ac8dc1568a6940d9502610
5307,mistral-7b,0.0,tablejoin,data_analysis,eeec6c1afcb16c44895a770343d4c21c6eb88d2902ac8dc1568a6940d9502610
5308,qwen2.5-32b,50.0,tablejoin,data_analysis,eeec6c1afcb16c44895a770343d4c21c6eb88d2902ac8dc1568a6940d9502610
5309,qwen2.5-3b,0.0,tablejoin,data_analysis,eeec6c1afcb16c44895a770343d4c21c6eb88d2902ac8dc1568a6940d9502610
5310,gemma-3-12b-it,0.0,tablejoin,data_analysis,fd0046f3c752ad7a6ce735aff42247b449563c3c664852793c698369c0046c93
5311,gemma-3-1b-it,0.0,tablejoin,data_analysis,fd0046f3c752ad7a6ce735aff42247b449563c3c664852793c698369c0046c93
5312,gemma-3-4b-it,0.0,tablejoin,data_analysis,fd0046f3c752ad7a6ce735aff42247b449563c3c664852793c698369c0046c93
5313,llama-3.1-8b-instruct,0.0,tablejoin,data_analysis,fd0046f3c752ad7a6ce735aff42247b449563c3c664852793c698369c0046c93
5314,llama-3.2-1b-instruct,0.0,tablejoin,data_analysis,fd0046f3c752ad7a6ce735aff42247b449563c3c664852793c698369c0046c93
5315,llama-3.2-3b-instruct,0.0,tablejoin,data_analysis,fd0046f3c752ad7a6ce735aff42247b449563c3c664852793c698369c0046c93
5316,mistral-24b,0.0,tablejoin,data_analysis,fd0046f3c752ad7a6ce735aff42247b449563c3c664852793c698369c0046c93
5317,mistral-7b,0.0,tablejoin,data_analysis,fd0046f3c752ad7a6ce735aff42247b449563c3c664852793c698369c0046c93
5318,qwen2.5-32b,0.0,tablejoin,data_analysis,fd0046f3c752ad7a6ce735aff42247b449563c3c664852793c698369c0046c93
5319,qwen2.5-3b,0.0,tablejoin,data_analysis,fd0046f3c752ad7a6ce735aff42247b449563c3c664852793c698369c0046c93
5320,gemma-3-12b-it,0.0,cta,data_analysis,010107031fdf6e54fcac08ac186ff4f0a9018d887bf5920f921f14e80bd82633
5321,gemma-3-1b-it,0.0,cta,data_analysis,010107031fdf6e54fcac08ac186ff4f0a9018d887bf5920f921f14e80bd82633
5322,gemma-3-4b-it,0.0,cta,data_analysis,010107031fdf6e54fcac08ac186ff4f0a9018d887bf5920f921f14e80bd82633
5323,llama-3.1-8b-instruct,0.0,cta,data_analysis,010107031fdf6e54fcac08ac186ff4f0a9018d887bf5920f921f14e80bd82633
5324,llama-3.2-1b-instruct,0.0,cta,data_analysis,010107031fdf6e54fcac08ac186ff4f0a9018d887bf5920f921f14e80bd82633
5325,llama-3.2-3b-instruct,0.0,cta,data_analysis,010107031fdf6e54fcac08ac186ff4f0a9018d887bf5920f921f14e80bd82633
5326,mistral-24b,0.0,cta,data_analysis,010107031fdf6e54fcac08ac186ff4f0a9018d887bf5920f921f14e80bd82633
5327,mistral-7b,0.0,cta,data_analysis,010107031fdf6e54fcac08ac186ff4f0a9018d887bf5920f921f14e80bd82633
5328,qwen2.5-32b,0.0,cta,data_analysis,010107031fdf6e54fcac08ac186ff4f0a9018d887bf5920f921f14e80bd82633
5329,qwen2.5-3b,0.0,cta,data_analysis,010107031fdf6e54fcac08ac186ff4f0a9018d887bf5920f921f14e80bd82633
5330,gemma-3-12b-it,0.0,cta,data_analysis,051ed5edf44bb798385076a1260de95b272dd2e0f5167dc78e514ce434af3ef6
5331,gemma-3-1b-it,0.0,cta,data_analysis,051ed5edf44bb798385076a1260de95b272dd2e0f5167dc78e514ce434af3ef6
5332,gemma-3-4b-it,0.0,cta,data_analysis,051ed5edf44bb798385076a1260de95b272dd2e0f5167dc78e514ce434af3ef6
5333,llama-3.1-8b-instruct,0.0,cta,data_analysis,051ed5edf44bb798385076a1260de95b272dd2e0f5167dc78e514ce434af3ef6
5334,llama-3.2-1b-instruct,0.0,cta,data_analysis,051ed5edf44bb798385076a1260de95b272dd2e0f5167dc78e514ce434af3ef6
5335,llama-3.2-3b-instruct,0.0,cta,data_analysis,051ed5edf44bb798385076a1260de95b272dd2e0f5167dc78e514ce434af3ef6
5336,mistral-24b,0.0,cta,data_analysis,051ed5edf44bb798385076a1260de95b272dd2e0f5167dc78e514ce434af3ef6
5337,mistral-7b,0.0,cta,data_analysis,051ed5edf44bb798385076a1260de95b272dd2e0f5167dc78e514ce434af3ef6
5338,qwen2.5-32b,0.0,cta,data_analysis,051ed5edf44bb798385076a1260de95b272dd2e0f5167dc78e514ce434af3ef6
5339,qwen2.5-3b,0.0,cta,data_analysis,051ed5edf44bb798385076a1260de95b272dd2e0f5167dc78e514ce434af3ef6
5340,gemma-3-12b-it,100.0,cta,data_analysis,090b4fb6f42c01d28d3dd382ee3b06c9596078e719d863eb53fe16bc1a0ca910
5341,gemma-3-1b-it,0.0,cta,data_analysis,090b4fb6f42c01d28d3dd382ee3b06c9596078e719d863eb53fe16bc1a0ca910
5342,gemma-3-4b-it,0.0,cta,data_analysis,090b4fb6f42c01d28d3dd382ee3b06c9596078e719d863eb53fe16bc1a0ca910
5343,llama-3.1-8b-instruct,0.0,cta,data_analysis,090b4fb6f42c01d28d3dd382ee3b06c9596078e719d863eb53fe16bc1a0ca910
5344,llama-3.2-1b-instruct,0.0,cta,data_analysis,090b4fb6f42c01d28d3dd382ee3b06c9596078e719d863eb53fe16bc1a0ca910
5345,llama-3.2-3b-instruct,0.0,cta,data_analysis,090b4fb6f42c01d28d3dd382ee3b06c9596078e719d863eb53fe16bc1a0ca910
5346,mistral-24b,0.0,cta,data_analysis,090b4fb6f42c01d28d3dd382ee3b06c9596078e719d863eb53fe16bc1a0ca910
5347,mistral-7b,0.0,cta,data_analysis,090b4fb6f42c01d28d3dd382ee3b06c9596078e719d863eb53fe16bc1a0ca910
5348,qwen2.5-32b,100.0,cta,data_analysis,090b4fb6f42c01d28d3dd382ee3b06c9596078e719d863eb53fe16bc1a0ca910
5349,qwen2.5-3b,100.0,cta,data_analysis,090b4fb6f42c01d28d3dd382ee3b06c9596078e719d863eb53fe16bc1a0ca910
5350,gemma-3-12b-it,0.0,cta,data_analysis,0e035026e0e096f6275c4e0699603f502f04d6c9904bc938b46df4dc6300116b
5351,gemma-3-1b-it,0.0,cta,data_analysis,0e035026e0e096f6275c4e0699603f502f04d6c9904bc938b46df4dc6300116b
5352,gemma-3-4b-it,0.0,cta,data_analysis,0e035026e0e096f6275c4e0699603f502f04d6c9904bc938b46df4dc6300116b
5353,llama-3.1-8b-instruct,0.0,cta,data_analysis,0e035026e0e096f6275c4e0699603f502f04d6c9904bc938b46df4dc6300116b
5354,llama-3.2-1b-instruct,0.0,cta,data_analysis,0e035026e0e096f6275c4e0699603f502f04d6c9904bc938b46df4dc6300116b
5355,llama-3.2-3b-instruct,0.0,cta,data_analysis,0e035026e0e096f6275c4e0699603f502f04d6c9904bc938b46df4dc6300116b
5356,mistral-24b,0.0,cta,data_analysis,0e035026e0e096f6275c4e0699603f502f04d6c9904bc938b46df4dc6300116b
5357,mistral-7b,0.0,cta,data_analysis,0e035026e0e096f6275c4e0699603f502f04d6c9904bc938b46df4dc6300116b
5358,qwen2.5-32b,0.0,cta,data_analysis,0e035026e0e096f6275c4e0699603f502f04d6c9904bc938b46df4dc6300116b
5359,qwen2.5-3b,100.0,cta,data_analysis,0e035026e0e096f6275c4e0699603f502f04d6c9904bc938b46df4dc6300116b
5360,gemma-3-12b-it,100.0,cta,data_analysis,13ca9b1d4d1937587bd2cc18ac8804a4c57d5e9066a6d7501d2f06ab33119cb6
5361,gemma-3-1b-it,0.0,cta,data_analysis,13ca9b1d4d1937587bd2cc18ac8804a4c57d5e9066a6d7501d2f06ab33119cb6
5362,gemma-3-4b-it,0.0,cta,data_analysis,13ca9b1d4d1937587bd2cc18ac8804a4c57d5e9066a6d7501d2f06ab33119cb6
5363,llama-3.1-8b-instruct,100.0,cta,data_analysis,13ca9b1d4d1937587bd2cc18ac8804a4c57d5e9066a6d7501d2f06ab33119cb6
5364,llama-3.2-1b-instruct,0.0,cta,data_analysis,13ca9b1d4d1937587bd2cc18ac8804a4c57d5e9066a6d7501d2f06ab33119cb6
5365,llama-3.2-3b-instruct,0.0,cta,data_analysis,13ca9b1d4d1937587bd2cc18ac8804a4c57d5e9066a6d7501d2f06ab33119cb6
5366,mistral-24b,0.0,cta,data_analysis,13ca9b1d4d1937587bd2cc18ac8804a4c57d5e9066a6d7501d2f06ab33119cb6
5367,mistral-7b,0.0,cta,data_analysis,13ca9b1d4d1937587bd2cc18ac8804a4c57d5e9066a6d7501d2f06ab33119cb6
5368,qwen2.5-32b,100.0,cta,data_analysis,13ca9b1d4d1937587bd2cc18ac8804a4c57d5e9066a6d7501d2f06ab33119cb6
5369,qwen2.5-3b,0.0,cta,data_analysis,13ca9b1d4d1937587bd2cc18ac8804a4c57d5e9066a6d7501d2f06ab33119cb6
5370,gemma-3-12b-it,0.0,cta,data_analysis,178c1f72e05a48d00980e3f21a6a33eb66c2c5fd87d78b72a92d4423cf3b3e40
5371,gemma-3-1b-it,0.0,cta,data_analysis,178c1f72e05a48d00980e3f21a6a33eb66c2c5fd87d78b72a92d4423cf3b3e40
5372,gemma-3-4b-it,0.0,cta,data_analysis,178c1f72e05a48d00980e3f21a6a33eb66c2c5fd87d78b72a92d4423cf3b3e40
5373,llama-3.1-8b-instruct,0.0,cta,data_analysis,178c1f72e05a48d00980e3f21a6a33eb66c2c5fd87d78b72a92d4423cf3b3e40
5374,llama-3.2-1b-instruct,0.0,cta,data_analysis,178c1f72e05a48d00980e3f21a6a33eb66c2c5fd87d78b72a92d4423cf3b3e40
5375,llama-3.2-3b-instruct,0.0,cta,data_analysis,178c1f72e05a48d00980e3f21a6a33eb66c2c5fd87d78b72a92d4423cf3b3e40
5376,mistral-24b,0.0,cta,data_analysis,178c1f72e05a48d00980e3f21a6a33eb66c2c5fd87d78b72a92d4423cf3b3e40
5377,mistral-7b,0.0,cta,data_analysis,178c1f72e05a48d00980e3f21a6a33eb66c2c5fd87d78b72a92d4423cf3b3e40
5378,qwen2.5-32b,0.0,cta,data_analysis,178c1f72e05a48d00980e3f21a6a33eb66c2c5fd87d78b72a92d4423cf3b3e40
5379,qwen2.5-3b,0.0,cta,data_analysis,178c1f72e05a48d00980e3f21a6a33eb66c2c5fd87d78b72a92d4423cf3b3e40
5380,gemma-3-12b-it,100.0,cta,data_analysis,1845745b3354782800cff1a055131c3e64c58719dced8d96d69083ab210e0391
5381,gemma-3-1b-it,0.0,cta,data_analysis,1845745b3354782800cff1a055131c3e64c58719dced8d96d69083ab210e0391
5382,gemma-3-4b-it,100.0,cta,data_analysis,1845745b3354782800cff1a055131c3e64c58719dced8d96d69083ab210e0391
5383,llama-3.1-8b-instruct,0.0,cta,data_analysis,1845745b3354782800cff1a055131c3e64c58719dced8d96d69083ab210e0391
5384,llama-3.2-1b-instruct,0.0,cta,data_analysis,1845745b3354782800cff1a055131c3e64c58719dced8d96d69083ab210e0391
5385,llama-3.2-3b-instruct,0.0,cta,data_analysis,1845745b3354782800cff1a055131c3e64c58719dced8d96d69083ab210e0391
5386,mistral-24b,0.0,cta,data_analysis,1845745b3354782800cff1a055131c3e64c58719dced8d96d69083ab210e0391
5387,mistral-7b,0.0,cta,data_analysis,1845745b3354782800cff1a055131c3e64c58719dced8d96d69083ab210e0391
5388,qwen2.5-32b,100.0,cta,data_analysis,1845745b3354782800cff1a055131c3e64c58719dced8d96d69083ab210e0391
5389,qwen2.5-3b,0.0,cta,data_analysis,1845745b3354782800cff1a055131c3e64c58719dced8d96d69083ab210e0391
5390,gemma-3-12b-it,0.0,cta,data_analysis,25461ebb72e6daae6d0dc5815dcde9cd3fb2cf5150fe435f336775b00b45336d
5391,gemma-3-1b-it,0.0,cta,data_analysis,25461ebb72e6daae6d0dc5815dcde9cd3fb2cf5150fe435f336775b00b45336d
5392,gemma-3-4b-it,0.0,cta,data_analysis,25461ebb72e6daae6d0dc5815dcde9cd3fb2cf5150fe435f336775b00b45336d
5393,llama-3.1-8b-instruct,100.0,cta,data_analysis,25461ebb72e6daae6d0dc5815dcde9cd3fb2cf5150fe435f336775b00b45336d
5394,llama-3.2-1b-instruct,0.0,cta,data_analysis,25461ebb72e6daae6d0dc5815dcde9cd3fb2cf5150fe435f336775b00b45336d
5395,llama-3.2-3b-instruct,0.0,cta,data_analysis,25461ebb72e6daae6d0dc5815dcde9cd3fb2cf5150fe435f336775b00b45336d
5396,mistral-24b,0.0,cta,data_analysis,25461ebb72e6daae6d0dc5815dcde9cd3fb2cf5150fe435f336775b00b45336d
5397,mistral-7b,0.0,cta,data_analysis,25461ebb72e6daae6d0dc5815dcde9cd3fb2cf5150fe435f336775b00b45336d
5398,qwen2.5-32b,100.0,cta,data_analysis,25461ebb72e6daae6d0dc5815dcde9cd3fb2cf5150fe435f336775b00b45336d
5399,qwen2.5-3b,100.0,cta,data_analysis,25461ebb72e6daae6d0dc5815dcde9cd3fb2cf5150fe435f336775b00b45336d
5400,gemma-3-12b-it,0.0,cta,data_analysis,2a096cf1746e2653f40f60879ceed7f994e888a06a029a143dc3b160040e756f
5401,gemma-3-1b-it,0.0,cta,data_analysis,2a096cf1746e2653f40f60879ceed7f994e888a06a029a143dc3b160040e756f
5402,gemma-3-4b-it,0.0,cta,data_analysis,2a096cf1746e2653f40f60879ceed7f994e888a06a029a143dc3b160040e756f
5403,llama-3.1-8b-instruct,0.0,cta,data_analysis,2a096cf1746e2653f40f60879ceed7f994e888a06a029a143dc3b160040e756f
5404,llama-3.2-1b-instruct,0.0,cta,data_analysis,2a096cf1746e2653f40f60879ceed7f994e888a06a029a143dc3b160040e756f
5405,llama-3.2-3b-instruct,0.0,cta,data_analysis,2a096cf1746e2653f40f60879ceed7f994e888a06a029a143dc3b160040e756f
5406,mistral-24b,0.0,cta,data_analysis,2a096cf1746e2653f40f60879ceed7f994e888a06a029a143dc3b160040e756f
5407,mistral-7b,0.0,cta,data_analysis,2a096cf1746e2653f40f60879ceed7f994e888a06a029a143dc3b160040e756f
5408,qwen2.5-32b,0.0,cta,data_analysis,2a096cf1746e2653f40f60879ceed7f994e888a06a029a143dc3b160040e756f
5409,qwen2.5-3b,0.0,cta,data_analysis,2a096cf1746e2653f40f60879ceed7f994e888a06a029a143dc3b160040e756f
5410,gemma-3-12b-it,0.0,cta,data_analysis,2c40553d646d1f2d657f5f982f49b9ca64dfd6e1b675965830c419412c6076c1
5411,gemma-3-1b-it,0.0,cta,data_analysis,2c40553d646d1f2d657f5f982f49b9ca64dfd6e1b675965830c419412c6076c1
5412,gemma-3-4b-it,0.0,cta,data_analysis,2c40553d646d1f2d657f5f982f49b9ca64dfd6e1b675965830c419412c6076c1
5413,llama-3.1-8b-instruct,0.0,cta,data_analysis,2c40553d646d1f2d657f5f982f49b9ca64dfd6e1b675965830c419412c6076c1
5414,llama-3.2-1b-instruct,0.0,cta,data_analysis,2c40553d646d1f2d657f5f982f49b9ca64dfd6e1b675965830c419412c6076c1
5415,llama-3.2-3b-instruct,0.0,cta,data_analysis,2c40553d646d1f2d657f5f982f49b9ca64dfd6e1b675965830c419412c6076c1
5416,mistral-24b,0.0,cta,data_analysis,2c40553d646d1f2d657f5f982f49b9ca64dfd6e1b675965830c419412c6076c1
5417,mistral-7b,0.0,cta,data_analysis,2c40553d646d1f2d657f5f982f49b9ca64dfd6e1b675965830c419412c6076c1
5418,qwen2.5-32b,0.0,cta,data_analysis,2c40553d646d1f2d657f5f982f49b9ca64dfd6e1b675965830c419412c6076c1
5419,qwen2.5-3b,0.0,cta,data_analysis,2c40553d646d1f2d657f5f982f49b9ca64dfd6e1b675965830c419412c6076c1
5420,gemma-3-12b-it,100.0,cta,data_analysis,2cbf1cc153f0500650d2b4ce15643bc7319268df28b56624014250dc8fe28b07
5421,gemma-3-1b-it,0.0,cta,data_analysis,2cbf1cc153f0500650d2b4ce15643bc7319268df28b56624014250dc8fe28b07
5422,gemma-3-4b-it,0.0,cta,data_analysis,2cbf1cc153f0500650d2b4ce15643bc7319268df28b56624014250dc8fe28b07
5423,llama-3.1-8b-instruct,100.0,cta,data_analysis,2cbf1cc153f0500650d2b4ce15643bc7319268df28b56624014250dc8fe28b07
5424,llama-3.2-1b-instruct,0.0,cta,data_analysis,2cbf1cc153f0500650d2b4ce15643bc7319268df28b56624014250dc8fe28b07
5425,llama-3.2-3b-instruct,0.0,cta,data_analysis,2cbf1cc153f0500650d2b4ce15643bc7319268df28b56624014250dc8fe28b07
5426,mistral-24b,100.0,cta,data_analysis,2cbf1cc153f0500650d2b4ce15643bc7319268df28b56624014250dc8fe28b07
5427,mistral-7b,0.0,cta,data_analysis,2cbf1cc153f0500650d2b4ce15643bc7319268df28b56624014250dc8fe28b07
5428,qwen2.5-32b,100.0,cta,data_analysis,2cbf1cc153f0500650d2b4ce15643bc7319268df28b56624014250dc8fe28b07
5429,qwen2.5-3b,100.0,cta,data_analysis,2cbf1cc153f0500650d2b4ce15643bc7319268df28b56624014250dc8fe28b07
5430,gemma-3-12b-it,0.0,cta,data_analysis,2cf1d19bf1e2c876de558ca796e1f48a65342d6927b11970b750152085d50ec7
5431,gemma-3-1b-it,0.0,cta,data_analysis,2cf1d19bf1e2c876de558ca796e1f48a65342d6927b11970b750152085d50ec7
5432,gemma-3-4b-it,0.0,cta,data_analysis,2cf1d19bf1e2c876de558ca796e1f48a65342d6927b11970b750152085d50ec7
5433,llama-3.1-8b-instruct,0.0,cta,data_analysis,2cf1d19bf1e2c876de558ca796e1f48a65342d6927b11970b750152085d50ec7
5434,llama-3.2-1b-instruct,0.0,cta,data_analysis,2cf1d19bf1e2c876de558ca796e1f48a65342d6927b11970b750152085d50ec7
5435,llama-3.2-3b-instruct,0.0,cta,data_analysis,2cf1d19bf1e2c876de558ca796e1f48a65342d6927b11970b750152085d50ec7
5436,mistral-24b,0.0,cta,data_analysis,2cf1d19bf1e2c876de558ca796e1f48a65342d6927b11970b750152085d50ec7
5437,mistral-7b,0.0,cta,data_analysis,2cf1d19bf1e2c876de558ca796e1f48a65342d6927b11970b750152085d50ec7
5438,qwen2.5-32b,0.0,cta,data_analysis,2cf1d19bf1e2c876de558ca796e1f48a65342d6927b11970b750152085d50ec7
5439,qwen2.5-3b,0.0,cta,data_analysis,2cf1d19bf1e2c876de558ca796e1f48a65342d6927b11970b750152085d50ec7
5440,gemma-3-12b-it,0.0,cta,data_analysis,3a3c5b4774627ce2884a00d76ebda25faae4b9ac1e76da7ae81513a08531af21
5441,gemma-3-1b-it,0.0,cta,data_analysis,3a3c5b4774627ce2884a00d76ebda25faae4b9ac1e76da7ae81513a08531af21
5442,gemma-3-4b-it,0.0,cta,data_analysis,3a3c5b4774627ce2884a00d76ebda25faae4b9ac1e76da7ae81513a08531af21
5443,llama-3.1-8b-instruct,0.0,cta,data_analysis,3a3c5b4774627ce2884a00d76ebda25faae4b9ac1e76da7ae81513a08531af21
5444,llama-3.2-1b-instruct,0.0,cta,data_analysis,3a3c5b4774627ce2884a00d76ebda25faae4b9ac1e76da7ae81513a08531af21
5445,llama-3.2-3b-instruct,0.0,cta,data_analysis,3a3c5b4774627ce2884a00d76ebda25faae4b9ac1e76da7ae81513a08531af21
5446,mistral-24b,0.0,cta,data_analysis,3a3c5b4774627ce2884a00d76ebda25faae4b9ac1e76da7ae81513a08531af21
5447,mistral-7b,0.0,cta,data_analysis,3a3c5b4774627ce2884a00d76ebda25faae4b9ac1e76da7ae81513a08531af21
5448,qwen2.5-32b,0.0,cta,data_analysis,3a3c5b4774627ce2884a00d76ebda25faae4b9ac1e76da7ae81513a08531af21
5449,qwen2.5-3b,0.0,cta,data_analysis,3a3c5b4774627ce2884a00d76ebda25faae4b9ac1e76da7ae81513a08531af21
5450,gemma-3-12b-it,0.0,cta,data_analysis,3f7b12f0c920812c39c3217750021c9e9153c1934d4673e5aaf481be74f89aa9
5451,gemma-3-1b-it,0.0,cta,data_analysis,3f7b12f0c920812c39c3217750021c9e9153c1934d4673e5aaf481be74f89aa9
5452,gemma-3-4b-it,0.0,cta,data_analysis,3f7b12f0c920812c39c3217750021c9e9153c1934d4673e5aaf481be74f89aa9
5453,llama-3.1-8b-instruct,0.0,cta,data_analysis,3f7b12f0c920812c39c3217750021c9e9153c1934d4673e5aaf481be74f89aa9
5454,llama-3.2-1b-instruct,0.0,cta,data_analysis,3f7b12f0c920812c39c3217750021c9e9153c1934d4673e5aaf481be74f89aa9
5455,llama-3.2-3b-instruct,0.0,cta,data_analysis,3f7b12f0c920812c39c3217750021c9e9153c1934d4673e5aaf481be74f89aa9
5456,mistral-24b,0.0,cta,data_analysis,3f7b12f0c920812c39c3217750021c9e9153c1934d4673e5aaf481be74f89aa9
5457,mistral-7b,0.0,cta,data_analysis,3f7b12f0c920812c39c3217750021c9e9153c1934d4673e5aaf481be74f89aa9
5458,qwen2.5-32b,0.0,cta,data_analysis,3f7b12f0c920812c39c3217750021c9e9153c1934d4673e5aaf481be74f89aa9
5459,qwen2.5-3b,0.0,cta,data_analysis,3f7b12f0c920812c39c3217750021c9e9153c1934d4673e5aaf481be74f89aa9
5460,gemma-3-12b-it,0.0,cta,data_analysis,43b7ccbcb6eef8606b1b0aaf4c1c858948f75df49caa0589f74a107a9eaf1ea8
5461,gemma-3-1b-it,0.0,cta,data_analysis,43b7ccbcb6eef8606b1b0aaf4c1c858948f75df49caa0589f74a107a9eaf1ea8
5462,gemma-3-4b-it,0.0,cta,data_analysis,43b7ccbcb6eef8606b1b0aaf4c1c858948f75df49caa0589f74a107a9eaf1ea8
5463,llama-3.1-8b-instruct,0.0,cta,data_analysis,43b7ccbcb6eef8606b1b0aaf4c1c858948f75df49caa0589f74a107a9eaf1ea8
5464,llama-3.2-1b-instruct,0.0,cta,data_analysis,43b7ccbcb6eef8606b1b0aaf4c1c858948f75df49caa0589f74a107a9eaf1ea8
5465,llama-3.2-3b-instruct,0.0,cta,data_analysis,43b7ccbcb6eef8606b1b0aaf4c1c858948f75df49caa0589f74a107a9eaf1ea8
5466,mistral-24b,0.0,cta,data_analysis,43b7ccbcb6eef8606b1b0aaf4c1c858948f75df49caa0589f74a107a9eaf1ea8
5467,mistral-7b,0.0,cta,data_analysis,43b7ccbcb6eef8606b1b0aaf4c1c858948f75df49caa0589f74a107a9eaf1ea8
5468,qwen2.5-32b,100.0,cta,data_analysis,43b7ccbcb6eef8606b1b0aaf4c1c858948f75df49caa0589f74a107a9eaf1ea8
5469,qwen2.5-3b,0.0,cta,data_analysis,43b7ccbcb6eef8606b1b0aaf4c1c858948f75df49caa0589f74a107a9eaf1ea8
5470,gemma-3-12b-it,0.0,cta,data_analysis,48dd183d63a78a751541e8d237cfbfaeeba2df8cd7f0d6fe58324d74aad9ff3b
5471,gemma-3-1b-it,0.0,cta,data_analysis,48dd183d63a78a751541e8d237cfbfaeeba2df8cd7f0d6fe58324d74aad9ff3b
5472,gemma-3-4b-it,0.0,cta,data_analysis,48dd183d63a78a751541e8d237cfbfaeeba2df8cd7f0d6fe58324d74aad9ff3b
5473,llama-3.1-8b-instruct,0.0,cta,data_analysis,48dd183d63a78a751541e8d237cfbfaeeba2df8cd7f0d6fe58324d74aad9ff3b
5474,llama-3.2-1b-instruct,0.0,cta,data_analysis,48dd183d63a78a751541e8d237cfbfaeeba2df8cd7f0d6fe58324d74aad9ff3b
5475,llama-3.2-3b-instruct,0.0,cta,data_analysis,48dd183d63a78a751541e8d237cfbfaeeba2df8cd7f0d6fe58324d74aad9ff3b
5476,mistral-24b,0.0,cta,data_analysis,48dd183d63a78a751541e8d237cfbfaeeba2df8cd7f0d6fe58324d74aad9ff3b
5477,mistral-7b,0.0,cta,data_analysis,48dd183d63a78a751541e8d237cfbfaeeba2df8cd7f0d6fe58324d74aad9ff3b
5478,qwen2.5-32b,0.0,cta,data_analysis,48dd183d63a78a751541e8d237cfbfaeeba2df8cd7f0d6fe58324d74aad9ff3b
5479,qwen2.5-3b,0.0,cta,data_analysis,48dd183d63a78a751541e8d237cfbfaeeba2df8cd7f0d6fe58324d74aad9ff3b
5480,gemma-3-12b-it,0.0,cta,data_analysis,537b9002304148b4aef6f995c3012d9ae159196ab216bfb6fa7ef40f5585cddb
5481,gemma-3-1b-it,0.0,cta,data_analysis,537b9002304148b4aef6f995c3012d9ae159196ab216bfb6fa7ef40f5585cddb
5482,gemma-3-4b-it,0.0,cta,data_analysis,537b9002304148b4aef6f995c3012d9ae159196ab216bfb6fa7ef40f5585cddb
5483,llama-3.1-8b-instruct,0.0,cta,data_analysis,537b9002304148b4aef6f995c3012d9ae159196ab216bfb6fa7ef40f5585cddb
5484,llama-3.2-1b-instruct,0.0,cta,data_analysis,537b9002304148b4aef6f995c3012d9ae159196ab216bfb6fa7ef40f5585cddb
5485,llama-3.2-3b-instruct,0.0,cta,data_analysis,537b9002304148b4aef6f995c3012d9ae159196ab216bfb6fa7ef40f5585cddb
5486,mistral-24b,0.0,cta,data_analysis,537b9002304148b4aef6f995c3012d9ae159196ab216bfb6fa7ef40f5585cddb
5487,mistral-7b,0.0,cta,data_analysis,537b9002304148b4aef6f995c3012d9ae159196ab216bfb6fa7ef40f5585cddb
5488,qwen2.5-32b,100.0,cta,data_analysis,537b9002304148b4aef6f995c3012d9ae159196ab216bfb6fa7ef40f5585cddb
5489,qwen2.5-3b,100.0,cta,data_analysis,537b9002304148b4aef6f995c3012d9ae159196ab216bfb6fa7ef40f5585cddb
5490,gemma-3-12b-it,0.0,cta,data_analysis,567d5f634453da734fb7ceab3bbea4dd283ac19a125102fe9b533ca5e0e388e5
5491,gemma-3-1b-it,0.0,cta,data_analysis,567d5f634453da734fb7ceab3bbea4dd283ac19a125102fe9b533ca5e0e388e5
5492,gemma-3-4b-it,0.0,cta,data_analysis,567d5f634453da734fb7ceab3bbea4dd283ac19a125102fe9b533ca5e0e388e5
5493,llama-3.1-8b-instruct,100.0,cta,data_analysis,567d5f634453da734fb7ceab3bbea4dd283ac19a125102fe9b533ca5e0e388e5
5494,llama-3.2-1b-instruct,0.0,cta,data_analysis,567d5f634453da734fb7ceab3bbea4dd283ac19a125102fe9b533ca5e0e388e5
5495,llama-3.2-3b-instruct,0.0,cta,data_analysis,567d5f634453da734fb7ceab3bbea4dd283ac19a125102fe9b533ca5e0e388e5
5496,mistral-24b,0.0,cta,data_analysis,567d5f634453da734fb7ceab3bbea4dd283ac19a125102fe9b533ca5e0e388e5
5497,mistral-7b,0.0,cta,data_analysis,567d5f634453da734fb7ceab3bbea4dd283ac19a125102fe9b533ca5e0e388e5
5498,qwen2.5-32b,100.0,cta,data_analysis,567d5f634453da734fb7ceab3bbea4dd283ac19a125102fe9b533ca5e0e388e5
5499,qwen2.5-3b,100.0,cta,data_analysis,567d5f634453da734fb7ceab3bbea4dd283ac19a125102fe9b533ca5e0e388e5
5500,gemma-3-12b-it,0.0,cta,data_analysis,58223a1f18c3cda82967cc3ba7d24813209e41470aee583167ee938ae01d3d21
5501,gemma-3-1b-it,0.0,cta,data_analysis,58223a1f18c3cda82967cc3ba7d24813209e41470aee583167ee938ae01d3d21
5502,gemma-3-4b-it,0.0,cta,data_analysis,58223a1f18c3cda82967cc3ba7d24813209e41470aee583167ee938ae01d3d21
5503,llama-3.1-8b-instruct,0.0,cta,data_analysis,58223a1f18c3cda82967cc3ba7d24813209e41470aee583167ee938ae01d3d21
5504,llama-3.2-1b-instruct,0.0,cta,data_analysis,58223a1f18c3cda82967cc3ba7d24813209e41470aee583167ee938ae01d3d21
5505,llama-3.2-3b-instruct,0.0,cta,data_analysis,58223a1f18c3cda82967cc3ba7d24813209e41470aee583167ee938ae01d3d21
5506,mistral-24b,0.0,cta,data_analysis,58223a1f18c3cda82967cc3ba7d24813209e41470aee583167ee938ae01d3d21
5507,mistral-7b,0.0,cta,data_analysis,58223a1f18c3cda82967cc3ba7d24813209e41470aee583167ee938ae01d3d21
5508,qwen2.5-32b,0.0,cta,data_analysis,58223a1f18c3cda82967cc3ba7d24813209e41470aee583167ee938ae01d3d21
5509,qwen2.5-3b,0.0,cta,data_analysis,58223a1f18c3cda82967cc3ba7d24813209e41470aee583167ee938ae01d3d21
5510,gemma-3-12b-it,0.0,cta,data_analysis,5c3dfa6b8c0ecd07ea0091b21fb237ade69bdce3c3a9cdeed307bee1e968ce2b
5511,gemma-3-1b-it,0.0,cta,data_analysis,5c3dfa6b8c0ecd07ea0091b21fb237ade69bdce3c3a9cdeed307bee1e968ce2b
5512,gemma-3-4b-it,0.0,cta,data_analysis,5c3dfa6b8c0ecd07ea0091b21fb237ade69bdce3c3a9cdeed307bee1e968ce2b
5513,llama-3.1-8b-instruct,100.0,cta,data_analysis,5c3dfa6b8c0ecd07ea0091b21fb237ade69bdce3c3a9cdeed307bee1e968ce2b
5514,llama-3.2-1b-instruct,0.0,cta,data_analysis,5c3dfa6b8c0ecd07ea0091b21fb237ade69bdce3c3a9cdeed307bee1e968ce2b
5515,llama-3.2-3b-instruct,0.0,cta,data_analysis,5c3dfa6b8c0ecd07ea0091b21fb237ade69bdce3c3a9cdeed307bee1e968ce2b
5516,mistral-24b,0.0,cta,data_analysis,5c3dfa6b8c0ecd07ea0091b21fb237ade69bdce3c3a9cdeed307bee1e968ce2b
5517,mistral-7b,0.0,cta,data_analysis,5c3dfa6b8c0ecd07ea0091b21fb237ade69bdce3c3a9cdeed307bee1e968ce2b
5518,qwen2.5-32b,100.0,cta,data_analysis,5c3dfa6b8c0ecd07ea0091b21fb237ade69bdce3c3a9cdeed307bee1e968ce2b
5519,qwen2.5-3b,100.0,cta,data_analysis,5c3dfa6b8c0ecd07ea0091b21fb237ade69bdce3c3a9cdeed307bee1e968ce2b
5520,gemma-3-12b-it,0.0,cta,data_analysis,5d098d85a099630e19fe3b715500589f0face5dafeffdf9cb3c23f5259600aa3
5521,gemma-3-1b-it,0.0,cta,data_analysis,5d098d85a099630e19fe3b715500589f0face5dafeffdf9cb3c23f5259600aa3
5522,gemma-3-4b-it,0.0,cta,data_analysis,5d098d85a099630e19fe3b715500589f0face5dafeffdf9cb3c23f5259600aa3
5523,llama-3.1-8b-instruct,100.0,cta,data_analysis,5d098d85a099630e19fe3b715500589f0face5dafeffdf9cb3c23f5259600aa3
5524,llama-3.2-1b-instruct,0.0,cta,data_analysis,5d098d85a099630e19fe3b715500589f0face5dafeffdf9cb3c23f5259600aa3
5525,llama-3.2-3b-instruct,0.0,cta,data_analysis,5d098d85a099630e19fe3b715500589f0face5dafeffdf9cb3c23f5259600aa3
5526,mistral-24b,0.0,cta,data_analysis,5d098d85a099630e19fe3b715500589f0face5dafeffdf9cb3c23f5259600aa3
5527,mistral-7b,0.0,cta,data_analysis,5d098d85a099630e19fe3b715500589f0face5dafeffdf9cb3c23f5259600aa3
5528,qwen2.5-32b,100.0,cta,data_analysis,5d098d85a099630e19fe3b715500589f0face5dafeffdf9cb3c23f5259600aa3
5529,qwen2.5-3b,0.0,cta,data_analysis,5d098d85a099630e19fe3b715500589f0face5dafeffdf9cb3c23f5259600aa3
5530,gemma-3-12b-it,0.0,cta,data_analysis,5f2869cd7e61c776c9b5ceb1ee3f92fd09cb1b636d76bf32e573d6a8a8faced0
5531,gemma-3-1b-it,0.0,cta,data_analysis,5f2869cd7e61c776c9b5ceb1ee3f92fd09cb1b636d76bf32e573d6a8a8faced0
5532,gemma-3-4b-it,0.0,cta,data_analysis,5f2869cd7e61c776c9b5ceb1ee3f92fd09cb1b636d76bf32e573d6a8a8faced0
5533,llama-3.1-8b-instruct,0.0,cta,data_analysis,5f2869cd7e61c776c9b5ceb1ee3f92fd09cb1b636d76bf32e573d6a8a8faced0
5534,llama-3.2-1b-instruct,0.0,cta,data_analysis,5f2869cd7e61c776c9b5ceb1ee3f92fd09cb1b636d76bf32e573d6a8a8faced0
5535,llama-3.2-3b-instruct,0.0,cta,data_analysis,5f2869cd7e61c776c9b5ceb1ee3f92fd09cb1b636d76bf32e573d6a8a8faced0
5536,mistral-24b,0.0,cta,data_analysis,5f2869cd7e61c776c9b5ceb1ee3f92fd09cb1b636d76bf32e573d6a8a8faced0
5537,mistral-7b,0.0,cta,data_analysis,5f2869cd7e61c776c9b5ceb1ee3f92fd09cb1b636d76bf32e573d6a8a8faced0
5538,qwen2.5-32b,0.0,cta,data_analysis,5f2869cd7e61c776c9b5ceb1ee3f92fd09cb1b636d76bf32e573d6a8a8faced0
5539,qwen2.5-3b,0.0,cta,data_analysis,5f2869cd7e61c776c9b5ceb1ee3f92fd09cb1b636d76bf32e573d6a8a8faced0
5540,gemma-3-12b-it,0.0,cta,data_analysis,602d69fbe97264184593d70751ac8421a674ccc32daa16d0a251266d600e41b6
5541,gemma-3-1b-it,0.0,cta,data_analysis,602d69fbe97264184593d70751ac8421a674ccc32daa16d0a251266d600e41b6
5542,gemma-3-4b-it,0.0,cta,data_analysis,602d69fbe97264184593d70751ac8421a674ccc32daa16d0a251266d600e41b6
5543,llama-3.1-8b-instruct,0.0,cta,data_analysis,602d69fbe97264184593d70751ac8421a674ccc32daa16d0a251266d600e41b6
5544,llama-3.2-1b-instruct,0.0,cta,data_analysis,602d69fbe97264184593d70751ac8421a674ccc32daa16d0a251266d600e41b6
5545,llama-3.2-3b-instruct,0.0,cta,data_analysis,602d69fbe97264184593d70751ac8421a674ccc32daa16d0a251266d600e41b6
5546,mistral-24b,0.0,cta,data_analysis,602d69fbe97264184593d70751ac8421a674ccc32daa16d0a251266d600e41b6
5547,mistral-7b,0.0,cta,data_analysis,602d69fbe97264184593d70751ac8421a674ccc32daa16d0a251266d600e41b6
5548,qwen2.5-32b,0.0,cta,data_analysis,602d69fbe97264184593d70751ac8421a674ccc32daa16d0a251266d600e41b6
5549,qwen2.5-3b,0.0,cta,data_analysis,602d69fbe97264184593d70751ac8421a674ccc32daa16d0a251266d600e41b6
5550,gemma-3-12b-it,0.0,cta,data_analysis,60d902d2b18d8ed747f135fd78d13c2da523d6067ed3865723d5e34a99abdf61
5551,gemma-3-1b-it,0.0,cta,data_analysis,60d902d2b18d8ed747f135fd78d13c2da523d6067ed3865723d5e34a99abdf61
5552,gemma-3-4b-it,0.0,cta,data_analysis,60d902d2b18d8ed747f135fd78d13c2da523d6067ed3865723d5e34a99abdf61
5553,llama-3.1-8b-instruct,0.0,cta,data_analysis,60d902d2b18d8ed747f135fd78d13c2da523d6067ed3865723d5e34a99abdf61
5554,llama-3.2-1b-instruct,0.0,cta,data_analysis,60d902d2b18d8ed747f135fd78d13c2da523d6067ed3865723d5e34a99abdf61
5555,llama-3.2-3b-instruct,0.0,cta,data_analysis,60d902d2b18d8ed747f135fd78d13c2da523d6067ed3865723d5e34a99abdf61
5556,mistral-24b,0.0,cta,data_analysis,60d902d2b18d8ed747f135fd78d13c2da523d6067ed3865723d5e34a99abdf61
5557,mistral-7b,0.0,cta,data_analysis,60d902d2b18d8ed747f135fd78d13c2da523d6067ed3865723d5e34a99abdf61
5558,qwen2.5-32b,0.0,cta,data_analysis,60d902d2b18d8ed747f135fd78d13c2da523d6067ed3865723d5e34a99abdf61
5559,qwen2.5-3b,0.0,cta,data_analysis,60d902d2b18d8ed747f135fd78d13c2da523d6067ed3865723d5e34a99abdf61
5560,gemma-3-12b-it,0.0,cta,data_analysis,666f26a703b286a7d31f2f46070307d6aa9e9644fcc24482de85820bfe2ad341
5561,gemma-3-1b-it,0.0,cta,data_analysis,666f26a703b286a7d31f2f46070307d6aa9e9644fcc24482de85820bfe2ad341
5562,gemma-3-4b-it,100.0,cta,data_analysis,666f26a703b286a7d31f2f46070307d6aa9e9644fcc24482de85820bfe2ad341
5563,llama-3.1-8b-instruct,100.0,cta,data_analysis,666f26a703b286a7d31f2f46070307d6aa9e9644fcc24482de85820bfe2ad341
5564,llama-3.2-1b-instruct,0.0,cta,data_analysis,666f26a703b286a7d31f2f46070307d6aa9e9644fcc24482de85820bfe2ad341
5565,llama-3.2-3b-instruct,100.0,cta,data_analysis,666f26a703b286a7d31f2f46070307d6aa9e9644fcc24482de85820bfe2ad341
5566,mistral-24b,0.0,cta,data_analysis,666f26a703b286a7d31f2f46070307d6aa9e9644fcc24482de85820bfe2ad341
5567,mistral-7b,0.0,cta,data_analysis,666f26a703b286a7d31f2f46070307d6aa9e9644fcc24482de85820bfe2ad341
5568,qwen2.5-32b,100.0,cta,data_analysis,666f26a703b286a7d31f2f46070307d6aa9e9644fcc24482de85820bfe2ad341
5569,qwen2.5-3b,100.0,cta,data_analysis,666f26a703b286a7d31f2f46070307d6aa9e9644fcc24482de85820bfe2ad341
5570,gemma-3-12b-it,0.0,cta,data_analysis,6674aadb0c124d37c4b10b3a8fb1fef68aa6e697c6c8b315f07244721921136f
5571,gemma-3-1b-it,0.0,cta,data_analysis,6674aadb0c124d37c4b10b3a8fb1fef68aa6e697c6c8b315f07244721921136f
5572,gemma-3-4b-it,0.0,cta,data_analysis,6674aadb0c124d37c4b10b3a8fb1fef68aa6e697c6c8b315f07244721921136f
5573,llama-3.1-8b-instruct,0.0,cta,data_analysis,6674aadb0c124d37c4b10b3a8fb1fef68aa6e697c6c8b315f07244721921136f
5574,llama-3.2-1b-instruct,0.0,cta,data_analysis,6674aadb0c124d37c4b10b3a8fb1fef68aa6e697c6c8b315f07244721921136f
5575,llama-3.2-3b-instruct,0.0,cta,data_analysis,6674aadb0c124d37c4b10b3a8fb1fef68aa6e697c6c8b315f07244721921136f
5576,mistral-24b,0.0,cta,data_analysis,6674aadb0c124d37c4b10b3a8fb1fef68aa6e697c6c8b315f07244721921136f
5577,mistral-7b,0.0,cta,data_analysis,6674aadb0c124d37c4b10b3a8fb1fef68aa6e697c6c8b315f07244721921136f
5578,qwen2.5-32b,100.0,cta,data_analysis,6674aadb0c124d37c4b10b3a8fb1fef68aa6e697c6c8b315f07244721921136f
5579,qwen2.5-3b,0.0,cta,data_analysis,6674aadb0c124d37c4b10b3a8fb1fef68aa6e697c6c8b315f07244721921136f
5580,gemma-3-12b-it,0.0,cta,data_analysis,710e9427be77576c22d1e45a519a3e25c804d22150ca272b321b7c6916bb08c7
5581,gemma-3-1b-it,0.0,cta,data_analysis,710e9427be77576c22d1e45a519a3e25c804d22150ca272b321b7c6916bb08c7
5582,gemma-3-4b-it,0.0,cta,data_analysis,710e9427be77576c22d1e45a519a3e25c804d22150ca272b321b7c6916bb08c7
5583,llama-3.1-8b-instruct,0.0,cta,data_analysis,710e9427be77576c22d1e45a519a3e25c804d22150ca272b321b7c6916bb08c7
5584,llama-3.2-1b-instruct,0.0,cta,data_analysis,710e9427be77576c22d1e45a519a3e25c804d22150ca272b321b7c6916bb08c7
5585,llama-3.2-3b-instruct,0.0,cta,data_analysis,710e9427be77576c22d1e45a519a3e25c804d22150ca272b321b7c6916bb08c7
5586,mistral-24b,0.0,cta,data_analysis,710e9427be77576c22d1e45a519a3e25c804d22150ca272b321b7c6916bb08c7
5587,mistral-7b,0.0,cta,data_analysis,710e9427be77576c22d1e45a519a3e25c804d22150ca272b321b7c6916bb08c7
5588,qwen2.5-32b,100.0,cta,data_analysis,710e9427be77576c22d1e45a519a3e25c804d22150ca272b321b7c6916bb08c7
5589,qwen2.5-3b,100.0,cta,data_analysis,710e9427be77576c22d1e45a519a3e25c804d22150ca272b321b7c6916bb08c7
5590,gemma-3-12b-it,0.0,cta,data_analysis,71fb9aae0aa1fd2fd7b0a41ffa1c2235cd23ab372bb1d1d039e7ebf150aad656
5591,gemma-3-1b-it,0.0,cta,data_analysis,71fb9aae0aa1fd2fd7b0a41ffa1c2235cd23ab372bb1d1d039e7ebf150aad656
5592,gemma-3-4b-it,0.0,cta,data_analysis,71fb9aae0aa1fd2fd7b0a41ffa1c2235cd23ab372bb1d1d039e7ebf150aad656
5593,llama-3.1-8b-instruct,0.0,cta,data_analysis,71fb9aae0aa1fd2fd7b0a41ffa1c2235cd23ab372bb1d1d039e7ebf150aad656
5594,llama-3.2-1b-instruct,0.0,cta,data_analysis,71fb9aae0aa1fd2fd7b0a41ffa1c2235cd23ab372bb1d1d039e7ebf150aad656
5595,llama-3.2-3b-instruct,0.0,cta,data_analysis,71fb9aae0aa1fd2fd7b0a41ffa1c2235cd23ab372bb1d1d039e7ebf150aad656
5596,mistral-24b,0.0,cta,data_analysis,71fb9aae0aa1fd2fd7b0a41ffa1c2235cd23ab372bb1d1d039e7ebf150aad656
5597,mistral-7b,0.0,cta,data_analysis,71fb9aae0aa1fd2fd7b0a41ffa1c2235cd23ab372bb1d1d039e7ebf150aad656
5598,qwen2.5-32b,0.0,cta,data_analysis,71fb9aae0aa1fd2fd7b0a41ffa1c2235cd23ab372bb1d1d039e7ebf150aad656
5599,qwen2.5-3b,0.0,cta,data_analysis,71fb9aae0aa1fd2fd7b0a41ffa1c2235cd23ab372bb1d1d039e7ebf150aad656
5600,gemma-3-12b-it,0.0,cta,data_analysis,76b0d923c1e41da8c302c906ce9b145c4f648e04442ee224d899de34e2a09c27
5601,gemma-3-1b-it,0.0,cta,data_analysis,76b0d923c1e41da8c302c906ce9b145c4f648e04442ee224d899de34e2a09c27
5602,gemma-3-4b-it,0.0,cta,data_analysis,76b0d923c1e41da8c302c906ce9b145c4f648e04442ee224d899de34e2a09c27
5603,llama-3.1-8b-instruct,0.0,cta,data_analysis,76b0d923c1e41da8c302c906ce9b145c4f648e04442ee224d899de34e2a09c27
5604,llama-3.2-1b-instruct,0.0,cta,data_analysis,76b0d923c1e41da8c302c906ce9b145c4f648e04442ee224d899de34e2a09c27
5605,llama-3.2-3b-instruct,0.0,cta,data_analysis,76b0d923c1e41da8c302c906ce9b145c4f648e04442ee224d899de34e2a09c27
5606,mistral-24b,0.0,cta,data_analysis,76b0d923c1e41da8c302c906ce9b145c4f648e04442ee224d899de34e2a09c27
5607,mistral-7b,0.0,cta,data_analysis,76b0d923c1e41da8c302c906ce9b145c4f648e04442ee224d899de34e2a09c27
5608,qwen2.5-32b,100.0,cta,data_analysis,76b0d923c1e41da8c302c906ce9b145c4f648e04442ee224d899de34e2a09c27
5609,qwen2.5-3b,100.0,cta,data_analysis,76b0d923c1e41da8c302c906ce9b145c4f648e04442ee224d899de34e2a09c27
5610,gemma-3-12b-it,0.0,cta,data_analysis,7a5f7b3b6f5972d4a6c9a42a1e3f6cd73e2f8cb7cb57685a964ff9d6cd43a03d
5611,gemma-3-1b-it,0.0,cta,data_analysis,7a5f7b3b6f5972d4a6c9a42a1e3f6cd73e2f8cb7cb57685a964ff9d6cd43a03d
5612,gemma-3-4b-it,0.0,cta,data_analysis,7a5f7b3b6f5972d4a6c9a42a1e3f6cd73e2f8cb7cb57685a964ff9d6cd43a03d
5613,llama-3.1-8b-instruct,0.0,cta,data_analysis,7a5f7b3b6f5972d4a6c9a42a1e3f6cd73e2f8cb7cb57685a964ff9d6cd43a03d
5614,llama-3.2-1b-instruct,0.0,cta,data_analysis,7a5f7b3b6f5972d4a6c9a42a1e3f6cd73e2f8cb7cb57685a964ff9d6cd43a03d
5615,llama-3.2-3b-instruct,0.0,cta,data_analysis,7a5f7b3b6f5972d4a6c9a42a1e3f6cd73e2f8cb7cb57685a964ff9d6cd43a03d
5616,mistral-24b,0.0,cta,data_analysis,7a5f7b3b6f5972d4a6c9a42a1e3f6cd73e2f8cb7cb57685a964ff9d6cd43a03d
5617,mistral-7b,0.0,cta,data_analysis,7a5f7b3b6f5972d4a6c9a42a1e3f6cd73e2f8cb7cb57685a964ff9d6cd43a03d
5618,qwen2.5-32b,100.0,cta,data_analysis,7a5f7b3b6f5972d4a6c9a42a1e3f6cd73e2f8cb7cb57685a964ff9d6cd43a03d
5619,qwen2.5-3b,0.0,cta,data_analysis,7a5f7b3b6f5972d4a6c9a42a1e3f6cd73e2f8cb7cb57685a964ff9d6cd43a03d
5620,gemma-3-12b-it,0.0,cta,data_analysis,811f288b7c362542153770a32060519cf59d30d4c61368bb9abea3a56f873a09
5621,gemma-3-1b-it,0.0,cta,data_analysis,811f288b7c362542153770a32060519cf59d30d4c61368bb9abea3a56f873a09
5622,gemma-3-4b-it,0.0,cta,data_analysis,811f288b7c362542153770a32060519cf59d30d4c61368bb9abea3a56f873a09
5623,llama-3.1-8b-instruct,0.0,cta,data_analysis,811f288b7c362542153770a32060519cf59d30d4c61368bb9abea3a56f873a09
5624,llama-3.2-1b-instruct,0.0,cta,data_analysis,811f288b7c362542153770a32060519cf59d30d4c61368bb9abea3a56f873a09
5625,llama-3.2-3b-instruct,0.0,cta,data_analysis,811f288b7c362542153770a32060519cf59d30d4c61368bb9abea3a56f873a09
5626,mistral-24b,0.0,cta,data_analysis,811f288b7c362542153770a32060519cf59d30d4c61368bb9abea3a56f873a09
5627,mistral-7b,0.0,cta,data_analysis,811f288b7c362542153770a32060519cf59d30d4c61368bb9abea3a56f873a09
5628,qwen2.5-32b,0.0,cta,data_analysis,811f288b7c362542153770a32060519cf59d30d4c61368bb9abea3a56f873a09
5629,qwen2.5-3b,0.0,cta,data_analysis,811f288b7c362542153770a32060519cf59d30d4c61368bb9abea3a56f873a09
5630,gemma-3-12b-it,0.0,cta,data_analysis,842cec572ddb0d7d642abdc3919a6b340a6787b4128d37184ad9d69095bdf875
5631,gemma-3-1b-it,0.0,cta,data_analysis,842cec572ddb0d7d642abdc3919a6b340a6787b4128d37184ad9d69095bdf875
5632,gemma-3-4b-it,0.0,cta,data_analysis,842cec572ddb0d7d642abdc3919a6b340a6787b4128d37184ad9d69095bdf875
5633,llama-3.1-8b-instruct,0.0,cta,data_analysis,842cec572ddb0d7d642abdc3919a6b340a6787b4128d37184ad9d69095bdf875
5634,llama-3.2-1b-instruct,0.0,cta,data_analysis,842cec572ddb0d7d642abdc3919a6b340a6787b4128d37184ad9d69095bdf875
5635,llama-3.2-3b-instruct,0.0,cta,data_analysis,842cec572ddb0d7d642abdc3919a6b340a6787b4128d37184ad9d69095bdf875
5636,mistral-24b,0.0,cta,data_analysis,842cec572ddb0d7d642abdc3919a6b340a6787b4128d37184ad9d69095bdf875
5637,mistral-7b,0.0,cta,data_analysis,842cec572ddb0d7d642abdc3919a6b340a6787b4128d37184ad9d69095bdf875
5638,qwen2.5-32b,100.0,cta,data_analysis,842cec572ddb0d7d642abdc3919a6b340a6787b4128d37184ad9d69095bdf875
5639,qwen2.5-3b,0.0,cta,data_analysis,842cec572ddb0d7d642abdc3919a6b340a6787b4128d37184ad9d69095bdf875
5640,gemma-3-12b-it,0.0,cta,data_analysis,901488c5b80e759ac79c75455b21b7680ecd546d5529c76483a65dd96a3dab82
5641,gemma-3-1b-it,0.0,cta,data_analysis,901488c5b80e759ac79c75455b21b7680ecd546d5529c76483a65dd96a3dab82
5642,gemma-3-4b-it,0.0,cta,data_analysis,901488c5b80e759ac79c75455b21b7680ecd546d5529c76483a65dd96a3dab82
5643,llama-3.1-8b-instruct,100.0,cta,data_analysis,901488c5b80e759ac79c75455b21b7680ecd546d5529c76483a65dd96a3dab82
5644,llama-3.2-1b-instruct,0.0,cta,data_analysis,901488c5b80e759ac79c75455b21b7680ecd546d5529c76483a65dd96a3dab82
5645,llama-3.2-3b-instruct,0.0,cta,data_analysis,901488c5b80e759ac79c75455b21b7680ecd546d5529c76483a65dd96a3dab82
5646,mistral-24b,0.0,cta,data_analysis,901488c5b80e759ac79c75455b21b7680ecd546d5529c76483a65dd96a3dab82
5647,mistral-7b,0.0,cta,data_analysis,901488c5b80e759ac79c75455b21b7680ecd546d5529c76483a65dd96a3dab82
5648,qwen2.5-32b,100.0,cta,data_analysis,901488c5b80e759ac79c75455b21b7680ecd546d5529c76483a65dd96a3dab82
5649,qwen2.5-3b,0.0,cta,data_analysis,901488c5b80e759ac79c75455b21b7680ecd546d5529c76483a65dd96a3dab82
5650,gemma-3-12b-it,0.0,cta,data_analysis,9c74edf111b76d22e29f59efc87f353419396850fea9cecb6d1f3535d7370cea
5651,gemma-3-1b-it,0.0,cta,data_analysis,9c74edf111b76d22e29f59efc87f353419396850fea9cecb6d1f3535d7370cea
5652,gemma-3-4b-it,0.0,cta,data_analysis,9c74edf111b76d22e29f59efc87f353419396850fea9cecb6d1f3535d7370cea
5653,llama-3.1-8b-instruct,0.0,cta,data_analysis,9c74edf111b76d22e29f59efc87f353419396850fea9cecb6d1f3535d7370cea
5654,llama-3.2-1b-instruct,0.0,cta,data_analysis,9c74edf111b76d22e29f59efc87f353419396850fea9cecb6d1f3535d7370cea
5655,llama-3.2-3b-instruct,0.0,cta,data_analysis,9c74edf111b76d22e29f59efc87f353419396850fea9cecb6d1f3535d7370cea
5656,mistral-24b,0.0,cta,data_analysis,9c74edf111b76d22e29f59efc87f353419396850fea9cecb6d1f3535d7370cea
5657,mistral-7b,0.0,cta,data_analysis,9c74edf111b76d22e29f59efc87f353419396850fea9cecb6d1f3535d7370cea
5658,qwen2.5-32b,0.0,cta,data_analysis,9c74edf111b76d22e29f59efc87f353419396850fea9cecb6d1f3535d7370cea
5659,qwen2.5-3b,0.0,cta,data_analysis,9c74edf111b76d22e29f59efc87f353419396850fea9cecb6d1f3535d7370cea
5660,gemma-3-12b-it,0.0,cta,data_analysis,9ed22ed7d6c73a08f9522684d4996821054dde714067e644bf8225fe9f2817ff
5661,gemma-3-1b-it,0.0,cta,data_analysis,9ed22ed7d6c73a08f9522684d4996821054dde714067e644bf8225fe9f2817ff
5662,gemma-3-4b-it,0.0,cta,data_analysis,9ed22ed7d6c73a08f9522684d4996821054dde714067e644bf8225fe9f2817ff
5663,llama-3.1-8b-instruct,0.0,cta,data_analysis,9ed22ed7d6c73a08f9522684d4996821054dde714067e644bf8225fe9f2817ff
5664,llama-3.2-1b-instruct,0.0,cta,data_analysis,9ed22ed7d6c73a08f9522684d4996821054dde714067e644bf8225fe9f2817ff
5665,llama-3.2-3b-instruct,0.0,cta,data_analysis,9ed22ed7d6c73a08f9522684d4996821054dde714067e644bf8225fe9f2817ff
5666,mistral-24b,0.0,cta,data_analysis,9ed22ed7d6c73a08f9522684d4996821054dde714067e644bf8225fe9f2817ff
5667,mistral-7b,0.0,cta,data_analysis,9ed22ed7d6c73a08f9522684d4996821054dde714067e644bf8225fe9f2817ff
5668,qwen2.5-32b,100.0,cta,data_analysis,9ed22ed7d6c73a08f9522684d4996821054dde714067e644bf8225fe9f2817ff
5669,qwen2.5-3b,0.0,cta,data_analysis,9ed22ed7d6c73a08f9522684d4996821054dde714067e644bf8225fe9f2817ff
5670,gemma-3-12b-it,0.0,cta,data_analysis,a0ef4e780ad34fa8a80b2ce6367a36c65899cfeb5e610e896857e49bc240e45e
5671,gemma-3-1b-it,0.0,cta,data_analysis,a0ef4e780ad34fa8a80b2ce6367a36c65899cfeb5e610e896857e49bc240e45e
5672,gemma-3-4b-it,0.0,cta,data_analysis,a0ef4e780ad34fa8a80b2ce6367a36c65899cfeb5e610e896857e49bc240e45e
5673,llama-3.1-8b-instruct,0.0,cta,data_analysis,a0ef4e780ad34fa8a80b2ce6367a36c65899cfeb5e610e896857e49bc240e45e
5674,llama-3.2-1b-instruct,0.0,cta,data_analysis,a0ef4e780ad34fa8a80b2ce6367a36c65899cfeb5e610e896857e49bc240e45e
5675,llama-3.2-3b-instruct,0.0,cta,data_analysis,a0ef4e780ad34fa8a80b2ce6367a36c65899cfeb5e610e896857e49bc240e45e
5676,mistral-24b,0.0,cta,data_analysis,a0ef4e780ad34fa8a80b2ce6367a36c65899cfeb5e610e896857e49bc240e45e
5677,mistral-7b,0.0,cta,data_analysis,a0ef4e780ad34fa8a80b2ce6367a36c65899cfeb5e610e896857e49bc240e45e
5678,qwen2.5-32b,100.0,cta,data_analysis,a0ef4e780ad34fa8a80b2ce6367a36c65899cfeb5e610e896857e49bc240e45e
5679,qwen2.5-3b,0.0,cta,data_analysis,a0ef4e780ad34fa8a80b2ce6367a36c65899cfeb5e610e896857e49bc240e45e
5680,gemma-3-12b-it,100.0,cta,data_analysis,a435d97ba2ea930c89581870ce3bdc86e96e6399ce7fc3ef7ed19bf88f3771a6
5681,gemma-3-1b-it,0.0,cta,data_analysis,a435d97ba2ea930c89581870ce3bdc86e96e6399ce7fc3ef7ed19bf88f3771a6
5682,gemma-3-4b-it,0.0,cta,data_analysis,a435d97ba2ea930c89581870ce3bdc86e96e6399ce7fc3ef7ed19bf88f3771a6
5683,llama-3.1-8b-instruct,100.0,cta,data_analysis,a435d97ba2ea930c89581870ce3bdc86e96e6399ce7fc3ef7ed19bf88f3771a6
5684,llama-3.2-1b-instruct,0.0,cta,data_analysis,a435d97ba2ea930c89581870ce3bdc86e96e6399ce7fc3ef7ed19bf88f3771a6
5685,llama-3.2-3b-instruct,0.0,cta,data_analysis,a435d97ba2ea930c89581870ce3bdc86e96e6399ce7fc3ef7ed19bf88f3771a6
5686,mistral-24b,0.0,cta,data_analysis,a435d97ba2ea930c89581870ce3bdc86e96e6399ce7fc3ef7ed19bf88f3771a6
5687,mistral-7b,0.0,cta,data_analysis,a435d97ba2ea930c89581870ce3bdc86e96e6399ce7fc3ef7ed19bf88f3771a6
5688,qwen2.5-32b,100.0,cta,data_analysis,a435d97ba2ea930c89581870ce3bdc86e96e6399ce7fc3ef7ed19bf88f3771a6
5689,qwen2.5-3b,0.0,cta,data_analysis,a435d97ba2ea930c89581870ce3bdc86e96e6399ce7fc3ef7ed19bf88f3771a6
5690,gemma-3-12b-it,0.0,cta,data_analysis,aaa722230f998bcba4bfe53b5843b770a09c16203c4de187c1b810c8167b6471
5691,gemma-3-1b-it,0.0,cta,data_analysis,aaa722230f998bcba4bfe53b5843b770a09c16203c4de187c1b810c8167b6471
5692,gemma-3-4b-it,0.0,cta,data_analysis,aaa722230f998bcba4bfe53b5843b770a09c16203c4de187c1b810c8167b6471
5693,llama-3.1-8b-instruct,100.0,cta,data_analysis,aaa722230f998bcba4bfe53b5843b770a09c16203c4de187c1b810c8167b6471
5694,llama-3.2-1b-instruct,0.0,cta,data_analysis,aaa722230f998bcba4bfe53b5843b770a09c16203c4de187c1b810c8167b6471
5695,llama-3.2-3b-instruct,0.0,cta,data_analysis,aaa722230f998bcba4bfe53b5843b770a09c16203c4de187c1b810c8167b6471
5696,mistral-24b,0.0,cta,data_analysis,aaa722230f998bcba4bfe53b5843b770a09c16203c4de187c1b810c8167b6471
5697,mistral-7b,0.0,cta,data_analysis,aaa722230f998bcba4bfe53b5843b770a09c16203c4de187c1b810c8167b6471
5698,qwen2.5-32b,0.0,cta,data_analysis,aaa722230f998bcba4bfe53b5843b770a09c16203c4de187c1b810c8167b6471
5699,qwen2.5-3b,0.0,cta,data_analysis,aaa722230f998bcba4bfe53b5843b770a09c16203c4de187c1b810c8167b6471
5700,gemma-3-12b-it,0.0,cta,data_analysis,ae6113bfce471464f03e7ff173b9a9e13a8bb431439c41d82100097c5d61dd7d
5701,gemma-3-1b-it,0.0,cta,data_analysis,ae6113bfce471464f03e7ff173b9a9e13a8bb431439c41d82100097c5d61dd7d
5702,gemma-3-4b-it,0.0,cta,data_analysis,ae6113bfce471464f03e7ff173b9a9e13a8bb431439c41d82100097c5d61dd7d
5703,llama-3.1-8b-instruct,100.0,cta,data_analysis,ae6113bfce471464f03e7ff173b9a9e13a8bb431439c41d82100097c5d61dd7d
5704,llama-3.2-1b-instruct,0.0,cta,data_analysis,ae6113bfce471464f03e7ff173b9a9e13a8bb431439c41d82100097c5d61dd7d
5705,llama-3.2-3b-instruct,0.0,cta,data_analysis,ae6113bfce471464f03e7ff173b9a9e13a8bb431439c41d82100097c5d61dd7d
5706,mistral-24b,0.0,cta,data_analysis,ae6113bfce471464f03e7ff173b9a9e13a8bb431439c41d82100097c5d61dd7d
5707,mistral-7b,0.0,cta,data_analysis,ae6113bfce471464f03e7ff173b9a9e13a8bb431439c41d82100097c5d61dd7d
5708,qwen2.5-32b,0.0,cta,data_analysis,ae6113bfce471464f03e7ff173b9a9e13a8bb431439c41d82100097c5d61dd7d
5709,qwen2.5-3b,0.0,cta,data_analysis,ae6113bfce471464f03e7ff173b9a9e13a8bb431439c41d82100097c5d61dd7d
5710,gemma-3-12b-it,0.0,cta,data_analysis,b75684697587c1ce05a1377916ae8da11e579e9e8a3d9e693a955a1dc8522f2e
5711,gemma-3-1b-it,0.0,cta,data_analysis,b75684697587c1ce05a1377916ae8da11e579e9e8a3d9e693a955a1dc8522f2e
5712,gemma-3-4b-it,0.0,cta,data_analysis,b75684697587c1ce05a1377916ae8da11e579e9e8a3d9e693a955a1dc8522f2e
5713,llama-3.1-8b-instruct,0.0,cta,data_analysis,b75684697587c1ce05a1377916ae8da11e579e9e8a3d9e693a955a1dc8522f2e
5714,llama-3.2-1b-instruct,0.0,cta,data_analysis,b75684697587c1ce05a1377916ae8da11e579e9e8a3d9e693a955a1dc8522f2e
5715,llama-3.2-3b-instruct,0.0,cta,data_analysis,b75684697587c1ce05a1377916ae8da11e579e9e8a3d9e693a955a1dc8522f2e
5716,mistral-24b,0.0,cta,data_analysis,b75684697587c1ce05a1377916ae8da11e579e9e8a3d9e693a955a1dc8522f2e
5717,mistral-7b,0.0,cta,data_analysis,b75684697587c1ce05a1377916ae8da11e579e9e8a3d9e693a955a1dc8522f2e
5718,qwen2.5-32b,0.0,cta,data_analysis,b75684697587c1ce05a1377916ae8da11e579e9e8a3d9e693a955a1dc8522f2e
5719,qwen2.5-3b,0.0,cta,data_analysis,b75684697587c1ce05a1377916ae8da11e579e9e8a3d9e693a955a1dc8522f2e
5720,gemma-3-12b-it,0.0,cta,data_analysis,bb6b6f851602827f90538249a5eb7dffa6755060c85a51cd16b13500bbaf57d1
5721,gemma-3-1b-it,0.0,cta,data_analysis,bb6b6f851602827f90538249a5eb7dffa6755060c85a51cd16b13500bbaf57d1
5722,gemma-3-4b-it,0.0,cta,data_analysis,bb6b6f851602827f90538249a5eb7dffa6755060c85a51cd16b13500bbaf57d1
5723,llama-3.1-8b-instruct,0.0,cta,data_analysis,bb6b6f851602827f90538249a5eb7dffa6755060c85a51cd16b13500bbaf57d1
5724,llama-3.2-1b-instruct,0.0,cta,data_analysis,bb6b6f851602827f90538249a5eb7dffa6755060c85a51cd16b13500bbaf57d1
5725,llama-3.2-3b-instruct,0.0,cta,data_analysis,bb6b6f851602827f90538249a5eb7dffa6755060c85a51cd16b13500bbaf57d1
5726,mistral-24b,0.0,cta,data_analysis,bb6b6f851602827f90538249a5eb7dffa6755060c85a51cd16b13500bbaf57d1
5727,mistral-7b,0.0,cta,data_analysis,bb6b6f851602827f90538249a5eb7dffa6755060c85a51cd16b13500bbaf57d1
5728,qwen2.5-32b,0.0,cta,data_analysis,bb6b6f851602827f90538249a5eb7dffa6755060c85a51cd16b13500bbaf57d1
5729,qwen2.5-3b,0.0,cta,data_analysis,bb6b6f851602827f90538249a5eb7dffa6755060c85a51cd16b13500bbaf57d1
5730,gemma-3-12b-it,0.0,cta,data_analysis,c6e1c2339d66267100fd9c9851f6fb488e0e91054519c789bc30206a8bf0f175
5731,gemma-3-1b-it,0.0,cta,data_analysis,c6e1c2339d66267100fd9c9851f6fb488e0e91054519c789bc30206a8bf0f175
5732,gemma-3-4b-it,0.0,cta,data_analysis,c6e1c2339d66267100fd9c9851f6fb488e0e91054519c789bc30206a8bf0f175
5733,llama-3.1-8b-instruct,100.0,cta,data_analysis,c6e1c2339d66267100fd9c9851f6fb488e0e91054519c789bc30206a8bf0f175
5734,llama-3.2-1b-instruct,0.0,cta,data_analysis,c6e1c2339d66267100fd9c9851f6fb488e0e91054519c789bc30206a8bf0f175
5735,llama-3.2-3b-instruct,0.0,cta,data_analysis,c6e1c2339d66267100fd9c9851f6fb488e0e91054519c789bc30206a8bf0f175
5736,mistral-24b,0.0,cta,data_analysis,c6e1c2339d66267100fd9c9851f6fb488e0e91054519c789bc30206a8bf0f175
5737,mistral-7b,0.0,cta,data_analysis,c6e1c2339d66267100fd9c9851f6fb488e0e91054519c789bc30206a8bf0f175
5738,qwen2.5-32b,0.0,cta,data_analysis,c6e1c2339d66267100fd9c9851f6fb488e0e91054519c789bc30206a8bf0f175
5739,qwen2.5-3b,100.0,cta,data_analysis,c6e1c2339d66267100fd9c9851f6fb488e0e91054519c789bc30206a8bf0f175
5740,gemma-3-12b-it,0.0,cta,data_analysis,cc82520bd9c7eeb5f06c9f7ebf1dd59b89bfd90d91080f88d49bd069250152e5
5741,gemma-3-1b-it,0.0,cta,data_analysis,cc82520bd9c7eeb5f06c9f7ebf1dd59b89bfd90d91080f88d49bd069250152e5
5742,gemma-3-4b-it,0.0,cta,data_analysis,cc82520bd9c7eeb5f06c9f7ebf1dd59b89bfd90d91080f88d49bd069250152e5
5743,llama-3.1-8b-instruct,0.0,cta,data_analysis,cc82520bd9c7eeb5f06c9f7ebf1dd59b89bfd90d91080f88d49bd069250152e5
5744,llama-3.2-1b-instruct,0.0,cta,data_analysis,cc82520bd9c7eeb5f06c9f7ebf1dd59b89bfd90d91080f88d49bd069250152e5
5745,llama-3.2-3b-instruct,0.0,cta,data_analysis,cc82520bd9c7eeb5f06c9f7ebf1dd59b89bfd90d91080f88d49bd069250152e5
5746,mistral-24b,0.0,cta,data_analysis,cc82520bd9c7eeb5f06c9f7ebf1dd59b89bfd90d91080f88d49bd069250152e5
5747,mistral-7b,0.0,cta,data_analysis,cc82520bd9c7eeb5f06c9f7ebf1dd59b89bfd90d91080f88d49bd069250152e5
5748,qwen2.5-32b,100.0,cta,data_analysis,cc82520bd9c7eeb5f06c9f7ebf1dd59b89bfd90d91080f88d49bd069250152e5
5749,qwen2.5-3b,0.0,cta,data_analysis,cc82520bd9c7eeb5f06c9f7ebf1dd59b89bfd90d91080f88d49bd069250152e5
5750,gemma-3-12b-it,0.0,cta,data_analysis,cea94c94a9f19381ae78825923b0c72cf9f16907bd0213bea6beca953a70b085
5751,gemma-3-1b-it,0.0,cta,data_analysis,cea94c94a9f19381ae78825923b0c72cf9f16907bd0213bea6beca953a70b085
5752,gemma-3-4b-it,0.0,cta,data_analysis,cea94c94a9f19381ae78825923b0c72cf9f16907bd0213bea6beca953a70b085
5753,llama-3.1-8b-instruct,0.0,cta,data_analysis,cea94c94a9f19381ae78825923b0c72cf9f16907bd0213bea6beca953a70b085
5754,llama-3.2-1b-instruct,0.0,cta,data_analysis,cea94c94a9f19381ae78825923b0c72cf9f16907bd0213bea6beca953a70b085
5755,llama-3.2-3b-instruct,0.0,cta,data_analysis,cea94c94a9f19381ae78825923b0c72cf9f16907bd0213bea6beca953a70b085
5756,mistral-24b,0.0,cta,data_analysis,cea94c94a9f19381ae78825923b0c72cf9f16907bd0213bea6beca953a70b085
5757,mistral-7b,0.0,cta,data_analysis,cea94c94a9f19381ae78825923b0c72cf9f16907bd0213bea6beca953a70b085
5758,qwen2.5-32b,100.0,cta,data_analysis,cea94c94a9f19381ae78825923b0c72cf9f16907bd0213bea6beca953a70b085
5759,qwen2.5-3b,100.0,cta,data_analysis,cea94c94a9f19381ae78825923b0c72cf9f16907bd0213bea6beca953a70b085
5760,gemma-3-12b-it,0.0,cta,data_analysis,d3d910189e70e5e5edd9a3f76420da1e8a5578b966ceef1c3936fb6b8e456551
5761,gemma-3-1b-it,0.0,cta,data_analysis,d3d910189e70e5e5edd9a3f76420da1e8a5578b966ceef1c3936fb6b8e456551
5762,gemma-3-4b-it,0.0,cta,data_analysis,d3d910189e70e5e5edd9a3f76420da1e8a5578b966ceef1c3936fb6b8e456551
5763,llama-3.1-8b-instruct,0.0,cta,data_analysis,d3d910189e70e5e5edd9a3f76420da1e8a5578b966ceef1c3936fb6b8e456551
5764,llama-3.2-1b-instruct,0.0,cta,data_analysis,d3d910189e70e5e5edd9a3f76420da1e8a5578b966ceef1c3936fb6b8e456551
5765,llama-3.2-3b-instruct,0.0,cta,data_analysis,d3d910189e70e5e5edd9a3f76420da1e8a5578b966ceef1c3936fb6b8e456551
5766,mistral-24b,0.0,cta,data_analysis,d3d910189e70e5e5edd9a3f76420da1e8a5578b966ceef1c3936fb6b8e456551
5767,mistral-7b,0.0,cta,data_analysis,d3d910189e70e5e5edd9a3f76420da1e8a5578b966ceef1c3936fb6b8e456551
5768,qwen2.5-32b,0.0,cta,data_analysis,d3d910189e70e5e5edd9a3f76420da1e8a5578b966ceef1c3936fb6b8e456551
5769,qwen2.5-3b,0.0,cta,data_analysis,d3d910189e70e5e5edd9a3f76420da1e8a5578b966ceef1c3936fb6b8e456551
5770,gemma-3-12b-it,0.0,cta,data_analysis,d4ec8efff8fdcc6db682bb2c9dc2b5284ea7ca5d0f79663832e203e3d52bd125
5771,gemma-3-1b-it,0.0,cta,data_analysis,d4ec8efff8fdcc6db682bb2c9dc2b5284ea7ca5d0f79663832e203e3d52bd125
5772,gemma-3-4b-it,0.0,cta,data_analysis,d4ec8efff8fdcc6db682bb2c9dc2b5284ea7ca5d0f79663832e203e3d52bd125
5773,llama-3.1-8b-instruct,0.0,cta,data_analysis,d4ec8efff8fdcc6db682bb2c9dc2b5284ea7ca5d0f79663832e203e3d52bd125
5774,llama-3.2-1b-instruct,0.0,cta,data_analysis,d4ec8efff8fdcc6db682bb2c9dc2b5284ea7ca5d0f79663832e203e3d52bd125
5775,llama-3.2-3b-instruct,100.0,cta,data_analysis,d4ec8efff8fdcc6db682bb2c9dc2b5284ea7ca5d0f79663832e203e3d52bd125
5776,mistral-24b,0.0,cta,data_analysis,d4ec8efff8fdcc6db682bb2c9dc2b5284ea7ca5d0f79663832e203e3d52bd125
5777,mistral-7b,0.0,cta,data_analysis,d4ec8efff8fdcc6db682bb2c9dc2b5284ea7ca5d0f79663832e203e3d52bd125
5778,qwen2.5-32b,100.0,cta,data_analysis,d4ec8efff8fdcc6db682bb2c9dc2b5284ea7ca5d0f79663832e203e3d52bd125
5779,qwen2.5-3b,0.0,cta,data_analysis,d4ec8efff8fdcc6db682bb2c9dc2b5284ea7ca5d0f79663832e203e3d52bd125
5780,gemma-3-12b-it,0.0,cta,data_analysis,ea6612af21a179810783dc4c8f39584a5f287099d46855b0b44b3d706ef349f7
5781,gemma-3-1b-it,0.0,cta,data_analysis,ea6612af21a179810783dc4c8f39584a5f287099d46855b0b44b3d706ef349f7
5782,gemma-3-4b-it,0.0,cta,data_analysis,ea6612af21a179810783dc4c8f39584a5f287099d46855b0b44b3d706ef349f7
5783,llama-3.1-8b-instruct,0.0,cta,data_analysis,ea6612af21a179810783dc4c8f39584a5f287099d46855b0b44b3d706ef349f7
5784,llama-3.2-1b-instruct,0.0,cta,data_analysis,ea6612af21a179810783dc4c8f39584a5f287099d46855b0b44b3d706ef349f7
5785,llama-3.2-3b-instruct,0.0,cta,data_analysis,ea6612af21a179810783dc4c8f39584a5f287099d46855b0b44b3d706ef349f7
5786,mistral-24b,0.0,cta,data_analysis,ea6612af21a179810783dc4c8f39584a5f287099d46855b0b44b3d706ef349f7
5787,mistral-7b,0.0,cta,data_analysis,ea6612af21a179810783dc4c8f39584a5f287099d46855b0b44b3d706ef349f7
5788,qwen2.5-32b,0.0,cta,data_analysis,ea6612af21a179810783dc4c8f39584a5f287099d46855b0b44b3d706ef349f7
5789,qwen2.5-3b,0.0,cta,data_analysis,ea6612af21a179810783dc4c8f39584a5f287099d46855b0b44b3d706ef349f7
5790,gemma-3-12b-it,0.0,cta,data_analysis,f6239269d04fcfd9a96e904b2016c00b132487ce74c331d77b829d5cdb6f5df7
5791,gemma-3-1b-it,0.0,cta,data_analysis,f6239269d04fcfd9a96e904b2016c00b132487ce74c331d77b829d5cdb6f5df7
5792,gemma-3-4b-it,0.0,cta,data_analysis,f6239269d04fcfd9a96e904b2016c00b132487ce74c331d77b829d5cdb6f5df7
5793,llama-3.1-8b-instruct,0.0,cta,data_analysis,f6239269d04fcfd9a96e904b2016c00b132487ce74c331d77b829d5cdb6f5df7
5794,llama-3.2-1b-instruct,0.0,cta,data_analysis,f6239269d04fcfd9a96e904b2016c00b132487ce74c331d77b829d5cdb6f5df7
5795,llama-3.2-3b-instruct,0.0,cta,data_analysis,f6239269d04fcfd9a96e904b2016c00b132487ce74c331d77b829d5cdb6f5df7
5796,mistral-24b,100.0,cta,data_analysis,f6239269d04fcfd9a96e904b2016c00b132487ce74c331d77b829d5cdb6f5df7
5797,mistral-7b,0.0,cta,data_analysis,f6239269d04fcfd9a96e904b2016c00b132487ce74c331d77b829d5cdb6f5df7
5798,qwen2.5-32b,100.0,cta,data_analysis,f6239269d04fcfd9a96e904b2016c00b132487ce74c331d77b829d5cdb6f5df7
5799,qwen2.5-3b,100.0,cta,data_analysis,f6239269d04fcfd9a96e904b2016c00b132487ce74c331d77b829d5cdb6f5df7
5800,gemma-3-12b-it,0.0,cta,data_analysis,f9bcb466e175b91a55ff30f1265ad410a93737012e3e6c8f288adcd3525f5d7e
5801,gemma-3-1b-it,0.0,cta,data_analysis,f9bcb466e175b91a55ff30f1265ad410a93737012e3e6c8f288adcd3525f5d7e
5802,gemma-3-4b-it,0.0,cta,data_analysis,f9bcb466e175b91a55ff30f1265ad410a93737012e3e6c8f288adcd3525f5d7e
5803,llama-3.1-8b-instruct,100.0,cta,data_analysis,f9bcb466e175b91a55ff30f1265ad410a93737012e3e6c8f288adcd3525f5d7e
5804,llama-3.2-1b-instruct,0.0,cta,data_analysis,f9bcb466e175b91a55ff30f1265ad410a93737012e3e6c8f288adcd3525f5d7e
5805,llama-3.2-3b-instruct,100.0,cta,data_analysis,f9bcb466e175b91a55ff30f1265ad410a93737012e3e6c8f288adcd3525f5d7e
5806,mistral-24b,0.0,cta,data_analysis,f9bcb466e175b91a55ff30f1265ad410a93737012e3e6c8f288adcd3525f5d7e
5807,mistral-7b,0.0,cta,data_analysis,f9bcb466e175b91a55ff30f1265ad410a93737012e3e6c8f288adcd3525f5d7e
5808,qwen2.5-32b,100.0,cta,data_analysis,f9bcb466e175b91a55ff30f1265ad410a93737012e3e6c8f288adcd3525f5d7e
5809,qwen2.5-3b,100.0,cta,data_analysis,f9bcb466e175b91a55ff30f1265ad410a93737012e3e6c8f288adcd3525f5d7e
5810,gemma-3-12b-it,0.0,cta,data_analysis,fb965026ca12eae296ee0e5a21c0f7f2691e7f27a829c7d6b69b3d659257222a
5811,gemma-3-1b-it,0.0,cta,data_analysis,fb965026ca12eae296ee0e5a21c0f7f2691e7f27a829c7d6b69b3d659257222a
5812,gemma-3-4b-it,0.0,cta,data_analysis,fb965026ca12eae296ee0e5a21c0f7f2691e7f27a829c7d6b69b3d659257222a
5813,llama-3.1-8b-instruct,0.0,cta,data_analysis,fb965026ca12eae296ee0e5a21c0f7f2691e7f27a829c7d6b69b3d659257222a
5814,llama-3.2-1b-instruct,0.0,cta,data_analysis,fb965026ca12eae296ee0e5a21c0f7f2691e7f27a829c7d6b69b3d659257222a
5815,llama-3.2-3b-instruct,0.0,cta,data_analysis,fb965026ca12eae296ee0e5a21c0f7f2691e7f27a829c7d6b69b3d659257222a
5816,mistral-24b,0.0,cta,data_analysis,fb965026ca12eae296ee0e5a21c0f7f2691e7f27a829c7d6b69b3d659257222a
5817,mistral-7b,0.0,cta,data_analysis,fb965026ca12eae296ee0e5a21c0f7f2691e7f27a829c7d6b69b3d659257222a
5818,qwen2.5-32b,0.0,cta,data_analysis,fb965026ca12eae296ee0e5a21c0f7f2691e7f27a829c7d6b69b3d659257222a
5819,qwen2.5-3b,0.0,cta,data_analysis,fb965026ca12eae296ee0e5a21c0f7f2691e7f27a829c7d6b69b3d659257222a
5820,gemma-3-12b-it,12.5,zebra_puzzle,reasoning,0405cc3d80d24b05c54ae0284daac12f64b8ec440dfc3ab8e35b0970f414e91e
5821,gemma-3-1b-it,0.0,zebra_puzzle,reasoning,0405cc3d80d24b05c54ae0284daac12f64b8ec440dfc3ab8e35b0970f414e91e
5822,gemma-3-4b-it,25.0,zebra_puzzle,reasoning,0405cc3d80d24b05c54ae0284daac12f64b8ec440dfc3ab8e35b0970f414e91e
5823,llama-3.1-8b-instruct,0.0,zebra_puzzle,reasoning,0405cc3d80d24b05c54ae0284daac12f64b8ec440dfc3ab8e35b0970f414e91e
5824,llama-3.2-1b-instruct,0.0,zebra_puzzle,reasoning,0405cc3d80d24b05c54ae0284daac12f64b8ec440dfc3ab8e35b0970f414e91e
5825,llama-3.2-3b-instruct,0.0,zebra_puzzle,reasoning,0405cc3d80d24b05c54ae0284daac12f64b8ec440dfc3ab8e35b0970f414e91e
5826,mistral-24b,37.5,zebra_puzzle,reasoning,0405cc3d80d24b05c54ae0284daac12f64b8ec440dfc3ab8e35b0970f414e91e
5827,mistral-7b,0.0,zebra_puzzle,reasoning,0405cc3d80d24b05c54ae0284daac12f64b8ec440dfc3ab8e35b0970f414e91e
5828,qwen2.5-32b,12.5,zebra_puzzle,reasoning,0405cc3d80d24b05c54ae0284daac12f64b8ec440dfc3ab8e35b0970f414e91e
5829,qwen2.5-3b,25.0,zebra_puzzle,reasoning,0405cc3d80d24b05c54ae0284daac12f64b8ec440dfc3ab8e35b0970f414e91e
5830,gemma-3-12b-it,12.5,zebra_puzzle,reasoning,04207d46453963ade715fc168f3ef781edc3f5355fc03090911cb355fb73867c
5831,gemma-3-1b-it,12.5,zebra_puzzle,reasoning,04207d46453963ade715fc168f3ef781edc3f5355fc03090911cb355fb73867c
5832,gemma-3-4b-it,0.0,zebra_puzzle,reasoning,04207d46453963ade715fc168f3ef781edc3f5355fc03090911cb355fb73867c
5833,llama-3.1-8b-instruct,0.0,zebra_puzzle,reasoning,04207d46453963ade715fc168f3ef781edc3f5355fc03090911cb355fb73867c
5834,llama-3.2-1b-instruct,0.0,zebra_puzzle,reasoning,04207d46453963ade715fc168f3ef781edc3f5355fc03090911cb355fb73867c
5835,llama-3.2-3b-instruct,0.0,zebra_puzzle,reasoning,04207d46453963ade715fc168f3ef781edc3f5355fc03090911cb355fb73867c
5836,mistral-24b,25.0,zebra_puzzle,reasoning,04207d46453963ade715fc168f3ef781edc3f5355fc03090911cb355fb73867c
5837,mistral-7b,0.0,zebra_puzzle,reasoning,04207d46453963ade715fc168f3ef781edc3f5355fc03090911cb355fb73867c
5838,qwen2.5-32b,25.0,zebra_puzzle,reasoning,04207d46453963ade715fc168f3ef781edc3f5355fc03090911cb355fb73867c
5839,qwen2.5-3b,0.0,zebra_puzzle,reasoning,04207d46453963ade715fc168f3ef781edc3f5355fc03090911cb355fb73867c
5840,gemma-3-12b-it,25.0,zebra_puzzle,reasoning,1fdd436a43f1a7d242602871b37275ee09a69a64094f619b91bee96095846452
5841,gemma-3-1b-it,0.0,zebra_puzzle,reasoning,1fdd436a43f1a7d242602871b37275ee09a69a64094f619b91bee96095846452
5842,gemma-3-4b-it,0.0,zebra_puzzle,reasoning,1fdd436a43f1a7d242602871b37275ee09a69a64094f619b91bee96095846452
5843,llama-3.1-8b-instruct,0.0,zebra_puzzle,reasoning,1fdd436a43f1a7d242602871b37275ee09a69a64094f619b91bee96095846452
5844,llama-3.2-1b-instruct,0.0,zebra_puzzle,reasoning,1fdd436a43f1a7d242602871b37275ee09a69a64094f619b91bee96095846452
5845,llama-3.2-3b-instruct,100.0,zebra_puzzle,reasoning,1fdd436a43f1a7d242602871b37275ee09a69a64094f619b91bee96095846452
5846,mistral-24b,25.0,zebra_puzzle,reasoning,1fdd436a43f1a7d242602871b37275ee09a69a64094f619b91bee96095846452
5847,mistral-7b,37.5,zebra_puzzle,reasoning,1fdd436a43f1a7d242602871b37275ee09a69a64094f619b91bee96095846452
5848,qwen2.5-32b,100.0,zebra_puzzle,reasoning,1fdd436a43f1a7d242602871b37275ee09a69a64094f619b91bee96095846452
5849,qwen2.5-3b,0.0,zebra_puzzle,reasoning,1fdd436a43f1a7d242602871b37275ee09a69a64094f619b91bee96095846452
5850,gemma-3-12b-it,25.0,zebra_puzzle,reasoning,20d48b97e524cd64f82b0e4fb3c597a37bae1d9357e9b2c93aad96b4c70e098e
5851,gemma-3-1b-it,12.5,zebra_puzzle,reasoning,20d48b97e524cd64f82b0e4fb3c597a37bae1d9357e9b2c93aad96b4c70e098e
5852,gemma-3-4b-it,25.0,zebra_puzzle,reasoning,20d48b97e524cd64f82b0e4fb3c597a37bae1d9357e9b2c93aad96b4c70e098e
5853,llama-3.1-8b-instruct,0.0,zebra_puzzle,reasoning,20d48b97e524cd64f82b0e4fb3c597a37bae1d9357e9b2c93aad96b4c70e098e
5854,llama-3.2-1b-instruct,12.5,zebra_puzzle,reasoning,20d48b97e524cd64f82b0e4fb3c597a37bae1d9357e9b2c93aad96b4c70e098e
5855,llama-3.2-3b-instruct,12.5,zebra_puzzle,reasoning,20d48b97e524cd64f82b0e4fb3c597a37bae1d9357e9b2c93aad96b4c70e098e
5856,mistral-24b,100.0,zebra_puzzle,reasoning,20d48b97e524cd64f82b0e4fb3c597a37bae1d9357e9b2c93aad96b4c70e098e
5857,mistral-7b,0.0,zebra_puzzle,reasoning,20d48b97e524cd64f82b0e4fb3c597a37bae1d9357e9b2c93aad96b4c70e098e
5858,qwen2.5-32b,100.0,zebra_puzzle,reasoning,20d48b97e524cd64f82b0e4fb3c597a37bae1d9357e9b2c93aad96b4c70e098e
5859,qwen2.5-3b,12.5,zebra_puzzle,reasoning,20d48b97e524cd64f82b0e4fb3c597a37bae1d9357e9b2c93aad96b4c70e098e
5860,gemma-3-12b-it,25.0,zebra_puzzle,reasoning,2102018493646d369865e04813606d3170a25f31f0fad3aece558969b56f97d0
5861,gemma-3-1b-it,12.5,zebra_puzzle,reasoning,2102018493646d369865e04813606d3170a25f31f0fad3aece558969b56f97d0
5862,gemma-3-4b-it,0.0,zebra_puzzle,reasoning,2102018493646d369865e04813606d3170a25f31f0fad3aece558969b56f97d0
5863,llama-3.1-8b-instruct,0.0,zebra_puzzle,reasoning,2102018493646d369865e04813606d3170a25f31f0fad3aece558969b56f97d0
5864,llama-3.2-1b-instruct,0.0,zebra_puzzle,reasoning,2102018493646d369865e04813606d3170a25f31f0fad3aece558969b56f97d0
5865,llama-3.2-3b-instruct,0.0,zebra_puzzle,reasoning,2102018493646d369865e04813606d3170a25f31f0fad3aece558969b56f97d0
5866,mistral-24b,12.5,zebra_puzzle,reasoning,2102018493646d369865e04813606d3170a25f31f0fad3aece558969b56f97d0
5867,mistral-7b,0.0,zebra_puzzle,reasoning,2102018493646d369865e04813606d3170a25f31f0fad3aece558969b56f97d0
5868,qwen2.5-32b,12.5,zebra_puzzle,reasoning,2102018493646d369865e04813606d3170a25f31f0fad3aece558969b56f97d0
5869,qwen2.5-3b,0.0,zebra_puzzle,reasoning,2102018493646d369865e04813606d3170a25f31f0fad3aece558969b56f97d0
5870,gemma-3-12b-it,0.0,zebra_puzzle,reasoning,2a886a49a7c9afb9b30d299d6de0b67558ae1076da4178faaf08e8b24d4a2994
5871,gemma-3-1b-it,0.0,zebra_puzzle,reasoning,2a886a49a7c9afb9b30d299d6de0b67558ae1076da4178faaf08e8b24d4a2994
5872,gemma-3-4b-it,0.0,zebra_puzzle,reasoning,2a886a49a7c9afb9b30d299d6de0b67558ae1076da4178faaf08e8b24d4a2994
5873,llama-3.1-8b-instruct,0.0,zebra_puzzle,reasoning,2a886a49a7c9afb9b30d299d6de0b67558ae1076da4178faaf08e8b24d4a2994
5874,llama-3.2-1b-instruct,0.0,zebra_puzzle,reasoning,2a886a49a7c9afb9b30d299d6de0b67558ae1076da4178faaf08e8b24d4a2994
5875,llama-3.2-3b-instruct,0.0,zebra_puzzle,reasoning,2a886a49a7c9afb9b30d299d6de0b67558ae1076da4178faaf08e8b24d4a2994
5876,mistral-24b,25.0,zebra_puzzle,reasoning,2a886a49a7c9afb9b30d299d6de0b67558ae1076da4178faaf08e8b24d4a2994
5877,mistral-7b,0.0,zebra_puzzle,reasoning,2a886a49a7c9afb9b30d299d6de0b67558ae1076da4178faaf08e8b24d4a2994
5878,qwen2.5-32b,12.5,zebra_puzzle,reasoning,2a886a49a7c9afb9b30d299d6de0b67558ae1076da4178faaf08e8b24d4a2994
5879,qwen2.5-3b,0.0,zebra_puzzle,reasoning,2a886a49a7c9afb9b30d299d6de0b67558ae1076da4178faaf08e8b24d4a2994
5880,gemma-3-12b-it,0.0,zebra_puzzle,reasoning,320bb578a63d6412919fcb69b962e8419d8782f1a4ebe54758cac3cc2474c82b
5881,gemma-3-1b-it,12.5,zebra_puzzle,reasoning,320bb578a63d6412919fcb69b962e8419d8782f1a4ebe54758cac3cc2474c82b
5882,gemma-3-4b-it,25.0,zebra_puzzle,reasoning,320bb578a63d6412919fcb69b962e8419d8782f1a4ebe54758cac3cc2474c82b
5883,llama-3.1-8b-instruct,0.0,zebra_puzzle,reasoning,320bb578a63d6412919fcb69b962e8419d8782f1a4ebe54758cac3cc2474c82b
5884,llama-3.2-1b-instruct,0.0,zebra_puzzle,reasoning,320bb578a63d6412919fcb69b962e8419d8782f1a4ebe54758cac3cc2474c82b
5885,llama-3.2-3b-instruct,0.0,zebra_puzzle,reasoning,320bb578a63d6412919fcb69b962e8419d8782f1a4ebe54758cac3cc2474c82b
5886,mistral-24b,0.0,zebra_puzzle,reasoning,320bb578a63d6412919fcb69b962e8419d8782f1a4ebe54758cac3cc2474c82b
5887,mistral-7b,0.0,zebra_puzzle,reasoning,320bb578a63d6412919fcb69b962e8419d8782f1a4ebe54758cac3cc2474c82b
5888,qwen2.5-32b,25.0,zebra_puzzle,reasoning,320bb578a63d6412919fcb69b962e8419d8782f1a4ebe54758cac3cc2474c82b
5889,qwen2.5-3b,12.5,zebra_puzzle,reasoning,320bb578a63d6412919fcb69b962e8419d8782f1a4ebe54758cac3cc2474c82b
5890,gemma-3-12b-it,37.5,zebra_puzzle,reasoning,363d6a519f6ce7572b752357e5008d054f34fb01ff1e8864326889bd2b24f626
5891,gemma-3-1b-it,12.5,zebra_puzzle,reasoning,363d6a519f6ce7572b752357e5008d054f34fb01ff1e8864326889bd2b24f626
5892,gemma-3-4b-it,0.0,zebra_puzzle,reasoning,363d6a519f6ce7572b752357e5008d054f34fb01ff1e8864326889bd2b24f626
5893,llama-3.1-8b-instruct,0.0,zebra_puzzle,reasoning,363d6a519f6ce7572b752357e5008d054f34fb01ff1e8864326889bd2b24f626
5894,llama-3.2-1b-instruct,0.0,zebra_puzzle,reasoning,363d6a519f6ce7572b752357e5008d054f34fb01ff1e8864326889bd2b24f626
5895,llama-3.2-3b-instruct,12.5,zebra_puzzle,reasoning,363d6a519f6ce7572b752357e5008d054f34fb01ff1e8864326889bd2b24f626
5896,mistral-24b,25.0,zebra_puzzle,reasoning,363d6a519f6ce7572b752357e5008d054f34fb01ff1e8864326889bd2b24f626
5897,mistral-7b,25.0,zebra_puzzle,reasoning,363d6a519f6ce7572b752357e5008d054f34fb01ff1e8864326889bd2b24f626
5898,qwen2.5-32b,37.5,zebra_puzzle,reasoning,363d6a519f6ce7572b752357e5008d054f34fb01ff1e8864326889bd2b24f626
5899,qwen2.5-3b,12.5,zebra_puzzle,reasoning,363d6a519f6ce7572b752357e5008d054f34fb01ff1e8864326889bd2b24f626
5900,gemma-3-12b-it,0.0,zebra_puzzle,reasoning,40a8ca9e0abcfe1a1ddcdcc44ca837131ed669f51eafcb1d27b361da7d8d1165
5901,gemma-3-1b-it,0.0,zebra_puzzle,reasoning,40a8ca9e0abcfe1a1ddcdcc44ca837131ed669f51eafcb1d27b361da7d8d1165
5902,gemma-3-4b-it,25.0,zebra_puzzle,reasoning,40a8ca9e0abcfe1a1ddcdcc44ca837131ed669f51eafcb1d27b361da7d8d1165
5903,llama-3.1-8b-instruct,12.5,zebra_puzzle,reasoning,40a8ca9e0abcfe1a1ddcdcc44ca837131ed669f51eafcb1d27b361da7d8d1165
5904,llama-3.2-1b-instruct,0.0,zebra_puzzle,reasoning,40a8ca9e0abcfe1a1ddcdcc44ca837131ed669f51eafcb1d27b361da7d8d1165
5905,llama-3.2-3b-instruct,0.0,zebra_puzzle,reasoning,40a8ca9e0abcfe1a1ddcdcc44ca837131ed669f51eafcb1d27b361da7d8d1165
5906,mistral-24b,0.0,zebra_puzzle,reasoning,40a8ca9e0abcfe1a1ddcdcc44ca837131ed669f51eafcb1d27b361da7d8d1165
5907,mistral-7b,0.0,zebra_puzzle,reasoning,40a8ca9e0abcfe1a1ddcdcc44ca837131ed669f51eafcb1d27b361da7d8d1165
5908,qwen2.5-32b,12.5,zebra_puzzle,reasoning,40a8ca9e0abcfe1a1ddcdcc44ca837131ed669f51eafcb1d27b361da7d8d1165
5909,qwen2.5-3b,12.5,zebra_puzzle,reasoning,40a8ca9e0abcfe1a1ddcdcc44ca837131ed669f51eafcb1d27b361da7d8d1165
5910,gemma-3-12b-it,12.5,zebra_puzzle,reasoning,4d307a56c0beed06090c18b6a431f82f1292d895bdc3186452a36eb33bc6f095
5911,gemma-3-1b-it,0.0,zebra_puzzle,reasoning,4d307a56c0beed06090c18b6a431f82f1292d895bdc3186452a36eb33bc6f095
5912,gemma-3-4b-it,0.0,zebra_puzzle,reasoning,4d307a56c0beed06090c18b6a431f82f1292d895bdc3186452a36eb33bc6f095
5913,llama-3.1-8b-instruct,0.0,zebra_puzzle,reasoning,4d307a56c0beed06090c18b6a431f82f1292d895bdc3186452a36eb33bc6f095
5914,llama-3.2-1b-instruct,0.0,zebra_puzzle,reasoning,4d307a56c0beed06090c18b6a431f82f1292d895bdc3186452a36eb33bc6f095
5915,llama-3.2-3b-instruct,0.0,zebra_puzzle,reasoning,4d307a56c0beed06090c18b6a431f82f1292d895bdc3186452a36eb33bc6f095
5916,mistral-24b,12.5,zebra_puzzle,reasoning,4d307a56c0beed06090c18b6a431f82f1292d895bdc3186452a36eb33bc6f095
5917,mistral-7b,0.0,zebra_puzzle,reasoning,4d307a56c0beed06090c18b6a431f82f1292d895bdc3186452a36eb33bc6f095
5918,qwen2.5-32b,0.0,zebra_puzzle,reasoning,4d307a56c0beed06090c18b6a431f82f1292d895bdc3186452a36eb33bc6f095
5919,qwen2.5-3b,25.0,zebra_puzzle,reasoning,4d307a56c0beed06090c18b6a431f82f1292d895bdc3186452a36eb33bc6f095
5920,gemma-3-12b-it,0.0,zebra_puzzle,reasoning,5089fbc10efdb431bffe2c78c406a442285ebf32fca0ccadc6898b7d2b9b5891
5921,gemma-3-1b-it,12.5,zebra_puzzle,reasoning,5089fbc10efdb431bffe2c78c406a442285ebf32fca0ccadc6898b7d2b9b5891
5922,gemma-3-4b-it,0.0,zebra_puzzle,reasoning,5089fbc10efdb431bffe2c78c406a442285ebf32fca0ccadc6898b7d2b9b5891
5923,llama-3.1-8b-instruct,0.0,zebra_puzzle,reasoning,5089fbc10efdb431bffe2c78c406a442285ebf32fca0ccadc6898b7d2b9b5891
5924,llama-3.2-1b-instruct,0.0,zebra_puzzle,reasoning,5089fbc10efdb431bffe2c78c406a442285ebf32fca0ccadc6898b7d2b9b5891
5925,llama-3.2-3b-instruct,0.0,zebra_puzzle,reasoning,5089fbc10efdb431bffe2c78c406a442285ebf32fca0ccadc6898b7d2b9b5891
5926,mistral-24b,25.0,zebra_puzzle,reasoning,5089fbc10efdb431bffe2c78c406a442285ebf32fca0ccadc6898b7d2b9b5891
5927,mistral-7b,0.0,zebra_puzzle,reasoning,5089fbc10efdb431bffe2c78c406a442285ebf32fca0ccadc6898b7d2b9b5891
5928,qwen2.5-32b,0.0,zebra_puzzle,reasoning,5089fbc10efdb431bffe2c78c406a442285ebf32fca0ccadc6898b7d2b9b5891
5929,qwen2.5-3b,0.0,zebra_puzzle,reasoning,5089fbc10efdb431bffe2c78c406a442285ebf32fca0ccadc6898b7d2b9b5891
5930,gemma-3-12b-it,12.5,zebra_puzzle,reasoning,51c63d38da594f139bba62f7fc0391fe5bfff81b15282260dba35e281d22ec38
5931,gemma-3-1b-it,12.5,zebra_puzzle,reasoning,51c63d38da594f139bba62f7fc0391fe5bfff81b15282260dba35e281d22ec38
5932,gemma-3-4b-it,0.0,zebra_puzzle,reasoning,51c63d38da594f139bba62f7fc0391fe5bfff81b15282260dba35e281d22ec38
5933,llama-3.1-8b-instruct,0.0,zebra_puzzle,reasoning,51c63d38da594f139bba62f7fc0391fe5bfff81b15282260dba35e281d22ec38
5934,llama-3.2-1b-instruct,0.0,zebra_puzzle,reasoning,51c63d38da594f139bba62f7fc0391fe5bfff81b15282260dba35e281d22ec38
5935,llama-3.2-3b-instruct,0.0,zebra_puzzle,reasoning,51c63d38da594f139bba62f7fc0391fe5bfff81b15282260dba35e281d22ec38
5936,mistral-24b,0.0,zebra_puzzle,reasoning,51c63d38da594f139bba62f7fc0391fe5bfff81b15282260dba35e281d22ec38
5937,mistral-7b,0.0,zebra_puzzle,reasoning,51c63d38da594f139bba62f7fc0391fe5bfff81b15282260dba35e281d22ec38
5938,qwen2.5-32b,37.5,zebra_puzzle,reasoning,51c63d38da594f139bba62f7fc0391fe5bfff81b15282260dba35e281d22ec38
5939,qwen2.5-3b,0.0,zebra_puzzle,reasoning,51c63d38da594f139bba62f7fc0391fe5bfff81b15282260dba35e281d22ec38
5940,gemma-3-12b-it,25.0,zebra_puzzle,reasoning,56ecba920668f36eb6a07e04c7e8478344029034ff2b1034be54c3934e083329
5941,gemma-3-1b-it,0.0,zebra_puzzle,reasoning,56ecba920668f36eb6a07e04c7e8478344029034ff2b1034be54c3934e083329
5942,gemma-3-4b-it,25.0,zebra_puzzle,reasoning,56ecba920668f36eb6a07e04c7e8478344029034ff2b1034be54c3934e083329
5943,llama-3.1-8b-instruct,0.0,zebra_puzzle,reasoning,56ecba920668f36eb6a07e04c7e8478344029034ff2b1034be54c3934e083329
5944,llama-3.2-1b-instruct,0.0,zebra_puzzle,reasoning,56ecba920668f36eb6a07e04c7e8478344029034ff2b1034be54c3934e083329
5945,llama-3.2-3b-instruct,0.0,zebra_puzzle,reasoning,56ecba920668f36eb6a07e04c7e8478344029034ff2b1034be54c3934e083329
5946,mistral-24b,0.0,zebra_puzzle,reasoning,56ecba920668f36eb6a07e04c7e8478344029034ff2b1034be54c3934e083329
5947,mistral-7b,0.0,zebra_puzzle,reasoning,56ecba920668f36eb6a07e04c7e8478344029034ff2b1034be54c3934e083329
5948,qwen2.5-32b,37.5,zebra_puzzle,reasoning,56ecba920668f36eb6a07e04c7e8478344029034ff2b1034be54c3934e083329
5949,qwen2.5-3b,25.0,zebra_puzzle,reasoning,56ecba920668f36eb6a07e04c7e8478344029034ff2b1034be54c3934e083329
5950,gemma-3-12b-it,25.0,zebra_puzzle,reasoning,5c484e793c5fbab10f9d42025bd34db662a33f04ccf3f2157fad7fba1d3fe843
5951,gemma-3-1b-it,0.0,zebra_puzzle,reasoning,5c484e793c5fbab10f9d42025bd34db662a33f04ccf3f2157fad7fba1d3fe843
5952,gemma-3-4b-it,0.0,zebra_puzzle,reasoning,5c484e793c5fbab10f9d42025bd34db662a33f04ccf3f2157fad7fba1d3fe843
5953,llama-3.1-8b-instruct,0.0,zebra_puzzle,reasoning,5c484e793c5fbab10f9d42025bd34db662a33f04ccf3f2157fad7fba1d3fe843
5954,llama-3.2-1b-instruct,0.0,zebra_puzzle,reasoning,5c484e793c5fbab10f9d42025bd34db662a33f04ccf3f2157fad7fba1d3fe843
5955,llama-3.2-3b-instruct,0.0,zebra_puzzle,reasoning,5c484e793c5fbab10f9d42025bd34db662a33f04ccf3f2157fad7fba1d3fe843
5956,mistral-24b,12.5,zebra_puzzle,reasoning,5c484e793c5fbab10f9d42025bd34db662a33f04ccf3f2157fad7fba1d3fe843
5957,mistral-7b,0.0,zebra_puzzle,reasoning,5c484e793c5fbab10f9d42025bd34db662a33f04ccf3f2157fad7fba1d3fe843
5958,qwen2.5-32b,12.5,zebra_puzzle,reasoning,5c484e793c5fbab10f9d42025bd34db662a33f04ccf3f2157fad7fba1d3fe843
5959,qwen2.5-3b,0.0,zebra_puzzle,reasoning,5c484e793c5fbab10f9d42025bd34db662a33f04ccf3f2157fad7fba1d3fe843
5960,gemma-3-12b-it,12.5,zebra_puzzle,reasoning,5dfee88d04c7497f9f4ee44138fed2f9298ed523ed05bde479293eb0cb06ee2f
5961,gemma-3-1b-it,0.0,zebra_puzzle,reasoning,5dfee88d04c7497f9f4ee44138fed2f9298ed523ed05bde479293eb0cb06ee2f
5962,gemma-3-4b-it,0.0,zebra_puzzle,reasoning,5dfee88d04c7497f9f4ee44138fed2f9298ed523ed05bde479293eb0cb06ee2f
5963,llama-3.1-8b-instruct,0.0,zebra_puzzle,reasoning,5dfee88d04c7497f9f4ee44138fed2f9298ed523ed05bde479293eb0cb06ee2f
5964,llama-3.2-1b-instruct,0.0,zebra_puzzle,reasoning,5dfee88d04c7497f9f4ee44138fed2f9298ed523ed05bde479293eb0cb06ee2f
5965,llama-3.2-3b-instruct,0.0,zebra_puzzle,reasoning,5dfee88d04c7497f9f4ee44138fed2f9298ed523ed05bde479293eb0cb06ee2f
5966,mistral-24b,0.0,zebra_puzzle,reasoning,5dfee88d04c7497f9f4ee44138fed2f9298ed523ed05bde479293eb0cb06ee2f
5967,mistral-7b,0.0,zebra_puzzle,reasoning,5dfee88d04c7497f9f4ee44138fed2f9298ed523ed05bde479293eb0cb06ee2f
5968,qwen2.5-32b,0.0,zebra_puzzle,reasoning,5dfee88d04c7497f9f4ee44138fed2f9298ed523ed05bde479293eb0cb06ee2f
5969,qwen2.5-3b,12.5,zebra_puzzle,reasoning,5dfee88d04c7497f9f4ee44138fed2f9298ed523ed05bde479293eb0cb06ee2f
5970,gemma-3-12b-it,0.0,zebra_puzzle,reasoning,608656e6120f3941c236aa3291c9fe64a52a1fda70be7d0814a1104a88af33ff
5971,gemma-3-1b-it,12.5,zebra_puzzle,reasoning,608656e6120f3941c236aa3291c9fe64a52a1fda70be7d0814a1104a88af33ff
5972,gemma-3-4b-it,0.0,zebra_puzzle,reasoning,608656e6120f3941c236aa3291c9fe64a52a1fda70be7d0814a1104a88af33ff
5973,llama-3.1-8b-instruct,0.0,zebra_puzzle,reasoning,608656e6120f3941c236aa3291c9fe64a52a1fda70be7d0814a1104a88af33ff
5974,llama-3.2-1b-instruct,0.0,zebra_puzzle,reasoning,608656e6120f3941c236aa3291c9fe64a52a1fda70be7d0814a1104a88af33ff
5975,llama-3.2-3b-instruct,0.0,zebra_puzzle,reasoning,608656e6120f3941c236aa3291c9fe64a52a1fda70be7d0814a1104a88af33ff
5976,mistral-24b,0.0,zebra_puzzle,reasoning,608656e6120f3941c236aa3291c9fe64a52a1fda70be7d0814a1104a88af33ff
5977,mistral-7b,0.0,zebra_puzzle,reasoning,608656e6120f3941c236aa3291c9fe64a52a1fda70be7d0814a1104a88af33ff
5978,qwen2.5-32b,25.0,zebra_puzzle,reasoning,608656e6120f3941c236aa3291c9fe64a52a1fda70be7d0814a1104a88af33ff
5979,qwen2.5-3b,0.0,zebra_puzzle,reasoning,608656e6120f3941c236aa3291c9fe64a52a1fda70be7d0814a1104a88af33ff
5980,gemma-3-12b-it,12.5,zebra_puzzle,reasoning,6bd178380f1808eadda3b1565ac385a0ed891cb438a611a8142e9002ac35bbe4
5981,gemma-3-1b-it,0.0,zebra_puzzle,reasoning,6bd178380f1808eadda3b1565ac385a0ed891cb438a611a8142e9002ac35bbe4
5982,gemma-3-4b-it,0.0,zebra_puzzle,reasoning,6bd178380f1808eadda3b1565ac385a0ed891cb438a611a8142e9002ac35bbe4
5983,llama-3.1-8b-instruct,0.0,zebra_puzzle,reasoning,6bd178380f1808eadda3b1565ac385a0ed891cb438a611a8142e9002ac35bbe4
5984,llama-3.2-1b-instruct,0.0,zebra_puzzle,reasoning,6bd178380f1808eadda3b1565ac385a0ed891cb438a611a8142e9002ac35bbe4
5985,llama-3.2-3b-instruct,0.0,zebra_puzzle,reasoning,6bd178380f1808eadda3b1565ac385a0ed891cb438a611a8142e9002ac35bbe4
5986,mistral-24b,0.0,zebra_puzzle,reasoning,6bd178380f1808eadda3b1565ac385a0ed891cb438a611a8142e9002ac35bbe4
5987,mistral-7b,0.0,zebra_puzzle,reasoning,6bd178380f1808eadda3b1565ac385a0ed891cb438a611a8142e9002ac35bbe4
5988,qwen2.5-32b,12.5,zebra_puzzle,reasoning,6bd178380f1808eadda3b1565ac385a0ed891cb438a611a8142e9002ac35bbe4
5989,qwen2.5-3b,12.5,zebra_puzzle,reasoning,6bd178380f1808eadda3b1565ac385a0ed891cb438a611a8142e9002ac35bbe4
5990,gemma-3-12b-it,12.5,zebra_puzzle,reasoning,709c3cb6f68c39f7fac17d28cbfef62a41eb2ab52cb44d2b35c402395d0126c4
5991,gemma-3-1b-it,0.0,zebra_puzzle,reasoning,709c3cb6f68c39f7fac17d28cbfef62a41eb2ab52cb44d2b35c402395d0126c4
5992,gemma-3-4b-it,0.0,zebra_puzzle,reasoning,709c3cb6f68c39f7fac17d28cbfef62a41eb2ab52cb44d2b35c402395d0126c4
5993,llama-3.1-8b-instruct,0.0,zebra_puzzle,reasoning,709c3cb6f68c39f7fac17d28cbfef62a41eb2ab52cb44d2b35c402395d0126c4
5994,llama-3.2-1b-instruct,0.0,zebra_puzzle,reasoning,709c3cb6f68c39f7fac17d28cbfef62a41eb2ab52cb44d2b35c402395d0126c4
5995,llama-3.2-3b-instruct,0.0,zebra_puzzle,reasoning,709c3cb6f68c39f7fac17d28cbfef62a41eb2ab52cb44d2b35c402395d0126c4
5996,mistral-24b,12.5,zebra_puzzle,reasoning,709c3cb6f68c39f7fac17d28cbfef62a41eb2ab52cb44d2b35c402395d0126c4
5997,mistral-7b,0.0,zebra_puzzle,reasoning,709c3cb6f68c39f7fac17d28cbfef62a41eb2ab52cb44d2b35c402395d0126c4
5998,qwen2.5-32b,37.5,zebra_puzzle,reasoning,709c3cb6f68c39f7fac17d28cbfef62a41eb2ab52cb44d2b35c402395d0126c4
5999,qwen2.5-3b,12.5,zebra_puzzle,reasoning,709c3cb6f68c39f7fac17d28cbfef62a41eb2ab52cb44d2b35c402395d0126c4
6000,gemma-3-12b-it,37.5,zebra_puzzle,reasoning,743aa0ae2d518d95d45ab8b77a7e9ffde5a03c07da8a6af9e81a4e3689aeef0c
6001,gemma-3-1b-it,0.0,zebra_puzzle,reasoning,743aa0ae2d518d95d45ab8b77a7e9ffde5a03c07da8a6af9e81a4e3689aeef0c
6002,gemma-3-4b-it,25.0,zebra_puzzle,reasoning,743aa0ae2d518d95d45ab8b77a7e9ffde5a03c07da8a6af9e81a4e3689aeef0c
6003,llama-3.1-8b-instruct,37.5,zebra_puzzle,reasoning,743aa0ae2d518d95d45ab8b77a7e9ffde5a03c07da8a6af9e81a4e3689aeef0c
6004,llama-3.2-1b-instruct,25.0,zebra_puzzle,reasoning,743aa0ae2d518d95d45ab8b77a7e9ffde5a03c07da8a6af9e81a4e3689aeef0c
6005,llama-3.2-3b-instruct,0.0,zebra_puzzle,reasoning,743aa0ae2d518d95d45ab8b77a7e9ffde5a03c07da8a6af9e81a4e3689aeef0c
6006,mistral-24b,25.0,zebra_puzzle,reasoning,743aa0ae2d518d95d45ab8b77a7e9ffde5a03c07da8a6af9e81a4e3689aeef0c
6007,mistral-7b,0.0,zebra_puzzle,reasoning,743aa0ae2d518d95d45ab8b77a7e9ffde5a03c07da8a6af9e81a4e3689aeef0c
6008,qwen2.5-32b,100.0,zebra_puzzle,reasoning,743aa0ae2d518d95d45ab8b77a7e9ffde5a03c07da8a6af9e81a4e3689aeef0c
6009,qwen2.5-3b,25.0,zebra_puzzle,reasoning,743aa0ae2d518d95d45ab8b77a7e9ffde5a03c07da8a6af9e81a4e3689aeef0c
6010,gemma-3-12b-it,25.0,zebra_puzzle,reasoning,7456b78b84937f3f7d137c1af263bfbb1987075e6d093f1bcaf89751e9d30b9c
6011,gemma-3-1b-it,0.0,zebra_puzzle,reasoning,7456b78b84937f3f7d137c1af263bfbb1987075e6d093f1bcaf89751e9d30b9c
6012,gemma-3-4b-it,25.0,zebra_puzzle,reasoning,7456b78b84937f3f7d137c1af263bfbb1987075e6d093f1bcaf89751e9d30b9c
6013,llama-3.1-8b-instruct,37.5,zebra_puzzle,reasoning,7456b78b84937f3f7d137c1af263bfbb1987075e6d093f1bcaf89751e9d30b9c
6014,llama-3.2-1b-instruct,0.0,zebra_puzzle,reasoning,7456b78b84937f3f7d137c1af263bfbb1987075e6d093f1bcaf89751e9d30b9c
6015,llama-3.2-3b-instruct,0.0,zebra_puzzle,reasoning,7456b78b84937f3f7d137c1af263bfbb1987075e6d093f1bcaf89751e9d30b9c
6016,mistral-24b,0.0,zebra_puzzle,reasoning,7456b78b84937f3f7d137c1af263bfbb1987075e6d093f1bcaf89751e9d30b9c
6017,mistral-7b,0.0,zebra_puzzle,reasoning,7456b78b84937f3f7d137c1af263bfbb1987075e6d093f1bcaf89751e9d30b9c
6018,qwen2.5-32b,0.0,zebra_puzzle,reasoning,7456b78b84937f3f7d137c1af263bfbb1987075e6d093f1bcaf89751e9d30b9c
6019,qwen2.5-3b,0.0,zebra_puzzle,reasoning,7456b78b84937f3f7d137c1af263bfbb1987075e6d093f1bcaf89751e9d30b9c
6020,gemma-3-12b-it,12.5,zebra_puzzle,reasoning,763d6bf2ce815f919798705460bf9199302ffc581f1aec7031275ec60bdb36a3
6021,gemma-3-1b-it,0.0,zebra_puzzle,reasoning,763d6bf2ce815f919798705460bf9199302ffc581f1aec7031275ec60bdb36a3
6022,gemma-3-4b-it,0.0,zebra_puzzle,reasoning,763d6bf2ce815f919798705460bf9199302ffc581f1aec7031275ec60bdb36a3
6023,llama-3.1-8b-instruct,0.0,zebra_puzzle,reasoning,763d6bf2ce815f919798705460bf9199302ffc581f1aec7031275ec60bdb36a3
6024,llama-3.2-1b-instruct,0.0,zebra_puzzle,reasoning,763d6bf2ce815f919798705460bf9199302ffc581f1aec7031275ec60bdb36a3
6025,llama-3.2-3b-instruct,0.0,zebra_puzzle,reasoning,763d6bf2ce815f919798705460bf9199302ffc581f1aec7031275ec60bdb36a3
6026,mistral-24b,12.5,zebra_puzzle,reasoning,763d6bf2ce815f919798705460bf9199302ffc581f1aec7031275ec60bdb36a3
6027,mistral-7b,0.0,zebra_puzzle,reasoning,763d6bf2ce815f919798705460bf9199302ffc581f1aec7031275ec60bdb36a3
6028,qwen2.5-32b,25.0,zebra_puzzle,reasoning,763d6bf2ce815f919798705460bf9199302ffc581f1aec7031275ec60bdb36a3
6029,qwen2.5-3b,12.5,zebra_puzzle,reasoning,763d6bf2ce815f919798705460bf9199302ffc581f1aec7031275ec60bdb36a3
6030,gemma-3-12b-it,12.5,zebra_puzzle,reasoning,7f1b41d1cdf3a3cf65c6107f8bb29f112137dc875cff80dc667c4cab83c4037a
6031,gemma-3-1b-it,12.5,zebra_puzzle,reasoning,7f1b41d1cdf3a3cf65c6107f8bb29f112137dc875cff80dc667c4cab83c4037a
6032,gemma-3-4b-it,25.0,zebra_puzzle,reasoning,7f1b41d1cdf3a3cf65c6107f8bb29f112137dc875cff80dc667c4cab83c4037a
6033,llama-3.1-8b-instruct,0.0,zebra_puzzle,reasoning,7f1b41d1cdf3a3cf65c6107f8bb29f112137dc875cff80dc667c4cab83c4037a
6034,llama-3.2-1b-instruct,0.0,zebra_puzzle,reasoning,7f1b41d1cdf3a3cf65c6107f8bb29f112137dc875cff80dc667c4cab83c4037a
6035,llama-3.2-3b-instruct,12.5,zebra_puzzle,reasoning,7f1b41d1cdf3a3cf65c6107f8bb29f112137dc875cff80dc667c4cab83c4037a
6036,mistral-24b,12.5,zebra_puzzle,reasoning,7f1b41d1cdf3a3cf65c6107f8bb29f112137dc875cff80dc667c4cab83c4037a
6037,mistral-7b,0.0,zebra_puzzle,reasoning,7f1b41d1cdf3a3cf65c6107f8bb29f112137dc875cff80dc667c4cab83c4037a
6038,qwen2.5-32b,12.5,zebra_puzzle,reasoning,7f1b41d1cdf3a3cf65c6107f8bb29f112137dc875cff80dc667c4cab83c4037a
6039,qwen2.5-3b,25.0,zebra_puzzle,reasoning,7f1b41d1cdf3a3cf65c6107f8bb29f112137dc875cff80dc667c4cab83c4037a
6040,gemma-3-12b-it,100.0,zebra_puzzle,reasoning,84650f1042abf3d267bb79b6d1e1d899d27327a11ab81f1079121734a68306b1
6041,gemma-3-1b-it,12.5,zebra_puzzle,reasoning,84650f1042abf3d267bb79b6d1e1d899d27327a11ab81f1079121734a68306b1
6042,gemma-3-4b-it,100.0,zebra_puzzle,reasoning,84650f1042abf3d267bb79b6d1e1d899d27327a11ab81f1079121734a68306b1
6043,llama-3.1-8b-instruct,37.5,zebra_puzzle,reasoning,84650f1042abf3d267bb79b6d1e1d899d27327a11ab81f1079121734a68306b1
6044,llama-3.2-1b-instruct,12.5,zebra_puzzle,reasoning,84650f1042abf3d267bb79b6d1e1d899d27327a11ab81f1079121734a68306b1
6045,llama-3.2-3b-instruct,37.5,zebra_puzzle,reasoning,84650f1042abf3d267bb79b6d1e1d899d27327a11ab81f1079121734a68306b1
6046,mistral-24b,100.0,zebra_puzzle,reasoning,84650f1042abf3d267bb79b6d1e1d899d27327a11ab81f1079121734a68306b1
6047,mistral-7b,0.0,zebra_puzzle,reasoning,84650f1042abf3d267bb79b6d1e1d899d27327a11ab81f1079121734a68306b1
6048,qwen2.5-32b,100.0,zebra_puzzle,reasoning,84650f1042abf3d267bb79b6d1e1d899d27327a11ab81f1079121734a68306b1
6049,qwen2.5-3b,25.0,zebra_puzzle,reasoning,84650f1042abf3d267bb79b6d1e1d899d27327a11ab81f1079121734a68306b1
6050,gemma-3-12b-it,25.0,zebra_puzzle,reasoning,8701a5c0c217906a7982be7725249353ee02d5fad80c6f8fc9ad22241072b89d
6051,gemma-3-1b-it,0.0,zebra_puzzle,reasoning,8701a5c0c217906a7982be7725249353ee02d5fad80c6f8fc9ad22241072b89d
6052,gemma-3-4b-it,12.5,zebra_puzzle,reasoning,8701a5c0c217906a7982be7725249353ee02d5fad80c6f8fc9ad22241072b89d
6053,llama-3.1-8b-instruct,0.0,zebra_puzzle,reasoning,8701a5c0c217906a7982be7725249353ee02d5fad80c6f8fc9ad22241072b89d
6054,llama-3.2-1b-instruct,0.0,zebra_puzzle,reasoning,8701a5c0c217906a7982be7725249353ee02d5fad80c6f8fc9ad22241072b89d
6055,llama-3.2-3b-instruct,0.0,zebra_puzzle,reasoning,8701a5c0c217906a7982be7725249353ee02d5fad80c6f8fc9ad22241072b89d
6056,mistral-24b,25.0,zebra_puzzle,reasoning,8701a5c0c217906a7982be7725249353ee02d5fad80c6f8fc9ad22241072b89d
6057,mistral-7b,0.0,zebra_puzzle,reasoning,8701a5c0c217906a7982be7725249353ee02d5fad80c6f8fc9ad22241072b89d
6058,qwen2.5-32b,25.0,zebra_puzzle,reasoning,8701a5c0c217906a7982be7725249353ee02d5fad80c6f8fc9ad22241072b89d
6059,qwen2.5-3b,25.0,zebra_puzzle,reasoning,8701a5c0c217906a7982be7725249353ee02d5fad80c6f8fc9ad22241072b89d
6060,gemma-3-12b-it,25.0,zebra_puzzle,reasoning,87af7bdf47fa02d0fc18d13cf81cda012d1edb0c3458a2dd4ab4f9ca3113988c
6061,gemma-3-1b-it,12.5,zebra_puzzle,reasoning,87af7bdf47fa02d0fc18d13cf81cda012d1edb0c3458a2dd4ab4f9ca3113988c
6062,gemma-3-4b-it,0.0,zebra_puzzle,reasoning,87af7bdf47fa02d0fc18d13cf81cda012d1edb0c3458a2dd4ab4f9ca3113988c
6063,llama-3.1-8b-instruct,0.0,zebra_puzzle,reasoning,87af7bdf47fa02d0fc18d13cf81cda012d1edb0c3458a2dd4ab4f9ca3113988c
6064,llama-3.2-1b-instruct,0.0,zebra_puzzle,reasoning,87af7bdf47fa02d0fc18d13cf81cda012d1edb0c3458a2dd4ab4f9ca3113988c
6065,llama-3.2-3b-instruct,0.0,zebra_puzzle,reasoning,87af7bdf47fa02d0fc18d13cf81cda012d1edb0c3458a2dd4ab4f9ca3113988c
6066,mistral-24b,25.0,zebra_puzzle,reasoning,87af7bdf47fa02d0fc18d13cf81cda012d1edb0c3458a2dd4ab4f9ca3113988c
6067,mistral-7b,0.0,zebra_puzzle,reasoning,87af7bdf47fa02d0fc18d13cf81cda012d1edb0c3458a2dd4ab4f9ca3113988c
6068,qwen2.5-32b,12.5,zebra_puzzle,reasoning,87af7bdf47fa02d0fc18d13cf81cda012d1edb0c3458a2dd4ab4f9ca3113988c
6069,qwen2.5-3b,12.5,zebra_puzzle,reasoning,87af7bdf47fa02d0fc18d13cf81cda012d1edb0c3458a2dd4ab4f9ca3113988c
6070,gemma-3-12b-it,25.0,zebra_puzzle,reasoning,930606531700715407d47b8b266765f6f2275e72730c5be078477fe6c666cca2
6071,gemma-3-1b-it,12.5,zebra_puzzle,reasoning,930606531700715407d47b8b266765f6f2275e72730c5be078477fe6c666cca2
6072,gemma-3-4b-it,0.0,zebra_puzzle,reasoning,930606531700715407d47b8b266765f6f2275e72730c5be078477fe6c666cca2
6073,llama-3.1-8b-instruct,0.0,zebra_puzzle,reasoning,930606531700715407d47b8b266765f6f2275e72730c5be078477fe6c666cca2
6074,llama-3.2-1b-instruct,0.0,zebra_puzzle,reasoning,930606531700715407d47b8b266765f6f2275e72730c5be078477fe6c666cca2
6075,llama-3.2-3b-instruct,0.0,zebra_puzzle,reasoning,930606531700715407d47b8b266765f6f2275e72730c5be078477fe6c666cca2
6076,mistral-24b,100.0,zebra_puzzle,reasoning,930606531700715407d47b8b266765f6f2275e72730c5be078477fe6c666cca2
6077,mistral-7b,12.5,zebra_puzzle,reasoning,930606531700715407d47b8b266765f6f2275e72730c5be078477fe6c666cca2
6078,qwen2.5-32b,37.5,zebra_puzzle,reasoning,930606531700715407d47b8b266765f6f2275e72730c5be078477fe6c666cca2
6079,qwen2.5-3b,12.5,zebra_puzzle,reasoning,930606531700715407d47b8b266765f6f2275e72730c5be078477fe6c666cca2
6080,gemma-3-12b-it,12.5,zebra_puzzle,reasoning,95af6ecc707197ef62b26adf0f0b5eb0ac8a4335b304bc0b77b87feffc1b5fc3
6081,gemma-3-1b-it,12.5,zebra_puzzle,reasoning,95af6ecc707197ef62b26adf0f0b5eb0ac8a4335b304bc0b77b87feffc1b5fc3
6082,gemma-3-4b-it,12.5,zebra_puzzle,reasoning,95af6ecc707197ef62b26adf0f0b5eb0ac8a4335b304bc0b77b87feffc1b5fc3
6083,llama-3.1-8b-instruct,0.0,zebra_puzzle,reasoning,95af6ecc707197ef62b26adf0f0b5eb0ac8a4335b304bc0b77b87feffc1b5fc3
6084,llama-3.2-1b-instruct,0.0,zebra_puzzle,reasoning,95af6ecc707197ef62b26adf0f0b5eb0ac8a4335b304bc0b77b87feffc1b5fc3
6085,llama-3.2-3b-instruct,12.5,zebra_puzzle,reasoning,95af6ecc707197ef62b26adf0f0b5eb0ac8a4335b304bc0b77b87feffc1b5fc3
6086,mistral-24b,37.5,zebra_puzzle,reasoning,95af6ecc707197ef62b26adf0f0b5eb0ac8a4335b304bc0b77b87feffc1b5fc3
6087,mistral-7b,0.0,zebra_puzzle,reasoning,95af6ecc707197ef62b26adf0f0b5eb0ac8a4335b304bc0b77b87feffc1b5fc3
6088,qwen2.5-32b,25.0,zebra_puzzle,reasoning,95af6ecc707197ef62b26adf0f0b5eb0ac8a4335b304bc0b77b87feffc1b5fc3
6089,qwen2.5-3b,12.5,zebra_puzzle,reasoning,95af6ecc707197ef62b26adf0f0b5eb0ac8a4335b304bc0b77b87feffc1b5fc3
6090,gemma-3-12b-it,25.0,zebra_puzzle,reasoning,977a0ea5fc1727ca664cd2af90b5c4a2f36648891e8f5b6ad047512df081a4d8
6091,gemma-3-1b-it,0.0,zebra_puzzle,reasoning,977a0ea5fc1727ca664cd2af90b5c4a2f36648891e8f5b6ad047512df081a4d8
6092,gemma-3-4b-it,12.5,zebra_puzzle,reasoning,977a0ea5fc1727ca664cd2af90b5c4a2f36648891e8f5b6ad047512df081a4d8
6093,llama-3.1-8b-instruct,37.5,zebra_puzzle,reasoning,977a0ea5fc1727ca664cd2af90b5c4a2f36648891e8f5b6ad047512df081a4d8
6094,llama-3.2-1b-instruct,0.0,zebra_puzzle,reasoning,977a0ea5fc1727ca664cd2af90b5c4a2f36648891e8f5b6ad047512df081a4d8
6095,llama-3.2-3b-instruct,0.0,zebra_puzzle,reasoning,977a0ea5fc1727ca664cd2af90b5c4a2f36648891e8f5b6ad047512df081a4d8
6096,mistral-24b,25.0,zebra_puzzle,reasoning,977a0ea5fc1727ca664cd2af90b5c4a2f36648891e8f5b6ad047512df081a4d8
6097,mistral-7b,37.5,zebra_puzzle,reasoning,977a0ea5fc1727ca664cd2af90b5c4a2f36648891e8f5b6ad047512df081a4d8
6098,qwen2.5-32b,12.5,zebra_puzzle,reasoning,977a0ea5fc1727ca664cd2af90b5c4a2f36648891e8f5b6ad047512df081a4d8
6099,qwen2.5-3b,0.0,zebra_puzzle,reasoning,977a0ea5fc1727ca664cd2af90b5c4a2f36648891e8f5b6ad047512df081a4d8
6100,gemma-3-12b-it,0.0,zebra_puzzle,reasoning,9aafbce875263fd96f7bec10666dde3534e82b01bc2545cf9d4ade501ea943f0
6101,gemma-3-1b-it,0.0,zebra_puzzle,reasoning,9aafbce875263fd96f7bec10666dde3534e82b01bc2545cf9d4ade501ea943f0
6102,gemma-3-4b-it,12.5,zebra_puzzle,reasoning,9aafbce875263fd96f7bec10666dde3534e82b01bc2545cf9d4ade501ea943f0
6103,llama-3.1-8b-instruct,0.0,zebra_puzzle,reasoning,9aafbce875263fd96f7bec10666dde3534e82b01bc2545cf9d4ade501ea943f0
6104,llama-3.2-1b-instruct,0.0,zebra_puzzle,reasoning,9aafbce875263fd96f7bec10666dde3534e82b01bc2545cf9d4ade501ea943f0
6105,llama-3.2-3b-instruct,0.0,zebra_puzzle,reasoning,9aafbce875263fd96f7bec10666dde3534e82b01bc2545cf9d4ade501ea943f0
6106,mistral-24b,25.0,zebra_puzzle,reasoning,9aafbce875263fd96f7bec10666dde3534e82b01bc2545cf9d4ade501ea943f0
6107,mistral-7b,0.0,zebra_puzzle,reasoning,9aafbce875263fd96f7bec10666dde3534e82b01bc2545cf9d4ade501ea943f0
6108,qwen2.5-32b,0.0,zebra_puzzle,reasoning,9aafbce875263fd96f7bec10666dde3534e82b01bc2545cf9d4ade501ea943f0
6109,qwen2.5-3b,12.5,zebra_puzzle,reasoning,9aafbce875263fd96f7bec10666dde3534e82b01bc2545cf9d4ade501ea943f0
6110,gemma-3-12b-it,12.5,zebra_puzzle,reasoning,9e3c878ffe6ee807e3b01746de0f4a8da254e96c865f7b518ddc1b16f564ce9c
6111,gemma-3-1b-it,0.0,zebra_puzzle,reasoning,9e3c878ffe6ee807e3b01746de0f4a8da254e96c865f7b518ddc1b16f564ce9c
6112,gemma-3-4b-it,12.5,zebra_puzzle,reasoning,9e3c878ffe6ee807e3b01746de0f4a8da254e96c865f7b518ddc1b16f564ce9c
6113,llama-3.1-8b-instruct,0.0,zebra_puzzle,reasoning,9e3c878ffe6ee807e3b01746de0f4a8da254e96c865f7b518ddc1b16f564ce9c
6114,llama-3.2-1b-instruct,0.0,zebra_puzzle,reasoning,9e3c878ffe6ee807e3b01746de0f4a8da254e96c865f7b518ddc1b16f564ce9c
6115,llama-3.2-3b-instruct,0.0,zebra_puzzle,reasoning,9e3c878ffe6ee807e3b01746de0f4a8da254e96c865f7b518ddc1b16f564ce9c
6116,mistral-24b,0.0,zebra_puzzle,reasoning,9e3c878ffe6ee807e3b01746de0f4a8da254e96c865f7b518ddc1b16f564ce9c
6117,mistral-7b,12.5,zebra_puzzle,reasoning,9e3c878ffe6ee807e3b01746de0f4a8da254e96c865f7b518ddc1b16f564ce9c
6118,qwen2.5-32b,25.0,zebra_puzzle,reasoning,9e3c878ffe6ee807e3b01746de0f4a8da254e96c865f7b518ddc1b16f564ce9c
6119,qwen2.5-3b,25.0,zebra_puzzle,reasoning,9e3c878ffe6ee807e3b01746de0f4a8da254e96c865f7b518ddc1b16f564ce9c
6120,gemma-3-12b-it,100.0,zebra_puzzle,reasoning,afb99e750d3a60adef0795fffb10a9c7639d06be30c5119c1003238abc6f9b46
6121,gemma-3-1b-it,0.0,zebra_puzzle,reasoning,afb99e750d3a60adef0795fffb10a9c7639d06be30c5119c1003238abc6f9b46
6122,gemma-3-4b-it,12.5,zebra_puzzle,reasoning,afb99e750d3a60adef0795fffb10a9c7639d06be30c5119c1003238abc6f9b46
6123,llama-3.1-8b-instruct,0.0,zebra_puzzle,reasoning,afb99e750d3a60adef0795fffb10a9c7639d06be30c5119c1003238abc6f9b46
6124,llama-3.2-1b-instruct,0.0,zebra_puzzle,reasoning,afb99e750d3a60adef0795fffb10a9c7639d06be30c5119c1003238abc6f9b46
6125,llama-3.2-3b-instruct,25.0,zebra_puzzle,reasoning,afb99e750d3a60adef0795fffb10a9c7639d06be30c5119c1003238abc6f9b46
6126,mistral-24b,12.5,zebra_puzzle,reasoning,afb99e750d3a60adef0795fffb10a9c7639d06be30c5119c1003238abc6f9b46
6127,mistral-7b,37.5,zebra_puzzle,reasoning,afb99e750d3a60adef0795fffb10a9c7639d06be30c5119c1003238abc6f9b46
6128,qwen2.5-32b,0.0,zebra_puzzle,reasoning,afb99e750d3a60adef0795fffb10a9c7639d06be30c5119c1003238abc6f9b46
6129,qwen2.5-3b,0.0,zebra_puzzle,reasoning,afb99e750d3a60adef0795fffb10a9c7639d06be30c5119c1003238abc6f9b46
6130,gemma-3-12b-it,12.5,zebra_puzzle,reasoning,b1a413b03774b8811bb97c0b238c16c3c122217a11aa51425918bd5315b0935b
6131,gemma-3-1b-it,0.0,zebra_puzzle,reasoning,b1a413b03774b8811bb97c0b238c16c3c122217a11aa51425918bd5315b0935b
6132,gemma-3-4b-it,0.0,zebra_puzzle,reasoning,b1a413b03774b8811bb97c0b238c16c3c122217a11aa51425918bd5315b0935b
6133,llama-3.1-8b-instruct,0.0,zebra_puzzle,reasoning,b1a413b03774b8811bb97c0b238c16c3c122217a11aa51425918bd5315b0935b
6134,llama-3.2-1b-instruct,0.0,zebra_puzzle,reasoning,b1a413b03774b8811bb97c0b238c16c3c122217a11aa51425918bd5315b0935b
6135,llama-3.2-3b-instruct,0.0,zebra_puzzle,reasoning,b1a413b03774b8811bb97c0b238c16c3c122217a11aa51425918bd5315b0935b
6136,mistral-24b,12.5,zebra_puzzle,reasoning,b1a413b03774b8811bb97c0b238c16c3c122217a11aa51425918bd5315b0935b
6137,mistral-7b,0.0,zebra_puzzle,reasoning,b1a413b03774b8811bb97c0b238c16c3c122217a11aa51425918bd5315b0935b
6138,qwen2.5-32b,12.5,zebra_puzzle,reasoning,b1a413b03774b8811bb97c0b238c16c3c122217a11aa51425918bd5315b0935b
6139,qwen2.5-3b,0.0,zebra_puzzle,reasoning,b1a413b03774b8811bb97c0b238c16c3c122217a11aa51425918bd5315b0935b
6140,gemma-3-12b-it,37.5,zebra_puzzle,reasoning,b1b1678a4f290c8ab2b85f957a0cdbba93ef0c97d1e7ab4663e46e92ebac70e8
6141,gemma-3-1b-it,0.0,zebra_puzzle,reasoning,b1b1678a4f290c8ab2b85f957a0cdbba93ef0c97d1e7ab4663e46e92ebac70e8
6142,gemma-3-4b-it,0.0,zebra_puzzle,reasoning,b1b1678a4f290c8ab2b85f957a0cdbba93ef0c97d1e7ab4663e46e92ebac70e8
6143,llama-3.1-8b-instruct,12.5,zebra_puzzle,reasoning,b1b1678a4f290c8ab2b85f957a0cdbba93ef0c97d1e7ab4663e46e92ebac70e8
6144,llama-3.2-1b-instruct,0.0,zebra_puzzle,reasoning,b1b1678a4f290c8ab2b85f957a0cdbba93ef0c97d1e7ab4663e46e92ebac70e8
6145,llama-3.2-3b-instruct,37.5,zebra_puzzle,reasoning,b1b1678a4f290c8ab2b85f957a0cdbba93ef0c97d1e7ab4663e46e92ebac70e8
6146,mistral-24b,100.0,zebra_puzzle,reasoning,b1b1678a4f290c8ab2b85f957a0cdbba93ef0c97d1e7ab4663e46e92ebac70e8
6147,mistral-7b,0.0,zebra_puzzle,reasoning,b1b1678a4f290c8ab2b85f957a0cdbba93ef0c97d1e7ab4663e46e92ebac70e8
6148,qwen2.5-32b,100.0,zebra_puzzle,reasoning,b1b1678a4f290c8ab2b85f957a0cdbba93ef0c97d1e7ab4663e46e92ebac70e8
6149,qwen2.5-3b,37.5,zebra_puzzle,reasoning,b1b1678a4f290c8ab2b85f957a0cdbba93ef0c97d1e7ab4663e46e92ebac70e8
6150,gemma-3-12b-it,0.0,zebra_puzzle,reasoning,b7b7e331df4614775210ef5e524ed7f20c5fec6655fb0dd179c94e4d71170862
6151,gemma-3-1b-it,12.5,zebra_puzzle,reasoning,b7b7e331df4614775210ef5e524ed7f20c5fec6655fb0dd179c94e4d71170862
6152,gemma-3-4b-it,25.0,zebra_puzzle,reasoning,b7b7e331df4614775210ef5e524ed7f20c5fec6655fb0dd179c94e4d71170862
6153,llama-3.1-8b-instruct,25.0,zebra_puzzle,reasoning,b7b7e331df4614775210ef5e524ed7f20c5fec6655fb0dd179c94e4d71170862
6154,llama-3.2-1b-instruct,0.0,zebra_puzzle,reasoning,b7b7e331df4614775210ef5e524ed7f20c5fec6655fb0dd179c94e4d71170862
6155,llama-3.2-3b-instruct,12.5,zebra_puzzle,reasoning,b7b7e331df4614775210ef5e524ed7f20c5fec6655fb0dd179c94e4d71170862
6156,mistral-24b,12.5,zebra_puzzle,reasoning,b7b7e331df4614775210ef5e524ed7f20c5fec6655fb0dd179c94e4d71170862
6157,mistral-7b,0.0,zebra_puzzle,reasoning,b7b7e331df4614775210ef5e524ed7f20c5fec6655fb0dd179c94e4d71170862
6158,qwen2.5-32b,0.0,zebra_puzzle,reasoning,b7b7e331df4614775210ef5e524ed7f20c5fec6655fb0dd179c94e4d71170862
6159,qwen2.5-3b,12.5,zebra_puzzle,reasoning,b7b7e331df4614775210ef5e524ed7f20c5fec6655fb0dd179c94e4d71170862
6160,gemma-3-12b-it,0.0,zebra_puzzle,reasoning,ba951e86124110cf1c9d030b2dc025be31e42c1cf4fdf23558d2834937e956dc
6161,gemma-3-1b-it,0.0,zebra_puzzle,reasoning,ba951e86124110cf1c9d030b2dc025be31e42c1cf4fdf23558d2834937e956dc
6162,gemma-3-4b-it,0.0,zebra_puzzle,reasoning,ba951e86124110cf1c9d030b2dc025be31e42c1cf4fdf23558d2834937e956dc
6163,llama-3.1-8b-instruct,0.0,zebra_puzzle,reasoning,ba951e86124110cf1c9d030b2dc025be31e42c1cf4fdf23558d2834937e956dc
6164,llama-3.2-1b-instruct,0.0,zebra_puzzle,reasoning,ba951e86124110cf1c9d030b2dc025be31e42c1cf4fdf23558d2834937e956dc
6165,llama-3.2-3b-instruct,0.0,zebra_puzzle,reasoning,ba951e86124110cf1c9d030b2dc025be31e42c1cf4fdf23558d2834937e956dc
6166,mistral-24b,25.0,zebra_puzzle,reasoning,ba951e86124110cf1c9d030b2dc025be31e42c1cf4fdf23558d2834937e956dc
6167,mistral-7b,0.0,zebra_puzzle,reasoning,ba951e86124110cf1c9d030b2dc025be31e42c1cf4fdf23558d2834937e956dc
6168,qwen2.5-32b,12.5,zebra_puzzle,reasoning,ba951e86124110cf1c9d030b2dc025be31e42c1cf4fdf23558d2834937e956dc
6169,qwen2.5-3b,100.0,zebra_puzzle,reasoning,ba951e86124110cf1c9d030b2dc025be31e42c1cf4fdf23558d2834937e956dc
6170,gemma-3-12b-it,100.0,zebra_puzzle,reasoning,bd14ba82d1fe813dcdf6c16f0f868e5f3fe92e4cee9cf5eb3fd5cb6f03d68517
6171,gemma-3-1b-it,37.5,zebra_puzzle,reasoning,bd14ba82d1fe813dcdf6c16f0f868e5f3fe92e4cee9cf5eb3fd5cb6f03d68517
6172,gemma-3-4b-it,25.0,zebra_puzzle,reasoning,bd14ba82d1fe813dcdf6c16f0f868e5f3fe92e4cee9cf5eb3fd5cb6f03d68517
6173,llama-3.1-8b-instruct,12.5,zebra_puzzle,reasoning,bd14ba82d1fe813dcdf6c16f0f868e5f3fe92e4cee9cf5eb3fd5cb6f03d68517
6174,llama-3.2-1b-instruct,37.5,zebra_puzzle,reasoning,bd14ba82d1fe813dcdf6c16f0f868e5f3fe92e4cee9cf5eb3fd5cb6f03d68517
6175,llama-3.2-3b-instruct,25.0,zebra_puzzle,reasoning,bd14ba82d1fe813dcdf6c16f0f868e5f3fe92e4cee9cf5eb3fd5cb6f03d68517
6176,mistral-24b,37.5,zebra_puzzle,reasoning,bd14ba82d1fe813dcdf6c16f0f868e5f3fe92e4cee9cf5eb3fd5cb6f03d68517
6177,mistral-7b,0.0,zebra_puzzle,reasoning,bd14ba82d1fe813dcdf6c16f0f868e5f3fe92e4cee9cf5eb3fd5cb6f03d68517
6178,qwen2.5-32b,100.0,zebra_puzzle,reasoning,bd14ba82d1fe813dcdf6c16f0f868e5f3fe92e4cee9cf5eb3fd5cb6f03d68517
6179,qwen2.5-3b,25.0,zebra_puzzle,reasoning,bd14ba82d1fe813dcdf6c16f0f868e5f3fe92e4cee9cf5eb3fd5cb6f03d68517
6180,gemma-3-12b-it,37.5,zebra_puzzle,reasoning,bd6776bfffbd81eaa021c33ffbd833e0c75ee50c5827094ccb469d421cd5b8ab
6181,gemma-3-1b-it,0.0,zebra_puzzle,reasoning,bd6776bfffbd81eaa021c33ffbd833e0c75ee50c5827094ccb469d421cd5b8ab
6182,gemma-3-4b-it,25.0,zebra_puzzle,reasoning,bd6776bfffbd81eaa021c33ffbd833e0c75ee50c5827094ccb469d421cd5b8ab
6183,llama-3.1-8b-instruct,0.0,zebra_puzzle,reasoning,bd6776bfffbd81eaa021c33ffbd833e0c75ee50c5827094ccb469d421cd5b8ab
6184,llama-3.2-1b-instruct,0.0,zebra_puzzle,reasoning,bd6776bfffbd81eaa021c33ffbd833e0c75ee50c5827094ccb469d421cd5b8ab
6185,llama-3.2-3b-instruct,0.0,zebra_puzzle,reasoning,bd6776bfffbd81eaa021c33ffbd833e0c75ee50c5827094ccb469d421cd5b8ab
6186,mistral-24b,25.0,zebra_puzzle,reasoning,bd6776bfffbd81eaa021c33ffbd833e0c75ee50c5827094ccb469d421cd5b8ab
6187,mistral-7b,12.5,zebra_puzzle,reasoning,bd6776bfffbd81eaa021c33ffbd833e0c75ee50c5827094ccb469d421cd5b8ab
6188,qwen2.5-32b,12.5,zebra_puzzle,reasoning,bd6776bfffbd81eaa021c33ffbd833e0c75ee50c5827094ccb469d421cd5b8ab
6189,qwen2.5-3b,25.0,zebra_puzzle,reasoning,bd6776bfffbd81eaa021c33ffbd833e0c75ee50c5827094ccb469d421cd5b8ab
6190,gemma-3-12b-it,12.5,zebra_puzzle,reasoning,c24b803db62ad2d9d955c80d77e58682273b4ac70c9694af759ac319c0985dc2
6191,gemma-3-1b-it,0.0,zebra_puzzle,reasoning,c24b803db62ad2d9d955c80d77e58682273b4ac70c9694af759ac319c0985dc2
6192,gemma-3-4b-it,12.5,zebra_puzzle,reasoning,c24b803db62ad2d9d955c80d77e58682273b4ac70c9694af759ac319c0985dc2
6193,llama-3.1-8b-instruct,25.0,zebra_puzzle,reasoning,c24b803db62ad2d9d955c80d77e58682273b4ac70c9694af759ac319c0985dc2
6194,llama-3.2-1b-instruct,0.0,zebra_puzzle,reasoning,c24b803db62ad2d9d955c80d77e58682273b4ac70c9694af759ac319c0985dc2
6195,llama-3.2-3b-instruct,0.0,zebra_puzzle,reasoning,c24b803db62ad2d9d955c80d77e58682273b4ac70c9694af759ac319c0985dc2
6196,mistral-24b,37.5,zebra_puzzle,reasoning,c24b803db62ad2d9d955c80d77e58682273b4ac70c9694af759ac319c0985dc2
6197,mistral-7b,0.0,zebra_puzzle,reasoning,c24b803db62ad2d9d955c80d77e58682273b4ac70c9694af759ac319c0985dc2
6198,qwen2.5-32b,37.5,zebra_puzzle,reasoning,c24b803db62ad2d9d955c80d77e58682273b4ac70c9694af759ac319c0985dc2
6199,qwen2.5-3b,12.5,zebra_puzzle,reasoning,c24b803db62ad2d9d955c80d77e58682273b4ac70c9694af759ac319c0985dc2
6200,gemma-3-12b-it,0.0,zebra_puzzle,reasoning,c29eb6b3c9fd3f67fba90afc62b89640ba6b6aa5f74bb2efd8d5650af6b78ff6
6201,gemma-3-1b-it,12.5,zebra_puzzle,reasoning,c29eb6b3c9fd3f67fba90afc62b89640ba6b6aa5f74bb2efd8d5650af6b78ff6
6202,gemma-3-4b-it,0.0,zebra_puzzle,reasoning,c29eb6b3c9fd3f67fba90afc62b89640ba6b6aa5f74bb2efd8d5650af6b78ff6
6203,llama-3.1-8b-instruct,0.0,zebra_puzzle,reasoning,c29eb6b3c9fd3f67fba90afc62b89640ba6b6aa5f74bb2efd8d5650af6b78ff6
6204,llama-3.2-1b-instruct,0.0,zebra_puzzle,reasoning,c29eb6b3c9fd3f67fba90afc62b89640ba6b6aa5f74bb2efd8d5650af6b78ff6
6205,llama-3.2-3b-instruct,0.0,zebra_puzzle,reasoning,c29eb6b3c9fd3f67fba90afc62b89640ba6b6aa5f74bb2efd8d5650af6b78ff6
6206,mistral-24b,0.0,zebra_puzzle,reasoning,c29eb6b3c9fd3f67fba90afc62b89640ba6b6aa5f74bb2efd8d5650af6b78ff6
6207,mistral-7b,0.0,zebra_puzzle,reasoning,c29eb6b3c9fd3f67fba90afc62b89640ba6b6aa5f74bb2efd8d5650af6b78ff6
6208,qwen2.5-32b,0.0,zebra_puzzle,reasoning,c29eb6b3c9fd3f67fba90afc62b89640ba6b6aa5f74bb2efd8d5650af6b78ff6
6209,qwen2.5-3b,0.0,zebra_puzzle,reasoning,c29eb6b3c9fd3f67fba90afc62b89640ba6b6aa5f74bb2efd8d5650af6b78ff6
6210,gemma-3-12b-it,12.5,zebra_puzzle,reasoning,c2b235761e06ab22ef1bfba7fa61461b6f6536e5b2a7709674193c7cc96b192c
6211,gemma-3-1b-it,0.0,zebra_puzzle,reasoning,c2b235761e06ab22ef1bfba7fa61461b6f6536e5b2a7709674193c7cc96b192c
6212,gemma-3-4b-it,12.5,zebra_puzzle,reasoning,c2b235761e06ab22ef1bfba7fa61461b6f6536e5b2a7709674193c7cc96b192c
6213,llama-3.1-8b-instruct,12.5,zebra_puzzle,reasoning,c2b235761e06ab22ef1bfba7fa61461b6f6536e5b2a7709674193c7cc96b192c
6214,llama-3.2-1b-instruct,0.0,zebra_puzzle,reasoning,c2b235761e06ab22ef1bfba7fa61461b6f6536e5b2a7709674193c7cc96b192c
6215,llama-3.2-3b-instruct,0.0,zebra_puzzle,reasoning,c2b235761e06ab22ef1bfba7fa61461b6f6536e5b2a7709674193c7cc96b192c
6216,mistral-24b,12.5,zebra_puzzle,reasoning,c2b235761e06ab22ef1bfba7fa61461b6f6536e5b2a7709674193c7cc96b192c
6217,mistral-7b,0.0,zebra_puzzle,reasoning,c2b235761e06ab22ef1bfba7fa61461b6f6536e5b2a7709674193c7cc96b192c
6218,qwen2.5-32b,12.5,zebra_puzzle,reasoning,c2b235761e06ab22ef1bfba7fa61461b6f6536e5b2a7709674193c7cc96b192c
6219,qwen2.5-3b,0.0,zebra_puzzle,reasoning,c2b235761e06ab22ef1bfba7fa61461b6f6536e5b2a7709674193c7cc96b192c
6220,gemma-3-12b-it,12.5,zebra_puzzle,reasoning,c833574b0ff6e8609bee19b36fabc48501cdcd9a64b99cd0422f54ada1acc53d
6221,gemma-3-1b-it,0.0,zebra_puzzle,reasoning,c833574b0ff6e8609bee19b36fabc48501cdcd9a64b99cd0422f54ada1acc53d
6222,gemma-3-4b-it,0.0,zebra_puzzle,reasoning,c833574b0ff6e8609bee19b36fabc48501cdcd9a64b99cd0422f54ada1acc53d
6223,llama-3.1-8b-instruct,0.0,zebra_puzzle,reasoning,c833574b0ff6e8609bee19b36fabc48501cdcd9a64b99cd0422f54ada1acc53d
6224,llama-3.2-1b-instruct,0.0,zebra_puzzle,reasoning,c833574b0ff6e8609bee19b36fabc48501cdcd9a64b99cd0422f54ada1acc53d
6225,llama-3.2-3b-instruct,0.0,zebra_puzzle,reasoning,c833574b0ff6e8609bee19b36fabc48501cdcd9a64b99cd0422f54ada1acc53d
6226,mistral-24b,12.5,zebra_puzzle,reasoning,c833574b0ff6e8609bee19b36fabc48501cdcd9a64b99cd0422f54ada1acc53d
6227,mistral-7b,0.0,zebra_puzzle,reasoning,c833574b0ff6e8609bee19b36fabc48501cdcd9a64b99cd0422f54ada1acc53d
6228,qwen2.5-32b,12.5,zebra_puzzle,reasoning,c833574b0ff6e8609bee19b36fabc48501cdcd9a64b99cd0422f54ada1acc53d
6229,qwen2.5-3b,0.0,zebra_puzzle,reasoning,c833574b0ff6e8609bee19b36fabc48501cdcd9a64b99cd0422f54ada1acc53d
6230,gemma-3-12b-it,0.0,zebra_puzzle,reasoning,c89fdda34dcddd50a92fd79332f22c31b7f0fd94d3ce05062fd7a874bd36e224
6231,gemma-3-1b-it,12.5,zebra_puzzle,reasoning,c89fdda34dcddd50a92fd79332f22c31b7f0fd94d3ce05062fd7a874bd36e224
6232,gemma-3-4b-it,25.0,zebra_puzzle,reasoning,c89fdda34dcddd50a92fd79332f22c31b7f0fd94d3ce05062fd7a874bd36e224
6233,llama-3.1-8b-instruct,37.5,zebra_puzzle,reasoning,c89fdda34dcddd50a92fd79332f22c31b7f0fd94d3ce05062fd7a874bd36e224
6234,llama-3.2-1b-instruct,12.5,zebra_puzzle,reasoning,c89fdda34dcddd50a92fd79332f22c31b7f0fd94d3ce05062fd7a874bd36e224
6235,llama-3.2-3b-instruct,37.5,zebra_puzzle,reasoning,c89fdda34dcddd50a92fd79332f22c31b7f0fd94d3ce05062fd7a874bd36e224
6236,mistral-24b,0.0,zebra_puzzle,reasoning,c89fdda34dcddd50a92fd79332f22c31b7f0fd94d3ce05062fd7a874bd36e224
6237,mistral-7b,0.0,zebra_puzzle,reasoning,c89fdda34dcddd50a92fd79332f22c31b7f0fd94d3ce05062fd7a874bd36e224
6238,qwen2.5-32b,100.0,zebra_puzzle,reasoning,c89fdda34dcddd50a92fd79332f22c31b7f0fd94d3ce05062fd7a874bd36e224
6239,qwen2.5-3b,12.5,zebra_puzzle,reasoning,c89fdda34dcddd50a92fd79332f22c31b7f0fd94d3ce05062fd7a874bd36e224
6240,gemma-3-12b-it,25.0,zebra_puzzle,reasoning,d60075facb5ecdbc3618620e77f29db9dc5f24b11eb789c771b3180b48866fbf
6241,gemma-3-1b-it,0.0,zebra_puzzle,reasoning,d60075facb5ecdbc3618620e77f29db9dc5f24b11eb789c771b3180b48866fbf
6242,gemma-3-4b-it,12.5,zebra_puzzle,reasoning,d60075facb5ecdbc3618620e77f29db9dc5f24b11eb789c771b3180b48866fbf
6243,llama-3.1-8b-instruct,0.0,zebra_puzzle,reasoning,d60075facb5ecdbc3618620e77f29db9dc5f24b11eb789c771b3180b48866fbf
6244,llama-3.2-1b-instruct,0.0,zebra_puzzle,reasoning,d60075facb5ecdbc3618620e77f29db9dc5f24b11eb789c771b3180b48866fbf
6245,llama-3.2-3b-instruct,0.0,zebra_puzzle,reasoning,d60075facb5ecdbc3618620e77f29db9dc5f24b11eb789c771b3180b48866fbf
6246,mistral-24b,25.0,zebra_puzzle,reasoning,d60075facb5ecdbc3618620e77f29db9dc5f24b11eb789c771b3180b48866fbf
6247,mistral-7b,0.0,zebra_puzzle,reasoning,d60075facb5ecdbc3618620e77f29db9dc5f24b11eb789c771b3180b48866fbf
6248,qwen2.5-32b,0.0,zebra_puzzle,reasoning,d60075facb5ecdbc3618620e77f29db9dc5f24b11eb789c771b3180b48866fbf
6249,qwen2.5-3b,12.5,zebra_puzzle,reasoning,d60075facb5ecdbc3618620e77f29db9dc5f24b11eb789c771b3180b48866fbf
6250,gemma-3-12b-it,12.5,zebra_puzzle,reasoning,d977e70d05f737b3df36dbe997420820c43a0c43cfb0ff32290d45667b53987d
6251,gemma-3-1b-it,0.0,zebra_puzzle,reasoning,d977e70d05f737b3df36dbe997420820c43a0c43cfb0ff32290d45667b53987d
6252,gemma-3-4b-it,12.5,zebra_puzzle,reasoning,d977e70d05f737b3df36dbe997420820c43a0c43cfb0ff32290d45667b53987d
6253,llama-3.1-8b-instruct,12.5,zebra_puzzle,reasoning,d977e70d05f737b3df36dbe997420820c43a0c43cfb0ff32290d45667b53987d
6254,llama-3.2-1b-instruct,0.0,zebra_puzzle,reasoning,d977e70d05f737b3df36dbe997420820c43a0c43cfb0ff32290d45667b53987d
6255,llama-3.2-3b-instruct,12.5,zebra_puzzle,reasoning,d977e70d05f737b3df36dbe997420820c43a0c43cfb0ff32290d45667b53987d
6256,mistral-24b,12.5,zebra_puzzle,reasoning,d977e70d05f737b3df36dbe997420820c43a0c43cfb0ff32290d45667b53987d
6257,mistral-7b,0.0,zebra_puzzle,reasoning,d977e70d05f737b3df36dbe997420820c43a0c43cfb0ff32290d45667b53987d
6258,qwen2.5-32b,100.0,zebra_puzzle,reasoning,d977e70d05f737b3df36dbe997420820c43a0c43cfb0ff32290d45667b53987d
6259,qwen2.5-3b,12.5,zebra_puzzle,reasoning,d977e70d05f737b3df36dbe997420820c43a0c43cfb0ff32290d45667b53987d
6260,gemma-3-12b-it,25.0,zebra_puzzle,reasoning,d99123f5dae428ffc74487c853ff6a440a5d3f3ffdc47006175db53ff4a5054c
6261,gemma-3-1b-it,0.0,zebra_puzzle,reasoning,d99123f5dae428ffc74487c853ff6a440a5d3f3ffdc47006175db53ff4a5054c
6262,gemma-3-4b-it,25.0,zebra_puzzle,reasoning,d99123f5dae428ffc74487c853ff6a440a5d3f3ffdc47006175db53ff4a5054c
6263,llama-3.1-8b-instruct,0.0,zebra_puzzle,reasoning,d99123f5dae428ffc74487c853ff6a440a5d3f3ffdc47006175db53ff4a5054c
6264,llama-3.2-1b-instruct,0.0,zebra_puzzle,reasoning,d99123f5dae428ffc74487c853ff6a440a5d3f3ffdc47006175db53ff4a5054c
6265,llama-3.2-3b-instruct,0.0,zebra_puzzle,reasoning,d99123f5dae428ffc74487c853ff6a440a5d3f3ffdc47006175db53ff4a5054c
6266,mistral-24b,25.0,zebra_puzzle,reasoning,d99123f5dae428ffc74487c853ff6a440a5d3f3ffdc47006175db53ff4a5054c
6267,mistral-7b,0.0,zebra_puzzle,reasoning,d99123f5dae428ffc74487c853ff6a440a5d3f3ffdc47006175db53ff4a5054c
6268,qwen2.5-32b,25.0,zebra_puzzle,reasoning,d99123f5dae428ffc74487c853ff6a440a5d3f3ffdc47006175db53ff4a5054c
6269,qwen2.5-3b,0.0,zebra_puzzle,reasoning,d99123f5dae428ffc74487c853ff6a440a5d3f3ffdc47006175db53ff4a5054c
6270,gemma-3-12b-it,0.0,zebra_puzzle,reasoning,db55a7cc2ceaa32778ecbb91aecaca4b905b0de218f9a2080a2b3548bbf507b0
6271,gemma-3-1b-it,25.0,zebra_puzzle,reasoning,db55a7cc2ceaa32778ecbb91aecaca4b905b0de218f9a2080a2b3548bbf507b0
6272,gemma-3-4b-it,0.0,zebra_puzzle,reasoning,db55a7cc2ceaa32778ecbb91aecaca4b905b0de218f9a2080a2b3548bbf507b0
6273,llama-3.1-8b-instruct,0.0,zebra_puzzle,reasoning,db55a7cc2ceaa32778ecbb91aecaca4b905b0de218f9a2080a2b3548bbf507b0
6274,llama-3.2-1b-instruct,0.0,zebra_puzzle,reasoning,db55a7cc2ceaa32778ecbb91aecaca4b905b0de218f9a2080a2b3548bbf507b0
6275,llama-3.2-3b-instruct,0.0,zebra_puzzle,reasoning,db55a7cc2ceaa32778ecbb91aecaca4b905b0de218f9a2080a2b3548bbf507b0
6276,mistral-24b,12.5,zebra_puzzle,reasoning,db55a7cc2ceaa32778ecbb91aecaca4b905b0de218f9a2080a2b3548bbf507b0
6277,mistral-7b,0.0,zebra_puzzle,reasoning,db55a7cc2ceaa32778ecbb91aecaca4b905b0de218f9a2080a2b3548bbf507b0
6278,qwen2.5-32b,37.5,zebra_puzzle,reasoning,db55a7cc2ceaa32778ecbb91aecaca4b905b0de218f9a2080a2b3548bbf507b0
6279,qwen2.5-3b,37.5,zebra_puzzle,reasoning,db55a7cc2ceaa32778ecbb91aecaca4b905b0de218f9a2080a2b3548bbf507b0
6280,gemma-3-12b-it,12.5,zebra_puzzle,reasoning,ed015ab9a9b9c84e1b5d45695a46f91880ced969877640ef9eafd4c231a8960a
6281,gemma-3-1b-it,12.5,zebra_puzzle,reasoning,ed015ab9a9b9c84e1b5d45695a46f91880ced969877640ef9eafd4c231a8960a
6282,gemma-3-4b-it,0.0,zebra_puzzle,reasoning,ed015ab9a9b9c84e1b5d45695a46f91880ced969877640ef9eafd4c231a8960a
6283,llama-3.1-8b-instruct,0.0,zebra_puzzle,reasoning,ed015ab9a9b9c84e1b5d45695a46f91880ced969877640ef9eafd4c231a8960a
6284,llama-3.2-1b-instruct,12.5,zebra_puzzle,reasoning,ed015ab9a9b9c84e1b5d45695a46f91880ced969877640ef9eafd4c231a8960a
6285,llama-3.2-3b-instruct,0.0,zebra_puzzle,reasoning,ed015ab9a9b9c84e1b5d45695a46f91880ced969877640ef9eafd4c231a8960a
6286,mistral-24b,12.5,zebra_puzzle,reasoning,ed015ab9a9b9c84e1b5d45695a46f91880ced969877640ef9eafd4c231a8960a
6287,mistral-7b,25.0,zebra_puzzle,reasoning,ed015ab9a9b9c84e1b5d45695a46f91880ced969877640ef9eafd4c231a8960a
6288,qwen2.5-32b,0.0,zebra_puzzle,reasoning,ed015ab9a9b9c84e1b5d45695a46f91880ced969877640ef9eafd4c231a8960a
6289,qwen2.5-3b,12.5,zebra_puzzle,reasoning,ed015ab9a9b9c84e1b5d45695a46f91880ced969877640ef9eafd4c231a8960a
6290,gemma-3-12b-it,0.0,zebra_puzzle,reasoning,f2a25baff529a325a0f93fcf29e64033e6948c329881365655b38d8f778cd21f
6291,gemma-3-1b-it,0.0,zebra_puzzle,reasoning,f2a25baff529a325a0f93fcf29e64033e6948c329881365655b38d8f778cd21f
6292,gemma-3-4b-it,12.5,zebra_puzzle,reasoning,f2a25baff529a325a0f93fcf29e64033e6948c329881365655b38d8f778cd21f
6293,llama-3.1-8b-instruct,0.0,zebra_puzzle,reasoning,f2a25baff529a325a0f93fcf29e64033e6948c329881365655b38d8f778cd21f
6294,llama-3.2-1b-instruct,0.0,zebra_puzzle,reasoning,f2a25baff529a325a0f93fcf29e64033e6948c329881365655b38d8f778cd21f
6295,llama-3.2-3b-instruct,12.5,zebra_puzzle,reasoning,f2a25baff529a325a0f93fcf29e64033e6948c329881365655b38d8f778cd21f
6296,mistral-24b,12.5,zebra_puzzle,reasoning,f2a25baff529a325a0f93fcf29e64033e6948c329881365655b38d8f778cd21f
6297,mistral-7b,0.0,zebra_puzzle,reasoning,f2a25baff529a325a0f93fcf29e64033e6948c329881365655b38d8f778cd21f
6298,qwen2.5-32b,25.0,zebra_puzzle,reasoning,f2a25baff529a325a0f93fcf29e64033e6948c329881365655b38d8f778cd21f
6299,qwen2.5-3b,0.0,zebra_puzzle,reasoning,f2a25baff529a325a0f93fcf29e64033e6948c329881365655b38d8f778cd21f
6300,gemma-3-12b-it,25.0,zebra_puzzle,reasoning,f615242a775befba0edf3bed427a71ec3fcf68313cb17992cedcdd58c2f78d37
6301,gemma-3-1b-it,12.5,zebra_puzzle,reasoning,f615242a775befba0edf3bed427a71ec3fcf68313cb17992cedcdd58c2f78d37
6302,gemma-3-4b-it,0.0,zebra_puzzle,reasoning,f615242a775befba0edf3bed427a71ec3fcf68313cb17992cedcdd58c2f78d37
6303,llama-3.1-8b-instruct,0.0,zebra_puzzle,reasoning,f615242a775befba0edf3bed427a71ec3fcf68313cb17992cedcdd58c2f78d37
6304,llama-3.2-1b-instruct,0.0,zebra_puzzle,reasoning,f615242a775befba0edf3bed427a71ec3fcf68313cb17992cedcdd58c2f78d37
6305,llama-3.2-3b-instruct,0.0,zebra_puzzle,reasoning,f615242a775befba0edf3bed427a71ec3fcf68313cb17992cedcdd58c2f78d37
6306,mistral-24b,25.0,zebra_puzzle,reasoning,f615242a775befba0edf3bed427a71ec3fcf68313cb17992cedcdd58c2f78d37
6307,mistral-7b,0.0,zebra_puzzle,reasoning,f615242a775befba0edf3bed427a71ec3fcf68313cb17992cedcdd58c2f78d37
6308,qwen2.5-32b,37.5,zebra_puzzle,reasoning,f615242a775befba0edf3bed427a71ec3fcf68313cb17992cedcdd58c2f78d37
6309,qwen2.5-3b,25.0,zebra_puzzle,reasoning,f615242a775befba0edf3bed427a71ec3fcf68313cb17992cedcdd58c2f78d37
6310,gemma-3-12b-it,25.0,zebra_puzzle,reasoning,fe37c4db2b25d85eb28bc39dc6c978c002216c9e26227d7a9389abad0dd230f0
6311,gemma-3-1b-it,12.5,zebra_puzzle,reasoning,fe37c4db2b25d85eb28bc39dc6c978c002216c9e26227d7a9389abad0dd230f0
6312,gemma-3-4b-it,100.0,zebra_puzzle,reasoning,fe37c4db2b25d85eb28bc39dc6c978c002216c9e26227d7a9389abad0dd230f0
6313,llama-3.1-8b-instruct,12.5,zebra_puzzle,reasoning,fe37c4db2b25d85eb28bc39dc6c978c002216c9e26227d7a9389abad0dd230f0
6314,llama-3.2-1b-instruct,0.0,zebra_puzzle,reasoning,fe37c4db2b25d85eb28bc39dc6c978c002216c9e26227d7a9389abad0dd230f0
6315,llama-3.2-3b-instruct,0.0,zebra_puzzle,reasoning,fe37c4db2b25d85eb28bc39dc6c978c002216c9e26227d7a9389abad0dd230f0
6316,mistral-24b,25.0,zebra_puzzle,reasoning,fe37c4db2b25d85eb28bc39dc6c978c002216c9e26227d7a9389abad0dd230f0
6317,mistral-7b,0.0,zebra_puzzle,reasoning,fe37c4db2b25d85eb28bc39dc6c978c002216c9e26227d7a9389abad0dd230f0
6318,qwen2.5-32b,100.0,zebra_puzzle,reasoning,fe37c4db2b25d85eb28bc39dc6c978c002216c9e26227d7a9389abad0dd230f0
6319,qwen2.5-3b,25.0,zebra_puzzle,reasoning,fe37c4db2b25d85eb28bc39dc6c978c002216c9e26227d7a9389abad0dd230f0
6320,gemma-3-12b-it,0.0,spatial,reasoning,09719ca5e81c332df5d59ed37737c7351b5d68568933f4e7bbe08f0b22f2d030
6321,gemma-3-1b-it,0.0,spatial,reasoning,09719ca5e81c332df5d59ed37737c7351b5d68568933f4e7bbe08f0b22f2d030
6322,gemma-3-4b-it,0.0,spatial,reasoning,09719ca5e81c332df5d59ed37737c7351b5d68568933f4e7bbe08f0b22f2d030
6323,llama-3.1-8b-instruct,0.0,spatial,reasoning,09719ca5e81c332df5d59ed37737c7351b5d68568933f4e7bbe08f0b22f2d030
6324,llama-3.2-1b-instruct,0.0,spatial,reasoning,09719ca5e81c332df5d59ed37737c7351b5d68568933f4e7bbe08f0b22f2d030
6325,llama-3.2-3b-instruct,0.0,spatial,reasoning,09719ca5e81c332df5d59ed37737c7351b5d68568933f4e7bbe08f0b22f2d030
6326,mistral-24b,0.0,spatial,reasoning,09719ca5e81c332df5d59ed37737c7351b5d68568933f4e7bbe08f0b22f2d030
6327,mistral-7b,0.0,spatial,reasoning,09719ca5e81c332df5d59ed37737c7351b5d68568933f4e7bbe08f0b22f2d030
6328,qwen2.5-32b,0.0,spatial,reasoning,09719ca5e81c332df5d59ed37737c7351b5d68568933f4e7bbe08f0b22f2d030
6329,qwen2.5-3b,0.0,spatial,reasoning,09719ca5e81c332df5d59ed37737c7351b5d68568933f4e7bbe08f0b22f2d030
6330,gemma-3-12b-it,0.0,spatial,reasoning,0b02d4ab897f5f7eae1f5715f159ba9309ae8e91ce0403d8df960db77253e36c
6331,gemma-3-1b-it,0.0,spatial,reasoning,0b02d4ab897f5f7eae1f5715f159ba9309ae8e91ce0403d8df960db77253e36c
6332,gemma-3-4b-it,0.0,spatial,reasoning,0b02d4ab897f5f7eae1f5715f159ba9309ae8e91ce0403d8df960db77253e36c
6333,llama-3.1-8b-instruct,0.0,spatial,reasoning,0b02d4ab897f5f7eae1f5715f159ba9309ae8e91ce0403d8df960db77253e36c
6334,llama-3.2-1b-instruct,0.0,spatial,reasoning,0b02d4ab897f5f7eae1f5715f159ba9309ae8e91ce0403d8df960db77253e36c
6335,llama-3.2-3b-instruct,0.0,spatial,reasoning,0b02d4ab897f5f7eae1f5715f159ba9309ae8e91ce0403d8df960db77253e36c
6336,mistral-24b,0.0,spatial,reasoning,0b02d4ab897f5f7eae1f5715f159ba9309ae8e91ce0403d8df960db77253e36c
6337,mistral-7b,0.0,spatial,reasoning,0b02d4ab897f5f7eae1f5715f159ba9309ae8e91ce0403d8df960db77253e36c
6338,qwen2.5-32b,0.0,spatial,reasoning,0b02d4ab897f5f7eae1f5715f159ba9309ae8e91ce0403d8df960db77253e36c
6339,qwen2.5-3b,0.0,spatial,reasoning,0b02d4ab897f5f7eae1f5715f159ba9309ae8e91ce0403d8df960db77253e36c
6340,gemma-3-12b-it,0.0,spatial,reasoning,115ee3f4cecb92009f145dd6ec96e9d05ce0b255f8a8a4d8bb686253be96aafc
6341,gemma-3-1b-it,0.0,spatial,reasoning,115ee3f4cecb92009f145dd6ec96e9d05ce0b255f8a8a4d8bb686253be96aafc
6342,gemma-3-4b-it,0.0,spatial,reasoning,115ee3f4cecb92009f145dd6ec96e9d05ce0b255f8a8a4d8bb686253be96aafc
6343,llama-3.1-8b-instruct,0.0,spatial,reasoning,115ee3f4cecb92009f145dd6ec96e9d05ce0b255f8a8a4d8bb686253be96aafc
6344,llama-3.2-1b-instruct,0.0,spatial,reasoning,115ee3f4cecb92009f145dd6ec96e9d05ce0b255f8a8a4d8bb686253be96aafc
6345,llama-3.2-3b-instruct,0.0,spatial,reasoning,115ee3f4cecb92009f145dd6ec96e9d05ce0b255f8a8a4d8bb686253be96aafc
6346,mistral-24b,0.0,spatial,reasoning,115ee3f4cecb92009f145dd6ec96e9d05ce0b255f8a8a4d8bb686253be96aafc
6347,mistral-7b,0.0,spatial,reasoning,115ee3f4cecb92009f145dd6ec96e9d05ce0b255f8a8a4d8bb686253be96aafc
6348,qwen2.5-32b,100.0,spatial,reasoning,115ee3f4cecb92009f145dd6ec96e9d05ce0b255f8a8a4d8bb686253be96aafc
6349,qwen2.5-3b,0.0,spatial,reasoning,115ee3f4cecb92009f145dd6ec96e9d05ce0b255f8a8a4d8bb686253be96aafc
6350,gemma-3-12b-it,0.0,spatial,reasoning,1262fb6265c5ffb34ffe11179c38b9cb0f86e1f2483cd7b8bc9965fb809dfaf6
6351,gemma-3-1b-it,0.0,spatial,reasoning,1262fb6265c5ffb34ffe11179c38b9cb0f86e1f2483cd7b8bc9965fb809dfaf6
6352,gemma-3-4b-it,0.0,spatial,reasoning,1262fb6265c5ffb34ffe11179c38b9cb0f86e1f2483cd7b8bc9965fb809dfaf6
6353,llama-3.1-8b-instruct,0.0,spatial,reasoning,1262fb6265c5ffb34ffe11179c38b9cb0f86e1f2483cd7b8bc9965fb809dfaf6
6354,llama-3.2-1b-instruct,0.0,spatial,reasoning,1262fb6265c5ffb34ffe11179c38b9cb0f86e1f2483cd7b8bc9965fb809dfaf6
6355,llama-3.2-3b-instruct,0.0,spatial,reasoning,1262fb6265c5ffb34ffe11179c38b9cb0f86e1f2483cd7b8bc9965fb809dfaf6
6356,mistral-24b,0.0,spatial,reasoning,1262fb6265c5ffb34ffe11179c38b9cb0f86e1f2483cd7b8bc9965fb809dfaf6
6357,mistral-7b,0.0,spatial,reasoning,1262fb6265c5ffb34ffe11179c38b9cb0f86e1f2483cd7b8bc9965fb809dfaf6
6358,qwen2.5-32b,0.0,spatial,reasoning,1262fb6265c5ffb34ffe11179c38b9cb0f86e1f2483cd7b8bc9965fb809dfaf6
6359,qwen2.5-3b,0.0,spatial,reasoning,1262fb6265c5ffb34ffe11179c38b9cb0f86e1f2483cd7b8bc9965fb809dfaf6
6360,gemma-3-12b-it,100.0,spatial,reasoning,15a572d195b127489b50b0a4fc86c36a38fcfe6542ca3e2aa309e46f4d56edb5
6361,gemma-3-1b-it,0.0,spatial,reasoning,15a572d195b127489b50b0a4fc86c36a38fcfe6542ca3e2aa309e46f4d56edb5
6362,gemma-3-4b-it,0.0,spatial,reasoning,15a572d195b127489b50b0a4fc86c36a38fcfe6542ca3e2aa309e46f4d56edb5
6363,llama-3.1-8b-instruct,0.0,spatial,reasoning,15a572d195b127489b50b0a4fc86c36a38fcfe6542ca3e2aa309e46f4d56edb5
6364,llama-3.2-1b-instruct,0.0,spatial,reasoning,15a572d195b127489b50b0a4fc86c36a38fcfe6542ca3e2aa309e46f4d56edb5
6365,llama-3.2-3b-instruct,0.0,spatial,reasoning,15a572d195b127489b50b0a4fc86c36a38fcfe6542ca3e2aa309e46f4d56edb5
6366,mistral-24b,100.0,spatial,reasoning,15a572d195b127489b50b0a4fc86c36a38fcfe6542ca3e2aa309e46f4d56edb5
6367,mistral-7b,100.0,spatial,reasoning,15a572d195b127489b50b0a4fc86c36a38fcfe6542ca3e2aa309e46f4d56edb5
6368,qwen2.5-32b,100.0,spatial,reasoning,15a572d195b127489b50b0a4fc86c36a38fcfe6542ca3e2aa309e46f4d56edb5
6369,qwen2.5-3b,0.0,spatial,reasoning,15a572d195b127489b50b0a4fc86c36a38fcfe6542ca3e2aa309e46f4d56edb5
6370,gemma-3-12b-it,0.0,spatial,reasoning,1836f6b0486252c504e3eb25ca060651488abc7952bb9cab58f8ce7c4fe2c5a2
6371,gemma-3-1b-it,0.0,spatial,reasoning,1836f6b0486252c504e3eb25ca060651488abc7952bb9cab58f8ce7c4fe2c5a2
6372,gemma-3-4b-it,0.0,spatial,reasoning,1836f6b0486252c504e3eb25ca060651488abc7952bb9cab58f8ce7c4fe2c5a2
6373,llama-3.1-8b-instruct,100.0,spatial,reasoning,1836f6b0486252c504e3eb25ca060651488abc7952bb9cab58f8ce7c4fe2c5a2
6374,llama-3.2-1b-instruct,0.0,spatial,reasoning,1836f6b0486252c504e3eb25ca060651488abc7952bb9cab58f8ce7c4fe2c5a2
6375,llama-3.2-3b-instruct,100.0,spatial,reasoning,1836f6b0486252c504e3eb25ca060651488abc7952bb9cab58f8ce7c4fe2c5a2
6376,mistral-24b,0.0,spatial,reasoning,1836f6b0486252c504e3eb25ca060651488abc7952bb9cab58f8ce7c4fe2c5a2
6377,mistral-7b,100.0,spatial,reasoning,1836f6b0486252c504e3eb25ca060651488abc7952bb9cab58f8ce7c4fe2c5a2
6378,qwen2.5-32b,0.0,spatial,reasoning,1836f6b0486252c504e3eb25ca060651488abc7952bb9cab58f8ce7c4fe2c5a2
6379,qwen2.5-3b,0.0,spatial,reasoning,1836f6b0486252c504e3eb25ca060651488abc7952bb9cab58f8ce7c4fe2c5a2
6380,gemma-3-12b-it,0.0,spatial,reasoning,1985f3a3dbdf7959e2992119cf87da6bce6322f5fc0cf02575aaed641793b72c
6381,gemma-3-1b-it,0.0,spatial,reasoning,1985f3a3dbdf7959e2992119cf87da6bce6322f5fc0cf02575aaed641793b72c
6382,gemma-3-4b-it,0.0,spatial,reasoning,1985f3a3dbdf7959e2992119cf87da6bce6322f5fc0cf02575aaed641793b72c
6383,llama-3.1-8b-instruct,0.0,spatial,reasoning,1985f3a3dbdf7959e2992119cf87da6bce6322f5fc0cf02575aaed641793b72c
6384,llama-3.2-1b-instruct,0.0,spatial,reasoning,1985f3a3dbdf7959e2992119cf87da6bce6322f5fc0cf02575aaed641793b72c
6385,llama-3.2-3b-instruct,0.0,spatial,reasoning,1985f3a3dbdf7959e2992119cf87da6bce6322f5fc0cf02575aaed641793b72c
6386,mistral-24b,100.0,spatial,reasoning,1985f3a3dbdf7959e2992119cf87da6bce6322f5fc0cf02575aaed641793b72c
6387,mistral-7b,0.0,spatial,reasoning,1985f3a3dbdf7959e2992119cf87da6bce6322f5fc0cf02575aaed641793b72c
6388,qwen2.5-32b,0.0,spatial,reasoning,1985f3a3dbdf7959e2992119cf87da6bce6322f5fc0cf02575aaed641793b72c
6389,qwen2.5-3b,0.0,spatial,reasoning,1985f3a3dbdf7959e2992119cf87da6bce6322f5fc0cf02575aaed641793b72c
6390,gemma-3-12b-it,0.0,spatial,reasoning,1b317054fbe9c5448203b80b37b98eee6bf845143de64477ba2b8d6172168652
6391,gemma-3-1b-it,0.0,spatial,reasoning,1b317054fbe9c5448203b80b37b98eee6bf845143de64477ba2b8d6172168652
6392,gemma-3-4b-it,0.0,spatial,reasoning,1b317054fbe9c5448203b80b37b98eee6bf845143de64477ba2b8d6172168652
6393,llama-3.1-8b-instruct,100.0,spatial,reasoning,1b317054fbe9c5448203b80b37b98eee6bf845143de64477ba2b8d6172168652
6394,llama-3.2-1b-instruct,0.0,spatial,reasoning,1b317054fbe9c5448203b80b37b98eee6bf845143de64477ba2b8d6172168652
6395,llama-3.2-3b-instruct,0.0,spatial,reasoning,1b317054fbe9c5448203b80b37b98eee6bf845143de64477ba2b8d6172168652
6396,mistral-24b,0.0,spatial,reasoning,1b317054fbe9c5448203b80b37b98eee6bf845143de64477ba2b8d6172168652
6397,mistral-7b,0.0,spatial,reasoning,1b317054fbe9c5448203b80b37b98eee6bf845143de64477ba2b8d6172168652
6398,qwen2.5-32b,0.0,spatial,reasoning,1b317054fbe9c5448203b80b37b98eee6bf845143de64477ba2b8d6172168652
6399,qwen2.5-3b,100.0,spatial,reasoning,1b317054fbe9c5448203b80b37b98eee6bf845143de64477ba2b8d6172168652
6400,gemma-3-12b-it,0.0,spatial,reasoning,1c6eda54001bf87aa1b9d833e89448168f0c3020a026b618ba346b18afa6ef26
6401,gemma-3-1b-it,0.0,spatial,reasoning,1c6eda54001bf87aa1b9d833e89448168f0c3020a026b618ba346b18afa6ef26
6402,gemma-3-4b-it,0.0,spatial,reasoning,1c6eda54001bf87aa1b9d833e89448168f0c3020a026b618ba346b18afa6ef26
6403,llama-3.1-8b-instruct,0.0,spatial,reasoning,1c6eda54001bf87aa1b9d833e89448168f0c3020a026b618ba346b18afa6ef26
6404,llama-3.2-1b-instruct,0.0,spatial,reasoning,1c6eda54001bf87aa1b9d833e89448168f0c3020a026b618ba346b18afa6ef26
6405,llama-3.2-3b-instruct,0.0,spatial,reasoning,1c6eda54001bf87aa1b9d833e89448168f0c3020a026b618ba346b18afa6ef26
6406,mistral-24b,0.0,spatial,reasoning,1c6eda54001bf87aa1b9d833e89448168f0c3020a026b618ba346b18afa6ef26
6407,mistral-7b,0.0,spatial,reasoning,1c6eda54001bf87aa1b9d833e89448168f0c3020a026b618ba346b18afa6ef26
6408,qwen2.5-32b,0.0,spatial,reasoning,1c6eda54001bf87aa1b9d833e89448168f0c3020a026b618ba346b18afa6ef26
6409,qwen2.5-3b,0.0,spatial,reasoning,1c6eda54001bf87aa1b9d833e89448168f0c3020a026b618ba346b18afa6ef26
6410,gemma-3-12b-it,0.0,spatial,reasoning,27780ecab68b99ba747722d3e536086049ba4a8fc768b1357c0e20871a92e41c
6411,gemma-3-1b-it,0.0,spatial,reasoning,27780ecab68b99ba747722d3e536086049ba4a8fc768b1357c0e20871a92e41c
6412,gemma-3-4b-it,0.0,spatial,reasoning,27780ecab68b99ba747722d3e536086049ba4a8fc768b1357c0e20871a92e41c
6413,llama-3.1-8b-instruct,0.0,spatial,reasoning,27780ecab68b99ba747722d3e536086049ba4a8fc768b1357c0e20871a92e41c
6414,llama-3.2-1b-instruct,0.0,spatial,reasoning,27780ecab68b99ba747722d3e536086049ba4a8fc768b1357c0e20871a92e41c
6415,llama-3.2-3b-instruct,0.0,spatial,reasoning,27780ecab68b99ba747722d3e536086049ba4a8fc768b1357c0e20871a92e41c
6416,mistral-24b,0.0,spatial,reasoning,27780ecab68b99ba747722d3e536086049ba4a8fc768b1357c0e20871a92e41c
6417,mistral-7b,0.0,spatial,reasoning,27780ecab68b99ba747722d3e536086049ba4a8fc768b1357c0e20871a92e41c
6418,qwen2.5-32b,0.0,spatial,reasoning,27780ecab68b99ba747722d3e536086049ba4a8fc768b1357c0e20871a92e41c
6419,qwen2.5-3b,0.0,spatial,reasoning,27780ecab68b99ba747722d3e536086049ba4a8fc768b1357c0e20871a92e41c
6420,gemma-3-12b-it,0.0,spatial,reasoning,27eb08badf45383af3d99130de55ffe01e5723504d6d5fca8f9a7f672aad7e82
6421,gemma-3-1b-it,0.0,spatial,reasoning,27eb08badf45383af3d99130de55ffe01e5723504d6d5fca8f9a7f672aad7e82
6422,gemma-3-4b-it,0.0,spatial,reasoning,27eb08badf45383af3d99130de55ffe01e5723504d6d5fca8f9a7f672aad7e82
6423,llama-3.1-8b-instruct,100.0,spatial,reasoning,27eb08badf45383af3d99130de55ffe01e5723504d6d5fca8f9a7f672aad7e82
6424,llama-3.2-1b-instruct,0.0,spatial,reasoning,27eb08badf45383af3d99130de55ffe01e5723504d6d5fca8f9a7f672aad7e82
6425,llama-3.2-3b-instruct,100.0,spatial,reasoning,27eb08badf45383af3d99130de55ffe01e5723504d6d5fca8f9a7f672aad7e82
6426,mistral-24b,100.0,spatial,reasoning,27eb08badf45383af3d99130de55ffe01e5723504d6d5fca8f9a7f672aad7e82
6427,mistral-7b,0.0,spatial,reasoning,27eb08badf45383af3d99130de55ffe01e5723504d6d5fca8f9a7f672aad7e82
6428,qwen2.5-32b,100.0,spatial,reasoning,27eb08badf45383af3d99130de55ffe01e5723504d6d5fca8f9a7f672aad7e82
6429,qwen2.5-3b,100.0,spatial,reasoning,27eb08badf45383af3d99130de55ffe01e5723504d6d5fca8f9a7f672aad7e82
6430,gemma-3-12b-it,0.0,spatial,reasoning,34efb95856af4045015f9d8f46390d1ca13ae96c4aa4098a62da4b4d4cda2049
6431,gemma-3-1b-it,0.0,spatial,reasoning,34efb95856af4045015f9d8f46390d1ca13ae96c4aa4098a62da4b4d4cda2049
6432,gemma-3-4b-it,0.0,spatial,reasoning,34efb95856af4045015f9d8f46390d1ca13ae96c4aa4098a62da4b4d4cda2049
6433,llama-3.1-8b-instruct,0.0,spatial,reasoning,34efb95856af4045015f9d8f46390d1ca13ae96c4aa4098a62da4b4d4cda2049
6434,llama-3.2-1b-instruct,0.0,spatial,reasoning,34efb95856af4045015f9d8f46390d1ca13ae96c4aa4098a62da4b4d4cda2049
6435,llama-3.2-3b-instruct,100.0,spatial,reasoning,34efb95856af4045015f9d8f46390d1ca13ae96c4aa4098a62da4b4d4cda2049
6436,mistral-24b,0.0,spatial,reasoning,34efb95856af4045015f9d8f46390d1ca13ae96c4aa4098a62da4b4d4cda2049
6437,mistral-7b,0.0,spatial,reasoning,34efb95856af4045015f9d8f46390d1ca13ae96c4aa4098a62da4b4d4cda2049
6438,qwen2.5-32b,100.0,spatial,reasoning,34efb95856af4045015f9d8f46390d1ca13ae96c4aa4098a62da4b4d4cda2049
6439,qwen2.5-3b,100.0,spatial,reasoning,34efb95856af4045015f9d8f46390d1ca13ae96c4aa4098a62da4b4d4cda2049
6440,gemma-3-12b-it,100.0,spatial,reasoning,36a9c56b72919f6ee03ed6e929a2e9abfb58b0084a8cab91119393f396faa26e
6441,gemma-3-1b-it,0.0,spatial,reasoning,36a9c56b72919f6ee03ed6e929a2e9abfb58b0084a8cab91119393f396faa26e
6442,gemma-3-4b-it,100.0,spatial,reasoning,36a9c56b72919f6ee03ed6e929a2e9abfb58b0084a8cab91119393f396faa26e
6443,llama-3.1-8b-instruct,100.0,spatial,reasoning,36a9c56b72919f6ee03ed6e929a2e9abfb58b0084a8cab91119393f396faa26e
6444,llama-3.2-1b-instruct,0.0,spatial,reasoning,36a9c56b72919f6ee03ed6e929a2e9abfb58b0084a8cab91119393f396faa26e
6445,llama-3.2-3b-instruct,0.0,spatial,reasoning,36a9c56b72919f6ee03ed6e929a2e9abfb58b0084a8cab91119393f396faa26e
6446,mistral-24b,100.0,spatial,reasoning,36a9c56b72919f6ee03ed6e929a2e9abfb58b0084a8cab91119393f396faa26e
6447,mistral-7b,0.0,spatial,reasoning,36a9c56b72919f6ee03ed6e929a2e9abfb58b0084a8cab91119393f396faa26e
6448,qwen2.5-32b,100.0,spatial,reasoning,36a9c56b72919f6ee03ed6e929a2e9abfb58b0084a8cab91119393f396faa26e
6449,qwen2.5-3b,100.0,spatial,reasoning,36a9c56b72919f6ee03ed6e929a2e9abfb58b0084a8cab91119393f396faa26e
6450,gemma-3-12b-it,100.0,spatial,reasoning,3d118e7c265b1ddf3c22d8765dc0c224dec03fad27d51c9687b46d61b6c4d0e5
6451,gemma-3-1b-it,100.0,spatial,reasoning,3d118e7c265b1ddf3c22d8765dc0c224dec03fad27d51c9687b46d61b6c4d0e5
6452,gemma-3-4b-it,0.0,spatial,reasoning,3d118e7c265b1ddf3c22d8765dc0c224dec03fad27d51c9687b46d61b6c4d0e5
6453,llama-3.1-8b-instruct,0.0,spatial,reasoning,3d118e7c265b1ddf3c22d8765dc0c224dec03fad27d51c9687b46d61b6c4d0e5
6454,llama-3.2-1b-instruct,0.0,spatial,reasoning,3d118e7c265b1ddf3c22d8765dc0c224dec03fad27d51c9687b46d61b6c4d0e5
6455,llama-3.2-3b-instruct,100.0,spatial,reasoning,3d118e7c265b1ddf3c22d8765dc0c224dec03fad27d51c9687b46d61b6c4d0e5
6456,mistral-24b,100.0,spatial,reasoning,3d118e7c265b1ddf3c22d8765dc0c224dec03fad27d51c9687b46d61b6c4d0e5
6457,mistral-7b,100.0,spatial,reasoning,3d118e7c265b1ddf3c22d8765dc0c224dec03fad27d51c9687b46d61b6c4d0e5
6458,qwen2.5-32b,100.0,spatial,reasoning,3d118e7c265b1ddf3c22d8765dc0c224dec03fad27d51c9687b46d61b6c4d0e5
6459,qwen2.5-3b,0.0,spatial,reasoning,3d118e7c265b1ddf3c22d8765dc0c224dec03fad27d51c9687b46d61b6c4d0e5
6460,gemma-3-12b-it,0.0,spatial,reasoning,407a91d3d4fa5ae79f9b36285582a7ad8738dcf8d9e2104faecb69fca08e07a6
6461,gemma-3-1b-it,0.0,spatial,reasoning,407a91d3d4fa5ae79f9b36285582a7ad8738dcf8d9e2104faecb69fca08e07a6
6462,gemma-3-4b-it,0.0,spatial,reasoning,407a91d3d4fa5ae79f9b36285582a7ad8738dcf8d9e2104faecb69fca08e07a6
6463,llama-3.1-8b-instruct,0.0,spatial,reasoning,407a91d3d4fa5ae79f9b36285582a7ad8738dcf8d9e2104faecb69fca08e07a6
6464,llama-3.2-1b-instruct,0.0,spatial,reasoning,407a91d3d4fa5ae79f9b36285582a7ad8738dcf8d9e2104faecb69fca08e07a6
6465,llama-3.2-3b-instruct,100.0,spatial,reasoning,407a91d3d4fa5ae79f9b36285582a7ad8738dcf8d9e2104faecb69fca08e07a6
6466,mistral-24b,0.0,spatial,reasoning,407a91d3d4fa5ae79f9b36285582a7ad8738dcf8d9e2104faecb69fca08e07a6
6467,mistral-7b,0.0,spatial,reasoning,407a91d3d4fa5ae79f9b36285582a7ad8738dcf8d9e2104faecb69fca08e07a6
6468,qwen2.5-32b,0.0,spatial,reasoning,407a91d3d4fa5ae79f9b36285582a7ad8738dcf8d9e2104faecb69fca08e07a6
6469,qwen2.5-3b,0.0,spatial,reasoning,407a91d3d4fa5ae79f9b36285582a7ad8738dcf8d9e2104faecb69fca08e07a6
6470,gemma-3-12b-it,100.0,spatial,reasoning,456279a44cb607b020cef649d614f567032f0f20376a7c1aac8ae8ca7c6216bc
6471,gemma-3-1b-it,0.0,spatial,reasoning,456279a44cb607b020cef649d614f567032f0f20376a7c1aac8ae8ca7c6216bc
6472,gemma-3-4b-it,0.0,spatial,reasoning,456279a44cb607b020cef649d614f567032f0f20376a7c1aac8ae8ca7c6216bc
6473,llama-3.1-8b-instruct,0.0,spatial,reasoning,456279a44cb607b020cef649d614f567032f0f20376a7c1aac8ae8ca7c6216bc
6474,llama-3.2-1b-instruct,0.0,spatial,reasoning,456279a44cb607b020cef649d614f567032f0f20376a7c1aac8ae8ca7c6216bc
6475,llama-3.2-3b-instruct,0.0,spatial,reasoning,456279a44cb607b020cef649d614f567032f0f20376a7c1aac8ae8ca7c6216bc
6476,mistral-24b,0.0,spatial,reasoning,456279a44cb607b020cef649d614f567032f0f20376a7c1aac8ae8ca7c6216bc
6477,mistral-7b,0.0,spatial,reasoning,456279a44cb607b020cef649d614f567032f0f20376a7c1aac8ae8ca7c6216bc
6478,qwen2.5-32b,0.0,spatial,reasoning,456279a44cb607b020cef649d614f567032f0f20376a7c1aac8ae8ca7c6216bc
6479,qwen2.5-3b,0.0,spatial,reasoning,456279a44cb607b020cef649d614f567032f0f20376a7c1aac8ae8ca7c6216bc
6480,gemma-3-12b-it,0.0,spatial,reasoning,46c71f6c8010ba06139e2df649ad68b93d6386d40065301f33e9c3c6d04a81d0
6481,gemma-3-1b-it,0.0,spatial,reasoning,46c71f6c8010ba06139e2df649ad68b93d6386d40065301f33e9c3c6d04a81d0
6482,gemma-3-4b-it,0.0,spatial,reasoning,46c71f6c8010ba06139e2df649ad68b93d6386d40065301f33e9c3c6d04a81d0
6483,llama-3.1-8b-instruct,0.0,spatial,reasoning,46c71f6c8010ba06139e2df649ad68b93d6386d40065301f33e9c3c6d04a81d0
6484,llama-3.2-1b-instruct,0.0,spatial,reasoning,46c71f6c8010ba06139e2df649ad68b93d6386d40065301f33e9c3c6d04a81d0
6485,llama-3.2-3b-instruct,0.0,spatial,reasoning,46c71f6c8010ba06139e2df649ad68b93d6386d40065301f33e9c3c6d04a81d0
6486,mistral-24b,0.0,spatial,reasoning,46c71f6c8010ba06139e2df649ad68b93d6386d40065301f33e9c3c6d04a81d0
6487,mistral-7b,100.0,spatial,reasoning,46c71f6c8010ba06139e2df649ad68b93d6386d40065301f33e9c3c6d04a81d0
6488,qwen2.5-32b,0.0,spatial,reasoning,46c71f6c8010ba06139e2df649ad68b93d6386d40065301f33e9c3c6d04a81d0
6489,qwen2.5-3b,0.0,spatial,reasoning,46c71f6c8010ba06139e2df649ad68b93d6386d40065301f33e9c3c6d04a81d0
6490,gemma-3-12b-it,0.0,spatial,reasoning,484f9d95e130b527cf40c85b560fc70edf30efc56fd57750ad78ee81f64deb47
6491,gemma-3-1b-it,0.0,spatial,reasoning,484f9d95e130b527cf40c85b560fc70edf30efc56fd57750ad78ee81f64deb47
6492,gemma-3-4b-it,0.0,spatial,reasoning,484f9d95e130b527cf40c85b560fc70edf30efc56fd57750ad78ee81f64deb47
6493,llama-3.1-8b-instruct,100.0,spatial,reasoning,484f9d95e130b527cf40c85b560fc70edf30efc56fd57750ad78ee81f64deb47
6494,llama-3.2-1b-instruct,0.0,spatial,reasoning,484f9d95e130b527cf40c85b560fc70edf30efc56fd57750ad78ee81f64deb47
6495,llama-3.2-3b-instruct,0.0,spatial,reasoning,484f9d95e130b527cf40c85b560fc70edf30efc56fd57750ad78ee81f64deb47
6496,mistral-24b,100.0,spatial,reasoning,484f9d95e130b527cf40c85b560fc70edf30efc56fd57750ad78ee81f64deb47
6497,mistral-7b,0.0,spatial,reasoning,484f9d95e130b527cf40c85b560fc70edf30efc56fd57750ad78ee81f64deb47
6498,qwen2.5-32b,100.0,spatial,reasoning,484f9d95e130b527cf40c85b560fc70edf30efc56fd57750ad78ee81f64deb47
6499,qwen2.5-3b,0.0,spatial,reasoning,484f9d95e130b527cf40c85b560fc70edf30efc56fd57750ad78ee81f64deb47
6500,gemma-3-12b-it,100.0,spatial,reasoning,4c6e9d7cd2f5506ef5d07f1545dad8d1ca31bfd74ad3ca3e1a6d34accac62db2
6501,gemma-3-1b-it,0.0,spatial,reasoning,4c6e9d7cd2f5506ef5d07f1545dad8d1ca31bfd74ad3ca3e1a6d34accac62db2
6502,gemma-3-4b-it,0.0,spatial,reasoning,4c6e9d7cd2f5506ef5d07f1545dad8d1ca31bfd74ad3ca3e1a6d34accac62db2
6503,llama-3.1-8b-instruct,0.0,spatial,reasoning,4c6e9d7cd2f5506ef5d07f1545dad8d1ca31bfd74ad3ca3e1a6d34accac62db2
6504,llama-3.2-1b-instruct,0.0,spatial,reasoning,4c6e9d7cd2f5506ef5d07f1545dad8d1ca31bfd74ad3ca3e1a6d34accac62db2
6505,llama-3.2-3b-instruct,0.0,spatial,reasoning,4c6e9d7cd2f5506ef5d07f1545dad8d1ca31bfd74ad3ca3e1a6d34accac62db2
6506,mistral-24b,0.0,spatial,reasoning,4c6e9d7cd2f5506ef5d07f1545dad8d1ca31bfd74ad3ca3e1a6d34accac62db2
6507,mistral-7b,0.0,spatial,reasoning,4c6e9d7cd2f5506ef5d07f1545dad8d1ca31bfd74ad3ca3e1a6d34accac62db2
6508,qwen2.5-32b,100.0,spatial,reasoning,4c6e9d7cd2f5506ef5d07f1545dad8d1ca31bfd74ad3ca3e1a6d34accac62db2
6509,qwen2.5-3b,100.0,spatial,reasoning,4c6e9d7cd2f5506ef5d07f1545dad8d1ca31bfd74ad3ca3e1a6d34accac62db2
6510,gemma-3-12b-it,0.0,spatial,reasoning,4f78225af2661b5b2f22f126fba54723cdbd02e16a8f89fe024f9f21fd54248b
6511,gemma-3-1b-it,100.0,spatial,reasoning,4f78225af2661b5b2f22f126fba54723cdbd02e16a8f89fe024f9f21fd54248b
6512,gemma-3-4b-it,0.0,spatial,reasoning,4f78225af2661b5b2f22f126fba54723cdbd02e16a8f89fe024f9f21fd54248b
6513,llama-3.1-8b-instruct,100.0,spatial,reasoning,4f78225af2661b5b2f22f126fba54723cdbd02e16a8f89fe024f9f21fd54248b
6514,llama-3.2-1b-instruct,0.0,spatial,reasoning,4f78225af2661b5b2f22f126fba54723cdbd02e16a8f89fe024f9f21fd54248b
6515,llama-3.2-3b-instruct,100.0,spatial,reasoning,4f78225af2661b5b2f22f126fba54723cdbd02e16a8f89fe024f9f21fd54248b
6516,mistral-24b,0.0,spatial,reasoning,4f78225af2661b5b2f22f126fba54723cdbd02e16a8f89fe024f9f21fd54248b
6517,mistral-7b,0.0,spatial,reasoning,4f78225af2661b5b2f22f126fba54723cdbd02e16a8f89fe024f9f21fd54248b
6518,qwen2.5-32b,0.0,spatial,reasoning,4f78225af2661b5b2f22f126fba54723cdbd02e16a8f89fe024f9f21fd54248b
6519,qwen2.5-3b,0.0,spatial,reasoning,4f78225af2661b5b2f22f126fba54723cdbd02e16a8f89fe024f9f21fd54248b
6520,gemma-3-12b-it,0.0,spatial,reasoning,59979242f2437bc604ba87e9af3dd80878837a3ad01436d110fca1191f1dc0bb
6521,gemma-3-1b-it,100.0,spatial,reasoning,59979242f2437bc604ba87e9af3dd80878837a3ad01436d110fca1191f1dc0bb
6522,gemma-3-4b-it,0.0,spatial,reasoning,59979242f2437bc604ba87e9af3dd80878837a3ad01436d110fca1191f1dc0bb
6523,llama-3.1-8b-instruct,0.0,spatial,reasoning,59979242f2437bc604ba87e9af3dd80878837a3ad01436d110fca1191f1dc0bb
6524,llama-3.2-1b-instruct,0.0,spatial,reasoning,59979242f2437bc604ba87e9af3dd80878837a3ad01436d110fca1191f1dc0bb
6525,llama-3.2-3b-instruct,0.0,spatial,reasoning,59979242f2437bc604ba87e9af3dd80878837a3ad01436d110fca1191f1dc0bb
6526,mistral-24b,0.0,spatial,reasoning,59979242f2437bc604ba87e9af3dd80878837a3ad01436d110fca1191f1dc0bb
6527,mistral-7b,0.0,spatial,reasoning,59979242f2437bc604ba87e9af3dd80878837a3ad01436d110fca1191f1dc0bb
6528,qwen2.5-32b,100.0,spatial,reasoning,59979242f2437bc604ba87e9af3dd80878837a3ad01436d110fca1191f1dc0bb
6529,qwen2.5-3b,100.0,spatial,reasoning,59979242f2437bc604ba87e9af3dd80878837a3ad01436d110fca1191f1dc0bb
6530,gemma-3-12b-it,0.0,spatial,reasoning,5b17944d153f760cf4f5fe4aa39dd623740cc12a79e4bcbd37ca9fecb95661f6
6531,gemma-3-1b-it,0.0,spatial,reasoning,5b17944d153f760cf4f5fe4aa39dd623740cc12a79e4bcbd37ca9fecb95661f6
6532,gemma-3-4b-it,0.0,spatial,reasoning,5b17944d153f760cf4f5fe4aa39dd623740cc12a79e4bcbd37ca9fecb95661f6
6533,llama-3.1-8b-instruct,0.0,spatial,reasoning,5b17944d153f760cf4f5fe4aa39dd623740cc12a79e4bcbd37ca9fecb95661f6
6534,llama-3.2-1b-instruct,0.0,spatial,reasoning,5b17944d153f760cf4f5fe4aa39dd623740cc12a79e4bcbd37ca9fecb95661f6
6535,llama-3.2-3b-instruct,0.0,spatial,reasoning,5b17944d153f760cf4f5fe4aa39dd623740cc12a79e4bcbd37ca9fecb95661f6
6536,mistral-24b,0.0,spatial,reasoning,5b17944d153f760cf4f5fe4aa39dd623740cc12a79e4bcbd37ca9fecb95661f6
6537,mistral-7b,0.0,spatial,reasoning,5b17944d153f760cf4f5fe4aa39dd623740cc12a79e4bcbd37ca9fecb95661f6
6538,qwen2.5-32b,0.0,spatial,reasoning,5b17944d153f760cf4f5fe4aa39dd623740cc12a79e4bcbd37ca9fecb95661f6
6539,qwen2.5-3b,0.0,spatial,reasoning,5b17944d153f760cf4f5fe4aa39dd623740cc12a79e4bcbd37ca9fecb95661f6
6540,gemma-3-12b-it,0.0,spatial,reasoning,5b5d24ca717950268327ba8a8a14ebd116476e226be68ff3663d577df7fa3ed1
6541,gemma-3-1b-it,0.0,spatial,reasoning,5b5d24ca717950268327ba8a8a14ebd116476e226be68ff3663d577df7fa3ed1
6542,gemma-3-4b-it,0.0,spatial,reasoning,5b5d24ca717950268327ba8a8a14ebd116476e226be68ff3663d577df7fa3ed1
6543,llama-3.1-8b-instruct,0.0,spatial,reasoning,5b5d24ca717950268327ba8a8a14ebd116476e226be68ff3663d577df7fa3ed1
6544,llama-3.2-1b-instruct,0.0,spatial,reasoning,5b5d24ca717950268327ba8a8a14ebd116476e226be68ff3663d577df7fa3ed1
6545,llama-3.2-3b-instruct,0.0,spatial,reasoning,5b5d24ca717950268327ba8a8a14ebd116476e226be68ff3663d577df7fa3ed1
6546,mistral-24b,0.0,spatial,reasoning,5b5d24ca717950268327ba8a8a14ebd116476e226be68ff3663d577df7fa3ed1
6547,mistral-7b,100.0,spatial,reasoning,5b5d24ca717950268327ba8a8a14ebd116476e226be68ff3663d577df7fa3ed1
6548,qwen2.5-32b,0.0,spatial,reasoning,5b5d24ca717950268327ba8a8a14ebd116476e226be68ff3663d577df7fa3ed1
6549,qwen2.5-3b,0.0,spatial,reasoning,5b5d24ca717950268327ba8a8a14ebd116476e226be68ff3663d577df7fa3ed1
6550,gemma-3-12b-it,0.0,spatial,reasoning,63c3148d263be7b923efb3780bb2a9b612643870ecbe7a84892d016a42b31fb4
6551,gemma-3-1b-it,0.0,spatial,reasoning,63c3148d263be7b923efb3780bb2a9b612643870ecbe7a84892d016a42b31fb4
6552,gemma-3-4b-it,0.0,spatial,reasoning,63c3148d263be7b923efb3780bb2a9b612643870ecbe7a84892d016a42b31fb4
6553,llama-3.1-8b-instruct,0.0,spatial,reasoning,63c3148d263be7b923efb3780bb2a9b612643870ecbe7a84892d016a42b31fb4
6554,llama-3.2-1b-instruct,0.0,spatial,reasoning,63c3148d263be7b923efb3780bb2a9b612643870ecbe7a84892d016a42b31fb4
6555,llama-3.2-3b-instruct,0.0,spatial,reasoning,63c3148d263be7b923efb3780bb2a9b612643870ecbe7a84892d016a42b31fb4
6556,mistral-24b,0.0,spatial,reasoning,63c3148d263be7b923efb3780bb2a9b612643870ecbe7a84892d016a42b31fb4
6557,mistral-7b,0.0,spatial,reasoning,63c3148d263be7b923efb3780bb2a9b612643870ecbe7a84892d016a42b31fb4
6558,qwen2.5-32b,0.0,spatial,reasoning,63c3148d263be7b923efb3780bb2a9b612643870ecbe7a84892d016a42b31fb4
6559,qwen2.5-3b,0.0,spatial,reasoning,63c3148d263be7b923efb3780bb2a9b612643870ecbe7a84892d016a42b31fb4
6560,gemma-3-12b-it,0.0,spatial,reasoning,6882b248e31a65f287a7a2ab617b31ebfed771511e730697ceb43f0b5a3dd067
6561,gemma-3-1b-it,0.0,spatial,reasoning,6882b248e31a65f287a7a2ab617b31ebfed771511e730697ceb43f0b5a3dd067
6562,gemma-3-4b-it,0.0,spatial,reasoning,6882b248e31a65f287a7a2ab617b31ebfed771511e730697ceb43f0b5a3dd067
6563,llama-3.1-8b-instruct,0.0,spatial,reasoning,6882b248e31a65f287a7a2ab617b31ebfed771511e730697ceb43f0b5a3dd067
6564,llama-3.2-1b-instruct,0.0,spatial,reasoning,6882b248e31a65f287a7a2ab617b31ebfed771511e730697ceb43f0b5a3dd067
6565,llama-3.2-3b-instruct,0.0,spatial,reasoning,6882b248e31a65f287a7a2ab617b31ebfed771511e730697ceb43f0b5a3dd067
6566,mistral-24b,100.0,spatial,reasoning,6882b248e31a65f287a7a2ab617b31ebfed771511e730697ceb43f0b5a3dd067
6567,mistral-7b,0.0,spatial,reasoning,6882b248e31a65f287a7a2ab617b31ebfed771511e730697ceb43f0b5a3dd067
6568,qwen2.5-32b,0.0,spatial,reasoning,6882b248e31a65f287a7a2ab617b31ebfed771511e730697ceb43f0b5a3dd067
6569,qwen2.5-3b,0.0,spatial,reasoning,6882b248e31a65f287a7a2ab617b31ebfed771511e730697ceb43f0b5a3dd067
6570,gemma-3-12b-it,100.0,spatial,reasoning,69f8b6614de6be6712544c2ee92e323be657baea3072e5d8fe2b61b3fde4b6d2
6571,gemma-3-1b-it,0.0,spatial,reasoning,69f8b6614de6be6712544c2ee92e323be657baea3072e5d8fe2b61b3fde4b6d2
6572,gemma-3-4b-it,0.0,spatial,reasoning,69f8b6614de6be6712544c2ee92e323be657baea3072e5d8fe2b61b3fde4b6d2
6573,llama-3.1-8b-instruct,100.0,spatial,reasoning,69f8b6614de6be6712544c2ee92e323be657baea3072e5d8fe2b61b3fde4b6d2
6574,llama-3.2-1b-instruct,0.0,spatial,reasoning,69f8b6614de6be6712544c2ee92e323be657baea3072e5d8fe2b61b3fde4b6d2
6575,llama-3.2-3b-instruct,0.0,spatial,reasoning,69f8b6614de6be6712544c2ee92e323be657baea3072e5d8fe2b61b3fde4b6d2
6576,mistral-24b,0.0,spatial,reasoning,69f8b6614de6be6712544c2ee92e323be657baea3072e5d8fe2b61b3fde4b6d2
6577,mistral-7b,0.0,spatial,reasoning,69f8b6614de6be6712544c2ee92e323be657baea3072e5d8fe2b61b3fde4b6d2
6578,qwen2.5-32b,0.0,spatial,reasoning,69f8b6614de6be6712544c2ee92e323be657baea3072e5d8fe2b61b3fde4b6d2
6579,qwen2.5-3b,100.0,spatial,reasoning,69f8b6614de6be6712544c2ee92e323be657baea3072e5d8fe2b61b3fde4b6d2
6580,gemma-3-12b-it,0.0,spatial,reasoning,6a4ca003d6cce2477e549d195b01bf093e37784a9566afc8239f5169e32e3818
6581,gemma-3-1b-it,0.0,spatial,reasoning,6a4ca003d6cce2477e549d195b01bf093e37784a9566afc8239f5169e32e3818
6582,gemma-3-4b-it,0.0,spatial,reasoning,6a4ca003d6cce2477e549d195b01bf093e37784a9566afc8239f5169e32e3818
6583,llama-3.1-8b-instruct,0.0,spatial,reasoning,6a4ca003d6cce2477e549d195b01bf093e37784a9566afc8239f5169e32e3818
6584,llama-3.2-1b-instruct,0.0,spatial,reasoning,6a4ca003d6cce2477e549d195b01bf093e37784a9566afc8239f5169e32e3818
6585,llama-3.2-3b-instruct,0.0,spatial,reasoning,6a4ca003d6cce2477e549d195b01bf093e37784a9566afc8239f5169e32e3818
6586,mistral-24b,0.0,spatial,reasoning,6a4ca003d6cce2477e549d195b01bf093e37784a9566afc8239f5169e32e3818
6587,mistral-7b,0.0,spatial,reasoning,6a4ca003d6cce2477e549d195b01bf093e37784a9566afc8239f5169e32e3818
6588,qwen2.5-32b,100.0,spatial,reasoning,6a4ca003d6cce2477e549d195b01bf093e37784a9566afc8239f5169e32e3818
6589,qwen2.5-3b,0.0,spatial,reasoning,6a4ca003d6cce2477e549d195b01bf093e37784a9566afc8239f5169e32e3818
6590,gemma-3-12b-it,0.0,spatial,reasoning,7c59f01508ae8297658af14d0af57e4d1eaf95bed6fb729d27de2c45faf61eef
6591,gemma-3-1b-it,0.0,spatial,reasoning,7c59f01508ae8297658af14d0af57e4d1eaf95bed6fb729d27de2c45faf61eef
6592,gemma-3-4b-it,0.0,spatial,reasoning,7c59f01508ae8297658af14d0af57e4d1eaf95bed6fb729d27de2c45faf61eef
6593,llama-3.1-8b-instruct,100.0,spatial,reasoning,7c59f01508ae8297658af14d0af57e4d1eaf95bed6fb729d27de2c45faf61eef
6594,llama-3.2-1b-instruct,0.0,spatial,reasoning,7c59f01508ae8297658af14d0af57e4d1eaf95bed6fb729d27de2c45faf61eef
6595,llama-3.2-3b-instruct,0.0,spatial,reasoning,7c59f01508ae8297658af14d0af57e4d1eaf95bed6fb729d27de2c45faf61eef
6596,mistral-24b,0.0,spatial,reasoning,7c59f01508ae8297658af14d0af57e4d1eaf95bed6fb729d27de2c45faf61eef
6597,mistral-7b,0.0,spatial,reasoning,7c59f01508ae8297658af14d0af57e4d1eaf95bed6fb729d27de2c45faf61eef
6598,qwen2.5-32b,100.0,spatial,reasoning,7c59f01508ae8297658af14d0af57e4d1eaf95bed6fb729d27de2c45faf61eef
6599,qwen2.5-3b,0.0,spatial,reasoning,7c59f01508ae8297658af14d0af57e4d1eaf95bed6fb729d27de2c45faf61eef
6600,gemma-3-12b-it,0.0,spatial,reasoning,92e4b2cc3b6a16e3e4ad52e89731bd602cb5bf42c884c540981284b28a415929
6601,gemma-3-1b-it,0.0,spatial,reasoning,92e4b2cc3b6a16e3e4ad52e89731bd602cb5bf42c884c540981284b28a415929
6602,gemma-3-4b-it,0.0,spatial,reasoning,92e4b2cc3b6a16e3e4ad52e89731bd602cb5bf42c884c540981284b28a415929
6603,llama-3.1-8b-instruct,0.0,spatial,reasoning,92e4b2cc3b6a16e3e4ad52e89731bd602cb5bf42c884c540981284b28a415929
6604,llama-3.2-1b-instruct,0.0,spatial,reasoning,92e4b2cc3b6a16e3e4ad52e89731bd602cb5bf42c884c540981284b28a415929
6605,llama-3.2-3b-instruct,0.0,spatial,reasoning,92e4b2cc3b6a16e3e4ad52e89731bd602cb5bf42c884c540981284b28a415929
6606,mistral-24b,0.0,spatial,reasoning,92e4b2cc3b6a16e3e4ad52e89731bd602cb5bf42c884c540981284b28a415929
6607,mistral-7b,0.0,spatial,reasoning,92e4b2cc3b6a16e3e4ad52e89731bd602cb5bf42c884c540981284b28a415929
6608,qwen2.5-32b,0.0,spatial,reasoning,92e4b2cc3b6a16e3e4ad52e89731bd602cb5bf42c884c540981284b28a415929
6609,qwen2.5-3b,0.0,spatial,reasoning,92e4b2cc3b6a16e3e4ad52e89731bd602cb5bf42c884c540981284b28a415929
6610,gemma-3-12b-it,0.0,spatial,reasoning,95ef46b58759a1595006301bebb7be5edff15ad5fcaec453d3483c6d8d554b10
6611,gemma-3-1b-it,0.0,spatial,reasoning,95ef46b58759a1595006301bebb7be5edff15ad5fcaec453d3483c6d8d554b10
6612,gemma-3-4b-it,0.0,spatial,reasoning,95ef46b58759a1595006301bebb7be5edff15ad5fcaec453d3483c6d8d554b10
6613,llama-3.1-8b-instruct,0.0,spatial,reasoning,95ef46b58759a1595006301bebb7be5edff15ad5fcaec453d3483c6d8d554b10
6614,llama-3.2-1b-instruct,0.0,spatial,reasoning,95ef46b58759a1595006301bebb7be5edff15ad5fcaec453d3483c6d8d554b10
6615,llama-3.2-3b-instruct,0.0,spatial,reasoning,95ef46b58759a1595006301bebb7be5edff15ad5fcaec453d3483c6d8d554b10
6616,mistral-24b,0.0,spatial,reasoning,95ef46b58759a1595006301bebb7be5edff15ad5fcaec453d3483c6d8d554b10
6617,mistral-7b,0.0,spatial,reasoning,95ef46b58759a1595006301bebb7be5edff15ad5fcaec453d3483c6d8d554b10
6618,qwen2.5-32b,0.0,spatial,reasoning,95ef46b58759a1595006301bebb7be5edff15ad5fcaec453d3483c6d8d554b10
6619,qwen2.5-3b,0.0,spatial,reasoning,95ef46b58759a1595006301bebb7be5edff15ad5fcaec453d3483c6d8d554b10
6620,gemma-3-12b-it,0.0,spatial,reasoning,9c7c693083342fc0622081516bebd935c7b1d08f3bea9969944d1ef2bf5864fc
6621,gemma-3-1b-it,0.0,spatial,reasoning,9c7c693083342fc0622081516bebd935c7b1d08f3bea9969944d1ef2bf5864fc
6622,gemma-3-4b-it,0.0,spatial,reasoning,9c7c693083342fc0622081516bebd935c7b1d08f3bea9969944d1ef2bf5864fc
6623,llama-3.1-8b-instruct,100.0,spatial,reasoning,9c7c693083342fc0622081516bebd935c7b1d08f3bea9969944d1ef2bf5864fc
6624,llama-3.2-1b-instruct,0.0,spatial,reasoning,9c7c693083342fc0622081516bebd935c7b1d08f3bea9969944d1ef2bf5864fc
6625,llama-3.2-3b-instruct,0.0,spatial,reasoning,9c7c693083342fc0622081516bebd935c7b1d08f3bea9969944d1ef2bf5864fc
6626,mistral-24b,0.0,spatial,reasoning,9c7c693083342fc0622081516bebd935c7b1d08f3bea9969944d1ef2bf5864fc
6627,mistral-7b,0.0,spatial,reasoning,9c7c693083342fc0622081516bebd935c7b1d08f3bea9969944d1ef2bf5864fc
6628,qwen2.5-32b,0.0,spatial,reasoning,9c7c693083342fc0622081516bebd935c7b1d08f3bea9969944d1ef2bf5864fc
6629,qwen2.5-3b,100.0,spatial,reasoning,9c7c693083342fc0622081516bebd935c7b1d08f3bea9969944d1ef2bf5864fc
6630,gemma-3-12b-it,0.0,spatial,reasoning,a0383235b91e3e448468d0764fedb901f39a8c7855b214ba364e6956722c89cf
6631,gemma-3-1b-it,0.0,spatial,reasoning,a0383235b91e3e448468d0764fedb901f39a8c7855b214ba364e6956722c89cf
6632,gemma-3-4b-it,0.0,spatial,reasoning,a0383235b91e3e448468d0764fedb901f39a8c7855b214ba364e6956722c89cf
6633,llama-3.1-8b-instruct,0.0,spatial,reasoning,a0383235b91e3e448468d0764fedb901f39a8c7855b214ba364e6956722c89cf
6634,llama-3.2-1b-instruct,0.0,spatial,reasoning,a0383235b91e3e448468d0764fedb901f39a8c7855b214ba364e6956722c89cf
6635,llama-3.2-3b-instruct,0.0,spatial,reasoning,a0383235b91e3e448468d0764fedb901f39a8c7855b214ba364e6956722c89cf
6636,mistral-24b,0.0,spatial,reasoning,a0383235b91e3e448468d0764fedb901f39a8c7855b214ba364e6956722c89cf
6637,mistral-7b,0.0,spatial,reasoning,a0383235b91e3e448468d0764fedb901f39a8c7855b214ba364e6956722c89cf
6638,qwen2.5-32b,100.0,spatial,reasoning,a0383235b91e3e448468d0764fedb901f39a8c7855b214ba364e6956722c89cf
6639,qwen2.5-3b,0.0,spatial,reasoning,a0383235b91e3e448468d0764fedb901f39a8c7855b214ba364e6956722c89cf
6640,gemma-3-12b-it,0.0,spatial,reasoning,a07f06973712c26654d728911aaef7046af825e1d449c731aa7af32a94d9cbd1
6641,gemma-3-1b-it,0.0,spatial,reasoning,a07f06973712c26654d728911aaef7046af825e1d449c731aa7af32a94d9cbd1
6642,gemma-3-4b-it,0.0,spatial,reasoning,a07f06973712c26654d728911aaef7046af825e1d449c731aa7af32a94d9cbd1
6643,llama-3.1-8b-instruct,0.0,spatial,reasoning,a07f06973712c26654d728911aaef7046af825e1d449c731aa7af32a94d9cbd1
6644,llama-3.2-1b-instruct,0.0,spatial,reasoning,a07f06973712c26654d728911aaef7046af825e1d449c731aa7af32a94d9cbd1
6645,llama-3.2-3b-instruct,0.0,spatial,reasoning,a07f06973712c26654d728911aaef7046af825e1d449c731aa7af32a94d9cbd1
6646,mistral-24b,0.0,spatial,reasoning,a07f06973712c26654d728911aaef7046af825e1d449c731aa7af32a94d9cbd1
6647,mistral-7b,0.0,spatial,reasoning,a07f06973712c26654d728911aaef7046af825e1d449c731aa7af32a94d9cbd1
6648,qwen2.5-32b,0.0,spatial,reasoning,a07f06973712c26654d728911aaef7046af825e1d449c731aa7af32a94d9cbd1
6649,qwen2.5-3b,0.0,spatial,reasoning,a07f06973712c26654d728911aaef7046af825e1d449c731aa7af32a94d9cbd1
6650,gemma-3-12b-it,0.0,spatial,reasoning,a0f4b0be2055ef97c455771f2de3eb3f41c9018603d96c93225be734b70dcdce
6651,gemma-3-1b-it,0.0,spatial,reasoning,a0f4b0be2055ef97c455771f2de3eb3f41c9018603d96c93225be734b70dcdce
6652,gemma-3-4b-it,0.0,spatial,reasoning,a0f4b0be2055ef97c455771f2de3eb3f41c9018603d96c93225be734b70dcdce
6653,llama-3.1-8b-instruct,0.0,spatial,reasoning,a0f4b0be2055ef97c455771f2de3eb3f41c9018603d96c93225be734b70dcdce
6654,llama-3.2-1b-instruct,0.0,spatial,reasoning,a0f4b0be2055ef97c455771f2de3eb3f41c9018603d96c93225be734b70dcdce
6655,llama-3.2-3b-instruct,0.0,spatial,reasoning,a0f4b0be2055ef97c455771f2de3eb3f41c9018603d96c93225be734b70dcdce
6656,mistral-24b,0.0,spatial,reasoning,a0f4b0be2055ef97c455771f2de3eb3f41c9018603d96c93225be734b70dcdce
6657,mistral-7b,0.0,spatial,reasoning,a0f4b0be2055ef97c455771f2de3eb3f41c9018603d96c93225be734b70dcdce
6658,qwen2.5-32b,0.0,spatial,reasoning,a0f4b0be2055ef97c455771f2de3eb3f41c9018603d96c93225be734b70dcdce
6659,qwen2.5-3b,0.0,spatial,reasoning,a0f4b0be2055ef97c455771f2de3eb3f41c9018603d96c93225be734b70dcdce
6660,gemma-3-12b-it,0.0,spatial,reasoning,a168a29cf1565ab72ef24b88e68655b3ef4320bba13fbd8be2cb947abf1a3159
6661,gemma-3-1b-it,0.0,spatial,reasoning,a168a29cf1565ab72ef24b88e68655b3ef4320bba13fbd8be2cb947abf1a3159
6662,gemma-3-4b-it,0.0,spatial,reasoning,a168a29cf1565ab72ef24b88e68655b3ef4320bba13fbd8be2cb947abf1a3159
6663,llama-3.1-8b-instruct,100.0,spatial,reasoning,a168a29cf1565ab72ef24b88e68655b3ef4320bba13fbd8be2cb947abf1a3159
6664,llama-3.2-1b-instruct,0.0,spatial,reasoning,a168a29cf1565ab72ef24b88e68655b3ef4320bba13fbd8be2cb947abf1a3159
6665,llama-3.2-3b-instruct,100.0,spatial,reasoning,a168a29cf1565ab72ef24b88e68655b3ef4320bba13fbd8be2cb947abf1a3159
6666,mistral-24b,0.0,spatial,reasoning,a168a29cf1565ab72ef24b88e68655b3ef4320bba13fbd8be2cb947abf1a3159
6667,mistral-7b,100.0,spatial,reasoning,a168a29cf1565ab72ef24b88e68655b3ef4320bba13fbd8be2cb947abf1a3159
6668,qwen2.5-32b,100.0,spatial,reasoning,a168a29cf1565ab72ef24b88e68655b3ef4320bba13fbd8be2cb947abf1a3159
6669,qwen2.5-3b,0.0,spatial,reasoning,a168a29cf1565ab72ef24b88e68655b3ef4320bba13fbd8be2cb947abf1a3159
6670,gemma-3-12b-it,0.0,spatial,reasoning,a62d773cf471eb77fefc4ae5ad852b13bd561ef41bfd1d7260ca08e8ee67be6a
6671,gemma-3-1b-it,0.0,spatial,reasoning,a62d773cf471eb77fefc4ae5ad852b13bd561ef41bfd1d7260ca08e8ee67be6a
6672,gemma-3-4b-it,0.0,spatial,reasoning,a62d773cf471eb77fefc4ae5ad852b13bd561ef41bfd1d7260ca08e8ee67be6a
6673,llama-3.1-8b-instruct,0.0,spatial,reasoning,a62d773cf471eb77fefc4ae5ad852b13bd561ef41bfd1d7260ca08e8ee67be6a
6674,llama-3.2-1b-instruct,0.0,spatial,reasoning,a62d773cf471eb77fefc4ae5ad852b13bd561ef41bfd1d7260ca08e8ee67be6a
6675,llama-3.2-3b-instruct,0.0,spatial,reasoning,a62d773cf471eb77fefc4ae5ad852b13bd561ef41bfd1d7260ca08e8ee67be6a
6676,mistral-24b,0.0,spatial,reasoning,a62d773cf471eb77fefc4ae5ad852b13bd561ef41bfd1d7260ca08e8ee67be6a
6677,mistral-7b,0.0,spatial,reasoning,a62d773cf471eb77fefc4ae5ad852b13bd561ef41bfd1d7260ca08e8ee67be6a
6678,qwen2.5-32b,0.0,spatial,reasoning,a62d773cf471eb77fefc4ae5ad852b13bd561ef41bfd1d7260ca08e8ee67be6a
6679,qwen2.5-3b,100.0,spatial,reasoning,a62d773cf471eb77fefc4ae5ad852b13bd561ef41bfd1d7260ca08e8ee67be6a
6680,gemma-3-12b-it,0.0,spatial,reasoning,b7d1f1dff19c7a17f5bed438461607ab663b76b783a55ccdd2b5efb2236c4831
6681,gemma-3-1b-it,0.0,spatial,reasoning,b7d1f1dff19c7a17f5bed438461607ab663b76b783a55ccdd2b5efb2236c4831
6682,gemma-3-4b-it,0.0,spatial,reasoning,b7d1f1dff19c7a17f5bed438461607ab663b76b783a55ccdd2b5efb2236c4831
6683,llama-3.1-8b-instruct,0.0,spatial,reasoning,b7d1f1dff19c7a17f5bed438461607ab663b76b783a55ccdd2b5efb2236c4831
6684,llama-3.2-1b-instruct,0.0,spatial,reasoning,b7d1f1dff19c7a17f5bed438461607ab663b76b783a55ccdd2b5efb2236c4831
6685,llama-3.2-3b-instruct,100.0,spatial,reasoning,b7d1f1dff19c7a17f5bed438461607ab663b76b783a55ccdd2b5efb2236c4831
6686,mistral-24b,100.0,spatial,reasoning,b7d1f1dff19c7a17f5bed438461607ab663b76b783a55ccdd2b5efb2236c4831
6687,mistral-7b,0.0,spatial,reasoning,b7d1f1dff19c7a17f5bed438461607ab663b76b783a55ccdd2b5efb2236c4831
6688,qwen2.5-32b,0.0,spatial,reasoning,b7d1f1dff19c7a17f5bed438461607ab663b76b783a55ccdd2b5efb2236c4831
6689,qwen2.5-3b,0.0,spatial,reasoning,b7d1f1dff19c7a17f5bed438461607ab663b76b783a55ccdd2b5efb2236c4831
6690,gemma-3-12b-it,0.0,spatial,reasoning,bcb1f6fe1bb7acd221fff096a8c7158773496ea55c73c5cfd735bd0a8bacc6f1
6691,gemma-3-1b-it,0.0,spatial,reasoning,bcb1f6fe1bb7acd221fff096a8c7158773496ea55c73c5cfd735bd0a8bacc6f1
6692,gemma-3-4b-it,100.0,spatial,reasoning,bcb1f6fe1bb7acd221fff096a8c7158773496ea55c73c5cfd735bd0a8bacc6f1
6693,llama-3.1-8b-instruct,0.0,spatial,reasoning,bcb1f6fe1bb7acd221fff096a8c7158773496ea55c73c5cfd735bd0a8bacc6f1
6694,llama-3.2-1b-instruct,0.0,spatial,reasoning,bcb1f6fe1bb7acd221fff096a8c7158773496ea55c73c5cfd735bd0a8bacc6f1
6695,llama-3.2-3b-instruct,0.0,spatial,reasoning,bcb1f6fe1bb7acd221fff096a8c7158773496ea55c73c5cfd735bd0a8bacc6f1
6696,mistral-24b,0.0,spatial,reasoning,bcb1f6fe1bb7acd221fff096a8c7158773496ea55c73c5cfd735bd0a8bacc6f1
6697,mistral-7b,0.0,spatial,reasoning,bcb1f6fe1bb7acd221fff096a8c7158773496ea55c73c5cfd735bd0a8bacc6f1
6698,qwen2.5-32b,0.0,spatial,reasoning,bcb1f6fe1bb7acd221fff096a8c7158773496ea55c73c5cfd735bd0a8bacc6f1
6699,qwen2.5-3b,0.0,spatial,reasoning,bcb1f6fe1bb7acd221fff096a8c7158773496ea55c73c5cfd735bd0a8bacc6f1
6700,gemma-3-12b-it,0.0,spatial,reasoning,c8f81f9118ead46ae1d37dbfbecd6cbad05b5f2616aac56363cb16a283ab04c4
6701,gemma-3-1b-it,0.0,spatial,reasoning,c8f81f9118ead46ae1d37dbfbecd6cbad05b5f2616aac56363cb16a283ab04c4
6702,gemma-3-4b-it,0.0,spatial,reasoning,c8f81f9118ead46ae1d37dbfbecd6cbad05b5f2616aac56363cb16a283ab04c4
6703,llama-3.1-8b-instruct,100.0,spatial,reasoning,c8f81f9118ead46ae1d37dbfbecd6cbad05b5f2616aac56363cb16a283ab04c4
6704,llama-3.2-1b-instruct,0.0,spatial,reasoning,c8f81f9118ead46ae1d37dbfbecd6cbad05b5f2616aac56363cb16a283ab04c4
6705,llama-3.2-3b-instruct,0.0,spatial,reasoning,c8f81f9118ead46ae1d37dbfbecd6cbad05b5f2616aac56363cb16a283ab04c4
6706,mistral-24b,100.0,spatial,reasoning,c8f81f9118ead46ae1d37dbfbecd6cbad05b5f2616aac56363cb16a283ab04c4
6707,mistral-7b,0.0,spatial,reasoning,c8f81f9118ead46ae1d37dbfbecd6cbad05b5f2616aac56363cb16a283ab04c4
6708,qwen2.5-32b,100.0,spatial,reasoning,c8f81f9118ead46ae1d37dbfbecd6cbad05b5f2616aac56363cb16a283ab04c4
6709,qwen2.5-3b,0.0,spatial,reasoning,c8f81f9118ead46ae1d37dbfbecd6cbad05b5f2616aac56363cb16a283ab04c4
6710,gemma-3-12b-it,0.0,spatial,reasoning,caa1f15441c6447837f1d338425902b745a7181492776ebafd41b9a56ffbbfd7
6711,gemma-3-1b-it,0.0,spatial,reasoning,caa1f15441c6447837f1d338425902b745a7181492776ebafd41b9a56ffbbfd7
6712,gemma-3-4b-it,0.0,spatial,reasoning,caa1f15441c6447837f1d338425902b745a7181492776ebafd41b9a56ffbbfd7
6713,llama-3.1-8b-instruct,0.0,spatial,reasoning,caa1f15441c6447837f1d338425902b745a7181492776ebafd41b9a56ffbbfd7
6714,llama-3.2-1b-instruct,0.0,spatial,reasoning,caa1f15441c6447837f1d338425902b745a7181492776ebafd41b9a56ffbbfd7
6715,llama-3.2-3b-instruct,0.0,spatial,reasoning,caa1f15441c6447837f1d338425902b745a7181492776ebafd41b9a56ffbbfd7
6716,mistral-24b,100.0,spatial,reasoning,caa1f15441c6447837f1d338425902b745a7181492776ebafd41b9a56ffbbfd7
6717,mistral-7b,100.0,spatial,reasoning,caa1f15441c6447837f1d338425902b745a7181492776ebafd41b9a56ffbbfd7
6718,qwen2.5-32b,100.0,spatial,reasoning,caa1f15441c6447837f1d338425902b745a7181492776ebafd41b9a56ffbbfd7
6719,qwen2.5-3b,0.0,spatial,reasoning,caa1f15441c6447837f1d338425902b745a7181492776ebafd41b9a56ffbbfd7
6720,gemma-3-12b-it,0.0,spatial,reasoning,cc2313de96fe497b3d86c658a16621644ccc3549b3fad07dd885e13c32cc85fa
6721,gemma-3-1b-it,0.0,spatial,reasoning,cc2313de96fe497b3d86c658a16621644ccc3549b3fad07dd885e13c32cc85fa
6722,gemma-3-4b-it,0.0,spatial,reasoning,cc2313de96fe497b3d86c658a16621644ccc3549b3fad07dd885e13c32cc85fa
6723,llama-3.1-8b-instruct,0.0,spatial,reasoning,cc2313de96fe497b3d86c658a16621644ccc3549b3fad07dd885e13c32cc85fa
6724,llama-3.2-1b-instruct,0.0,spatial,reasoning,cc2313de96fe497b3d86c658a16621644ccc3549b3fad07dd885e13c32cc85fa
6725,llama-3.2-3b-instruct,0.0,spatial,reasoning,cc2313de96fe497b3d86c658a16621644ccc3549b3fad07dd885e13c32cc85fa
6726,mistral-24b,0.0,spatial,reasoning,cc2313de96fe497b3d86c658a16621644ccc3549b3fad07dd885e13c32cc85fa
6727,mistral-7b,0.0,spatial,reasoning,cc2313de96fe497b3d86c658a16621644ccc3549b3fad07dd885e13c32cc85fa
6728,qwen2.5-32b,0.0,spatial,reasoning,cc2313de96fe497b3d86c658a16621644ccc3549b3fad07dd885e13c32cc85fa
6729,qwen2.5-3b,0.0,spatial,reasoning,cc2313de96fe497b3d86c658a16621644ccc3549b3fad07dd885e13c32cc85fa
6730,gemma-3-12b-it,0.0,spatial,reasoning,d968c11d5c594e036b8cdcb02bfd1e3251d48d1b21d8a6f9ab86eb6926ac50f8
6731,gemma-3-1b-it,0.0,spatial,reasoning,d968c11d5c594e036b8cdcb02bfd1e3251d48d1b21d8a6f9ab86eb6926ac50f8
6732,gemma-3-4b-it,0.0,spatial,reasoning,d968c11d5c594e036b8cdcb02bfd1e3251d48d1b21d8a6f9ab86eb6926ac50f8
6733,llama-3.1-8b-instruct,0.0,spatial,reasoning,d968c11d5c594e036b8cdcb02bfd1e3251d48d1b21d8a6f9ab86eb6926ac50f8
6734,llama-3.2-1b-instruct,0.0,spatial,reasoning,d968c11d5c594e036b8cdcb02bfd1e3251d48d1b21d8a6f9ab86eb6926ac50f8
6735,llama-3.2-3b-instruct,0.0,spatial,reasoning,d968c11d5c594e036b8cdcb02bfd1e3251d48d1b21d8a6f9ab86eb6926ac50f8
6736,mistral-24b,0.0,spatial,reasoning,d968c11d5c594e036b8cdcb02bfd1e3251d48d1b21d8a6f9ab86eb6926ac50f8
6737,mistral-7b,100.0,spatial,reasoning,d968c11d5c594e036b8cdcb02bfd1e3251d48d1b21d8a6f9ab86eb6926ac50f8
6738,qwen2.5-32b,0.0,spatial,reasoning,d968c11d5c594e036b8cdcb02bfd1e3251d48d1b21d8a6f9ab86eb6926ac50f8
6739,qwen2.5-3b,0.0,spatial,reasoning,d968c11d5c594e036b8cdcb02bfd1e3251d48d1b21d8a6f9ab86eb6926ac50f8
6740,gemma-3-12b-it,0.0,spatial,reasoning,e0df6bab9a48ea72072778dc1f8a804810438529347c88b5028b15045b20a203
6741,gemma-3-1b-it,0.0,spatial,reasoning,e0df6bab9a48ea72072778dc1f8a804810438529347c88b5028b15045b20a203
6742,gemma-3-4b-it,0.0,spatial,reasoning,e0df6bab9a48ea72072778dc1f8a804810438529347c88b5028b15045b20a203
6743,llama-3.1-8b-instruct,0.0,spatial,reasoning,e0df6bab9a48ea72072778dc1f8a804810438529347c88b5028b15045b20a203
6744,llama-3.2-1b-instruct,0.0,spatial,reasoning,e0df6bab9a48ea72072778dc1f8a804810438529347c88b5028b15045b20a203
6745,llama-3.2-3b-instruct,0.0,spatial,reasoning,e0df6bab9a48ea72072778dc1f8a804810438529347c88b5028b15045b20a203
6746,mistral-24b,0.0,spatial,reasoning,e0df6bab9a48ea72072778dc1f8a804810438529347c88b5028b15045b20a203
6747,mistral-7b,0.0,spatial,reasoning,e0df6bab9a48ea72072778dc1f8a804810438529347c88b5028b15045b20a203
6748,qwen2.5-32b,0.0,spatial,reasoning,e0df6bab9a48ea72072778dc1f8a804810438529347c88b5028b15045b20a203
6749,qwen2.5-3b,0.0,spatial,reasoning,e0df6bab9a48ea72072778dc1f8a804810438529347c88b5028b15045b20a203
6750,gemma-3-12b-it,0.0,spatial,reasoning,e8611ce738371fd1511c383176633a79942e685cf52cdf8a89b0daa138d28463
6751,gemma-3-1b-it,100.0,spatial,reasoning,e8611ce738371fd1511c383176633a79942e685cf52cdf8a89b0daa138d28463
6752,gemma-3-4b-it,0.0,spatial,reasoning,e8611ce738371fd1511c383176633a79942e685cf52cdf8a89b0daa138d28463
6753,llama-3.1-8b-instruct,0.0,spatial,reasoning,e8611ce738371fd1511c383176633a79942e685cf52cdf8a89b0daa138d28463
6754,llama-3.2-1b-instruct,0.0,spatial,reasoning,e8611ce738371fd1511c383176633a79942e685cf52cdf8a89b0daa138d28463
6755,llama-3.2-3b-instruct,0.0,spatial,reasoning,e8611ce738371fd1511c383176633a79942e685cf52cdf8a89b0daa138d28463
6756,mistral-24b,100.0,spatial,reasoning,e8611ce738371fd1511c383176633a79942e685cf52cdf8a89b0daa138d28463
6757,mistral-7b,100.0,spatial,reasoning,e8611ce738371fd1511c383176633a79942e685cf52cdf8a89b0daa138d28463
6758,qwen2.5-32b,100.0,spatial,reasoning,e8611ce738371fd1511c383176633a79942e685cf52cdf8a89b0daa138d28463
6759,qwen2.5-3b,0.0,spatial,reasoning,e8611ce738371fd1511c383176633a79942e685cf52cdf8a89b0daa138d28463
6760,gemma-3-12b-it,0.0,spatial,reasoning,efb9d081389f7fe028eb9a801d6751ab5cc6a2f4d09e21e1ca6c893e9b8f2fc5
6761,gemma-3-1b-it,0.0,spatial,reasoning,efb9d081389f7fe028eb9a801d6751ab5cc6a2f4d09e21e1ca6c893e9b8f2fc5
6762,gemma-3-4b-it,0.0,spatial,reasoning,efb9d081389f7fe028eb9a801d6751ab5cc6a2f4d09e21e1ca6c893e9b8f2fc5
6763,llama-3.1-8b-instruct,0.0,spatial,reasoning,efb9d081389f7fe028eb9a801d6751ab5cc6a2f4d09e21e1ca6c893e9b8f2fc5
6764,llama-3.2-1b-instruct,0.0,spatial,reasoning,efb9d081389f7fe028eb9a801d6751ab5cc6a2f4d09e21e1ca6c893e9b8f2fc5
6765,llama-3.2-3b-instruct,0.0,spatial,reasoning,efb9d081389f7fe028eb9a801d6751ab5cc6a2f4d09e21e1ca6c893e9b8f2fc5
6766,mistral-24b,0.0,spatial,reasoning,efb9d081389f7fe028eb9a801d6751ab5cc6a2f4d09e21e1ca6c893e9b8f2fc5
6767,mistral-7b,0.0,spatial,reasoning,efb9d081389f7fe028eb9a801d6751ab5cc6a2f4d09e21e1ca6c893e9b8f2fc5
6768,qwen2.5-32b,100.0,spatial,reasoning,efb9d081389f7fe028eb9a801d6751ab5cc6a2f4d09e21e1ca6c893e9b8f2fc5
6769,qwen2.5-3b,0.0,spatial,reasoning,efb9d081389f7fe028eb9a801d6751ab5cc6a2f4d09e21e1ca6c893e9b8f2fc5
6770,gemma-3-12b-it,0.0,spatial,reasoning,f2a76bdd345c47700ec8b8df974d871d3f2102114c24933b6da249af92ee7f33
6771,gemma-3-1b-it,0.0,spatial,reasoning,f2a76bdd345c47700ec8b8df974d871d3f2102114c24933b6da249af92ee7f33
6772,gemma-3-4b-it,0.0,spatial,reasoning,f2a76bdd345c47700ec8b8df974d871d3f2102114c24933b6da249af92ee7f33
6773,llama-3.1-8b-instruct,0.0,spatial,reasoning,f2a76bdd345c47700ec8b8df974d871d3f2102114c24933b6da249af92ee7f33
6774,llama-3.2-1b-instruct,0.0,spatial,reasoning,f2a76bdd345c47700ec8b8df974d871d3f2102114c24933b6da249af92ee7f33
6775,llama-3.2-3b-instruct,0.0,spatial,reasoning,f2a76bdd345c47700ec8b8df974d871d3f2102114c24933b6da249af92ee7f33
6776,mistral-24b,0.0,spatial,reasoning,f2a76bdd345c47700ec8b8df974d871d3f2102114c24933b6da249af92ee7f33
6777,mistral-7b,100.0,spatial,reasoning,f2a76bdd345c47700ec8b8df974d871d3f2102114c24933b6da249af92ee7f33
6778,qwen2.5-32b,0.0,spatial,reasoning,f2a76bdd345c47700ec8b8df974d871d3f2102114c24933b6da249af92ee7f33
6779,qwen2.5-3b,0.0,spatial,reasoning,f2a76bdd345c47700ec8b8df974d871d3f2102114c24933b6da249af92ee7f33
6780,gemma-3-12b-it,0.0,spatial,reasoning,f32bae4c10c136c2e8c1180b6bd43c70aeb916935ff767779d95b3093354dd5b
6781,gemma-3-1b-it,0.0,spatial,reasoning,f32bae4c10c136c2e8c1180b6bd43c70aeb916935ff767779d95b3093354dd5b
6782,gemma-3-4b-it,0.0,spatial,reasoning,f32bae4c10c136c2e8c1180b6bd43c70aeb916935ff767779d95b3093354dd5b
6783,llama-3.1-8b-instruct,0.0,spatial,reasoning,f32bae4c10c136c2e8c1180b6bd43c70aeb916935ff767779d95b3093354dd5b
6784,llama-3.2-1b-instruct,0.0,spatial,reasoning,f32bae4c10c136c2e8c1180b6bd43c70aeb916935ff767779d95b3093354dd5b
6785,llama-3.2-3b-instruct,100.0,spatial,reasoning,f32bae4c10c136c2e8c1180b6bd43c70aeb916935ff767779d95b3093354dd5b
6786,mistral-24b,0.0,spatial,reasoning,f32bae4c10c136c2e8c1180b6bd43c70aeb916935ff767779d95b3093354dd5b
6787,mistral-7b,0.0,spatial,reasoning,f32bae4c10c136c2e8c1180b6bd43c70aeb916935ff767779d95b3093354dd5b
6788,qwen2.5-32b,0.0,spatial,reasoning,f32bae4c10c136c2e8c1180b6bd43c70aeb916935ff767779d95b3093354dd5b
6789,qwen2.5-3b,0.0,spatial,reasoning,f32bae4c10c136c2e8c1180b6bd43c70aeb916935ff767779d95b3093354dd5b
6790,gemma-3-12b-it,0.0,spatial,reasoning,f8e84ee53942b7e6881fd483a404f6d2c875e816fd79f07cf4181d5d0e3a5b31
6791,gemma-3-1b-it,0.0,spatial,reasoning,f8e84ee53942b7e6881fd483a404f6d2c875e816fd79f07cf4181d5d0e3a5b31
6792,gemma-3-4b-it,0.0,spatial,reasoning,f8e84ee53942b7e6881fd483a404f6d2c875e816fd79f07cf4181d5d0e3a5b31
6793,llama-3.1-8b-instruct,0.0,spatial,reasoning,f8e84ee53942b7e6881fd483a404f6d2c875e816fd79f07cf4181d5d0e3a5b31
6794,llama-3.2-1b-instruct,0.0,spatial,reasoning,f8e84ee53942b7e6881fd483a404f6d2c875e816fd79f07cf4181d5d0e3a5b31
6795,llama-3.2-3b-instruct,0.0,spatial,reasoning,f8e84ee53942b7e6881fd483a404f6d2c875e816fd79f07cf4181d5d0e3a5b31
6796,mistral-24b,0.0,spatial,reasoning,f8e84ee53942b7e6881fd483a404f6d2c875e816fd79f07cf4181d5d0e3a5b31
6797,mistral-7b,0.0,spatial,reasoning,f8e84ee53942b7e6881fd483a404f6d2c875e816fd79f07cf4181d5d0e3a5b31
6798,qwen2.5-32b,0.0,spatial,reasoning,f8e84ee53942b7e6881fd483a404f6d2c875e816fd79f07cf4181d5d0e3a5b31
6799,qwen2.5-3b,0.0,spatial,reasoning,f8e84ee53942b7e6881fd483a404f6d2c875e816fd79f07cf4181d5d0e3a5b31
6800,gemma-3-12b-it,0.0,spatial,reasoning,fb970027cec594189294af351537cff1a9a860a8acad597f7f8854fc0ec8875e
6801,gemma-3-1b-it,0.0,spatial,reasoning,fb970027cec594189294af351537cff1a9a860a8acad597f7f8854fc0ec8875e
6802,gemma-3-4b-it,0.0,spatial,reasoning,fb970027cec594189294af351537cff1a9a860a8acad597f7f8854fc0ec8875e
6803,llama-3.1-8b-instruct,0.0,spatial,reasoning,fb970027cec594189294af351537cff1a9a860a8acad597f7f8854fc0ec8875e
6804,llama-3.2-1b-instruct,0.0,spatial,reasoning,fb970027cec594189294af351537cff1a9a860a8acad597f7f8854fc0ec8875e
6805,llama-3.2-3b-instruct,100.0,spatial,reasoning,fb970027cec594189294af351537cff1a9a860a8acad597f7f8854fc0ec8875e
6806,mistral-24b,0.0,spatial,reasoning,fb970027cec594189294af351537cff1a9a860a8acad597f7f8854fc0ec8875e
6807,mistral-7b,0.0,spatial,reasoning,fb970027cec594189294af351537cff1a9a860a8acad597f7f8854fc0ec8875e
6808,qwen2.5-32b,100.0,spatial,reasoning,fb970027cec594189294af351537cff1a9a860a8acad597f7f8854fc0ec8875e
6809,qwen2.5-3b,0.0,spatial,reasoning,fb970027cec594189294af351537cff1a9a860a8acad597f7f8854fc0ec8875e
6810,gemma-3-12b-it,100.0,spatial,reasoning,fd87ac63ae2222cc816095cc4f9cbecbdeb65eae64c9e92cccbae3514c7c7354
6811,gemma-3-1b-it,0.0,spatial,reasoning,fd87ac63ae2222cc816095cc4f9cbecbdeb65eae64c9e92cccbae3514c7c7354
6812,gemma-3-4b-it,100.0,spatial,reasoning,fd87ac63ae2222cc816095cc4f9cbecbdeb65eae64c9e92cccbae3514c7c7354
6813,llama-3.1-8b-instruct,0.0,spatial,reasoning,fd87ac63ae2222cc816095cc4f9cbecbdeb65eae64c9e92cccbae3514c7c7354
6814,llama-3.2-1b-instruct,0.0,spatial,reasoning,fd87ac63ae2222cc816095cc4f9cbecbdeb65eae64c9e92cccbae3514c7c7354
6815,llama-3.2-3b-instruct,0.0,spatial,reasoning,fd87ac63ae2222cc816095cc4f9cbecbdeb65eae64c9e92cccbae3514c7c7354
6816,mistral-24b,100.0,spatial,reasoning,fd87ac63ae2222cc816095cc4f9cbecbdeb65eae64c9e92cccbae3514c7c7354
6817,mistral-7b,0.0,spatial,reasoning,fd87ac63ae2222cc816095cc4f9cbecbdeb65eae64c9e92cccbae3514c7c7354
6818,qwen2.5-32b,0.0,spatial,reasoning,fd87ac63ae2222cc816095cc4f9cbecbdeb65eae64c9e92cccbae3514c7c7354
6819,qwen2.5-3b,0.0,spatial,reasoning,fd87ac63ae2222cc816095cc4f9cbecbdeb65eae64c9e92cccbae3514c7c7354
